case,phase,velocity,lambda,combined,component1,component2
unequal,0,-450,499.2494807858042,1,1,1
unequal,0,-445,499.2578198881841,1,1,1
unequal,0,-440,499.2661589905641,1,1,1
unequal,0,-435,499.274498092944,1,1,1
unequal,0,-430,499.282837195324,1,1,1
unequal,0,-425,499.2911762977039,1,1,1
unequal,0,-420,499.2995154000839,1,1,1
unequal,0,-415,499.3078545024638,1,1,1
unequal,0,-410,499.3161936048438,1,1,1
unequal,0,-405,499.3245327072237,1,1,1
unequal,0,-400,499.3328718096037,1,1,1
unequal,0,-395,499.3412109119836,1,1,1
unequal,0,-390,499.3495500143636,1,1,1
unequal,0,-385,499.3578891167435,1,1,1
unequal,0,-380,499.3662282191235,1,1,1
unequal,0,-375,499.3745673215035,1,1,1
unequal,0,-370,499.3829064238835,1,1,1
unequal,0,-365,499.3912455262633,1,1,1
unequal,0,-360,499.3995846286433,1,1,1
unequal,0,-355,499.4079237310233,1,1,1
unequal,0,-350,499.4162628334032,1,1,1
unequal,0,-345,499.4246019357832,1,1,1
unequal,0,-340,499.4329410381632,1,1,1
unequal,0,-335,499.4412801405431,1,1,1
unequal,0,-330,499.449619242923,1,1,1
unequal,0,-325,499.457958345303,1,1,1
unequal,0,-320,499.466297447683,1,1,1
unequal,0,-315,499.4746365500629,1,1,1
unequal,0,-310,499.4829756524429,1,1,1
unequal,0,-305,499.4913147548228,1,1,1
unequal,0,-300,499.4996538572028,1,1,1
unequal,0,-295,499.5079929595827,1,1,1
unequal,0,-290,499.5163320619627,1,1,1
unequal,0,-285,499.5246711643426,1,1,1
unequal,0,-280,499.5330102667226,1,1,1
unequal,0,-275,499.5413493691025,1,1,1
unequal,0,-270,499.5496884714825,1,1,1
unequal,0,-265,499.5580275738625,1,1,1
unequal,0,-260,499.5663666762424,1,1,1
unequal,0,-255,499.5747057786223,1,1,1
unequal,0,-250,499.5830448810023,1,1,1
unequal,0,-245,499.5913839833823,1,1,1
unequal,0,-240,499.5997230857622,1,1,1
unequal,0,-235,499.6080621881422,1,1,1
unequal,0,-230,499.6164012905222,1,1,1
unequal,0,-225,499.6247403929021,1,1,1
unequal,0,-220,499.633079495282,1,1,1
unequal,0,-215,499.641418597662,1,1,1
unequal,0,-210,499.649757700042,1,1,1
unequal,0,-205,499.6580968024219,1,1,1
unequal,0,-200,499.6664359048019,1,1,1
unequal,0,-195,499.6747750071818,1,1,1
unequal,0,-190,499.6831141095618,1,1,1
unequal,0,-185,499.6914532119417,1,1,1
unequal,0,-180,499.6997923143217,1,1,1
unequal,0,-175,499.7081314167016,1,1,1
unequal,0,-170,499.7164705190816,1,1,1
unequal,0,-165,499.7248096214615,1,1,1
unequal,0,-160,499.7331487238415,1,1,1
unequal,0,-155,499.7414878262214,1,1,1
unequal,0,-150,499.7498269286014,1,1,1
unequal,0,-145,499.7581660309813,1,1,1
unequal,0,-140,499.7665051333613,1,1,1
unequal,0,-135,499.7748442357413,1,1,1
unequal,0,-130,499.7831833381212,1,1,1
unequal,0,-125,499.7915224405012,1,1,1
unequal,0,-120,499.7998615428811,1,1,1
unequal,0,-115,499.808200645261,1,1,1
unequal,0,-110,499.816539747641,1,1,1
unequal,0,-105,499.824878850021,1,1,1
unequal,0,-100,499.833217952401,1,1,1
unequal,0,-95,499.8415570547809,1,1,1
unequal,0,-90,499.8498961571609,1,1,1
unequal,0,-85,499.8582352595408,1,1,1
unequal,0,-80,499.8665743619207,1,1,1
unequal,0,-75,499.8749134643007,0.9999999999999906,1,0.9999999999999906
unequal,0,-70,499.8832525666807,0.9999999999923547,1,0.9999999999923547
unequal,0,-65,499.8915916690606,0.9999999972866866,1,0.9999999972866866
unequal,0,-60,499.8999307714406,0.9999995760802093,1,0.9999995760802093
unequal,0,-55,499.9082698738205,0.9999708427866795,1,0.9999708427866795
unequal,0,-50,499.9166089762005,0.9991171500120065,1,0.9991171500120065
unequal,0,-45,499.9249480785804,0.9882318987675422,1,0.9882318987675422
unequal,0,-40,499.9332871809603,0.9309435172173441,1,0.9309435172173441
unequal,0,-35,499.9416262833403,0.8216056509899128,1,0.8216056509899128
unequal,0,-30,499.9499653857203,0.7971213667823474,1,0.7971213667823474
unequal,0,-25,499.9583044881002,0.8984289114950958,1,0.8984289114950958
unequal,0,-20,499.9666435904802,0.9776136916236667,1,0.9776136916236667
unequal,0,-15,499.9749826928601,0.9978279319055742,1,0.9978279319055742
unequal,0,-10,499.9833217952401,0.999907222435089,1,0.999907222435089
unequal,0,-5,499.99166089762,0.9999982554192264,1,0.9999982554192264
unequal,0,0,500,0.9999999855583181,1,0.9999999855583181
unequal,0,5,500.00833910238,0.9999999999473712,1,0.9999999999473712
unequal,0,10,500.0166782047599,0.9999999999999154,0.9999999999999998,0.9999999999999156
unequal,0,15,500.0250173071399,0.9999999999996906,0.9999999999996907,0.9999999999999999
unequal,0,20,500.0333564095199,0.9999999998228232,0.9999999998228232,1
unequal,0,25,500.0416955118998,0.9999999553203196,0.9999999553203196,1
unequal,0,30,500.0500346142798,0.9999950398853087,0.9999950398853087,1
unequal,0,35,500.0583737166597,0.9997575892036042,0.9997575892036042,1
unequal,0,40,500.0667128190396,0.9947845621189928,0.9947845621189928,1
unequal,0,45,500.0750519214196,0.9506021354694918,0.9506021354694918,1
unequal,0,50,500.0833910237995,0.7940299134364927,0.7940299134364927,1
unequal,0,55,500.0917301261795,0.6219243501875764,0.6219243501875764,1
unequal,0,60,500.1000692285594,0.6944854894811398,0.6944854894811398,1
unequal,0,65,500.1084083309394,0.8913165150136982,0.8913165150136982,1
unequal,0,70,500.1167474333193,0.9829794398529655,0.9829794398529655,1
unequal,0,75,500.1250865356993,0.9988265550495822,0.9988265550495822,1
unequal,0,80,500.1334256380793,0.9999643852277643,0.9999643852277643,1
unequal,0,85,500.1417647404592,0.9999995241432862,0.9999995241432862,1
unequal,0,90,500.1501038428392,0.9999999972010135,0.9999999972010135,1
unequal,0,95,500.1584429452192,0.9999999999927522,0.9999999999927522,1
unequal,0,100,500.1667820475991,0.9999999999999918,0.9999999999999918,1
unequal,0,105,500.1751211499791,1,1,1
unequal,0,110,500.1834602523589,1,1,1
unequal,0,115,500.1917993547389,1,1,1
unequal,0,120,500.2001384571188,1,1,1
unequal,0,125,500.2084775594988,1,1,1
unequal,0,130,500.2168166618788,1,1,1
unequal,0,135,500.2251557642587,1,1,1
unequal,0,140,500.2334948666387,1,1,1
unequal,0,145,500.2418339690187,1,1,1
unequal,0,150,500.2501730713986,1,1,1
unequal,0,155,500.2585121737786,1,1,1
unequal,0,160,500.2668512761585,1,1,1
unequal,0,165,500.2751903785385,1,1,1
unequal,0,170,500.2835294809185,1,1,1
unequal,0,175,500.2918685832984,1,1,1
unequal,0,180,500.3002076856783,1,1,1
unequal,0,185,500.3085467880583,1,1,1
unequal,0,190,500.3168858904382,1,1,1
unequal,0,195,500.3252249928182,1,1,1
unequal,0,200,500.3335640951981,1,1,1
unequal,0,205,500.3419031975781,1,1,1
unequal,0,210,500.350242299958,1,1,1
unequal,0,215,500.358581402338,1,1,1
unequal,0,220,500.366920504718,1,1,1
unequal,0,225,500.3752596070979,1,1,1
unequal,0,230,500.3835987094779,1,1,1
unequal,0,235,500.3919378118579,1,1,1
unequal,0,240,500.4002769142378,1,1,1
unequal,0,245,500.4086160166178,1,1,1
unequal,0,250,500.4169551189976,1,1,1
unequal,0,255,500.4252942213776,1,1,1
unequal,0,260,500.4336333237576,1,1,1
unequal,0,265,500.4419724261375,1,1,1
unequal,0,270,500.4503115285175,1,1,1
unequal,0,275,500.4586506308975,1,1,1
unequal,0,280,500.4669897332774,1,1,1
unequal,0,285,500.4753288356574,1,1,1
unequal,0,290,500.4836679380373,1,1,1
unequal,0,295,500.4920070404173,1,1,1
unequal,0,300,500.5003461427972,1,1,1
unequal,0,305,500.5086852451772,1,1,1
unequal,0,310,500.5170243475572,1,1,1
unequal,0,315,500.5253634499371,1,1,1
unequal,0,320,500.533702552317,1,1,1
unequal,0,325,500.542041654697,1,1,1
unequal,0,330,500.5503807570769,1,1,1
unequal,0,335,500.5587198594569,1,1,1
unequal,0,340,500.5670589618368,1,1,1
unequal,0,345,500.5753980642168,1,1,1
unequal,0,350,500.5837371665968,1,1,1
unequal,0,355,500.5920762689767,1,1,1
unequal,0,360,500.6004153713567,1,1,1
unequal,0,365,500.6087544737367,1,1,1
unequal,0,370,500.6170935761166,1,1,1
unequal,0,375,500.6254326784966,1,1,1
unequal,0,380,500.6337717808765,1,1,1
unequal,0,385,500.6421108832565,1,1,1
unequal,0,390,500.6504499856363,1,1,1
unequal,0,395,500.6587890880163,1,1,1
unequal,0,400,500.6671281903963,1,1,1
unequal,0,405,500.6754672927763,1,1,1
unequal,0,410,500.6838063951562,1,1,1
unequal,0,415,500.6921454975362,1,1,1
unequal,0,420,500.7004845999161,1,1,1
unequal,0,425,500.7088237022961,1,1,1
unequal,0,430,500.717162804676,1,1,1
unequal,0,435,500.725501907056,1,1,1
unequal,0,440,500.733841009436,1,1,1
unequal,0,445,500.7421801118159,1,1,1
unequal,0,450,500.7505192141959,1,1,1
unequal,0.07000000000000001,-450,499.2494807858042,1,1,1
unequal,0.07000000000000001,-445,499.2578198881841,1,1,1
unequal,0.07000000000000001,-440,499.2661589905641,1,1,1
unequal,0.07000000000000001,-435,499.274498092944,1,1,1
unequal,0.07000000000000001,-430,499.282837195324,1,1,1
unequal,0.07000000000000001,-425,499.2911762977039,1,1,1
unequal,0.07000000000000001,-420,499.2995154000839,1,1,1
unequal,0.07000000000000001,-415,499.3078545024638,1,1,1
unequal,0.07000000000000001,-410,499.3161936048438,1,1,1
unequal,0.07000000000000001,-405,499.3245327072237,1,1,1
unequal,0.07000000000000001,-400,499.3328718096037,1,1,1
unequal,0.07000000000000001,-395,499.3412109119836,1,1,1
unequal,0.07000000000000001,-390,499.3495500143636,1,1,1
unequal,0.07000000000000001,-385,499.3578891167435,1,1,1
unequal,0.07000000000000001,-380,499.3662282191235,1,1,1
unequal,0.07000000000000001,-375,499.3745673215035,1,1,1
unequal,0.07000000000000001,-370,499.3829064238835,1,1,1
unequal,0.07000000000000001,-365,499.3912455262633,1,1,1
unequal,0.07000000000000001,-360,499.3995846286433,1,1,1
unequal,0.07000000000000001,-355,499.4079237310233,1,1,1
unequal,0.07000000000000001,-350,499.4162628334032,1,1,1
unequal,0.07000000000000001,-345,499.4246019357832,1,1,1
unequal,0.07000000000000001,-340,499.4329410381632,1,1,1
unequal,0.07000000000000001,-335,499.4412801405431,1,1,1
unequal,0.07000000000000001,-330,499.449619242923,1,1,1
unequal,0.07000000000000001,-325,499.457958345303,1,1,1
unequal,0.07000000000000001,-320,499.466297447683,1,1,1
unequal,0.07000000000000001,-315,499.4746365500629,1,1,1
unequal,0.07000000000000001,-310,499.4829756524429,1,1,1
unequal,0.07000000000000001,-305,499.4913147548228,1,1,1
unequal,0.07000000000000001,-300,499.4996538572028,1,1,1
unequal,0.07000000000000001,-295,499.5079929595827,1,1,1
unequal,0.07000000000000001,-290,499.5163320619627,1,1,1
unequal,0.07000000000000001,-285,499.5246711643426,1,1,1
unequal,0.07000000000000001,-280,499.5330102667226,1,1,1
unequal,0.07000000000000001,-275,499.5413493691025,1,1,1
unequal,0.07000000000000001,-270,499.5496884714825,1,1,1
unequal,0.07000000000000001,-265,499.5580275738625,1,1,1
unequal,0.07000000000000001,-260,499.5663666762424,1,1,1
unequal,0.07000000000000001,-255,499.5747057786223,1,1,1
unequal,0.07000000000000001,-250,499.5830448810023,1,1,1
unequal,0.07000000000000001,-245,499.5913839833823,1,1,1
unequal,0.07000000000000001,-240,499.5997230857622,1,1,1
unequal,0.07000000000000001,-235,499.6080621881422,1,1,1
unequal,0.07000000000000001,-230,499.6164012905222,1,1,1
unequal,0.07000000000000001,-225,499.6247403929021,1,1,1
unequal,0.07000000000000001,-220,499.633079495282,1,1,1
unequal,0.07000000000000001,-215,499.641418597662,1,1,1
unequal,0.07000000000000001,-210,499.649757700042,1,1,1
unequal,0.07000000000000001,-205,499.6580968024219,1,1,1
unequal,0.07000000000000001,-200,499.6664359048019,1,1,1
unequal,0.07000000000000001,-195,499.6747750071818,1,1,1
unequal,0.07000000000000001,-190,499.6831141095618,1,1,1
unequal,0.07000000000000001,-185,499.6914532119417,1,1,1
unequal,0.07000000000000001,-180,499.6997923143217,1,1,1
unequal,0.07000000000000001,-175,499.7081314167016,1,1,1
unequal,0.07000000000000001,-170,499.7164705190816,1,1,1
unequal,0.07000000000000001,-165,499.7248096214615,1,1,1
unequal,0.07000000000000001,-160,499.7331487238415,1,1,1
unequal,0.07000000000000001,-155,499.7414878262214,1,1,1
unequal,0.07000000000000001,-150,499.7498269286014,1,1,1
unequal,0.07000000000000001,-145,499.7581660309813,1,1,1
unequal,0.07000000000000001,-140,499.7665051333613,1,1,1
unequal,0.07000000000000001,-135,499.7748442357413,1,1,1
unequal,0.07000000000000001,-130,499.7831833381212,1,1,1
unequal,0.07000000000000001,-125,499.7915224405012,1,1,1
unequal,0.07000000000000001,-120,499.7998615428811,1,1,1
unequal,0.07000000000000001,-115,499.808200645261,1,1,1
unequal,0.07000000000000001,-110,499.816539747641,1,1,1
unequal,0.07000000000000001,-105,499.824878850021,1,1,1
unequal,0.07000000000000001,-100,499.833217952401,1,1,1
unequal,0.07000000000000001,-95,499.8415570547809,1,1,1
unequal,0.07000000000000001,-90,499.8498961571609,1,1,1
unequal,0.07000000000000001,-85,499.8582352595408,1,1,1
unequal,0.07000000000000001,-80,499.8665743619207,1,1,1
unequal,0.07000000000000001,-75,499.8749134643007,1,1,1
unequal,0.07000000000000001,-70,499.8832525666807,1,1,1
unequal,0.07000000000000001,-65,499.8915916690606,1,1,1
unequal,0.07000000000000001,-60,499.8999307714406,1,1,1
unequal,0.07000000000000001,-55,499.9082698738205,1,1,1
unequal,0.07000000000000001,-50,499.9166089762005,1,1,1
unequal,0.07000000000000001,-45,499.9249480785804,0.9999999999999999,1,0.9999999999999999
unequal,0.07000000000000001,-40,499.9332871809603,0.9999999999997996,1,0.9999999999997996
unequal,0.07000000000000001,-35,499.9416262833403,0.9999999998874695,1,0.9999999998874695
unequal,0.07000000000000001,-30,499.9499653857203,0.9999999721819571,1,0.9999999721819571
unequal,0.07000000000000001,-25,499.9583044881002,0.9999969726587824,1,0.9999969726587824
unequal,0.07000000000000001,-20,499.9666435904802,0.9998549643533485,1,0.9998549643533485
unequal,0.07000000000000001,-15,499.9749826928601,0.9969410898795085,1,0.9969410898795085
unequal,0.07000000000000001,-10,499.9833217952401,0.971598762986744,0.9999999999999818,0.9715987629867622
unequal,0.07000000000000001,-5,499.99166089762,0.8839122550490807,0.9999999999853872,0.8839122550636934
unequal,0.07000000000000001,0,500,0.7911117154381333,0.9999999948476849,0.7911117205904483
unequal,0.07000000000000001,5,500.00833910238,0.8345287877853702,0.9999992002569433,0.8345295875284269
unequal,0.07000000000000001,10,500.0166782047599,0.9422414464944442,0.9999453516418761,0.942296094852568
unequal,0.07000000000000001,15,500.0250173071399,0.9894974013497606,0.9983560737226755,0.9911413276270851
unequal,0.07000000000000001,20,500.0333564095199,0.9776309117619673,0.9782296136862219,0.9994012980757454
unequal,0.07000000000000001,25,500.0416955118998,0.8730626404043101,0.8730804531655562,0.999982187238754
unequal,0.07000000000000001,30,500.0500346142798,0.6742609840731385,0.6742612173815619,0.9999997666915766
unequal,0.07000000000000001,35,500.0583737166597,0.6319650984372004,0.6319650997824664,0.999999998654734
unequal,0.07000000000000001,40,500.0667128190396,0.816942672222166,0.8169426722255808,0.9999999999965852
unequal,0.07000000000000001,45,500.0750519214196,0.9599166683977349,0.9599166683977387,0.9999999999999962
unequal,0.07000000000000001,50,500.0833910237995,0.9961361604479915,0.9961361604479915,1
unequal,0.07000000000000001,55,500.0917301261795,0.9998360343273276,0.9998360343273276,1
unequal,0.07000000000000001,60,500.1000692285594,0.9999969368704473,0.9999969368704473,1
unequal,0.07000000000000001,65,500.1084083309394,0.9999999748083639,0.9999999748083639,1
unequal,0.07000000000000001,70,500.1167474333193,0.9999999999087935,0.9999999999087935,1
unequal,0.07000000000000001,75,500.1250865356993,0.9999999999998547,0.9999999999998547,1
unequal,0.07000000000000001,80,500.1334256380793,0.9999999999999999,0.9999999999999999,1
unequal,0.07000000000000001,85,500.1417647404592,1,1,1
unequal,0.07000000000000001,90,500.1501038428392,1,1,1
unequal,0.07000000000000001,95,500.1584429452192,1,1,1
unequal,0.07000000000000001,100,500.1667820475991,1,1,1
unequal,0.07000000000000001,105,500.1751211499791,1,1,1
unequal,0.07000000000000001,110,500.1834602523589,1,1,1
unequal,0.07000000000000001,115,500.1917993547389,1,1,1
unequal,0.07000000000000001,120,500.2001384571188,1,1,1
unequal,0.07000000000000001,125,500.2084775594988,1,1,1
unequal,0.07000000000000001,130,500.2168166618788,1,1,1
unequal,0.07000000000000001,135,500.2251557642587,1,1,1
unequal,0.07000000000000001,140,500.2334948666387,1,1,1
unequal,0.07000000000000001,145,500.2418339690187,1,1,1
unequal,0.07000000000000001,150,500.2501730713986,1,1,1
unequal,0.07000000000000001,155,500.2585121737786,1,1,1
unequal,0.07000000000000001,160,500.2668512761585,1,1,1
unequal,0.07000000000000001,165,500.2751903785385,1,1,1
unequal,0.07000000000000001,170,500.2835294809185,1,1,1
unequal,0.07000000000000001,175,500.2918685832984,1,1,1
unequal,0.07000000000000001,180,500.3002076856783,1,1,1
unequal,0.07000000000000001,185,500.3085467880583,1,1,1
unequal,0.07000000000000001,190,500.3168858904382,1,1,1
unequal,0.07000000000000001,195,500.3252249928182,1,1,1
unequal,0.07000000000000001,200,500.3335640951981,1,1,1
unequal,0.07000000000000001,205,500.3419031975781,1,1,1
unequal,0.07000000000000001,210,500.350242299958,1,1,1
unequal,0.07000000000000001,215,500.358581402338,1,1,1
unequal,0.07000000000000001,220,500.366920504718,1,1,1
unequal,0.07000000000000001,225,500.3752596070979,1,1,1
unequal,0.07000000000000001,230,500.3835987094779,1,1,1
unequal,0.07000000000000001,235,500.3919378118579,1,1,1
unequal,0.07000000000000001,240,500.4002769142378,1,1,1
unequal,0.07000000000000001,245,500.4086160166178,1,1,1
unequal,0.07000000000000001,250,500.4169551189976,1,1,1
unequal,0.07000000000000001,255,500.4252942213776,1,1,1
unequal,0.07000000000000001,260,500.4336333237576,1,1,1
unequal,0.07000000000000001,265,500.4419724261375,1,1,1
unequal,0.07000000000000001,270,500.4503115285175,1,1,1
unequal,0.07000000000000001,275,500.4586506308975,1,1,1
unequal,0.07000000000000001,280,500.4669897332774,1,1,1
unequal,0.07000000000000001,285,500.4753288356574,1,1,1
unequal,0.07000000000000001,290,500.4836679380373,1,1,1
unequal,0.07000000000000001,295,500.4920070404173,1,1,1
unequal,0.07000000000000001,300,500.5003461427972,1,1,1
unequal,0.07000000000000001,305,500.5086852451772,1,1,1
unequal,0.07000000000000001,310,500.5170243475572,1,1,1
unequal,0.07000000000000001,315,500.5253634499371,1,1,1
unequal,0.07000000000000001,320,500.533702552317,1,1,1
unequal,0.07000000000000001,325,500.542041654697,1,1,1
unequal,0.07000000000000001,330,500.5503807570769,1,1,1
unequal,0.07000000000000001,335,500.5587198594569,1,1,1
unequal,0.07000000000000001,340,500.5670589618368,1,1,1
unequal,0.07000000000000001,345,500.5753980642168,1,1,1
unequal,0.07000000000000001,350,500.5837371665968,1,1,1
unequal,0.07000000000000001,355,500.5920762689767,1,1,1
unequal,0.07000000000000001,360,500.6004153713567,1,1,1
unequal,0.07000000000000001,365,500.6087544737367,1,1,1
unequal,0.07000000000000001,370,500.6170935761166,1,1,1
unequal,0.07000000000000001,375,500.6254326784966,1,1,1
unequal,0.07000000000000001,380,500.6337717808765,1,1,1
unequal,0.07000000000000001,385,500.6421108832565,1,1,1
unequal,0.07000000000000001,390,500.6504499856363,1,1,1
unequal,0.07000000000000001,395,500.6587890880163,1,1,1
unequal,0.07000000000000001,400,500.6671281903963,1,1,1
unequal,0.07000000000000001,405,500.6754672927763,1,1,1
unequal,0.07000000000000001,410,500.6838063951562,1,1,1
unequal,0.07000000000000001,415,500.6921454975362,1,1,1
unequal,0.07000000000000001,420,500.7004845999161,1,1,1
unequal,0.07000000000000001,425,500.7088237022961,1,1,1
unequal,0.07000000000000001,430,500.717162804676,1,1,1
unequal,0.07000000000000001,435,500.725501907056,1,1,1
unequal,0.07000000000000001,440,500.733841009436,1,1,1
unequal,0.07000000000000001,445,500.7421801118159,1,1,1
unequal,0.07000000000000001,450,500.7505192141959,1,1,1
unequal,0.25,-450,499.2494807858042,1,1,1
unequal,0.25,-445,499.2578198881841,1,1,1
unequal,0.25,-440,499.2661589905641,1,1,1
unequal,0.25,-435,499.274498092944,1,1,1
unequal,0.25,-430,499.282837195324,1,1,1
unequal,0.25,-425,499.2911762977039,1,1,1
unequal,0.25,-420,499.2995154000839,1,1,1
unequal,0.25,-415,499.3078545024638,1,1,1
unequal,0.25,-410,499.3161936048438,1,1,1
unequal,0.25,-405,499.3245327072237,1,1,1
unequal,0.25,-400,499.3328718096037,1,1,1
unequal,0.25,-395,499.3412109119836,1,1,1
unequal,0.25,-390,499.3495500143636,1,1,1
unequal,0.25,-385,499.3578891167435,1,1,1
unequal,0.25,-380,499.3662282191235,1,1,1
unequal,0.25,-375,499.3745673215035,1,1,1
unequal,0.25,-370,499.3829064238835,1,1,1
unequal,0.25,-365,499.3912455262633,1,1,1
unequal,0.25,-360,499.3995846286433,1,1,1
unequal,0.25,-355,499.4079237310233,1,1,1
unequal,0.25,-350,499.4162628334032,1,1,1
unequal,0.25,-345,499.4246019357832,1,1,1
unequal,0.25,-340,499.4329410381632,1,1,1
unequal,0.25,-335,499.4412801405431,1,1,1
unequal,0.25,-330,499.449619242923,1,1,1
unequal,0.25,-325,499.457958345303,1,1,1
unequal,0.25,-320,499.466297447683,1,1,1
unequal,0.25,-315,499.4746365500629,1,1,1
unequal,0.25,-310,499.4829756524429,1,1,1
unequal,0.25,-305,499.4913147548228,1,1,1
unequal,0.25,-300,499.4996538572028,1,1,1
unequal,0.25,-295,499.5079929595827,1,1,1
unequal,0.25,-290,499.5163320619627,1,1,1
unequal,0.25,-285,499.5246711643426,1,1,1
unequal,0.25,-280,499.5330102667226,1,1,1
unequal,0.25,-275,499.5413493691025,1,1,1
unequal,0.25,-270,499.5496884714825,1,1,1
unequal,0.25,-265,499.5580275738625,1,1,1
unequal,0.25,-260,499.5663666762424,1,1,1
unequal,0.25,-255,499.5747057786223,1,1,1
unequal,0.25,-250,499.5830448810023,1,1,1
unequal,0.25,-245,499.5913839833823,1,1,1
unequal,0.25,-240,499.5997230857622,1,1,1
unequal,0.25,-235,499.6080621881422,1,1,1
unequal,0.25,-230,499.6164012905222,1,1,1
unequal,0.25,-225,499.6247403929021,1,1,1
unequal,0.25,-220,499.633079495282,1,1,1
unequal,0.25,-215,499.641418597662,1,1,1
unequal,0.25,-210,499.649757700042,1,1,1
unequal,0.25,-205,499.6580968024219,1,1,1
unequal,0.25,-200,499.6664359048019,1,1,1
unequal,0.25,-195,499.6747750071818,1,1,1
unequal,0.25,-190,499.6831141095618,1,1,1
unequal,0.25,-185,499.6914532119417,1,1,1
unequal,0.25,-180,499.6997923143217,1,1,1
unequal,0.25,-175,499.7081314167016,1,1,1
unequal,0.25,-170,499.7164705190816,1,1,1
unequal,0.25,-165,499.7248096214615,1,1,1
unequal,0.25,-160,499.7331487238415,1,1,1
unequal,0.25,-155,499.7414878262214,1,1,1
unequal,0.25,-150,499.7498269286014,1,1,1
unequal,0.25,-145,499.7581660309813,1,1,1
unequal,0.25,-140,499.7665051333613,1,1,1
unequal,0.25,-135,499.7748442357413,1,1,1
unequal,0.25,-130,499.7831833381212,1,1,1
unequal,0.25,-125,499.7915224405012,1,1,1
unequal,0.25,-120,499.7998615428811,1,1,1
unequal,0.25,-115,499.808200645261,1,1,1
unequal,0.25,-110,499.816539747641,1,1,1
unequal,0.25,-105,499.824878850021,1,1,1
unequal,0.25,-100,499.833217952401,1,1,1
unequal,0.25,-95,499.8415570547809,1,1,1
unequal,0.25,-90,499.8498961571609,1,1,1
unequal,0.25,-85,499.8582352595408,1,1,1
unequal,0.25,-80,499.8665743619207,1,1,1
unequal,0.25,-75,499.8749134643007,1,1,1
unequal,0.25,-70,499.8832525666807,1,1,1
unequal,0.25,-65,499.8915916690606,1,1,1
unequal,0.25,-60,499.8999307714406,0.9999999999999992,0.9999999999999992,1
unequal,0.25,-55,499.9082698738205,0.9999999999991385,0.9999999999991385,1
unequal,0.25,-50,499.9166089762005,0.9999999995646783,0.9999999995646783,1
unequal,0.25,-45,499.9249480785804,0.9999999031684935,0.9999999031684935,1
unequal,0.25,-40,499.9332871809603,0.99999051796243,0.99999051796243,1
unequal,0.25,-35,499.9416262833403,0.9995912429711143,0.9995912429711143,1
unequal,0.25,-30,499.9499653857203,0.9922427573824677,0.9922427573824677,1
unequal,0.25,-25,499.9583044881002,0.9351920782501777,0.9351920782501777,1
unequal,0.25,-20,499.9666435904802,0.7616432836682144,0.7616432836682144,1
unequal,0.25,-15,499.9749826928601,0.6140729036719479,0.6140729036719479,1
unequal,0.25,-10,499.9833217952401,0.7249182814042592,0.7249182814042592,1
unequal,0.25,-5,499.99166089762,0.9136829150741355,0.9136829150741355,1
unequal,0.25,0,500,0.9880763181338794,0.9880763181338794,1
unequal,0.25,5,500.00833910238,0.9992748922042878,0.9992748922042878,1
unequal,0.25,10,500.0166782047599,0.9999805878630098,0.9999805878630098,1
unequal,0.25,15,500.0250173071399,0.9999997712175537,0.9999997712175537,1
unequal,0.25,20,500.0333564095199,0.9999999988130003,0.9999999988130003,1
unequal,0.25,25,500.0416955118998,0.9999999999972868,0.9999999999972888,0.999999999999998
unequal,0.25,30,500.0500346142798,0.9999999999980971,0.9999999999999972,0.9999999999980999
unequal,0.25,35,500.0583737166597,0.9999999991932284,1,0.9999999991932284
unequal,0.25,40,500.0667128190396,0.9999998492050524,1,0.9999998492050524
unequal,0.25,45,500.0750519214196,0.999987592007864,1,0.999987592007864
unequal,0.25,50,500.0833910237995,0.9995505361086829,1,0.9995505361086829
unequal,0.25,55,500.0917301261795,0.9928325167884015,1,0.9928325167884015
unequal,0.25,60,500.1000692285594,0.9496827218678634,1,0.9496827218678634
unequal,0.25,65,500.1084083309394,0.8444943491604679,1,0.8444943491604679
unequal,0.25,70,500.1167474333193,0.7884301446069835,1,0.7884301446069835
unequal,0.25,75,500.1250865356993,0.8732815120265855,1,0.8732815120265855
unequal,0.25,80,500.1334256380793,0.9665878244772974,1,0.9665878244772974
unequal,0.25,85,500.1417647404592,0.9961216401232516,1,0.9961216401232516
unequal,0.25,90,500.1501038428392,0.9998018153403181,1,0.9998018153403181
unequal,0.25,95,500.1584429452192,0.9999955416871126,1,0.9999955416871126
unequal,0.25,100,500.1667820475991,0.9999999558480761,1,0.9999999558480761
unequal,0.25,105,500.1751211499791,0.9999999998075104,1,0.9999999998075104
unequal,0.25,110,500.1834602523589,0.9999999999996305,1,0.9999999999996305
unequal,0.25,115,500.1917993547389,0.9999999999999997,1,0.9999999999999997
unequal,0.25,120,500.2001384571188,1,1,1
unequal,0.25,125,500.2084775594988,1,1,1
unequal,0.25,130,500.2168166618788,1,1,1
unequal,0.25,135,500.2251557642587,1,1,1
unequal,0.25,140,500.2334948666387,1,1,1
unequal,0.25,145,500.2418339690187,1,1,1
unequal,0.25,150,500.2501730713986,1,1,1
unequal,0.25,155,500.2585121737786,1,1,1
unequal,0.25,160,500.2668512761585,1,1,1
unequal,0.25,165,500.2751903785385,1,1,1
unequal,0.25,170,500.2835294809185,1,1,1
unequal,0.25,175,500.2918685832984,1,1,1
unequal,0.25,180,500.3002076856783,1,1,1
unequal,0.25,185,500.3085467880583,1,1,1
unequal,0.25,190,500.3168858904382,1,1,1
unequal,0.25,195,500.3252249928182,1,1,1
unequal,0.25,200,500.3335640951981,1,1,1
unequal,0.25,205,500.3419031975781,1,1,1
unequal,0.25,210,500.350242299958,1,1,1
unequal,0.25,215,500.358581402338,1,1,1
unequal,0.25,220,500.366920504718,1,1,1
unequal,0.25,225,500.3752596070979,1,1,1
unequal,0.25,230,500.3835987094779,1,1,1
unequal,0.25,235,500.3919378118579,1,1,1
unequal,0.25,240,500.4002769142378,1,1,1
unequal,0.25,245,500.4086160166178,1,1,1
unequal,0.25,250,500.4169551189976,1,1,1
unequal,0.25,255,500.4252942213776,1,1,1
unequal,0.25,260,500.4336333237576,1,1,1
unequal,0.25,265,500.4419724261375,1,1,1
unequal,0.25,270,500.4503115285175,1,1,1
unequal,0.25,275,500.4586506308975,1,1,1
unequal,0.25,280,500.4669897332774,1,1,1
unequal,0.25,285,500.4753288356574,1,1,1
unequal,0.25,290,500.4836679380373,1,1,1
unequal,0.25,295,500.4920070404173,1,1,1
unequal,0.25,300,500.5003461427972,1,1,1
unequal,0.25,305,500.5086852451772,1,1,1
unequal,0.25,310,500.5170243475572,1,1,1
unequal,0.25,315,500.5253634499371,1,1,1
unequal,0.25,320,500.533702552317,1,1,1
unequal,0.25,325,500.542041654697,1,1,1
unequal,0.25,330,500.5503807570769,1,1,1
unequal,0.25,335,500.5587198594569,1,1,1
unequal,0.25,340,500.5670589618368,1,1,1
unequal,0.25,345,500.5753980642168,1,1,1
unequal,0.25,350,500.5837371665968,1,1,1
unequal,0.25,355,500.5920762689767,1,1,1
unequal,0.25,360,500.6004153713567,1,1,1
unequal,0.25,365,500.6087544737367,1,1,1
unequal,0.25,370,500.6170935761166,1,1,1
unequal,0.25,375,500.6254326784966,1,1,1
unequal,0.25,380,500.6337717808765,1,1,1
unequal,0.25,385,500.6421108832565,1,1,1
unequal,0.25,390,500.6504499856363,1,1,1
unequal,0.25,395,500.6587890880163,1,1,1
unequal,0.25,400,500.6671281903963,1,1,1
unequal,0.25,405,500.6754672927763,1,1,1
unequal,0.25,410,500.6838063951562,1,1,1
unequal,0.25,415,500.6921454975362,1,1,1
unequal,0.25,420,500.7004845999161,1,1,1
unequal,0.25,425,500.7088237022961,1,1,1
unequal,0.25,430,500.717162804676,1,1,1
unequal,0.25,435,500.725501907056,1,1,1
unequal,0.25,440,500.733841009436,1,1,1
unequal,0.25,445,500.7421801118159,1,1,1
unequal,0.25,450,500.7505192141959,1,1,1
unequal,0.5,-450,499.2494807858042,1,1,1
unequal,0.5,-445,499.2578198881841,1,1,1
unequal,0.5,-440,499.2661589905641,1,1,1
unequal,0.5,-435,499.274498092944,1,1,1
unequal,0.5,-430,499.282837195324,1,1,1
unequal,0.5,-425,499.2911762977039,1,1,1
unequal,0.5,-420,499.2995154000839,1,1,1
unequal,0.5,-415,499.3078545024638,1,1,1
unequal,0.5,-410,499.3161936048438,1,1,1
unequal,0.5,-405,499.3245327072237,1,1,1
unequal,0.5,-400,499.3328718096037,1,1,1
unequal,0.5,-395,499.3412109119836,1,1,1
unequal,0.5,-390,499.3495500143636,1,1,1
unequal,0.5,-385,499.3578891167435,1,1,1
unequal,0.5,-380,499.3662282191235,1,1,1
unequal,0.5,-375,499.3745673215035,1,1,1
unequal,0.5,-370,499.3829064238835,1,1,1
unequal,0.5,-365,499.3912455262633,1,1,1
unequal,0.5,-360,499.3995846286433,1,1,1
unequal,0.5,-355,499.4079237310233,1,1,1
unequal,0.5,-350,499.4162628334032,1,1,1
unequal,0.5,-345,499.4246019357832,1,1,1
unequal,0.5,-340,499.4329410381632,1,1,1
unequal,0.5,-335,499.4412801405431,1,1,1
unequal,0.5,-330,499.449619242923,1,1,1
unequal,0.5,-325,499.457958345303,1,1,1
unequal,0.5,-320,499.466297447683,1,1,1
unequal,0.5,-315,499.4746365500629,1,1,1
unequal,0.5,-310,499.4829756524429,1,1,1
unequal,0.5,-305,499.4913147548228,1,1,1
unequal,0.5,-300,499.4996538572028,1,1,1
unequal,0.5,-295,499.5079929595827,1,1,1
unequal,0.5,-290,499.5163320619627,1,1,1
unequal,0.5,-285,499.5246711643426,1,1,1
unequal,0.5,-280,499.5330102667226,1,1,1
unequal,0.5,-275,499.5413493691025,1,1,1
unequal,0.5,-270,499.5496884714825,1,1,1
unequal,0.5,-265,499.5580275738625,1,1,1
unequal,0.5,-260,499.5663666762424,1,1,1
unequal,0.5,-255,499.5747057786223,1,1,1
unequal,0.5,-250,499.5830448810023,1,1,1
unequal,0.5,-245,499.5913839833823,1,1,1
unequal,0.5,-240,499.5997230857622,1,1,1
unequal,0.5,-235,499.6080621881422,1,1,1
unequal,0.5,-230,499.6164012905222,1,1,1
unequal,0.5,-225,499.6247403929021,1,1,1
unequal,0.5,-220,499.633079495282,1,1,1
unequal,0.5,-215,499.641418597662,1,1,1
unequal,0.5,-210,499.649757700042,1,1,1
unequal,0.5,-205,499.6580968024219,1,1,1
unequal,0.5,-200,499.6664359048019,1,1,1
unequal,0.5,-195,499.6747750071818,1,1,1
unequal,0.5,-190,499.6831141095618,1,1,1
unequal,0.5,-185,499.6914532119417,1,1,1
unequal,0.5,-180,499.6997923143217,1,1,1
unequal,0.5,-175,499.7081314167016,1,1,1
unequal,0.5,-170,499.7164705190816,1,1,1
unequal,0.5,-165,499.7248096214615,1,1,1
unequal,0.5,-160,499.7331487238415,1,1,1
unequal,0.5,-155,499.7414878262214,1,1,1
unequal,0.5,-150,499.7498269286014,1,1,1
unequal,0.5,-145,499.7581660309813,1,1,1
unequal,0.5,-140,499.7665051333613,1,1,1
unequal,0.5,-135,499.7748442357413,1,1,1
unequal,0.5,-130,499.7831833381212,1,1,1
unequal,0.5,-125,499.7915224405012,1,1,1
unequal,0.5,-120,499.7998615428811,1,1,1
unequal,0.5,-115,499.808200645261,1,1,1
unequal,0.5,-110,499.816539747641,1,1,1
unequal,0.5,-105,499.824878850021,1,1,1
unequal,0.5,-100,499.833217952401,1,1,1
unequal,0.5,-95,499.8415570547809,1,1,1
unequal,0.5,-90,499.8498961571609,1,1,1
unequal,0.5,-85,499.8582352595408,1,1,1
unequal,0.5,-80,499.8665743619207,1,1,1
unequal,0.5,-75,499.8749134643007,1,1,1
unequal,0.5,-70,499.8832525666807,1,1,1
unequal,0.5,-65,499.8915916690606,1,1,1
unequal,0.5,-60,499.8999307714406,1,1,1
unequal,0.5,-55,499.9082698738205,1,1,1
unequal,0.5,-50,499.9166089762005,0.9999999999999817,0.9999999999999817,1
unequal,0.5,-45,499.9249480785804,0.9999999999853595,0.9999999999853595,1
unequal,0.5,-40,499.9332871809603,0.9999999948391933,0.9999999948391933,1
unequal,0.5,-35,499.9416262833403,0.9999991991372734,0.9999991991372734,1
unequal,0.5,-30,499.9499653857203,0.9999452886847441,0.9999452886847441,1
unequal,0.5,-25,499.9583044881002,0.9983545874393107,0.9983545874393107,1
unequal,0.5,-20,499.9666435904802,0.9782153272530832,0.9782153272530832,1
unequal,0.5,-15,499.9749826928601,0.8730286166384136,0.8730286166384136,1
unequal,0.5,-10,499.9833217952401,0.674208881035651,0.674208881035651,1
unequal,0.5,-5,499.99166089762,0.6319971260492188,0.6319971260492188,1
unequal,0.5,0,500,0.8170039319268021,0.8170039319268021,1
unequal,0.5,5,500.00833910238,0.9599400054862912,0.9599400054862912,1
unequal,0.5,10,500.0166782047599,0.9961393663515674,0.9961393663515674,1
unequal,0.5,15,500.0250173071399,0.9998362109451878,0.9998362109451981,0.9999999999999897
unequal,0.5,20,500.0333564095199,0.9999969409194744,0.9999969409277049,0.9999999999917696
unequal,0.5,25,500.0416955118998,0.9999999719550102,0.9999999748479618,0.9999999971070485
unequal,0.5,30,500.0500346142798,0.9999995522587292,0.9999999999089594,0.9999995523497698
unequal,0.5,35,500.0583737166597,0.999969505954615,0.9999999999998549,0.9999695059547601
unequal,0.5,40,500.0667128190396,0.9990855291899166,0.9999999999999999,0.9990855291899167
unequal,0.5,45,500.0750519214196,0.9879273326724548,1,0.9879273326724548
unequal,0.5,50,500.0833910237995,0.9298358612726874,1,0.9298358612726874
unequal,0.5,55,500.0917301261795,0.820482933542048,1,0.820482933542048
unequal,0.5,60,500.1000692285594,0.797802926355748,1,0.797802926355748
unequal,0.5,65,500.1084083309394,0.8997411848127578,1,0.8997411848127578
unequal,0.5,70,500.1167474333193,0.978114884186204,1,0.978114884186204
unequal,0.5,75,500.1250865356993,0.9978969300914271,1,0.9978969300914271
unequal,0.5,80,500.1334256380793,0.9999110313196954,1,0.9999110313196954
unequal,0.5,85,500.1417647404592,0.9999983430890547,1,0.9999983430890547
unequal,0.5,90,500.1501038428392,0.9999999864156218,1,0.9999999864156218
unequal,0.5,95,500.1584429452192,0.9999999999509703,1,0.9999999999509703
unequal,0.5,100,500.1667820475991,0.9999999999999221,1,0.9999999999999221
unequal,0.5,105,500.1751211499791,1,1,1
unequal,0.5,110,500.1834602523589,1,1,1
unequal,0.5,115,500.1917993547389,1,1,1
unequal,0.5,120,500.2001384571188,1,1,1
unequal,0.5,125,500.2084775594988,1,1,1
unequal,0.5,130,500.2168166618788,1,1,1
unequal,0.5,135,500.2251557642587,1,1,1
unequal,0.5,140,500.2334948666387,1,1,1
unequal,0.5,145,500.2418339690187,1,1,1
unequal,0.5,150,500.2501730713986,1,1,1
unequal,0.5,155,500.2585121737786,1,1,1
unequal,0.5,160,500.2668512761585,1,1,1
unequal,0.5,165,500.2751903785385,1,1,1
unequal,0.5,170,500.2835294809185,1,1,1
unequal,0.5,175,500.2918685832984,1,1,1
unequal,0.5,180,500.3002076856783,1,1,1
unequal,0.5,185,500.3085467880583,1,1,1
unequal,0.5,190,500.3168858904382,1,1,1
unequal,0.5,195,500.3252249928182,1,1,1
unequal,0.5,200,500.3335640951981,1,1,1
unequal,0.5,205,500.3419031975781,1,1,1
unequal,0.5,210,500.350242299958,1,1,1
unequal,0.5,215,500.358581402338,1,1,1
unequal,0.5,220,500.366920504718,1,1,1
unequal,0.5,225,500.3752596070979,1,1,1
unequal,0.5,230,500.3835987094779,1,1,1
unequal,0.5,235,500.3919378118579,1,1,1
unequal,0.5,240,500.4002769142378,1,1,1
unequal,0.5,245,500.4086160166178,1,1,1
unequal,0.5,250,500.4169551189976,1,1,1
unequal,0.5,255,500.4252942213776,1,1,1
unequal,0.5,260,500.4336333237576,1,1,1
unequal,0.5,265,500.4419724261375,1,1,1
unequal,0.5,270,500.4503115285175,1,1,1
unequal,0.5,275,500.4586506308975,1,1,1
unequal,0.5,280,500.4669897332774,1,1,1
unequal,0.5,285,500.4753288356574,1,1,1
unequal,0.5,290,500.4836679380373,1,1,1
unequal,0.5,295,500.4920070404173,1,1,1
unequal,0.5,300,500.5003461427972,1,1,1
unequal,0.5,305,500.5086852451772,1,1,1
unequal,0.5,310,500.5170243475572,1,1,1
unequal,0.5,315,500.5253634499371,1,1,1
unequal,0.5,320,500.533702552317,1,1,1
unequal,0.5,325,500.542041654697,1,1,1
unequal,0.5,330,500.5503807570769,1,1,1
unequal,0.5,335,500.5587198594569,1,1,1
unequal,0.5,340,500.5670589618368,1,1,1
unequal,0.5,345,500.5753980642168,1,1,1
unequal,0.5,350,500.5837371665968,1,1,1
unequal,0.5,355,500.5920762689767,1,1,1
unequal,0.5,360,500.6004153713567,1,1,1
unequal,0.5,365,500.6087544737367,1,1,1
unequal,0.5,370,500.6170935761166,1,1,1
unequal,0.5,375,500.6254326784966,1,1,1
unequal,0.5,380,500.6337717808765,1,1,1
unequal,0.5,385,500.6421108832565,1,1,1
unequal,0.5,390,500.6504499856363,1,1,1
unequal,0.5,395,500.6587890880163,1,1,1
unequal,0.5,400,500.6671281903963,1,1,1
unequal,0.5,405,500.6754672927763,1,1,1
unequal,0.5,410,500.6838063951562,1,1,1
unequal,0.5,415,500.6921454975362,1,1,1
unequal,0.5,420,500.7004845999161,1,1,1
unequal,0.5,425,500.7088237022961,1,1,1
unequal,0.5,430,500.717162804676,1,1,1
unequal,0.5,435,500.725501907056,1,1,1
unequal,0.5,440,500.733841009436,1,1,1
unequal,0.5,445,500.7421801118159,1,1,1
unequal,0.5,450,500.7505192141959,1,1,1
unequal,0.8,-450,499.2494807858042,1,1,1
unequal,0.8,-445,499.2578198881841,1,1,1
unequal,0.8,-440,499.2661589905641,1,1,1
unequal,0.8,-435,499.274498092944,1,1,1
unequal,0.8,-430,499.282837195324,1,1,1
unequal,0.8,-425,499.2911762977039,1,1,1
unequal,0.8,-420,499.2995154000839,1,1,1
unequal,0.8,-415,499.3078545024638,1,1,1
unequal,0.8,-410,499.3161936048438,1,1,1
unequal,0.8,-405,499.3245327072237,1,1,1
unequal,0.8,-400,499.3328718096037,1,1,1
unequal,0.8,-395,499.3412109119836,1,1,1
unequal,0.8,-390,499.3495500143636,1,1,1
unequal,0.8,-385,499.3578891167435,1,1,1
unequal,0.8,-380,499.3662282191235,1,1,1
unequal,0.8,-375,499.3745673215035,1,1,1
unequal,0.8,-370,499.3829064238835,1,1,1
unequal,0.8,-365,499.3912455262633,1,1,1
unequal,0.8,-360,499.3995846286433,1,1,1
unequal,0.8,-355,499.4079237310233,1,1,1
unequal,0.8,-350,499.4162628334032,1,1,1
unequal,0.8,-345,499.4246019357832,1,1,1
unequal,0.8,-340,499.4329410381632,1,1,1
unequal,0.8,-335,499.4412801405431,1,1,1
unequal,0.8,-330,499.449619242923,1,1,1
unequal,0.8,-325,499.457958345303,1,1,1
unequal,0.8,-320,499.466297447683,1,1,1
unequal,0.8,-315,499.4746365500629,1,1,1
unequal,0.8,-310,499.4829756524429,1,1,1
unequal,0.8,-305,499.4913147548228,1,1,1
unequal,0.8,-300,499.4996538572028,1,1,1
unequal,0.8,-295,499.5079929595827,1,1,1
unequal,0.8,-290,499.5163320619627,1,1,1
unequal,0.8,-285,499.5246711643426,1,1,1
unequal,0.8,-280,499.5330102667226,1,1,1
unequal,0.8,-275,499.5413493691025,1,1,1
unequal,0.8,-270,499.5496884714825,1,1,1
unequal,0.8,-265,499.5580275738625,1,1,1
unequal,0.8,-260,499.5663666762424,1,1,1
unequal,0.8,-255,499.5747057786223,1,1,1
unequal,0.8,-250,499.5830448810023,1,1,1
unequal,0.8,-245,499.5913839833823,1,1,1
unequal,0.8,-240,499.5997230857622,1,1,1
unequal,0.8,-235,499.6080621881422,1,1,1
unequal,0.8,-230,499.6164012905222,1,1,1
unequal,0.8,-225,499.6247403929021,1,1,1
unequal,0.8,-220,499.633079495282,1,1,1
unequal,0.8,-215,499.641418597662,1,1,1
unequal,0.8,-210,499.649757700042,1,1,1
unequal,0.8,-205,499.6580968024219,1,1,1
unequal,0.8,-200,499.6664359048019,1,1,1
unequal,0.8,-195,499.6747750071818,1,1,1
unequal,0.8,-190,499.6831141095618,1,1,1
unequal,0.8,-185,499.6914532119417,1,1,1
unequal,0.8,-180,499.6997923143217,1,1,1
unequal,0.8,-175,499.7081314167016,1,1,1
unequal,0.8,-170,499.7164705190816,1,1,1
unequal,0.8,-165,499.7248096214615,1,1,1
unequal,0.8,-160,499.7331487238415,1,1,1
unequal,0.8,-155,499.7414878262214,1,1,1
unequal,0.8,-150,499.7498269286014,1,1,1
unequal,0.8,-145,499.7581660309813,1,1,1
unequal,0.8,-140,499.7665051333613,1,1,1
unequal,0.8,-135,499.7748442357413,1,1,1
unequal,0.8,-130,499.7831833381212,1,1,1
unequal,0.8,-125,499.7915224405012,1,1,1
unequal,0.8,-120,499.7998615428811,1,1,1
unequal,0.8,-115,499.808200645261,1,1,1
unequal,0.8,-110,499.816539747641,1,1,1
unequal,0.8,-105,499.824878850021,1,1,1
unequal,0.8,-100,499.833217952401,1,1,1
unequal,0.8,-95,499.8415570547809,1,1,1
unequal,0.8,-90,499.8498961571609,1,1,1
unequal,0.8,-85,499.8582352595408,1,1,1
unequal,0.8,-80,499.8665743619207,1,1,1
unequal,0.8,-75,499.8749134643007,0.9999999999999744,1,0.9999999999999744
unequal,0.8,-70,499.8832525666807,0.9999999999815574,1,0.9999999999815574
unequal,0.8,-65,499.8915916690606,0.9999999941720554,1,0.9999999941720554
unequal,0.8,-60,499.8999307714406,0.9999991892499832,1,0.9999991892499832
unequal,0.8,-55,499.9082698738205,0.9999503479598977,1,0.9999503479598977
unequal,0.8,-50,499.9166089762005,0.9986613538056744,1,0.9986613538056744
unequal,0.8,-45,499.9249480785804,0.9841118585782214,1,0.9841118585782214
unequal,0.8,-40,499.9332871809603,0.916984542609829,1,0.916984542609829
unequal,0.8,-35,499.9416262833403,0.8090483513739215,1,0.8090483513739215
unequal,0.8,-30,499.9499653857203,0.8066400885299243,1,0.8066400885299243
unequal,0.8,-25,499.9583044881002,0.9138038151529924,1,0.9138038151529924
unequal,0.8,-20,499.9666435904802,0.9830843680150144,1,0.9830843680150144
unequal,0.8,-15,499.9749826928601,0.9985386071055316,1,0.9985386071055316
unequal,0.8,-10,499.9833217952401,0.9999444192588408,1,0.9999444192588408
unequal,0.8,-5,499.99166089762,0.999999069405985,1,0.999999069405985
unequal,0.8,0,500,0.9999999931407796,1,0.9999999931407796
unequal,0.8,5,500.00833910238,0.9999999999777429,1,0.9999999999777429
unequal,0.8,10,500.0166782047599,0.9999999999999681,0.9999999999999999,0.9999999999999682
unequal,0.8,15,500.0250173071399,0.9999999999998423,0.9999999999998423,1
unequal,0.8,20,500.0333564095199,0.9999999999020147,0.9999999999020147,1
unequal,0.8,25,500.0416955118998,0.9999999731989,0.9999999731989,1
unequal,0.8,30,500.0500346142798,0.9999967728227975,0.9999967728227975,1
unequal,0.8,35,500.0583737166597,0.9998289308937873,0.9998289308937873,1
unequal,0.8,40,500.0667128190396,0.9960079227308886,0.9960079227308886,1
unequal,0.8,45,500.0750519214196,0.9589885740145155,0.9589885740145155,1
unequal,0.8,50,500.0833910237995,0.8145232913395121,0.8145232913395121,1
unequal,0.8,55,500.0917301261795,0.6307228204898753,0.6307228204898753,1
unequal,0.8,60,500.1000692285594,0.6763361926541361,0.6763361926541361,1
unequal,0.8,65,500.1084083309394,0.8751138187437221,0.8751138187437221,1
unequal,0.8,70,500.1167474333193,0.9787864568106729,0.9787864568106729,1
unequal,0.8,75,500.1250865356993,0.9984136806636086,0.9984136806636086,1
unequal,0.8,80,500.1334256380793,0.9999477788294237,0.9999477788294237,1
unequal,0.8,85,500.1417647404592,0.9999992431999254,0.9999992431999254,1
unequal,0.8,90,500.1501038428392,0.9999999951716994,0.9999999951716994,1
unequal,0.8,95,500.1584429452192,0.9999999999864392,0.9999999999864392,1
unequal,0.8,100,500.1667820475991,0.9999999999999832,0.9999999999999832,1
unequal,0.8,105,500.1751211499791,1,1,1
unequal,0.8,110,500.1834602523589,1,1,1
unequal,0.8,115,500.1917993547389,1,1,1
unequal,0.8,120,500.2001384571188,1,1,1
unequal,0.8,125,500.2084775594988,1,1,1
unequal,0.8,130,500.2168166618788,1,1,1
unequal,0.8,135,500.2251557642587,1,1,1
unequal,0.8,140,500.2334948666387,1,1,1
unequal,0.8,145,500.2418339690187,1,1,1
unequal,0.8,150,500.2501730713986,1,1,1
unequal,0.8,155,500.2585121737786,1,1,1
unequal,0.8,160,500.2668512761585,1,1,1
unequal,0.8,165,500.2751903785385,1,1,1
unequal,0.8,170,500.2835294809185,1,1,1
unequal,0.8,175,500.2918685832984,1,1,1
unequal,0.8,180,500.3002076856783,1,1,1
unequal,0.8,185,500.3085467880583,1,1,1
unequal,0.8,190,500.3168858904382,1,1,1
unequal,0.8,195,500.3252249928182,1,1,1
unequal,0.8,200,500.3335640951981,1,1,1
unequal,0.8,205,500.3419031975781,1,1,1
unequal,0.8,210,500.350242299958,1,1,1
unequal,0.8,215,500.358581402338,1,1,1
unequal,0.8,220,500.366920504718,1,1,1
unequal,0.8,225,500.3752596070979,1,1,1
unequal,0.8,230,500.3835987094779,1,1,1
unequal,0.8,235,500.3919378118579,1,1,1
unequal,0.8,240,500.4002769142378,1,1,1
unequal,0.8,245,500.4086160166178,1,1,1
unequal,0.8,250,500.4169551189976,1,1,1
unequal,0.8,255,500.4252942213776,1,1,1
unequal,0.8,260,500.4336333237576,1,1,1
unequal,0.8,265,500.4419724261375,1,1,1
unequal,0.8,270,500.4503115285175,1,1,1
unequal,0.8,275,500.4586506308975,1,1,1
unequal,0.8,280,500.4669897332774,1,1,1
unequal,0.8,285,500.4753288356574,1,1,1
unequal,0.8,290,500.4836679380373,1,1,1
unequal,0.8,295,500.4920070404173,1,1,1
unequal,0.8,300,500.5003461427972,1,1,1
unequal,0.8,305,500.5086852451772,1,1,1
unequal,0.8,310,500.5170243475572,1,1,1
unequal,0.8,315,500.5253634499371,1,1,1
unequal,0.8,320,500.533702552317,1,1,1
unequal,0.8,325,500.542041654697,1,1,1
unequal,0.8,330,500.5503807570769,1,1,1
unequal,0.8,335,500.5587198594569,1,1,1
unequal,0.8,340,500.5670589618368,1,1,1
unequal,0.8,345,500.5753980642168,1,1,1
unequal,0.8,350,500.5837371665968,1,1,1
unequal,0.8,355,500.5920762689767,1,1,1
unequal,0.8,360,500.6004153713567,1,1,1
unequal,0.8,365,500.6087544737367,1,1,1
unequal,0.8,370,500.6170935761166,1,1,1
unequal,0.8,375,500.6254326784966,1,1,1
unequal,0.8,380,500.6337717808765,1,1,1
unequal,0.8,385,500.6421108832565,1,1,1
unequal,0.8,390,500.6504499856363,1,1,1
unequal,0.8,395,500.6587890880163,1,1,1
unequal,0.8,400,500.6671281903963,1,1,1
unequal,0.8,405,500.6754672927763,1,1,1
unequal,0.8,410,500.6838063951562,1,1,1
unequal,0.8,415,500.6921454975362,1,1,1
unequal,0.8,420,500.7004845999161,1,1,1
unequal,0.8,425,500.7088237022961,1,1,1
unequal,0.8,430,500.717162804676,1,1,1
unequal,0.8,435,500.725501907056,1,1,1
unequal,0.8,440,500.733841009436,1,1,1
unequal,0.8,445,500.7421801118159,1,1,1
unequal,0.8,450,500.7505192141959,1,1,1
unequal,1,-450,499.2494807858042,1,1,1
unequal,1,-445,499.2578198881841,1,1,1
unequal,1,-440,499.2661589905641,1,1,1
unequal,1,-435,499.274498092944,1,1,1
unequal,1,-430,499.282837195324,1,1,1
unequal,1,-425,499.2911762977039,1,1,1
unequal,1,-420,499.2995154000839,1,1,1
unequal,1,-415,499.3078545024638,1,1,1
unequal,1,-410,499.3161936048438,1,1,1
unequal,1,-405,499.3245327072237,1,1,1
unequal,1,-400,499.3328718096037,1,1,1
unequal,1,-395,499.3412109119836,1,1,1
unequal,1,-390,499.3495500143636,1,1,1
unequal,1,-385,499.3578891167435,1,1,1
unequal,1,-380,499.3662282191235,1,1,1
unequal,1,-375,499.3745673215035,1,1,1
unequal,1,-370,499.3829064238835,1,1,1
unequal,1,-365,499.3912455262633,1,1,1
unequal,1,-360,499.3995846286433,1,1,1
unequal,1,-355,499.4079237310233,1,1,1
unequal,1,-350,499.4162628334032,1,1,1
unequal,1,-345,499.4246019357832,1,1,1
unequal,1,-340,499.4329410381632,1,1,1
unequal,1,-335,499.4412801405431,1,1,1
unequal,1,-330,499.449619242923,1,1,1
unequal,1,-325,499.457958345303,1,1,1
unequal,1,-320,499.466297447683,1,1,1
unequal,1,-315,499.4746365500629,1,1,1
unequal,1,-310,499.4829756524429,1,1,1
unequal,1,-305,499.4913147548228,1,1,1
unequal,1,-300,499.4996538572028,1,1,1
unequal,1,-295,499.5079929595827,1,1,1
unequal,1,-290,499.5163320619627,1,1,1
unequal,1,-285,499.5246711643426,1,1,1
unequal,1,-280,499.5330102667226,1,1,1
unequal,1,-275,499.5413493691025,1,1,1
unequal,1,-270,499.5496884714825,1,1,1
unequal,1,-265,499.5580275738625,1,1,1
unequal,1,-260,499.5663666762424,1,1,1
unequal,1,-255,499.5747057786223,1,1,1
unequal,1,-250,499.5830448810023,1,1,1
unequal,1,-245,499.5913839833823,1,1,1
unequal,1,-240,499.5997230857622,1,1,1
unequal,1,-235,499.6080621881422,1,1,1
unequal,1,-230,499.6164012905222,1,1,1
unequal,1,-225,499.6247403929021,1,1,1
unequal,1,-220,499.633079495282,1,1,1
unequal,1,-215,499.641418597662,1,1,1
unequal,1,-210,499.649757700042,1,1,1
unequal,1,-205,499.6580968024219,1,1,1
unequal,1,-200,499.6664359048019,1,1,1
unequal,1,-195,499.6747750071818,1,1,1
unequal,1,-190,499.6831141095618,1,1,1
unequal,1,-185,499.6914532119417,1,1,1
unequal,1,-180,499.6997923143217,1,1,1
unequal,1,-175,499.7081314167016,1,1,1
unequal,1,-170,499.7164705190816,1,1,1
unequal,1,-165,499.7248096214615,1,1,1
unequal,1,-160,499.7331487238415,1,1,1
unequal,1,-155,499.7414878262214,1,1,1
unequal,1,-150,499.7498269286014,1,1,1
unequal,1,-145,499.7581660309813,1,1,1
unequal,1,-140,499.7665051333613,1,1,1
unequal,1,-135,499.7748442357413,1,1,1
unequal,1,-130,499.7831833381212,1,1,1
unequal,1,-125,499.7915224405012,1,1,1
unequal,1,-120,499.7998615428811,1,1,1
unequal,1,-115,499.808200645261,1,1,1
unequal,1,-110,499.816539747641,1,1,1
unequal,1,-105,499.824878850021,1,1,1
unequal,1,-100,499.833217952401,1,1,1
unequal,1,-95,499.8415570547809,1,1,1
unequal,1,-90,499.8498961571609,1,1,1
unequal,1,-85,499.8582352595408,1,1,1
unequal,1,-80,499.8665743619207,1,1,1
unequal,1,-75,499.8749134643007,0.9999999999999906,1,0.9999999999999906
unequal,1,-70,499.8832525666807,0.9999999999923547,1,0.9999999999923547
unequal,1,-65,499.8915916690606,0.9999999972866866,1,0.9999999972866866
unequal,1,-60,499.8999307714406,0.9999995760802093,1,0.9999995760802093
unequal,1,-55,499.9082698738205,0.9999708427866795,1,0.9999708427866795
unequal,1,-50,499.9166089762005,0.9991171500120065,1,0.9991171500120065
unequal,1,-45,499.9249480785804,0.9882318987675422,1,0.9882318987675422
unequal,1,-40,499.9332871809603,0.9309435172173441,1,0.9309435172173441
unequal,1,-35,499.9416262833403,0.8216056509899128,1,0.8216056509899128
unequal,1,-30,499.9499653857203,0.7971213667823474,1,0.7971213667823474
unequal,1,-25,499.9583044881002,0.8984289114950958,1,0.8984289114950958
unequal,1,-20,499.9666435904802,0.9776136916236667,1,0.9776136916236667
unequal,1,-15,499.9749826928601,0.9978279319055742,1,0.9978279319055742
unequal,1,-10,499.9833217952401,0.999907222435089,1,0.999907222435089
unequal,1,-5,499.99166089762,0.9999982554192264,1,0.9999982554192264
unequal,1,0,500,0.9999999855583181,1,0.9999999855583181
unequal,1,5,500.00833910238,0.9999999999473712,1,0.9999999999473712
unequal,1,10,500.0166782047599,0.9999999999999154,0.9999999999999998,0.9999999999999156
unequal,1,15,500.0250173071399,0.9999999999996906,0.9999999999996907,0.9999999999999999
unequal,1,20,500.0333564095199,0.9999999998228232,0.9999999998228232,1
unequal,1,25,500.0416955118998,0.9999999553203196,0.9999999553203196,1
unequal,1,30,500.0500346142798,0.9999950398853087,0.9999950398853087,1
unequal,1,35,500.0583737166597,0.9997575892036042,0.9997575892036042,1
unequal,1,40,500.0667128190396,0.9947845621189928,0.9947845621189928,1
unequal,1,45,500.0750519214196,0.9506021354694918,0.9506021354694918,1
unequal,1,50,500.0833910237995,0.7940299134364927,0.7940299134364927,1
unequal,1,55,500.0917301261795,0.6219243501875764,0.6219243501875764,1
unequal,1,60,500.1000692285594,0.6944854894811398,0.6944854894811398,1
unequal,1,65,500.1084083309394,0.8913165150136982,0.8913165150136982,1
unequal,1,70,500.1167474333193,0.9829794398529655,0.9829794398529655,1
unequal,1,75,500.1250865356993,0.9988265550495822,0.9988265550495822,1
unequal,1,80,500.1334256380793,0.9999643852277643,0.9999643852277643,1
unequal,1,85,500.1417647404592,0.9999995241432862,0.9999995241432862,1
unequal,1,90,500.1501038428392,0.9999999972010135,0.9999999972010135,1
unequal,1,95,500.1584429452192,0.9999999999927522,0.9999999999927522,1
unequal,1,100,500.1667820475991,0.9999999999999918,0.9999999999999918,1
unequal,1,105,500.1751211499791,1,1,1
unequal,1,110,500.1834602523589,1,1,1
unequal,1,115,500.1917993547389,1,1,1
unequal,1,120,500.2001384571188,1,1,1
unequal,1,125,500.2084775594988,1,1,1
unequal,1,130,500.2168166618788,1,1,1
unequal,1,135,500.2251557642587,1,1,1
unequal,1,140,500.2334948666387,1,1,1
unequal,1,145,500.2418339690187,1,1,1
unequal,1,150,500.2501730713986,1,1,1
unequal,1,155,500.2585121737786,1,1,1
unequal,1,160,500.2668512761585,1,1,1
unequal,1,165,500.2751903785385,1,1,1
unequal,1,170,500.2835294809185,1,1,1
unequal,1,175,500.2918685832984,1,1,1
unequal,1,180,500.3002076856783,1,1,1
unequal,1,185,500.3085467880583,1,1,1
unequal,1,190,500.3168858904382,1,1,1
unequal,1,195,500.3252249928182,1,1,1
unequal,1,200,500.3335640951981,1,1,1
unequal,1,205,500.3419031975781,1,1,1
unequal,1,210,500.350242299958,1,1,1
unequal,1,215,500.358581402338,1,1,1
unequal,1,220,500.366920504718,1,1,1
unequal,1,225,500.3752596070979,1,1,1
unequal,1,230,500.3835987094779,1,1,1
unequal,1,235,500.3919378118579,1,1,1
unequal,1,240,500.4002769142378,1,1,1
unequal,1,245,500.4086160166178,1,1,1
unequal,1,250,500.4169551189976,1,1,1
unequal,1,255,500.4252942213776,1,1,1
unequal,1,260,500.4336333237576,1,1,1
unequal,1,265,500.4419724261375,1,1,1
unequal,1,270,500.4503115285175,1,1,1
unequal,1,275,500.4586506308975,1,1,1
unequal,1,280,500.4669897332774,1,1,1
unequal,1,285,500.4753288356574,1,1,1
unequal,1,290,500.4836679380373,1,1,1
unequal,1,295,500.4920070404173,1,1,1
unequal,1,300,500.5003461427972,1,1,1
unequal,1,305,500.5086852451772,1,1,1
unequal,1,310,500.5170243475572,1,1,1
unequal,1,315,500.5253634499371,1,1,1
unequal,1,320,500.533702552317,1,1,1
unequal,1,325,500.542041654697,1,1,1
unequal,1,330,500.5503807570769,1,1,1
unequal,1,335,500.5587198594569,1,1,1
unequal,1,340,500.5670589618368,1,1,1
unequal,1,345,500.5753980642168,1,1,1
unequal,1,350,500.5837371665968,1,1,1
unequal,1,355,500.5920762689767,1,1,1
unequal,1,360,500.6004153713567,1,1,1
unequal,1,365,500.6087544737367,1,1,1
unequal,1,370,500.6170935761166,1,1,1
unequal,1,375,500.6254326784966,1,1,1
unequal,1,380,500.6337717808765,1,1,1
unequal,1,385,500.6421108832565,1,1,1
unequal,1,390,500.6504499856363,1,1,1
unequal,1,395,500.6587890880163,1,1,1
unequal,1,400,500.6671281903963,1,1,1
unequal,1,405,500.6754672927763,1,1,1
unequal,1,410,500.6838063951562,1,1,1
unequal,1,415,500.6921454975362,1,1,1
unequal,1,420,500.7004845999161,1,1,1
unequal,1,425,500.7088237022961,1,1,1
unequal,1,430,500.717162804676,1,1,1
unequal,1,435,500.725501907056,1,1,1
unequal,1,440,500.733841009436,1,1,1
unequal,1,445,500.7421801118159,1,1,1
unequal,1,450,500.7505192141959,1,1,1
twins,0,-450,499.2494807858042,1,1,1
twins,0,-445,499.2578198881841,1,1,1
twins,0,-440,499.2661589905641,1,1,1
twins,0,-435,499.274498092944,1,1,1
twins,0,-430,499.282837195324,1,1,1
twins,0,-425,499.2911762977039,1,1,1
twins,0,-420,499.2995154000839,1,1,1
twins,0,-415,499.3078545024638,1,1,1
twins,0,-410,499.3161936048438,1,1,1
twins,0,-405,499.3245327072237,1,1,1
twins,0,-400,499.3328718096037,1,1,1
twins,0,-395,499.3412109119836,1,1,1
twins,0,-390,499.3495500143636,1,1,1
twins,0,-385,499.3578891167435,1,1,1
twins,0,-380,499.3662282191235,1,1,1
twins,0,-375,499.3745673215035,1,1,1
twins,0,-370,499.3829064238835,1,1,1
twins,0,-365,499.3912455262633,1,1,1
twins,0,-360,499.3995846286433,1,1,1
twins,0,-355,499.4079237310233,1,1,1
twins,0,-350,499.4162628334032,1,1,1
twins,0,-345,499.4246019357832,1,1,1
twins,0,-340,499.4329410381632,1,1,1
twins,0,-335,499.4412801405431,1,1,1
twins,0,-330,499.449619242923,1,1,1
twins,0,-325,499.457958345303,1,1,1
twins,0,-320,499.466297447683,1,1,1
twins,0,-315,499.4746365500629,1,1,1
twins,0,-310,499.4829756524429,1,1,1
twins,0,-305,499.4913147548228,1,1,1
twins,0,-300,499.4996538572028,1,1,1
twins,0,-295,499.5079929595827,1,1,1
twins,0,-290,499.5163320619627,1,1,1
twins,0,-285,499.5246711643426,1,1,1
twins,0,-280,499.5330102667226,1,1,1
twins,0,-275,499.5413493691025,1,1,1
twins,0,-270,499.5496884714825,1,1,1
twins,0,-265,499.5580275738625,1,1,1
twins,0,-260,499.5663666762424,1,1,1
twins,0,-255,499.5747057786223,1,1,1
twins,0,-250,499.5830448810023,1,1,1
twins,0,-245,499.5913839833823,1,1,1
twins,0,-240,499.5997230857622,1,1,1
twins,0,-235,499.6080621881422,1,1,1
twins,0,-230,499.6164012905222,1,1,1
twins,0,-225,499.6247403929021,1,1,1
twins,0,-220,499.633079495282,1,1,1
twins,0,-215,499.641418597662,1,1,1
twins,0,-210,499.649757700042,1,1,1
twins,0,-205,499.6580968024219,1,1,1
twins,0,-200,499.6664359048019,1,1,1
twins,0,-195,499.6747750071818,1,1,1
twins,0,-190,499.6831141095618,1,1,1
twins,0,-185,499.6914532119417,1,1,1
twins,0,-180,499.6997923143217,1,1,1
twins,0,-175,499.7081314167016,1,1,1
twins,0,-170,499.7164705190816,1,1,1
twins,0,-165,499.7248096214615,1,1,1
twins,0,-160,499.7331487238415,1,1,1
twins,0,-155,499.7414878262214,1,1,1
twins,0,-150,499.7498269286014,1,1,1
twins,0,-145,499.7581660309813,1,1,1
twins,0,-140,499.7665051333613,1,1,1
twins,0,-135,499.7748442357413,1,1,1
twins,0,-130,499.7831833381212,1,1,1
twins,0,-125,499.7915224405012,1,1,1
twins,0,-120,499.7998615428811,1,1,1
twins,0,-115,499.808200645261,1,1,1
twins,0,-110,499.816539747641,1,1,1
twins,0,-105,499.824878850021,1,1,1
twins,0,-100,499.833217952401,0.9999999999999473,1,0.9999999999999473
twins,0,-95,499.8415570547809,0.9999999999637739,1,0.9999999999637739
twins,0,-90,499.8498961571609,0.9999999890490879,1,0.9999999890490879
twins,0,-85,499.8582352595408,0.9999985426735023,1,0.9999985426735023
twins,0,-80,499.8665743619207,0.9999146227794072,1,0.9999146227794072
twins,0,-75,499.8749134643007,0.9977980586733726,1,0.9977980586733726
twins,0,-70,499.8832525666807,0.9749995370125267,1,0.9749995370125267
twins,0,-65,499.8915916690606,0.8750405976103226,1,0.8750405976103226
twins,0,-60,499.8999307714406,0.7250407043569032,1,0.7250407043569032
twins,0,-55,499.9082698738205,0.7336538321003003,1,0.7336538321003003
twins,0,-50,499.9166089762005,0.8864196826560223,1,0.8864196826560223
twins,0,-45,499.9249480785804,0.9786774922037128,1,0.9786774922037128
twins,0,-40,499.9332871809603,0.9982378127080309,1,0.9982378127080309
twins,0,-35,499.9416262833403,0.9999358872468139,1,0.9999358872468139
twins,0,-30,499.9499653857203,0.9999989731302313,1,0.9999989731302313
twins,0,-25,499.9583044881002,0.9999999927595612,1,0.9999999927595612
twins,0,-20,499.9666435904802,0.9999999999775253,1,0.9999999999775253
twins,0,-15,499.9749826928601,0.9999999999999692,1,0.9999999999999692
twins,0,-10,499.9833217952401,1,1,1
twins,0,-5,499.99166089762,1,1,1
twins,0,0,500,1,1,1
twins,0,5,500.00833910238,1,1,1
twins,0,10,500.0166782047599,1,1,1
twins,0,15,500.0250173071399,0.9999999999999692,0.9999999999999692,1
twins,0,20,500.0333564095199,0.9999999999775253,0.9999999999775253,1
twins,0,25,500.0416955118998,0.9999999927595612,0.9999999927595612,1
twins,0,30,500.0500346142798,0.9999989731302313,0.9999989731302313,1
twins,0,35,500.0583737166597,0.9999358872468139,0.9999358872468139,1
twins,0,40,500.0667128190396,0.9982378127080309,0.9982378127080309,1
twins,0,45,500.0750519214196,0.9786774922037128,0.9786774922037128,1
twins,0,50,500.0833910237995,0.8864196826560223,0.8864196826560223,1
twins,0,55,500.0917301261795,0.7336538321003003,0.7336538321003003,1
twins,0,60,500.1000692285594,0.7250407043569032,0.7250407043569032,1
twins,0,65,500.1084083309394,0.8750405976103226,0.8750405976103226,1
twins,0,70,500.1167474333193,0.9749995370125267,0.9749995370125267,1
twins,0,75,500.1250865356993,0.9977980586733726,0.9977980586733726,1
twins,0,80,500.1334256380793,0.9999146227794072,0.9999146227794072,1
twins,0,85,500.1417647404592,0.9999985426735023,0.9999985426735023,1
twins,0,90,500.1501038428392,0.9999999890490879,0.9999999890490879,1
twins,0,95,500.1584429452192,0.9999999999637739,0.9999999999637739,1
twins,0,100,500.1667820475991,0.9999999999999473,0.9999999999999473,1
twins,0,105,500.1751211499791,1,1,1
twins,0,110,500.1834602523589,1,1,1
twins,0,115,500.1917993547389,1,1,1
twins,0,120,500.2001384571188,1,1,1
twins,0,125,500.2084775594988,1,1,1
twins,0,130,500.2168166618788,1,1,1
twins,0,135,500.2251557642587,1,1,1
twins,0,140,500.2334948666387,1,1,1
twins,0,145,500.2418339690187,1,1,1
twins,0,150,500.2501730713986,1,1,1
twins,0,155,500.2585121737786,1,1,1
twins,0,160,500.2668512761585,1,1,1
twins,0,165,500.2751903785385,1,1,1
twins,0,170,500.2835294809185,1,1,1
twins,0,175,500.2918685832984,1,1,1
twins,0,180,500.3002076856783,1,1,1
twins,0,185,500.3085467880583,1,1,1
twins,0,190,500.3168858904382,1,1,1
twins,0,195,500.3252249928182,1,1,1
twins,0,200,500.3335640951981,1,1,1
twins,0,205,500.3419031975781,1,1,1
twins,0,210,500.350242299958,1,1,1
twins,0,215,500.358581402338,1,1,1
twins,0,220,500.366920504718,1,1,1
twins,0,225,500.3752596070979,1,1,1
twins,0,230,500.3835987094779,1,1,1
twins,0,235,500.3919378118579,1,1,1
twins,0,240,500.4002769142378,1,1,1
twins,0,245,500.4086160166178,1,1,1
twins,0,250,500.4169551189976,1,1,1
twins,0,255,500.4252942213776,1,1,1
twins,0,260,500.4336333237576,1,1,1
twins,0,265,500.4419724261375,1,1,1
twins,0,270,500.4503115285175,1,1,1
twins,0,275,500.4586506308975,1,1,1
twins,0,280,500.4669897332774,1,1,1
twins,0,285,500.4753288356574,1,1,1
twins,0,290,500.4836679380373,1,1,1
twins,0,295,500.4920070404173,1,1,1
twins,0,300,500.5003461427972,1,1,1
twins,0,305,500.5086852451772,1,1,1
twins,0,310,500.5170243475572,1,1,1
twins,0,315,500.5253634499371,1,1,1
twins,0,320,500.533702552317,1,1,1
twins,0,325,500.542041654697,1,1,1
twins,0,330,500.5503807570769,1,1,1
twins,0,335,500.5587198594569,1,1,1
twins,0,340,500.5670589618368,1,1,1
twins,0,345,500.5753980642168,1,1,1
twins,0,350,500.5837371665968,1,1,1
twins,0,355,500.5920762689767,1,1,1
twins,0,360,500.6004153713567,1,1,1
twins,0,365,500.6087544737367,1,1,1
twins,0,370,500.6170935761166,1,1,1
twins,0,375,500.6254326784966,1,1,1
twins,0,380,500.6337717808765,1,1,1
twins,0,385,500.6421108832565,1,1,1
twins,0,390,500.6504499856363,1,1,1
twins,0,395,500.6587890880163,1,1,1
twins,0,400,500.6671281903963,1,1,1
twins,0,405,500.6754672927763,1,1,1
twins,0,410,500.6838063951562,1,1,1
twins,0,415,500.6921454975362,1,1,1
twins,0,420,500.7004845999161,1,1,1
twins,0,425,500.7088237022961,1,1,1
twins,0,430,500.717162804676,1,1,1
twins,0,435,500.725501907056,1,1,1
twins,0,440,500.733841009436,1,1,1
twins,0,445,500.7421801118159,1,1,1
twins,0,450,500.7505192141959,1,1,1
twins,0.07000000000000001,-450,499.2494807858042,1,1,1
twins,0.07000000000000001,-445,499.2578198881841,1,1,1
twins,0.07000000000000001,-440,499.2661589905641,1,1,1
twins,0.07000000000000001,-435,499.274498092944,1,1,1
twins,0.07000000000000001,-430,499.282837195324,1,1,1
twins,0.07000000000000001,-425,499.2911762977039,1,1,1
twins,0.07000000000000001,-420,499.2995154000839,1,1,1
twins,0.07000000000000001,-415,499.3078545024638,1,1,1
twins,0.07000000000000001,-410,499.3161936048438,1,1,1
twins,0.07000000000000001,-405,499.3245327072237,1,1,1
twins,0.07000000000000001,-400,499.3328718096037,1,1,1
twins,0.07000000000000001,-395,499.3412109119836,1,1,1
twins,0.07000000000000001,-390,499.3495500143636,1,1,1
twins,0.07000000000000001,-385,499.3578891167435,1,1,1
twins,0.07000000000000001,-380,499.3662282191235,1,1,1
twins,0.07000000000000001,-375,499.3745673215035,1,1,1
twins,0.07000000000000001,-370,499.3829064238835,1,1,1
twins,0.07000000000000001,-365,499.3912455262633,1,1,1
twins,0.07000000000000001,-360,499.3995846286433,1,1,1
twins,0.07000000000000001,-355,499.4079237310233,1,1,1
twins,0.07000000000000001,-350,499.4162628334032,1,1,1
twins,0.07000000000000001,-345,499.4246019357832,1,1,1
twins,0.07000000000000001,-340,499.4329410381632,1,1,1
twins,0.07000000000000001,-335,499.4412801405431,1,1,1
twins,0.07000000000000001,-330,499.449619242923,1,1,1
twins,0.07000000000000001,-325,499.457958345303,1,1,1
twins,0.07000000000000001,-320,499.466297447683,1,1,1
twins,0.07000000000000001,-315,499.4746365500629,1,1,1
twins,0.07000000000000001,-310,499.4829756524429,1,1,1
twins,0.07000000000000001,-305,499.4913147548228,1,1,1
twins,0.07000000000000001,-300,499.4996538572028,1,1,1
twins,0.07000000000000001,-295,499.5079929595827,1,1,1
twins,0.07000000000000001,-290,499.5163320619627,1,1,1
twins,0.07000000000000001,-285,499.5246711643426,1,1,1
twins,0.07000000000000001,-280,499.5330102667226,1,1,1
twins,0.07000000000000001,-275,499.5413493691025,1,1,1
twins,0.07000000000000001,-270,499.5496884714825,1,1,1
twins,0.07000000000000001,-265,499.5580275738625,1,1,1
twins,0.07000000000000001,-260,499.5663666762424,1,1,1
twins,0.07000000000000001,-255,499.5747057786223,1,1,1
twins,0.07000000000000001,-250,499.5830448810023,1,1,1
twins,0.07000000000000001,-245,499.5913839833823,1,1,1
twins,0.07000000000000001,-240,499.5997230857622,1,1,1
twins,0.07000000000000001,-235,499.6080621881422,1,1,1
twins,0.07000000000000001,-230,499.6164012905222,1,1,1
twins,0.07000000000000001,-225,499.6247403929021,1,1,1
twins,0.07000000000000001,-220,499.633079495282,1,1,1
twins,0.07000000000000001,-215,499.641418597662,1,1,1
twins,0.07000000000000001,-210,499.649757700042,1,1,1
twins,0.07000000000000001,-205,499.6580968024219,1,1,1
twins,0.07000000000000001,-200,499.6664359048019,1,1,1
twins,0.07000000000000001,-195,499.6747750071818,1,1,1
twins,0.07000000000000001,-190,499.6831141095618,1,1,1
twins,0.07000000000000001,-185,499.6914532119417,1,1,1
twins,0.07000000000000001,-180,499.6997923143217,1,1,1
twins,0.07000000000000001,-175,499.7081314167016,1,1,1
twins,0.07000000000000001,-170,499.7164705190816,1,1,1
twins,0.07000000000000001,-165,499.7248096214615,1,1,1
twins,0.07000000000000001,-160,499.7331487238415,1,1,1
twins,0.07000000000000001,-155,499.7414878262214,1,1,1
twins,0.07000000000000001,-150,499.7498269286014,1,1,1
twins,0.07000000000000001,-145,499.7581660309813,1,1,1
twins,0.07000000000000001,-140,499.7665051333613,1,1,1
twins,0.07000000000000001,-135,499.7748442357413,1,1,1
twins,0.07000000000000001,-130,499.7831833381212,1,1,1
twins,0.07000000000000001,-125,499.7915224405012,1,1,1
twins,0.07000000000000001,-120,499.7998615428811,1,1,1
twins,0.07000000000000001,-115,499.808200645261,1,1,1
twins,0.07000000000000001,-110,499.816539747641,1,1,1
twins,0.07000000000000001,-105,499.824878850021,1,1,1
twins,0.07000000000000001,-100,499.833217952401,1,1,1
twins,0.07000000000000001,-95,499.8415570547809,0.9999999999999735,1,0.9999999999999735
twins,0.07000000000000001,-90,499.8498961571609,0.9999999999802174,1,0.9999999999802174
twins,0.07000000000000001,-85,499.8582352595408,0.9999999935182144,1,0.9999999935182144
twins,0.07000000000000001,-80,499.8665743619207,0.999999065057027,1,0.999999065057027
twins,0.07000000000000001,-75,499.8749134643007,0.9999406317610106,1,0.9999406317610106
twins,0.07000000000000001,-70,499.8832525666807,0.998340406249004,1,0.998340406249004
twins,0.07000000000000001,-65,499.8915916690606,0.9795766023202771,1,0.9795766023202771
twins,0.07000000000000001,-60,499.8999307714406,0.8893547496022296,1,0.8893547496022296
twins,0.07000000000000001,-55,499.9082698738205,0.7361141294710584,1,0.7361141294710584
twins,0.07000000000000001,-50,499.9166089762005,0.7229372904441134,1,0.7229372904441134
twins,0.07000000000000001,-45,499.9249480785804,0.871938496531569,1,0.871938496531569
twins,0.07000000000000001,-40,499.9332871809603,0.9739422031258482,1,0.9739422031258482
twins,0.07000000000000001,-35,499.9416262833403,0.9976658144753058,1,0.9976658144753058
twins,0.07000000000000001,-30,499.9499653857203,0.999907952578415,1,0.999907952578415
twins,0.07000000000000001,-25,499.9583044881002,0.9999984020379435,1,0.9999984020379435
twins,0.07000000000000001,-20,499.9666435904802,0.9999999877876321,1,0.9999999877876321
twins,0.07000000000000001,-15,499.9749826928601,0.9999999999589123,1,0.9999999999589123
twins,0.07000000000000001,-10,499.9833217952401,0.9999999999999392,1,0.9999999999999392
twins,0.07000000000000001,-5,499.99166089762,1,1,1
twins,0.07000000000000001,0,500,1,1,1
twins,0.07000000000000001,5,500.00833910238,1,1,1
twins,0.07000000000000001,10,500.0166782047599,0.9999999999999392,0.9999999999999392,1
twins,0.07000000000000001,15,500.0250173071399,0.9999999999589123,0.9999999999589123,1
twins,0.07000000000000001,20,500.0333564095199,0.9999999877876321,0.9999999877876321,1
twins,0.07000000000000001,25,500.0416955118998,0.9999984020379435,0.9999984020379435,1
twins,0.07000000000000001,30,500.0500346142798,0.999907952578415,0.999907952578415,1
twins,0.07000000000000001,35,500.0583737166597,0.9976658144753058,0.9976658144753058,1
twins,0.07000000000000001,40,500.0667128190396,0.9739422031258482,0.9739422031258482,1
twins,0.07000000000000001,45,500.0750519214196,0.871938496531569,0.871938496531569,1
twins,0.07000000000000001,50,500.0833910237995,0.7229372904441134,0.7229372904441134,1
twins,0.07000000000000001,55,500.0917301261795,0.7361141294710584,0.7361141294710584,1
twins,0.07000000000000001,60,500.1000692285594,0.8893547496022296,0.8893547496022296,1
twins,0.07000000000000001,65,500.1084083309394,0.9795766023202771,0.9795766023202771,1
twins,0.07000000000000001,70,500.1167474333193,0.998340406249004,0.998340406249004,1
twins,0.07000000000000001,75,500.1250865356993,0.9999406317610106,0.9999406317610106,1
twins,0.07000000000000001,80,500.1334256380793,0.999999065057027,0.999999065057027,1
twins,0.07000000000000001,85,500.1417647404592,0.9999999935182144,0.9999999935182144,1
twins,0.07000000000000001,90,500.1501038428392,0.9999999999802174,0.9999999999802174,1
twins,0.07000000000000001,95,500.1584429452192,0.9999999999999735,0.9999999999999735,1
twins,0.07000000000000001,100,500.1667820475991,1,1,1
twins,0.07000000000000001,105,500.1751211499791,1,1,1
twins,0.07000000000000001,110,500.1834602523589,1,1,1
twins,0.07000000000000001,115,500.1917993547389,1,1,1
twins,0.07000000000000001,120,500.2001384571188,1,1,1
twins,0.07000000000000001,125,500.2084775594988,1,1,1
twins,0.07000000000000001,130,500.2168166618788,1,1,1
twins,0.07000000000000001,135,500.2251557642587,1,1,1
twins,0.07000000000000001,140,500.2334948666387,1,1,1
twins,0.07000000000000001,145,500.2418339690187,1,1,1
twins,0.07000000000000001,150,500.2501730713986,1,1,1
twins,0.07000000000000001,155,500.2585121737786,1,1,1
twins,0.07000000000000001,160,500.2668512761585,1,1,1
twins,0.07000000000000001,165,500.2751903785385,1,1,1
twins,0.07000000000000001,170,500.2835294809185,1,1,1
twins,0.07000000000000001,175,500.2918685832984,1,1,1
twins,0.07000000000000001,180,500.3002076856783,1,1,1
twins,0.07000000000000001,185,500.3085467880583,1,1,1
twins,0.07000000000000001,190,500.3168858904382,1,1,1
twins,0.07000000000000001,195,500.3252249928182,1,1,1
twins,0.07000000000000001,200,500.3335640951981,1,1,1
twins,0.07000000000000001,205,500.3419031975781,1,1,1
twins,0.07000000000000001,210,500.350242299958,1,1,1
twins,0.07000000000000001,215,500.358581402338,1,1,1
twins,0.07000000000000001,220,500.366920504718,1,1,1
twins,0.07000000000000001,225,500.3752596070979,1,1,1
twins,0.07000000000000001,230,500.3835987094779,1,1,1
twins,0.07000000000000001,235,500.3919378118579,1,1,1
twins,0.07000000000000001,240,500.4002769142378,1,1,1
twins,0.07000000000000001,245,500.4086160166178,1,1,1
twins,0.07000000000000001,250,500.4169551189976,1,1,1
twins,0.07000000000000001,255,500.4252942213776,1,1,1
twins,0.07000000000000001,260,500.4336333237576,1,1,1
twins,0.07000000000000001,265,500.4419724261375,1,1,1
twins,0.07000000000000001,270,500.4503115285175,1,1,1
twins,0.07000000000000001,275,500.4586506308975,1,1,1
twins,0.07000000000000001,280,500.4669897332774,1,1,1
twins,0.07000000000000001,285,500.4753288356574,1,1,1
twins,0.07000000000000001,290,500.4836679380373,1,1,1
twins,0.07000000000000001,295,500.4920070404173,1,1,1
twins,0.07000000000000001,300,500.5003461427972,1,1,1
twins,0.07000000000000001,305,500.5086852451772,1,1,1
twins,0.07000000000000001,310,500.5170243475572,1,1,1
twins,0.07000000000000001,315,500.5253634499371,1,1,1
twins,0.07000000000000001,320,500.533702552317,1,1,1
twins,0.07000000000000001,325,500.542041654697,1,1,1
twins,0.07000000000000001,330,500.5503807570769,1,1,1
twins,0.07000000000000001,335,500.5587198594569,1,1,1
twins,0.07000000000000001,340,500.5670589618368,1,1,1
twins,0.07000000000000001,345,500.5753980642168,1,1,1
twins,0.07000000000000001,350,500.5837371665968,1,1,1
twins,0.07000000000000001,355,500.5920762689767,1,1,1
twins,0.07000000000000001,360,500.6004153713567,1,1,1
twins,0.07000000000000001,365,500.6087544737367,1,1,1
twins,0.07000000000000001,370,500.6170935761166,1,1,1
twins,0.07000000000000001,375,500.6254326784966,1,1,1
twins,0.07000000000000001,380,500.6337717808765,1,1,1
twins,0.07000000000000001,385,500.6421108832565,1,1,1
twins,0.07000000000000001,390,500.6504499856363,1,1,1
twins,0.07000000000000001,395,500.6587890880163,1,1,1
twins,0.07000000000000001,400,500.6671281903963,1,1,1
twins,0.07000000000000001,405,500.6754672927763,1,1,1
twins,0.07000000000000001,410,500.6838063951562,1,1,1
twins,0.07000000000000001,415,500.6921454975362,1,1,1
twins,0.07000000000000001,420,500.7004845999161,1,1,1
twins,0.07000000000000001,425,500.7088237022961,1,1,1
twins,0.07000000000000001,430,500.717162804676,1,1,1
twins,0.07000000000000001,435,500.725501907056,1,1,1
twins,0.07000000000000001,440,500.733841009436,1,1,1
twins,0.07000000000000001,445,500.7421801118159,1,1,1
twins,0.07000000000000001,450,500.7505192141959,1,1,1
twins,0.25,-450,499.2494807858042,1,1,1
twins,0.25,-445,499.2578198881841,1,1,1
twins,0.25,-440,499.2661589905641,1,1,1
twins,0.25,-435,499.274498092944,1,1,1
twins,0.25,-430,499.282837195324,1,1,1
twins,0.25,-425,499.2911762977039,1,1,1
twins,0.25,-420,499.2995154000839,1,1,1
twins,0.25,-415,499.3078545024638,1,1,1
twins,0.25,-410,499.3161936048438,1,1,1
twins,0.25,-405,499.3245327072237,1,1,1
twins,0.25,-400,499.3328718096037,1,1,1
twins,0.25,-395,499.3412109119836,1,1,1
twins,0.25,-390,499.3495500143636,1,1,1
twins,0.25,-385,499.3578891167435,1,1,1
twins,0.25,-380,499.3662282191235,1,1,1
twins,0.25,-375,499.3745673215035,1,1,1
twins,0.25,-370,499.3829064238835,1,1,1
twins,0.25,-365,499.3912455262633,1,1,1
twins,0.25,-360,499.3995846286433,1,1,1
twins,0.25,-355,499.4079237310233,1,1,1
twins,0.25,-350,499.4162628334032,1,1,1
twins,0.25,-345,499.4246019357832,1,1,1
twins,0.25,-340,499.4329410381632,1,1,1
twins,0.25,-335,499.4412801405431,1,1,1
twins,0.25,-330,499.449619242923,1,1,1
twins,0.25,-325,499.457958345303,1,1,1
twins,0.25,-320,499.466297447683,1,1,1
twins,0.25,-315,499.4746365500629,1,1,1
twins,0.25,-310,499.4829756524429,1,1,1
twins,0.25,-305,499.4913147548228,1,1,1
twins,0.25,-300,499.4996538572028,1,1,1
twins,0.25,-295,499.5079929595827,1,1,1
twins,0.25,-290,499.5163320619627,1,1,1
twins,0.25,-285,499.5246711643426,1,1,1
twins,0.25,-280,499.5330102667226,1,1,1
twins,0.25,-275,499.5413493691025,1,1,1
twins,0.25,-270,499.5496884714825,1,1,1
twins,0.25,-265,499.5580275738625,1,1,1
twins,0.25,-260,499.5663666762424,1,1,1
twins,0.25,-255,499.5747057786223,1,1,1
twins,0.25,-250,499.5830448810023,1,1,1
twins,0.25,-245,499.5913839833823,1,1,1
twins,0.25,-240,499.5997230857622,1,1,1
twins,0.25,-235,499.6080621881422,1,1,1
twins,0.25,-230,499.6164012905222,1,1,1
twins,0.25,-225,499.6247403929021,1,1,1
twins,0.25,-220,499.633079495282,1,1,1
twins,0.25,-215,499.641418597662,1,1,1
twins,0.25,-210,499.649757700042,1,1,1
twins,0.25,-205,499.6580968024219,1,1,1
twins,0.25,-200,499.6664359048019,1,1,1
twins,0.25,-195,499.6747750071818,1,1,1
twins,0.25,-190,499.6831141095618,1,1,1
twins,0.25,-185,499.6914532119417,1,1,1
twins,0.25,-180,499.6997923143217,1,1,1
twins,0.25,-175,499.7081314167016,1,1,1
twins,0.25,-170,499.7164705190816,1,1,1
twins,0.25,-165,499.7248096214615,1,1,1
twins,0.25,-160,499.7331487238415,1,1,1
twins,0.25,-155,499.7414878262214,1,1,1
twins,0.25,-150,499.7498269286014,1,1,1
twins,0.25,-145,499.7581660309813,1,1,1
twins,0.25,-140,499.7665051333613,1,1,1
twins,0.25,-135,499.7748442357413,1,1,1
twins,0.25,-130,499.7831833381212,1,1,1
twins,0.25,-125,499.7915224405012,1,1,1
twins,0.25,-120,499.7998615428811,1,1,1
twins,0.25,-115,499.808200645261,1,1,1
twins,0.25,-110,499.816539747641,1,1,1
twins,0.25,-105,499.824878850021,1,1,1
twins,0.25,-100,499.833217952401,1,1,1
twins,0.25,-95,499.8415570547809,1,1,1
twins,0.25,-90,499.8498961571609,1,1,1
twins,0.25,-85,499.8582352595408,1,1,1
twins,0.25,-80,499.8665743619207,1,1,1
twins,0.25,-75,499.8749134643007,1,1,1
twins,0.25,-70,499.8832525666807,1,1,1
twins,0.25,-65,499.8915916690606,1,1,1
twins,0.25,-60,499.8999307714406,1,1,1
twins,0.25,-55,499.9082698738205,1,1,1
twins,0.25,-50,499.9166089762005,1,1,1
twins,0.25,-45,499.9249480785804,0.9999999999999978,0.9999999999999989,0.9999999999999989
twins,0.25,-40,499.9332871809603,0.9999999999976237,0.9999999999988118,0.9999999999988118
twins,0.25,-35,499.9416262833403,0.9999999988823112,0.9999999994411556,0.9999999994411556
twins,0.25,-30,499.9499653857203,0.9999997685750883,0.9999998842875442,0.9999998842875442
twins,0.25,-25,499.9583044881002,0.9999789050780814,0.9999894525390407,0.9999894525390407
twins,0.25,-20,499.9666435904802,0.9991535051570368,0.9995767525785184,0.9995767525785184
twins,0.25,-15,499.9749826928601,0.9850462784296157,0.9925231392148078,0.9925231392148078
twins,0.25,-10,499.9833217952401,0.8837071958999932,0.9418535979499967,0.9418535979499966
twins,0.25,-5,499.99166089762,0.6018607683347739,0.800930384167387,0.8009303841673868
twins,0.25,0,500,0.3999386088600132,0.6999693044300066,0.6999693044300066
twins,0.25,5,500.00833910238,0.6018607683347739,0.8009303841673868,0.800930384167387
twins,0.25,10,500.0166782047599,0.8837071958999932,0.9418535979499966,0.9418535979499967
twins,0.25,15,500.0250173071399,0.9850462784296157,0.9925231392148078,0.9925231392148078
twins,0.25,20,500.0333564095199,0.9991535051570368,0.9995767525785184,0.9995767525785184
twins,0.25,25,500.0416955118998,0.9999789050780814,0.9999894525390407,0.9999894525390407
twins,0.25,30,500.0500346142798,0.9999997685750883,0.9999998842875442,0.9999998842875442
twins,0.25,35,500.0583737166597,0.9999999988823112,0.9999999994411556,0.9999999994411556
twins,0.25,40,500.0667128190396,0.9999999999976237,0.9999999999988118,0.9999999999988118
twins,0.25,45,500.0750519214196,0.9999999999999978,0.9999999999999989,0.9999999999999989
twins,0.25,50,500.0833910237995,1,1,1
twins,0.25,55,500.0917301261795,1,1,1
twins,0.25,60,500.1000692285594,1,1,1
twins,0.25,65,500.1084083309394,1,1,1
twins,0.25,70,500.1167474333193,1,1,1
twins,0.25,75,500.1250865356993,1,1,1
twins,0.25,80,500.1334256380793,1,1,1
twins,0.25,85,500.1417647404592,1,1,1
twins,0.25,90,500.1501038428392,1,1,1
twins,0.25,95,500.1584429452192,1,1,1
twins,0.25,100,500.1667820475991,1,1,1
twins,0.25,105,500.1751211499791,1,1,1
twins,0.25,110,500.1834602523589,1,1,1
twins,0.25,115,500.1917993547389,1,1,1
twins,0.25,120,500.2001384571188,1,1,1
twins,0.25,125,500.2084775594988,1,1,1
twins,0.25,130,500.2168166618788,1,1,1
twins,0.25,135,500.2251557642587,1,1,1
twins,0.25,140,500.2334948666387,1,1,1
twins,0.25,145,500.2418339690187,1,1,1
twins,0.25,150,500.2501730713986,1,1,1
twins,0.25,155,500.2585121737786,1,1,1
twins,0.25,160,500.2668512761585,1,1,1
twins,0.25,165,500.2751903785385,1,1,1
twins,0.25,170,500.2835294809185,1,1,1
twins,0.25,175,500.2918685832984,1,1,1
twins,0.25,180,500.3002076856783,1,1,1
twins,0.25,185,500.3085467880583,1,1,1
twins,0.25,190,500.3168858904382,1,1,1
twins,0.25,195,500.3252249928182,1,1,1
twins,0.25,200,500.3335640951981,1,1,1
twins,0.25,205,500.3419031975781,1,1,1
twins,0.25,210,500.350242299958,1,1,1
twins,0.25,215,500.358581402338,1,1,1
twins,0.25,220,500.366920504718,1,1,1
twins,0.25,225,500.3752596070979,1,1,1
twins,0.25,230,500.3835987094779,1,1,1
twins,0.25,235,500.3919378118579,1,1,1
twins,0.25,240,500.4002769142378,1,1,1
twins,0.25,245,500.4086160166178,1,1,1
twins,0.25,250,500.4169551189976,1,1,1
twins,0.25,255,500.4252942213776,1,1,1
twins,0.25,260,500.4336333237576,1,1,1
twins,0.25,265,500.4419724261375,1,1,1
twins,0.25,270,500.4503115285175,1,1,1
twins,0.25,275,500.4586506308975,1,1,1
twins,0.25,280,500.4669897332774,1,1,1
twins,0.25,285,500.4753288356574,1,1,1
twins,0.25,290,500.4836679380373,1,1,1
twins,0.25,295,500.4920070404173,1,1,1
twins,0.25,300,500.5003461427972,1,1,1
twins,0.25,305,500.5086852451772,1,1,1
twins,0.25,310,500.5170243475572,1,1,1
twins,0.25,315,500.5253634499371,1,1,1
twins,0.25,320,500.533702552317,1,1,1
twins,0.25,325,500.542041654697,1,1,1
twins,0.25,330,500.5503807570769,1,1,1
twins,0.25,335,500.5587198594569,1,1,1
twins,0.25,340,500.5670589618368,1,1,1
twins,0.25,345,500.5753980642168,1,1,1
twins,0.25,350,500.5837371665968,1,1,1
twins,0.25,355,500.5920762689767,1,1,1
twins,0.25,360,500.6004153713567,1,1,1
twins,0.25,365,500.6087544737367,1,1,1
twins,0.25,370,500.6170935761166,1,1,1
twins,0.25,375,500.6254326784966,1,1,1
twins,0.25,380,500.6337717808765,1,1,1
twins,0.25,385,500.6421108832565,1,1,1
twins,0.25,390,500.6504499856363,1,1,1
twins,0.25,395,500.6587890880163,1,1,1
twins,0.25,400,500.6671281903963,1,1,1
twins,0.25,405,500.6754672927763,1,1,1
twins,0.25,410,500.6838063951562,1,1,1
twins,0.25,415,500.6921454975362,1,1,1
twins,0.25,420,500.7004845999161,1,1,1
twins,0.25,425,500.7088237022961,1,1,1
twins,0.25,430,500.717162804676,1,1,1
twins,0.25,435,500.725501907056,1,1,1
twins,0.25,440,500.733841009436,1,1,1
twins,0.25,445,500.7421801118159,1,1,1
twins,0.25,450,500.7505192141959,1,1,1
twins,0.5,-450,499.2494807858042,1,1,1
twins,0.5,-445,499.2578198881841,1,1,1
twins,0.5,-440,499.2661589905641,1,1,1
twins,0.5,-435,499.274498092944,1,1,1
twins,0.5,-430,499.282837195324,1,1,1
twins,0.5,-425,499.2911762977039,1,1,1
twins,0.5,-420,499.2995154000839,1,1,1
twins,0.5,-415,499.3078545024638,1,1,1
twins,0.5,-410,499.3161936048438,1,1,1
twins,0.5,-405,499.3245327072237,1,1,1
twins,0.5,-400,499.3328718096037,1,1,1
twins,0.5,-395,499.3412109119836,1,1,1
twins,0.5,-390,499.3495500143636,1,1,1
twins,0.5,-385,499.3578891167435,1,1,1
twins,0.5,-380,499.3662282191235,1,1,1
twins,0.5,-375,499.3745673215035,1,1,1
twins,0.5,-370,499.3829064238835,1,1,1
twins,0.5,-365,499.3912455262633,1,1,1
twins,0.5,-360,499.3995846286433,1,1,1
twins,0.5,-355,499.4079237310233,1,1,1
twins,0.5,-350,499.4162628334032,1,1,1
twins,0.5,-345,499.4246019357832,1,1,1
twins,0.5,-340,499.4329410381632,1,1,1
twins,0.5,-335,499.4412801405431,1,1,1
twins,0.5,-330,499.449619242923,1,1,1
twins,0.5,-325,499.457958345303,1,1,1
twins,0.5,-320,499.466297447683,1,1,1
twins,0.5,-315,499.4746365500629,1,1,1
twins,0.5,-310,499.4829756524429,1,1,1
twins,0.5,-305,499.4913147548228,1,1,1
twins,0.5,-300,499.4996538572028,1,1,1
twins,0.5,-295,499.5079929595827,1,1,1
twins,0.5,-290,499.5163320619627,1,1,1
twins,0.5,-285,499.5246711643426,1,1,1
twins,0.5,-280,499.5330102667226,1,1,1
twins,0.5,-275,499.5413493691025,1,1,1
twins,0.5,-270,499.5496884714825,1,1,1
twins,0.5,-265,499.5580275738625,1,1,1
twins,0.5,-260,499.5663666762424,1,1,1
twins,0.5,-255,499.5747057786223,1,1,1
twins,0.5,-250,499.5830448810023,1,1,1
twins,0.5,-245,499.5913839833823,1,1,1
twins,0.5,-240,499.5997230857622,1,1,1
twins,0.5,-235,499.6080621881422,1,1,1
twins,0.5,-230,499.6164012905222,1,1,1
twins,0.5,-225,499.6247403929021,1,1,1
twins,0.5,-220,499.633079495282,1,1,1
twins,0.5,-215,499.641418597662,1,1,1
twins,0.5,-210,499.649757700042,1,1,1
twins,0.5,-205,499.6580968024219,1,1,1
twins,0.5,-200,499.6664359048019,1,1,1
twins,0.5,-195,499.6747750071818,1,1,1
twins,0.5,-190,499.6831141095618,1,1,1
twins,0.5,-185,499.6914532119417,1,1,1
twins,0.5,-180,499.6997923143217,1,1,1
twins,0.5,-175,499.7081314167016,1,1,1
twins,0.5,-170,499.7164705190816,1,1,1
twins,0.5,-165,499.7248096214615,1,1,1
twins,0.5,-160,499.7331487238415,1,1,1
twins,0.5,-155,499.7414878262214,1,1,1
twins,0.5,-150,499.7498269286014,1,1,1
twins,0.5,-145,499.7581660309813,1,1,1
twins,0.5,-140,499.7665051333613,1,1,1
twins,0.5,-135,499.7748442357413,1,1,1
twins,0.5,-130,499.7831833381212,1,1,1
twins,0.5,-125,499.7915224405012,1,1,1
twins,0.5,-120,499.7998615428811,1,1,1
twins,0.5,-115,499.808200645261,1,1,1
twins,0.5,-110,499.816539747641,1,1,1
twins,0.5,-105,499.824878850021,1,1,1
twins,0.5,-100,499.833217952401,0.9999999999999473,0.9999999999999473,1
twins,0.5,-95,499.8415570547809,0.9999999999637739,0.9999999999637739,1
twins,0.5,-90,499.8498961571609,0.9999999890490879,0.9999999890490879,1
twins,0.5,-85,499.8582352595408,0.9999985426735023,0.9999985426735023,1
twins,0.5,-80,499.8665743619207,0.9999146227794072,0.9999146227794072,1
twins,0.5,-75,499.8749134643007,0.9977980586733726,0.9977980586733726,1
twins,0.5,-70,499.8832525666807,0.9749995370125267,0.9749995370125267,1
twins,0.5,-65,499.8915916690606,0.8750405976103226,0.8750405976103226,1
twins,0.5,-60,499.8999307714406,0.7250407043569032,0.7250407043569032,1
twins,0.5,-55,499.9082698738205,0.7336538321003003,0.7336538321003003,1
twins,0.5,-50,499.9166089762005,0.8864196826560223,0.8864196826560223,1
twins,0.5,-45,499.9249480785804,0.9786774922037128,0.9786774922037128,1
twins,0.5,-40,499.9332871809603,0.9982378127080309,0.9982378127080309,1
twins,0.5,-35,499.9416262833403,0.9999358872468139,0.9999358872468139,1
twins,0.5,-30,499.9499653857203,0.9999989731302313,0.9999989731302313,1
twins,0.5,-25,499.9583044881002,0.9999999927595612,0.9999999927595612,1
twins,0.5,-20,499.9666435904802,0.9999999999775253,0.9999999999775253,1
twins,0.5,-15,499.9749826928601,0.9999999999999692,0.9999999999999692,1
twins,0.5,-10,499.9833217952401,1,1,1
twins,0.5,-5,499.99166089762,1,1,1
twins,0.5,0,500,1,1,1
twins,0.5,5,500.00833910238,1,1,1
twins,0.5,10,500.0166782047599,1,1,1
twins,0.5,15,500.0250173071399,0.9999999999999692,1,0.9999999999999692
twins,0.5,20,500.0333564095199,0.9999999999775253,1,0.9999999999775253
twins,0.5,25,500.0416955118998,0.9999999927595612,1,0.9999999927595612
twins,0.5,30,500.0500346142798,0.9999989731302313,1,0.9999989731302313
twins,0.5,35,500.0583737166597,0.9999358872468139,1,0.9999358872468139
twins,0.5,40,500.0667128190396,0.9982378127080309,1,0.9982378127080309
twins,0.5,45,500.0750519214196,0.9786774922037128,1,0.9786774922037128
twins,0.5,50,500.0833910237995,0.8864196826560223,1,0.8864196826560223
twins,0.5,55,500.0917301261795,0.7336538321003003,1,0.7336538321003003
twins,0.5,60,500.1000692285594,0.7250407043569032,1,0.7250407043569032
twins,0.5,65,500.1084083309394,0.8750405976103226,1,0.8750405976103226
twins,0.5,70,500.1167474333193,0.9749995370125267,1,0.9749995370125267
twins,0.5,75,500.1250865356993,0.9977980586733726,1,0.9977980586733726
twins,0.5,80,500.1334256380793,0.9999146227794072,1,0.9999146227794072
twins,0.5,85,500.1417647404592,0.9999985426735023,1,0.9999985426735023
twins,0.5,90,500.1501038428392,0.9999999890490879,1,0.9999999890490879
twins,0.5,95,500.1584429452192,0.9999999999637739,1,0.9999999999637739
twins,0.5,100,500.1667820475991,0.9999999999999473,1,0.9999999999999473
twins,0.5,105,500.1751211499791,1,1,1
twins,0.5,110,500.1834602523589,1,1,1
twins,0.5,115,500.1917993547389,1,1,1
twins,0.5,120,500.2001384571188,1,1,1
twins,0.5,125,500.2084775594988,1,1,1
twins,0.5,130,500.2168166618788,1,1,1
twins,0.5,135,500.2251557642587,1,1,1
twins,0.5,140,500.2334948666387,1,1,1
twins,0.5,145,500.2418339690187,1,1,1
twins,0.5,150,500.2501730713986,1,1,1
twins,0.5,155,500.2585121737786,1,1,1
twins,0.5,160,500.2668512761585,1,1,1
twins,0.5,165,500.2751903785385,1,1,1
twins,0.5,170,500.2835294809185,1,1,1
twins,0.5,175,500.2918685832984,1,1,1
twins,0.5,180,500.3002076856783,1,1,1
twins,0.5,185,500.3085467880583,1,1,1
twins,0.5,190,500.3168858904382,1,1,1
twins,0.5,195,500.3252249928182,1,1,1
twins,0.5,200,500.3335640951981,1,1,1
twins,0.5,205,500.3419031975781,1,1,1
twins,0.5,210,500.350242299958,1,1,1
twins,0.5,215,500.358581402338,1,1,1
twins,0.5,220,500.366920504718,1,1,1
twins,0.5,225,500.3752596070979,1,1,1
twins,0.5,230,500.3835987094779,1,1,1
twins,0.5,235,500.3919378118579,1,1,1
twins,0.5,240,500.4002769142378,1,1,1
twins,0.5,245,500.4086160166178,1,1,1
twins,0.5,250,500.4169551189976,1,1,1
twins,0.5,255,500.4252942213776,1,1,1
twins,0.5,260,500.4336333237576,1,1,1
twins,0.5,265,500.4419724261375,1,1,1
twins,0.5,270,500.4503115285175,1,1,1
twins,0.5,275,500.4586506308975,1,1,1
twins,0.5,280,500.4669897332774,1,1,1
twins,0.5,285,500.4753288356574,1,1,1
twins,0.5,290,500.4836679380373,1,1,1
twins,0.5,295,500.4920070404173,1,1,1
twins,0.5,300,500.5003461427972,1,1,1
twins,0.5,305,500.5086852451772,1,1,1
twins,0.5,310,500.5170243475572,1,1,1
twins,0.5,315,500.5253634499371,1,1,1
twins,0.5,320,500.533702552317,1,1,1
twins,0.5,325,500.542041654697,1,1,1
twins,0.5,330,500.5503807570769,1,1,1
twins,0.5,335,500.5587198594569,1,1,1
twins,0.5,340,500.5670589618368,1,1,1
twins,0.5,345,500.5753980642168,1,1,1
twins,0.5,350,500.5837371665968,1,1,1
twins,0.5,355,500.5920762689767,1,1,1
twins,0.5,360,500.6004153713567,1,1,1
twins,0.5,365,500.6087544737367,1,1,1
twins,0.5,370,500.6170935761166,1,1,1
twins,0.5,375,500.6254326784966,1,1,1
twins,0.5,380,500.6337717808765,1,1,1
twins,0.5,385,500.6421108832565,1,1,1
twins,0.5,390,500.6504499856363,1,1,1
twins,0.5,395,500.6587890880163,1,1,1
twins,0.5,400,500.6671281903963,1,1,1
twins,0.5,405,500.6754672927763,1,1,1
twins,0.5,410,500.6838063951562,1,1,1
twins,0.5,415,500.6921454975362,1,1,1
twins,0.5,420,500.7004845999161,1,1,1
twins,0.5,425,500.7088237022961,1,1,1
twins,0.5,430,500.717162804676,1,1,1
twins,0.5,435,500.725501907056,1,1,1
twins,0.5,440,500.733841009436,1,1,1
twins,0.5,445,500.7421801118159,1,1,1
twins,0.5,450,500.7505192141959,1,1,1
twins,0.8,-450,499.2494807858042,1,1,1
twins,0.8,-445,499.2578198881841,1,1,1
twins,0.8,-440,499.2661589905641,1,1,1
twins,0.8,-435,499.274498092944,1,1,1
twins,0.8,-430,499.282837195324,1,1,1
twins,0.8,-425,499.2911762977039,1,1,1
twins,0.8,-420,499.2995154000839,1,1,1
twins,0.8,-415,499.3078545024638,1,1,1
twins,0.8,-410,499.3161936048438,1,1,1
twins,0.8,-405,499.3245327072237,1,1,1
twins,0.8,-400,499.3328718096037,1,1,1
twins,0.8,-395,499.3412109119836,1,1,1
twins,0.8,-390,499.3495500143636,1,1,1
twins,0.8,-385,499.3578891167435,1,1,1
twins,0.8,-380,499.3662282191235,1,1,1
twins,0.8,-375,499.3745673215035,1,1,1
twins,0.8,-370,499.3829064238835,1,1,1
twins,0.8,-365,499.3912455262633,1,1,1
twins,0.8,-360,499.3995846286433,1,1,1
twins,0.8,-355,499.4079237310233,1,1,1
twins,0.8,-350,499.4162628334032,1,1,1
twins,0.8,-345,499.4246019357832,1,1,1
twins,0.8,-340,499.4329410381632,1,1,1
twins,0.8,-335,499.4412801405431,1,1,1
twins,0.8,-330,499.449619242923,1,1,1
twins,0.8,-325,499.457958345303,1,1,1
twins,0.8,-320,499.466297447683,1,1,1
twins,0.8,-315,499.4746365500629,1,1,1
twins,0.8,-310,499.4829756524429,1,1,1
twins,0.8,-305,499.4913147548228,1,1,1
twins,0.8,-300,499.4996538572028,1,1,1
twins,0.8,-295,499.5079929595827,1,1,1
twins,0.8,-290,499.5163320619627,1,1,1
twins,0.8,-285,499.5246711643426,1,1,1
twins,0.8,-280,499.5330102667226,1,1,1
twins,0.8,-275,499.5413493691025,1,1,1
twins,0.8,-270,499.5496884714825,1,1,1
twins,0.8,-265,499.5580275738625,1,1,1
twins,0.8,-260,499.5663666762424,1,1,1
twins,0.8,-255,499.5747057786223,1,1,1
twins,0.8,-250,499.5830448810023,1,1,1
twins,0.8,-245,499.5913839833823,1,1,1
twins,0.8,-240,499.5997230857622,1,1,1
twins,0.8,-235,499.6080621881422,1,1,1
twins,0.8,-230,499.6164012905222,1,1,1
twins,0.8,-225,499.6247403929021,1,1,1
twins,0.8,-220,499.633079495282,1,1,1
twins,0.8,-215,499.641418597662,1,1,1
twins,0.8,-210,499.649757700042,1,1,1
twins,0.8,-205,499.6580968024219,1,1,1
twins,0.8,-200,499.6664359048019,1,1,1
twins,0.8,-195,499.6747750071818,1,1,1
twins,0.8,-190,499.6831141095618,1,1,1
twins,0.8,-185,499.6914532119417,1,1,1
twins,0.8,-180,499.6997923143217,1,1,1
twins,0.8,-175,499.7081314167016,1,1,1
twins,0.8,-170,499.7164705190816,1,1,1
twins,0.8,-165,499.7248096214615,1,1,1
twins,0.8,-160,499.7331487238415,1,1,1
twins,0.8,-155,499.7414878262214,1,1,1
twins,0.8,-150,499.7498269286014,1,1,1
twins,0.8,-145,499.7581660309813,1,1,1
twins,0.8,-140,499.7665051333613,1,1,1
twins,0.8,-135,499.7748442357413,1,1,1
twins,0.8,-130,499.7831833381212,1,1,1
twins,0.8,-125,499.7915224405012,1,1,1
twins,0.8,-120,499.7998615428811,1,1,1
twins,0.8,-115,499.808200645261,1,1,1
twins,0.8,-110,499.816539747641,1,1,1
twins,0.8,-105,499.824878850021,1,1,1
twins,0.8,-100,499.833217952401,1,1,1
twins,0.8,-95,499.8415570547809,1,1,1
twins,0.8,-90,499.8498961571609,1,1,1
twins,0.8,-85,499.8582352595408,1,1,1
twins,0.8,-80,499.8665743619207,1,1,1
twins,0.8,-75,499.8749134643007,1,1,1
twins,0.8,-70,499.8832525666807,1,1,1
twins,0.8,-65,499.8915916690606,1,1,1
twins,0.8,-60,499.8999307714406,0.9999999999999364,1,0.9999999999999364
twins,0.8,-55,499.9082698738205,0.9999999999573039,1,0.9999999999573039
twins,0.8,-50,499.9166089762005,0.9999999873749417,1,0.9999999873749417
twins,0.8,-45,499.9249480785804,0.9999983565448083,1,0.9999983565448083
twins,0.8,-40,499.9332871809603,0.999905819515537,1,0.999905819515537
twins,0.8,-35,499.9416262833403,0.9976240212530338,1,0.9976240212530338
twins,0.8,-30,499.9499653857203,0.9736122256243734,1,0.9736122256243734
twins,0.8,-25,499.9583044881002,0.8709846004919269,0.9999999999999746,0.8709846004919524
twins,0.8,-20,499.9666435904802,0.7223108442614876,0.9999999999809749,0.7223108442805126
twins,0.8,-15,499.9749826928601,0.73687938355997,0.9999999937341396,0.7368793898258303
twins,0.8,-10,499.9833217952401,0.8902428076833154,0.9999990915243517,0.8902437161589637
twins,0.8,-5,499.99166089762,0.9797870278783563,0.9999420138268696,0.9798450140514866
twins,0.8,0,500,0.996741301505609,0.9983706507528045,0.9983706507528045
twins,0.8,5,500.00833910238,0.9797870278783563,0.9798450140514866,0.9999420138268696
twins,0.8,10,500.0166782047599,0.8902428076833154,0.8902437161589637,0.9999990915243517
twins,0.8,15,500.0250173071399,0.73687938355997,0.7368793898258303,0.9999999937341396
twins,0.8,20,500.0333564095199,0.7223108442614875,0.7223108442805126,0.9999999999809749
twins,0.8,25,500.0416955118998,0.8709846004919269,0.8709846004919524,0.9999999999999746
twins,0.8,30,500.0500346142798,0.9736122256243734,0.9736122256243734,1
twins,0.8,35,500.0583737166597,0.9976240212530338,0.9976240212530338,1
twins,0.8,40,500.0667128190396,0.999905819515537,0.999905819515537,1
twins,0.8,45,500.0750519214196,0.9999983565448083,0.9999983565448083,1
twins,0.8,50,500.0833910237995,0.9999999873749417,0.9999999873749417,1
twins,0.8,55,500.0917301261795,0.9999999999573039,0.9999999999573039,1
twins,0.8,60,500.1000692285594,0.9999999999999364,0.9999999999999364,1
twins,0.8,65,500.1084083309394,1,1,1
twins,0.8,70,500.1167474333193,1,1,1
twins,0.8,75,500.1250865356993,1,1,1
twins,0.8,80,500.1334256380793,1,1,1
twins,0.8,85,500.1417647404592,1,1,1
twins,0.8,90,500.1501038428392,1,1,1
twins,0.8,95,500.1584429452192,1,1,1
twins,0.8,100,500.1667820475991,1,1,1
twins,0.8,105,500.1751211499791,1,1,1
twins,0.8,110,500.1834602523589,1,1,1
twins,0.8,115,500.1917993547389,1,1,1
twins,0.8,120,500.2001384571188,1,1,1
twins,0.8,125,500.2084775594988,1,1,1
twins,0.8,130,500.2168166618788,1,1,1
twins,0.8,135,500.2251557642587,1,1,1
twins,0.8,140,500.2334948666387,1,1,1
twins,0.8,145,500.2418339690187,1,1,1
twins,0.8,150,500.2501730713986,1,1,1
twins,0.8,155,500.2585121737786,1,1,1
twins,0.8,160,500.2668512761585,1,1,1
twins,0.8,165,500.2751903785385,1,1,1
twins,0.8,170,500.2835294809185,1,1,1
twins,0.8,175,500.2918685832984,1,1,1
twins,0.8,180,500.3002076856783,1,1,1
twins,0.8,185,500.3085467880583,1,1,1
twins,0.8,190,500.3168858904382,1,1,1
twins,0.8,195,500.3252249928182,1,1,1
twins,0.8,200,500.3335640951981,1,1,1
twins,0.8,205,500.3419031975781,1,1,1
twins,0.8,210,500.350242299958,1,1,1
twins,0.8,215,500.358581402338,1,1,1
twins,0.8,220,500.366920504718,1,1,1
twins,0.8,225,500.3752596070979,1,1,1
twins,0.8,230,500.3835987094779,1,1,1
twins,0.8,235,500.3919378118579,1,1,1
twins,0.8,240,500.4002769142378,1,1,1
twins,0.8,245,500.4086160166178,1,1,1
twins,0.8,250,500.4169551189976,1,1,1
twins,0.8,255,500.4252942213776,1,1,1
twins,0.8,260,500.4336333237576,1,1,1
twins,0.8,265,500.4419724261375,1,1,1
twins,0.8,270,500.4503115285175,1,1,1
twins,0.8,275,500.4586506308975,1,1,1
twins,0.8,280,500.4669897332774,1,1,1
twins,0.8,285,500.4753288356574,1,1,1
twins,0.8,290,500.4836679380373,1,1,1
twins,0.8,295,500.4920070404173,1,1,1
twins,0.8,300,500.5003461427972,1,1,1
twins,0.8,305,500.5086852451772,1,1,1
twins,0.8,310,500.5170243475572,1,1,1
twins,0.8,315,500.5253634499371,1,1,1
twins,0.8,320,500.533702552317,1,1,1
twins,0.8,325,500.542041654697,1,1,1
twins,0.8,330,500.5503807570769,1,1,1
twins,0.8,335,500.5587198594569,1,1,1
twins,0.8,340,500.5670589618368,1,1,1
twins,0.8,345,500.5753980642168,1,1,1
twins,0.8,350,500.5837371665968,1,1,1
twins,0.8,355,500.5920762689767,1,1,1
twins,0.8,360,500.6004153713567,1,1,1
twins,0.8,365,500.6087544737367,1,1,1
twins,0.8,370,500.6170935761166,1,1,1
twins,0.8,375,500.6254326784966,1,1,1
twins,0.8,380,500.6337717808765,1,1,1
twins,0.8,385,500.6421108832565,1,1,1
twins,0.8,390,500.6504499856363,1,1,1
twins,0.8,395,500.6587890880163,1,1,1
twins,0.8,400,500.6671281903963,1,1,1
twins,0.8,405,500.6754672927763,1,1,1
twins,0.8,410,500.6838063951562,1,1,1
twins,0.8,415,500.6921454975362,1,1,1
twins,0.8,420,500.7004845999161,1,1,1
twins,0.8,425,500.7088237022961,1,1,1
twins,0.8,430,500.717162804676,1,1,1
twins,0.8,435,500.725501907056,1,1,1
twins,0.8,440,500.733841009436,1,1,1
twins,0.8,445,500.7421801118159,1,1,1
twins,0.8,450,500.7505192141959,1,1,1
twins,1,-450,499.2494807858042,1,1,1
twins,1,-445,499.2578198881841,1,1,1
twins,1,-440,499.2661589905641,1,1,1
twins,1,-435,499.274498092944,1,1,1
twins,1,-430,499.282837195324,1,1,1
twins,1,-425,499.2911762977039,1,1,1
twins,1,-420,499.2995154000839,1,1,1
twins,1,-415,499.3078545024638,1,1,1
twins,1,-410,499.3161936048438,1,1,1
twins,1,-405,499.3245327072237,1,1,1
twins,1,-400,499.3328718096037,1,1,1
twins,1,-395,499.3412109119836,1,1,1
twins,1,-390,499.3495500143636,1,1,1
twins,1,-385,499.3578891167435,1,1,1
twins,1,-380,499.3662282191235,1,1,1
twins,1,-375,499.3745673215035,1,1,1
twins,1,-370,499.3829064238835,1,1,1
twins,1,-365,499.3912455262633,1,1,1
twins,1,-360,499.3995846286433,1,1,1
twins,1,-355,499.4079237310233,1,1,1
twins,1,-350,499.4162628334032,1,1,1
twins,1,-345,499.4246019357832,1,1,1
twins,1,-340,499.4329410381632,1,1,1
twins,1,-335,499.4412801405431,1,1,1
twins,1,-330,499.449619242923,1,1,1
twins,1,-325,499.457958345303,1,1,1
twins,1,-320,499.466297447683,1,1,1
twins,1,-315,499.4746365500629,1,1,1
twins,1,-310,499.4829756524429,1,1,1
twins,1,-305,499.4913147548228,1,1,1
twins,1,-300,499.4996538572028,1,1,1
twins,1,-295,499.5079929595827,1,1,1
twins,1,-290,499.5163320619627,1,1,1
twins,1,-285,499.5246711643426,1,1,1
twins,1,-280,499.5330102667226,1,1,1
twins,1,-275,499.5413493691025,1,1,1
twins,1,-270,499.5496884714825,1,1,1
twins,1,-265,499.5580275738625,1,1,1
twins,1,-260,499.5663666762424,1,1,1
twins,1,-255,499.5747057786223,1,1,1
twins,1,-250,499.5830448810023,1,1,1
twins,1,-245,499.5913839833823,1,1,1
twins,1,-240,499.5997230857622,1,1,1
twins,1,-235,499.6080621881422,1,1,1
twins,1,-230,499.6164012905222,1,1,1
twins,1,-225,499.6247403929021,1,1,1
twins,1,-220,499.633079495282,1,1,1
twins,1,-215,499.641418597662,1,1,1
twins,1,-210,499.649757700042,1,1,1
twins,1,-205,499.6580968024219,1,1,1
twins,1,-200,499.6664359048019,1,1,1
twins,1,-195,499.6747750071818,1,1,1
twins,1,-190,499.6831141095618,1,1,1
twins,1,-185,499.6914532119417,1,1,1
twins,1,-180,499.6997923143217,1,1,1
twins,1,-175,499.7081314167016,1,1,1
twins,1,-170,499.7164705190816,1,1,1
twins,1,-165,499.7248096214615,1,1,1
twins,1,-160,499.7331487238415,1,1,1
twins,1,-155,499.7414878262214,1,1,1
twins,1,-150,499.7498269286014,1,1,1
twins,1,-145,499.7581660309813,1,1,1
twins,1,-140,499.7665051333613,1,1,1
twins,1,-135,499.7748442357413,1,1,1
twins,1,-130,499.7831833381212,1,1,1
twins,1,-125,499.7915224405012,1,1,1
twins,1,-120,499.7998615428811,1,1,1
twins,1,-115,499.808200645261,1,1,1
twins,1,-110,499.816539747641,1,1,1
twins,1,-105,499.824878850021,1,1,1
twins,1,-100,499.833217952401,0.9999999999999473,1,0.9999999999999473
twins,1,-95,499.8415570547809,0.9999999999637739,1,0.9999999999637739
twins,1,-90,499.8498961571609,0.9999999890490879,1,0.9999999890490879
twins,1,-85,499.8582352595408,0.9999985426735023,1,0.9999985426735023
twins,1,-80,499.8665743619207,0.9999146227794072,1,0.9999146227794072
twins,1,-75,499.8749134643007,0.9977980586733726,1,0.9977980586733726
twins,1,-70,499.8832525666807,0.9749995370125267,1,0.9749995370125267
twins,1,-65,499.8915916690606,0.8750405976103226,1,0.8750405976103226
twins,1,-60,499.8999307714406,0.7250407043569032,1,0.7250407043569032
twins,1,-55,499.9082698738205,0.7336538321003003,1,0.7336538321003003
twins,1,-50,499.9166089762005,0.8864196826560223,1,0.8864196826560223
twins,1,-45,499.9249480785804,0.9786774922037128,1,0.9786774922037128
twins,1,-40,499.9332871809603,0.9982378127080309,1,0.9982378127080309
twins,1,-35,499.9416262833403,0.9999358872468139,1,0.9999358872468139
twins,1,-30,499.9499653857203,0.9999989731302313,1,0.9999989731302313
twins,1,-25,499.9583044881002,0.9999999927595612,1,0.9999999927595612
twins,1,-20,499.9666435904802,0.9999999999775253,1,0.9999999999775253
twins,1,-15,499.9749826928601,0.9999999999999692,1,0.9999999999999692
twins,1,-10,499.9833217952401,1,1,1
twins,1,-5,499.99166089762,1,1,1
twins,1,0,500,1,1,1
twins,1,5,500.00833910238,1,1,1
twins,1,10,500.0166782047599,1,1,1
twins,1,15,500.0250173071399,0.9999999999999692,0.9999999999999692,1
twins,1,20,500.0333564095199,0.9999999999775253,0.9999999999775253,1
twins,1,25,500.0416955118998,0.9999999927595612,0.9999999927595612,1
twins,1,30,500.0500346142798,0.9999989731302313,0.9999989731302313,1
twins,1,35,500.0583737166597,0.9999358872468139,0.9999358872468139,1
twins,1,40,500.0667128190396,0.9982378127080309,0.9982378127080309,1
twins,1,45,500.0750519214196,0.9786774922037128,0.9786774922037128,1
twins,1,50,500.0833910237995,0.8864196826560223,0.8864196826560223,1
twins,1,55,500.0917301261795,0.7336538321003003,0.7336538321003003,1
twins,1,60,500.1000692285594,0.7250407043569032,0.7250407043569032,1
twins,1,65,500.1084083309394,0.8750405976103226,0.8750405976103226,1
twins,1,70,500.1167474333193,0.9749995370125267,0.9749995370125267,1
twins,1,75,500.1250865356993,0.9977980586733726,0.9977980586733726,1
twins,1,80,500.1334256380793,0.9999146227794072,0.9999146227794072,1
twins,1,85,500.1417647404592,0.9999985426735023,0.9999985426735023,1
twins,1,90,500.1501038428392,0.9999999890490879,0.9999999890490879,1
twins,1,95,500.1584429452192,0.9999999999637739,0.9999999999637739,1
twins,1,100,500.1667820475991,0.9999999999999473,0.9999999999999473,1
twins,1,105,500.1751211499791,1,1,1
twins,1,110,500.1834602523589,1,1,1
twins,1,115,500.1917993547389,1,1,1
twins,1,120,500.2001384571188,1,1,1
twins,1,125,500.2084775594988,1,1,1
twins,1,130,500.2168166618788,1,1,1
twins,1,135,500.2251557642587,1,1,1
twins,1,140,500.2334948666387,1,1,1
twins,1,145,500.2418339690187,1,1,1
twins,1,150,500.2501730713986,1,1,1
twins,1,155,500.2585121737786,1,1,1
twins,1,160,500.2668512761585,1,1,1
twins,1,165,500.2751903785385,1,1,1
twins,1,170,500.2835294809185,1,1,1
twins,1,175,500.2918685832984,1,1,1
twins,1,180,500.3002076856783,1,1,1
twins,1,185,500.3085467880583,1,1,1
twins,1,190,500.3168858904382,1,1,1
twins,1,195,500.3252249928182,1,1,1
twins,1,200,500.3335640951981,1,1,1
twins,1,205,500.3419031975781,1,1,1
twins,1,210,500.350242299958,1,1,1
twins,1,215,500.358581402338,1,1,1
twins,1,220,500.366920504718,1,1,1
twins,1,225,500.3752596070979,1,1,1
twins,1,230,500.3835987094779,1,1,1
twins,1,235,500.3919378118579,1,1,1
twins,1,240,500.4002769142378,1,1,1
twins,1,245,500.4086160166178,1,1,1
twins,1,250,500.4169551189976,1,1,1
twins,1,255,500.4252942213776,1,1,1
twins,1,260,500.4336333237576,1,1,1
twins,1,265,500.4419724261375,1,1,1
twins,1,270,500.4503115285175,1,1,1
twins,1,275,500.4586506308975,1,1,1
twins,1,280,500.4669897332774,1,1,1
twins,1,285,500.4753288356574,1,1,1
twins,1,290,500.4836679380373,1,1,1
twins,1,295,500.4920070404173,1,1,1
twins,1,300,500.5003461427972,1,1,1
twins,1,305,500.5086852451772,1,1,1
twins,1,310,500.5170243475572,1,1,1
twins,1,315,500.5253634499371,1,1,1
twins,1,320,500.533702552317,1,1,1
twins,1,325,500.542041654697,1,1,1
twins,1,330,500.5503807570769,1,1,1
twins,1,335,500.5587198594569,1,1,1
twins,1,340,500.5670589618368,1,1,1
twins,1,345,500.5753980642168,1,1,1
twins,1,350,500.5837371665968,1,1,1
twins,1,355,500.5920762689767,1,1,1
twins,1,360,500.6004153713567,1,1,1
twins,1,365,500.6087544737367,1,1,1
twins,1,370,500.6170935761166,1,1,1
twins,1,375,500.6254326784966,1,1,1
twins,1,380,500.6337717808765,1,1,1
twins,1,385,500.6421108832565,1,1,1
twins,1,390,500.6504499856363,1,1,1
twins,1,395,500.6587890880163,1,1,1
twins,1,400,500.6671281903963,1,1,1
twins,1,405,500.6754672927763,1,1,1
twins,1,410,500.6838063951562,1,1,1
twins,1,415,500.6921454975362,1,1,1
twins,1,420,500.7004845999161,1,1,1
twins,1,425,500.7088237022961,1,1,1
twins,1,430,500.717162804676,1,1,1
twins,1,435,500.725501907056,1,1,1
twins,1,440,500.733841009436,1,1,1
twins,1,445,500.7421801118159,1,1,1
twins,1,450,500.7505192141959,1,1,1
eccentric,0,-450,499.2494807858042,1,1,1
eccentric,0,-445,499.2578198881841,1,1,1
eccentric,0,-440,499.2661589905641,1,1,1
eccentric,0,-435,499.274498092944,1,1,1
eccentric,0,-430,499.282837195324,1,1,1
eccentric,0,-425,499.2911762977039,1,1,1
eccentric,0,-420,499.2995154000839,1,1,1
eccentric,0,-415,499.3078545024638,1,1,1
eccentric,0,-410,499.3161936048438,1,1,1
eccentric,0,-405,499.3245327072237,1,1,1
eccentric,0,-400,499.3328718096037,1,1,1
eccentric,0,-395,499.3412109119836,1,1,1
eccentric,0,-390,499.3495500143636,1,1,1
eccentric,0,-385,499.3578891167435,1,1,1
eccentric,0,-380,499.3662282191235,1,1,1
eccentric,0,-375,499.3745673215035,1,1,1
eccentric,0,-370,499.3829064238835,1,1,1
eccentric,0,-365,499.3912455262633,1,1,1
eccentric,0,-360,499.3995846286433,1,1,1
eccentric,0,-355,499.4079237310233,1,1,1
eccentric,0,-350,499.4162628334032,1,1,1
eccentric,0,-345,499.4246019357832,1,1,1
eccentric,0,-340,499.4329410381632,1,1,1
eccentric,0,-335,499.4412801405431,1,1,1
eccentric,0,-330,499.449619242923,1,1,1
eccentric,0,-325,499.457958345303,1,1,1
eccentric,0,-320,499.466297447683,1,1,1
eccentric,0,-315,499.4746365500629,1,1,1
eccentric,0,-310,499.4829756524429,1,1,1
eccentric,0,-305,499.4913147548228,1,1,1
eccentric,0,-300,499.4996538572028,1,1,1
eccentric,0,-295,499.5079929595827,1,1,1
eccentric,0,-290,499.5163320619627,1,1,1
eccentric,0,-285,499.5246711643426,1,1,1
eccentric,0,-280,499.5330102667226,1,1,1
eccentric,0,-275,499.5413493691025,1,1,1
eccentric,0,-270,499.5496884714825,1,1,1
eccentric,0,-265,499.5580275738625,1,1,1
eccentric,0,-260,499.5663666762424,1,1,1
eccentric,0,-255,499.5747057786223,1,1,1
eccentric,0,-250,499.5830448810023,1,1,1
eccentric,0,-245,499.5913839833823,1,1,1
eccentric,0,-240,499.5997230857622,1,1,1
eccentric,0,-235,499.6080621881422,1,1,1
eccentric,0,-230,499.6164012905222,1,1,1
eccentric,0,-225,499.6247403929021,1,1,1
eccentric,0,-220,499.633079495282,1,1,1
eccentric,0,-215,499.641418597662,1,1,1
eccentric,0,-210,499.649757700042,1,1,1
eccentric,0,-205,499.6580968024219,1,1,1
eccentric,0,-200,499.6664359048019,1,1,1
eccentric,0,-195,499.6747750071818,1,1,1
eccentric,0,-190,499.6831141095618,1,1,1
eccentric,0,-185,499.6914532119417,1,1,1
eccentric,0,-180,499.6997923143217,1,1,1
eccentric,0,-175,499.7081314167016,1,1,1
eccentric,0,-170,499.7164705190816,1,1,1
eccentric,0,-165,499.7248096214615,1,1,1
eccentric,0,-160,499.7331487238415,1,1,1
eccentric,0,-155,499.7414878262214,1,1,1
eccentric,0,-150,499.7498269286014,1,1,1
eccentric,0,-145,499.7581660309813,1,1,1
eccentric,0,-140,499.7665051333613,1,1,1
eccentric,0,-135,499.7748442357413,1,1,1
eccentric,0,-130,499.7831833381212,1,1,1
eccentric,0,-125,499.7915224405012,1,1,1
eccentric,0,-120,499.7998615428811,1,1,1
eccentric,0,-115,499.808200645261,1,1,1
eccentric,0,-110,499.816539747641,1,1,1
eccentric,0,-105,499.824878850021,1,1,1
eccentric,0,-100,499.833217952401,0.9999999999999997,1,0.9999999999999997
eccentric,0,-95,499.8415570547809,0.9999999999996162,1,0.9999999999996162
eccentric,0,-90,499.8498961571609,0.9999999998042468,1,0.9999999998042468
eccentric,0,-85,499.8582352595408,0.9999999560415087,1,0.9999999560415087
eccentric,0,-80,499.8665743619207,0.9999956543435831,1,0.9999956543435831
eccentric,0,-75,499.8749134643007,0.9998108760308677,1,0.9998108760308677
eccentric,0,-70,499.8832525666807,0.9963765994980204,1,0.9963765994980204
eccentric,0,-65,499.8915916690606,0.9694392023357846,1,0.9694392023357846
eccentric,0,-60,499.8999307714406,0.8865272422030234,1,0.8865272422030234
eccentric,0,-55,499.9082698738205,0.8145199888572056,1,0.8145199888572056
eccentric,0,-50,499.9166089762005,0.8665307574749894,1,0.8665307574749894
eccentric,0,-45,499.9249480785804,0.957719135636682,1,0.957719135636682
eccentric,0,-40,499.9332871809603,0.9941036249801979,1,0.9941036249801979
eccentric,0,-35,499.9416262833403,0.999638003045263,1,0.999638003045263
eccentric,0,-30,499.9499653857203,0.9999902162957598,1,0.9999902162957598
eccentric,0,-25,499.9583044881002,0.9999998835926793,1,0.9999998835926793
eccentric,0,-20,499.9666435904802,0.9999999993902724,1,0.9999999993902724
eccentric,0,-15,499.9749826928601,0.999999999998594,1,0.999999999998594
eccentric,0,-10,499.9833217952401,0.9999999999999986,1,0.9999999999999986
eccentric,0,-5,499.99166089762,1,1,1
eccentric,0,0,500,1,1,1
eccentric,0,5,500.00833910238,1,1,1
eccentric,0,10,500.0166782047599,1,1,1
eccentric,0,15,500.0250173071399,0.9999999999999997,0.9999999999999997,1
eccentric,0,20,500.0333564095199,0.9999999999995531,0.9999999999995531,1
eccentric,0,25,500.0416955118998,0.9999999997532446,0.9999999997532446,1
eccentric,0,30,500.0500346142798,0.9999999400137626,0.9999999400137626,1
eccentric,0,35,500.0583737166597,0.999993580293749,0.999993580293749,1
eccentric,0,40,500.0667128190396,0.9996975474364301,0.9996975474364301,1
eccentric,0,45,500.0750519214196,0.9937269613624158,0.9937269613624158,1
eccentric,0,50,500.0833910237995,0.9427233994433247,0.9427233994433247,1
eccentric,0,55,500.0917301261795,0.7697736200697917,0.7697736200697917,1
eccentric,0,60,500.1000692285594,0.5926089212640421,0.5926089212640421,1
eccentric,0,65,500.1084083309394,0.6826441392631963,0.6826441392631963,1
eccentric,0,70,500.1167474333193,0.8911671228063106,0.8911671228063106,1
eccentric,0,75,500.1250865356993,0.9835694433407356,0.9835694433407356,1
eccentric,0,80,500.1334256380793,0.9989079990326883,0.9989079990326883,1
eccentric,0,85,500.1417647404592,0.9999680498907298,0.9999680498907298,1
eccentric,0,90,500.1501038428392,0.9999995884711832,0.9999995884711832,1
eccentric,0,95,500.1584429452192,0.9999999976665057,0.9999999976665057,1
eccentric,0,100,500.1667820475991,0.9999999999941751,0.9999999999941751,1
eccentric,0,105,500.1751211499791,0.9999999999999936,0.9999999999999936,1
eccentric,0,110,500.1834602523589,1,1,1
eccentric,0,115,500.1917993547389,1,1,1
eccentric,0,120,500.2001384571188,1,1,1
eccentric,0,125,500.2084775594988,1,1,1
eccentric,0,130,500.2168166618788,1,1,1
eccentric,0,135,500.2251557642587,1,1,1
eccentric,0,140,500.2334948666387,1,1,1
eccentric,0,145,500.2418339690187,1,1,1
eccentric,0,150,500.2501730713986,1,1,1
eccentric,0,155,500.2585121737786,1,1,1
eccentric,0,160,500.2668512761585,1,1,1
eccentric,0,165,500.2751903785385,1,1,1
eccentric,0,170,500.2835294809185,1,1,1
eccentric,0,175,500.2918685832984,1,1,1
eccentric,0,180,500.3002076856783,1,1,1
eccentric,0,185,500.3085467880583,1,1,1
eccentric,0,190,500.3168858904382,1,1,1
eccentric,0,195,500.3252249928182,1,1,1
eccentric,0,200,500.3335640951981,1,1,1
eccentric,0,205,500.3419031975781,1,1,1
eccentric,0,210,500.350242299958,1,1,1
eccentric,0,215,500.358581402338,1,1,1
eccentric,0,220,500.366920504718,1,1,1
eccentric,0,225,500.3752596070979,1,1,1
eccentric,0,230,500.3835987094779,1,1,1
eccentric,0,235,500.3919378118579,1,1,1
eccentric,0,240,500.4002769142378,1,1,1
eccentric,0,245,500.4086160166178,1,1,1
eccentric,0,250,500.4169551189976,1,1,1
eccentric,0,255,500.4252942213776,1,1,1
eccentric,0,260,500.4336333237576,1,1,1
eccentric,0,265,500.4419724261375,1,1,1
eccentric,0,270,500.4503115285175,1,1,1
eccentric,0,275,500.4586506308975,1,1,1
eccentric,0,280,500.4669897332774,1,1,1
eccentric,0,285,500.4753288356574,1,1,1
eccentric,0,290,500.4836679380373,1,1,1
eccentric,0,295,500.4920070404173,1,1,1
eccentric,0,300,500.5003461427972,1,1,1
eccentric,0,305,500.5086852451772,1,1,1
eccentric,0,310,500.5170243475572,1,1,1
eccentric,0,315,500.5253634499371,1,1,1
eccentric,0,320,500.533702552317,1,1,1
eccentric,0,325,500.542041654697,1,1,1
eccentric,0,330,500.5503807570769,1,1,1
eccentric,0,335,500.5587198594569,1,1,1
eccentric,0,340,500.5670589618368,1,1,1
eccentric,0,345,500.5753980642168,1,1,1
eccentric,0,350,500.5837371665968,1,1,1
eccentric,0,355,500.5920762689767,1,1,1
eccentric,0,360,500.6004153713567,1,1,1
eccentric,0,365,500.6087544737367,1,1,1
eccentric,0,370,500.6170935761166,1,1,1
eccentric,0,375,500.6254326784966,1,1,1
eccentric,0,380,500.6337717808765,1,1,1
eccentric,0,385,500.6421108832565,1,1,1
eccentric,0,390,500.6504499856363,1,1,1
eccentric,0,395,500.6587890880163,1,1,1
eccentric,0,400,500.6671281903963,1,1,1
eccentric,0,405,500.6754672927763,1,1,1
eccentric,0,410,500.6838063951562,1,1,1
eccentric,0,415,500.6921454975362,1,1,1
eccentric,0,420,500.7004845999161,1,1,1
eccentric,0,425,500.7088237022961,1,1,1
eccentric,0,430,500.717162804676,1,1,1
eccentric,0,435,500.725501907056,1,1,1
eccentric,0,440,500.733841009436,1,1,1
eccentric,0,445,500.7421801118159,1,1,1
eccentric,0,450,500.7505192141959,1,1,1
eccentric,0.07000000000000001,-450,499.2494807858042,1,1,1
eccentric,0.07000000000000001,-445,499.2578198881841,1,1,1
eccentric,0.07000000000000001,-440,499.2661589905641,1,1,1
eccentric,0.07000000000000001,-435,499.274498092944,1,1,1
eccentric,0.07000000000000001,-430,499.282837195324,1,1,1
eccentric,0.07000000000000001,-425,499.2911762977039,1,1,1
eccentric,0.07000000000000001,-420,499.2995154000839,1,1,1
eccentric,0.07000000000000001,-415,499.3078545024638,1,1,1
eccentric,0.07000000000000001,-410,499.3161936048438,1,1,1
eccentric,0.07000000000000001,-405,499.3245327072237,1,1,1
eccentric,0.07000000000000001,-400,499.3328718096037,1,1,1
eccentric,0.07000000000000001,-395,499.3412109119836,1,1,1
eccentric,0.07000000000000001,-390,499.3495500143636,1,1,1
eccentric,0.07000000000000001,-385,499.3578891167435,1,1,1
eccentric,0.07000000000000001,-380,499.3662282191235,1,1,1
eccentric,0.07000000000000001,-375,499.3745673215035,1,1,1
eccentric,0.07000000000000001,-370,499.3829064238835,1,1,1
eccentric,0.07000000000000001,-365,499.3912455262633,1,1,1
eccentric,0.07000000000000001,-360,499.3995846286433,1,1,1
eccentric,0.07000000000000001,-355,499.4079237310233,1,1,1
eccentric,0.07000000000000001,-350,499.4162628334032,1,1,1
eccentric,0.07000000000000001,-345,499.4246019357832,1,1,1
eccentric,0.07000000000000001,-340,499.4329410381632,1,1,1
eccentric,0.07000000000000001,-335,499.4412801405431,1,1,1
eccentric,0.07000000000000001,-330,499.449619242923,1,1,1
eccentric,0.07000000000000001,-325,499.457958345303,1,1,1
eccentric,0.07000000000000001,-320,499.466297447683,1,1,1
eccentric,0.07000000000000001,-315,499.4746365500629,1,1,1
eccentric,0.07000000000000001,-310,499.4829756524429,1,1,1
eccentric,0.07000000000000001,-305,499.4913147548228,1,1,1
eccentric,0.07000000000000001,-300,499.4996538572028,1,1,1
eccentric,0.07000000000000001,-295,499.5079929595827,1,1,1
eccentric,0.07000000000000001,-290,499.5163320619627,1,1,1
eccentric,0.07000000000000001,-285,499.5246711643426,1,1,1
eccentric,0.07000000000000001,-280,499.5330102667226,1,1,1
eccentric,0.07000000000000001,-275,499.5413493691025,1,1,1
eccentric,0.07000000000000001,-270,499.5496884714825,1,1,1
eccentric,0.07000000000000001,-265,499.5580275738625,1,1,1
eccentric,0.07000000000000001,-260,499.5663666762424,1,1,1
eccentric,0.07000000000000001,-255,499.5747057786223,1,1,1
eccentric,0.07000000000000001,-250,499.5830448810023,1,1,1
eccentric,0.07000000000000001,-245,499.5913839833823,1,1,1
eccentric,0.07000000000000001,-240,499.5997230857622,1,1,1
eccentric,0.07000000000000001,-235,499.6080621881422,1,1,1
eccentric,0.07000000000000001,-230,499.6164012905222,1,1,1
eccentric,0.07000000000000001,-225,499.6247403929021,1,1,1
eccentric,0.07000000000000001,-220,499.633079495282,1,1,1
eccentric,0.07000000000000001,-215,499.641418597662,1,1,1
eccentric,0.07000000000000001,-210,499.649757700042,1,1,1
eccentric,0.07000000000000001,-205,499.6580968024219,1,1,1
eccentric,0.07000000000000001,-200,499.6664359048019,1,1,1
eccentric,0.07000000000000001,-195,499.6747750071818,1,1,1
eccentric,0.07000000000000001,-190,499.6831141095618,1,1,1
eccentric,0.07000000000000001,-185,499.6914532119417,1,1,1
eccentric,0.07000000000000001,-180,499.6997923143217,1,1,1
eccentric,0.07000000000000001,-175,499.7081314167016,1,1,1
eccentric,0.07000000000000001,-170,499.7164705190816,1,1,1
eccentric,0.07000000000000001,-165,499.7248096214615,1,1,1
eccentric,0.07000000000000001,-160,499.7331487238415,1,1,1
eccentric,0.07000000000000001,-155,499.7414878262214,1,1,1
eccentric,0.07000000000000001,-150,499.7498269286014,1,1,1
eccentric,0.07000000000000001,-145,499.7581660309813,1,1,1
eccentric,0.07000000000000001,-140,499.7665051333613,1,1,1
eccentric,0.07000000000000001,-135,499.7748442357413,1,1,1
eccentric,0.07000000000000001,-130,499.7831833381212,1,1,1
eccentric,0.07000000000000001,-125,499.7915224405012,1,1,1
eccentric,0.07000000000000001,-120,499.7998615428811,1,1,1
eccentric,0.07000000000000001,-115,499.808200645261,1,1,1
eccentric,0.07000000000000001,-110,499.816539747641,1,1,1
eccentric,0.07000000000000001,-105,499.824878850021,1,1,1
eccentric,0.07000000000000001,-100,499.833217952401,1,1,1
eccentric,0.07000000000000001,-95,499.8415570547809,1,1,1
eccentric,0.07000000000000001,-90,499.8498961571609,1,1,1
eccentric,0.07000000000000001,-85,499.8582352595408,1,1,1
eccentric,0.07000000000000001,-80,499.8665743619207,1,1,1
eccentric,0.07000000000000001,-75,499.8749134643007,1,1,1
eccentric,0.07000000000000001,-70,499.8832525666807,1,1,1
eccentric,0.07000000000000001,-65,499.8915916690606,1,1,1
eccentric,0.07000000000000001,-60,499.8999307714406,1,1,1
eccentric,0.07000000000000001,-55,499.9082698738205,1,1,1
eccentric,0.07000000000000001,-50,499.9166089762005,1,1,1
eccentric,0.07000000000000001,-45,499.9249480785804,1,1,1
eccentric,0.07000000000000001,-40,499.9332871809603,1,1,1
eccentric,0.07000000000000001,-35,499.9416262833403,0.9999999999999711,0.9999999999999711,1
eccentric,0.07000000000000001,-30,499.9499653857203,0.9999999999779157,0.9999999999779157,1
eccentric,0.07000000000000001,-25,499.9583044881002,0.9999999925591821,0.9999999925591821,1
eccentric,0.07000000000000001,-20,499.9666435904802,0.9999988963390042,0.9999988963390042,1
eccentric,0.07000000000000001,-15,499.9749826928601,0.99992793418604,0.99992793418604,1
eccentric,0.07000000000000001,-10,499.9833217952401,0.9979284211094296,0.9979284211094296,1
eccentric,0.07000000000000001,-5,499.99166089762,0.9737848566661496,0.9737848566661496,1
eccentric,0.07000000000000001,0,500,0.8539567209830886,0.8539567209831478,0.9999999999999408
eccentric,0.07000000000000001,5,500.00833910238,0.6418297639731159,0.6418297640109756,0.9999999999621403
eccentric,0.07000000000000001,10,500.0166782047599,0.6132983707906784,0.6132983814591548,0.9999999893315236
eccentric,0.07000000000000001,15,500.0250173071399,0.8162005562371193,0.8162018796838103,0.999998676553309
eccentric,0.07000000000000001,20,500.0333564095199,0.9614698997032916,0.9615421748667192,0.9999277248365723
eccentric,0.07000000000000001,25,500.0416955118998,0.9947199217594194,0.9964575236935899,0.9982623980658295
eccentric,0.07000000000000001,30,500.0500346142798,0.9814659957095103,0.9998563492932575,0.9816096464162528
eccentric,0.07000000000000001,35,500.0583737166597,0.9143117163908743,0.9999974355917887,0.9143142807990856
eccentric,0.07000000000000001,40,500.0667128190396,0.8242459092722484,0.9999999798467483,0.8242459294255001
eccentric,0.07000000000000001,45,500.0750519214196,0.8412985416694684,0.9999999999302761,0.8412985417391923
eccentric,0.07000000000000001,50,500.0833910237995,0.9369137051466732,0.9999999999998938,0.9369137051467794
eccentric,0.07000000000000001,55,500.0917301261795,0.9889600347979732,0.9999999999999999,0.9889600347979733
eccentric,0.07000000000000001,60,500.1000692285594,0.9991494908963001,1,0.9991494908963001
eccentric,0.07000000000000001,65,500.1084083309394,0.9999711551152753,1,0.9999711551152753
eccentric,0.07000000000000001,70,500.1167474333193,0.9999995693373308,1,0.9999995693373308
eccentric,0.07000000000000001,75,500.1250865356993,0.9999999971693627,1,0.9999999971693627
eccentric,0.07000000000000001,80,500.1334256380793,0.9999999999918096,1,0.9999999999918096
eccentric,0.07000000000000001,85,500.1417647404592,0.9999999999999896,1,0.9999999999999896
eccentric,0.07000000000000001,90,500.1501038428392,1,1,1
eccentric,0.07000000000000001,95,500.1584429452192,1,1,1
eccentric,0.07000000000000001,100,500.1667820475991,1,1,1
eccentric,0.07000000000000001,105,500.1751211499791,1,1,1
eccentric,0.07000000000000001,110,500.1834602523589,1,1,1
eccentric,0.07000000000000001,115,500.1917993547389,1,1,1
eccentric,0.07000000000000001,120,500.2001384571188,1,1,1
eccentric,0.07000000000000001,125,500.2084775594988,1,1,1
eccentric,0.07000000000000001,130,500.2168166618788,1,1,1
eccentric,0.07000000000000001,135,500.2251557642587,1,1,1
eccentric,0.07000000000000001,140,500.2334948666387,1,1,1
eccentric,0.07000000000000001,145,500.2418339690187,1,1,1
eccentric,0.07000000000000001,150,500.2501730713986,1,1,1
eccentric,0.07000000000000001,155,500.2585121737786,1,1,1
eccentric,0.07000000000000001,160,500.2668512761585,1,1,1
eccentric,0.07000000000000001,165,500.2751903785385,1,1,1
eccentric,0.07000000000000001,170,500.2835294809185,1,1,1
eccentric,0.07000000000000001,175,500.2918685832984,1,1,1
eccentric,0.07000000000000001,180,500.3002076856783,1,1,1
eccentric,0.07000000000000001,185,500.3085467880583,1,1,1
eccentric,0.07000000000000001,190,500.3168858904382,1,1,1
eccentric,0.07000000000000001,195,500.3252249928182,1,1,1
eccentric,0.07000000000000001,200,500.3335640951981,1,1,1
eccentric,0.07000000000000001,205,500.3419031975781,1,1,1
eccentric,0.07000000000000001,210,500.350242299958,1,1,1
eccentric,0.07000000000000001,215,500.358581402338,1,1,1
eccentric,0.07000000000000001,220,500.366920504718,1,1,1
eccentric,0.07000000000000001,225,500.3752596070979,1,1,1
eccentric,0.07000000000000001,230,500.3835987094779,1,1,1
eccentric,0.07000000000000001,235,500.3919378118579,1,1,1
eccentric,0.07000000000000001,240,500.4002769142378,1,1,1
eccentric,0.07000000000000001,245,500.4086160166178,1,1,1
eccentric,0.07000000000000001,250,500.4169551189976,1,1,1
eccentric,0.07000000000000001,255,500.4252942213776,1,1,1
eccentric,0.07000000000000001,260,500.4336333237576,1,1,1
eccentric,0.07000000000000001,265,500.4419724261375,1,1,1
eccentric,0.07000000000000001,270,500.4503115285175,1,1,1
eccentric,0.07000000000000001,275,500.4586506308975,1,1,1
eccentric,0.07000000000000001,280,500.4669897332774,1,1,1
eccentric,0.07000000000000001,285,500.4753288356574,1,1,1
eccentric,0.07000000000000001,290,500.4836679380373,1,1,1
eccentric,0.07000000000000001,295,500.4920070404173,1,1,1
eccentric,0.07000000000000001,300,500.5003461427972,1,1,1
eccentric,0.07000000000000001,305,500.5086852451772,1,1,1
eccentric,0.07000000000000001,310,500.5170243475572,1,1,1
eccentric,0.07000000000000001,315,500.5253634499371,1,1,1
eccentric,0.07000000000000001,320,500.533702552317,1,1,1
eccentric,0.07000000000000001,325,500.542041654697,1,1,1
eccentric,0.07000000000000001,330,500.5503807570769,1,1,1
eccentric,0.07000000000000001,335,500.5587198594569,1,1,1
eccentric,0.07000000000000001,340,500.5670589618368,1,1,1
eccentric,0.07000000000000001,345,500.5753980642168,1,1,1
eccentric,0.07000000000000001,350,500.5837371665968,1,1,1
eccentric,0.07000000000000001,355,500.5920762689767,1,1,1
eccentric,0.07000000000000001,360,500.6004153713567,1,1,1
eccentric,0.07000000000000001,365,500.6087544737367,1,1,1
eccentric,0.07000000000000001,370,500.6170935761166,1,1,1
eccentric,0.07000000000000001,375,500.6254326784966,1,1,1
eccentric,0.07000000000000001,380,500.6337717808765,1,1,1
eccentric,0.07000000000000001,385,500.6421108832565,1,1,1
eccentric,0.07000000000000001,390,500.6504499856363,1,1,1
eccentric,0.07000000000000001,395,500.6587890880163,1,1,1
eccentric,0.07000000000000001,400,500.6671281903963,1,1,1
eccentric,0.07000000000000001,405,500.6754672927763,1,1,1
eccentric,0.07000000000000001,410,500.6838063951562,1,1,1
eccentric,0.07000000000000001,415,500.6921454975362,1,1,1
eccentric,0.07000000000000001,420,500.7004845999161,1,1,1
eccentric,0.07000000000000001,425,500.7088237022961,1,1,1
eccentric,0.07000000000000001,430,500.717162804676,1,1,1
eccentric,0.07000000000000001,435,500.725501907056,1,1,1
eccentric,0.07000000000000001,440,500.733841009436,1,1,1
eccentric,0.07000000000000001,445,500.7421801118159,1,1,1
eccentric,0.07000000000000001,450,500.7505192141959,1,1,1
eccentric,0.25,-450,499.2494807858042,1,1,1
eccentric,0.25,-445,499.2578198881841,1,1,1
eccentric,0.25,-440,499.2661589905641,1,1,1
eccentric,0.25,-435,499.274498092944,1,1,1
eccentric,0.25,-430,499.282837195324,1,1,1
eccentric,0.25,-425,499.2911762977039,1,1,1
eccentric,0.25,-420,499.2995154000839,1,1,1
eccentric,0.25,-415,499.3078545024638,1,1,1
eccentric,0.25,-410,499.3161936048438,1,1,1
eccentric,0.25,-405,499.3245327072237,1,1,1
eccentric,0.25,-400,499.3328718096037,1,1,1
eccentric,0.25,-395,499.3412109119836,1,1,1
eccentric,0.25,-390,499.3495500143636,1,1,1
eccentric,0.25,-385,499.3578891167435,1,1,1
eccentric,0.25,-380,499.3662282191235,1,1,1
eccentric,0.25,-375,499.3745673215035,1,1,1
eccentric,0.25,-370,499.3829064238835,1,1,1
eccentric,0.25,-365,499.3912455262633,1,1,1
eccentric,0.25,-360,499.3995846286433,1,1,1
eccentric,0.25,-355,499.4079237310233,1,1,1
eccentric,0.25,-350,499.4162628334032,1,1,1
eccentric,0.25,-345,499.4246019357832,1,1,1
eccentric,0.25,-340,499.4329410381632,1,1,1
eccentric,0.25,-335,499.4412801405431,1,1,1
eccentric,0.25,-330,499.449619242923,1,1,1
eccentric,0.25,-325,499.457958345303,1,1,1
eccentric,0.25,-320,499.466297447683,1,1,1
eccentric,0.25,-315,499.4746365500629,1,1,1
eccentric,0.25,-310,499.4829756524429,1,1,1
eccentric,0.25,-305,499.4913147548228,1,1,1
eccentric,0.25,-300,499.4996538572028,1,1,1
eccentric,0.25,-295,499.5079929595827,1,1,1
eccentric,0.25,-290,499.5163320619627,1,1,1
eccentric,0.25,-285,499.5246711643426,1,1,1
eccentric,0.25,-280,499.5330102667226,1,1,1
eccentric,0.25,-275,499.5413493691025,1,1,1
eccentric,0.25,-270,499.5496884714825,1,1,1
eccentric,0.25,-265,499.5580275738625,1,1,1
eccentric,0.25,-260,499.5663666762424,1,1,1
eccentric,0.25,-255,499.5747057786223,1,1,1
eccentric,0.25,-250,499.5830448810023,1,1,1
eccentric,0.25,-245,499.5913839833823,1,1,1
eccentric,0.25,-240,499.5997230857622,1,1,1
eccentric,0.25,-235,499.6080621881422,1,1,1
eccentric,0.25,-230,499.6164012905222,1,1,1
eccentric,0.25,-225,499.6247403929021,1,1,1
eccentric,0.25,-220,499.633079495282,1,1,1
eccentric,0.25,-215,499.641418597662,1,1,1
eccentric,0.25,-210,499.649757700042,1,1,1
eccentric,0.25,-205,499.6580968024219,1,1,1
eccentric,0.25,-200,499.6664359048019,1,1,1
eccentric,0.25,-195,499.6747750071818,1,1,1
eccentric,0.25,-190,499.6831141095618,1,1,1
eccentric,0.25,-185,499.6914532119417,1,1,1
eccentric,0.25,-180,499.6997923143217,1,1,1
eccentric,0.25,-175,499.7081314167016,1,1,1
eccentric,0.25,-170,499.7164705190816,1,1,1
eccentric,0.25,-165,499.7248096214615,1,1,1
eccentric,0.25,-160,499.7331487238415,1,1,1
eccentric,0.25,-155,499.7414878262214,1,1,1
eccentric,0.25,-150,499.7498269286014,1,1,1
eccentric,0.25,-145,499.7581660309813,1,1,1
eccentric,0.25,-140,499.7665051333613,1,1,1
eccentric,0.25,-135,499.7748442357413,1,1,1
eccentric,0.25,-130,499.7831833381212,1,1,1
eccentric,0.25,-125,499.7915224405012,1,1,1
eccentric,0.25,-120,499.7998615428811,1,1,1
eccentric,0.25,-115,499.808200645261,1,1,1
eccentric,0.25,-110,499.816539747641,1,1,1
eccentric,0.25,-105,499.824878850021,1,1,1
eccentric,0.25,-100,499.833217952401,1,1,1
eccentric,0.25,-95,499.8415570547809,1,1,1
eccentric,0.25,-90,499.8498961571609,1,1,1
eccentric,0.25,-85,499.8582352595408,1,1,1
eccentric,0.25,-80,499.8665743619207,1,1,1
eccentric,0.25,-75,499.8749134643007,1,1,1
eccentric,0.25,-70,499.8832525666807,1,1,1
eccentric,0.25,-65,499.8915916690606,1,1,1
eccentric,0.25,-60,499.8999307714406,1,1,1
eccentric,0.25,-55,499.9082698738205,1,1,1
eccentric,0.25,-50,499.9166089762005,1,1,1
eccentric,0.25,-45,499.9249480785804,1,1,1
eccentric,0.25,-40,499.9332871809603,0.9999999999999372,0.9999999999999372,1
eccentric,0.25,-35,499.9416262833403,0.9999999999561224,0.9999999999561224,1
eccentric,0.25,-30,499.9499653857203,0.9999999865033912,0.9999999865033912,1
eccentric,0.25,-25,499.9583044881002,0.9999981723830934,0.9999981723830934,1
eccentric,0.25,-20,499.9666435904802,0.9998910507481444,0.9998910507481444,1
eccentric,0.25,-15,499.9749826928601,0.9971408172381017,0.9971408172381017,1
eccentric,0.25,-10,499.9833217952401,0.9669677497340396,0.9669677497340396,1
eccentric,0.25,-5,499.99166089762,0.8319985683035236,0.8319985683035236,1
eccentric,0.25,0,500,0.6238453938504138,0.6238453938504138,1
eccentric,0.25,5,500.00833910238,0.6292353119919596,0.6292353119919596,1
eccentric,0.25,10,500.0166782047599,0.8391174562552589,0.8391174562553104,0.9999999999999485
eccentric,0.25,15,500.0250173071399,0.9692674877507801,0.9692674877843157,0.9999999999664644
eccentric,0.25,20,500.0333564095199,0.9974155544020841,0.997415564008532,0.999999990393552
eccentric,0.25,25,500.0416955118998,0.9999031105720896,0.99990432200251,0.9999987885695796
eccentric,0.25,30,500.0500346142798,0.9999311875140124,0.9999984406738838,0.9999327468401287
eccentric,0.25,35,500.0583737166597,0.9983563533884996,0.9999999888123104,0.9983563645761891
eccentric,0.25,40,500.0667128190396,0.9823161480291185,0.9999999999646636,0.9823161480644549
eccentric,0.25,45,500.0750519214196,0.9162418982252919,0.9999999999999508,0.9162418982253411
eccentric,0.25,50,500.0833910237995,0.8253553196517365,1,0.8253553196517365
eccentric,0.25,55,500.0917301261795,0.8396893127309526,1,0.8396893127309526
eccentric,0.25,60,500.1000692285594,0.9352189221969126,1,0.9352189221969126
eccentric,0.25,65,500.1084083309394,0.988475756083928,1,0.988475756083928
eccentric,0.25,70,500.1167474333193,0.9990974832035612,1,0.9990974832035612
eccentric,0.25,75,500.1250865356993,0.9999688845043372,1,0.9999688845043372
eccentric,0.25,80,500.1334256380793,0.9999995277448169,1,0.9999995277448169
eccentric,0.25,85,500.1417647404592,0.9999999968445935,1,0.9999999968445935
eccentric,0.25,90,500.1501038428392,0.9999999999907186,1,0.9999999999907186
eccentric,0.25,95,500.1584429452192,0.999999999999988,1,0.999999999999988
eccentric,0.25,100,500.1667820475991,1,1,1
eccentric,0.25,105,500.1751211499791,1,1,1
eccentric,0.25,110,500.1834602523589,1,1,1
eccentric,0.25,115,500.1917993547389,1,1,1
eccentric,0.25,120,500.2001384571188,1,1,1
eccentric,0.25,125,500.2084775594988,1,1,1
eccentric,0.25,130,500.2168166618788,1,1,1
eccentric,0.25,135,500.2251557642587,1,1,1
eccentric,0.25,140,500.2334948666387,1,1,1
eccentric,0.25,145,500.2418339690187,1,1,1
eccentric,0.25,150,500.2501730713986,1,1,1
eccentric,0.25,155,500.2585121737786,1,1,1
eccentric,0.25,160,500.2668512761585,1,1,1
eccentric,0.25,165,500.2751903785385,1,1,1
eccentric,0.25,170,500.2835294809185,1,1,1
eccentric,0.25,175,500.2918685832984,1,1,1
eccentric,0.25,180,500.3002076856783,1,1,1
eccentric,0.25,185,500.3085467880583,1,1,1
eccentric,0.25,190,500.3168858904382,1,1,1
eccentric,0.25,195,500.3252249928182,1,1,1
eccentric,0.25,200,500.3335640951981,1,1,1
eccentric,0.25,205,500.3419031975781,1,1,1
eccentric,0.25,210,500.350242299958,1,1,1
eccentric,0.25,215,500.358581402338,1,1,1
eccentric,0.25,220,500.366920504718,1,1,1
eccentric,0.25,225,500.3752596070979,1,1,1
eccentric,0.25,230,500.3835987094779,1,1,1
eccentric,0.25,235,500.3919378118579,1,1,1
eccentric,0.25,240,500.4002769142378,1,1,1
eccentric,0.25,245,500.4086160166178,1,1,1
eccentric,0.25,250,500.4169551189976,1,1,1
eccentric,0.25,255,500.4252942213776,1,1,1
eccentric,0.25,260,500.4336333237576,1,1,1
eccentric,0.25,265,500.4419724261375,1,1,1
eccentric,0.25,270,500.4503115285175,1,1,1
eccentric,0.25,275,500.4586506308975,1,1,1
eccentric,0.25,280,500.4669897332774,1,1,1
eccentric,0.25,285,500.4753288356574,1,1,1
eccentric,0.25,290,500.4836679380373,1,1,1
eccentric,0.25,295,500.4920070404173,1,1,1
eccentric,0.25,300,500.5003461427972,1,1,1
eccentric,0.25,305,500.5086852451772,1,1,1
eccentric,0.25,310,500.5170243475572,1,1,1
eccentric,0.25,315,500.5253634499371,1,1,1
eccentric,0.25,320,500.533702552317,1,1,1
eccentric,0.25,325,500.542041654697,1,1,1
eccentric,0.25,330,500.5503807570769,1,1,1
eccentric,0.25,335,500.5587198594569,1,1,1
eccentric,0.25,340,500.5670589618368,1,1,1
eccentric,0.25,345,500.5753980642168,1,1,1
eccentric,0.25,350,500.5837371665968,1,1,1
eccentric,0.25,355,500.5920762689767,1,1,1
eccentric,0.25,360,500.6004153713567,1,1,1
eccentric,0.25,365,500.6087544737367,1,1,1
eccentric,0.25,370,500.6170935761166,1,1,1
eccentric,0.25,375,500.6254326784966,1,1,1
eccentric,0.25,380,500.6337717808765,1,1,1
eccentric,0.25,385,500.6421108832565,1,1,1
eccentric,0.25,390,500.6504499856363,1,1,1
eccentric,0.25,395,500.6587890880163,1,1,1
eccentric,0.25,400,500.6671281903963,1,1,1
eccentric,0.25,405,500.6754672927763,1,1,1
eccentric,0.25,410,500.6838063951562,1,1,1
eccentric,0.25,415,500.6921454975362,1,1,1
eccentric,0.25,420,500.7004845999161,1,1,1
eccentric,0.25,425,500.7088237022961,1,1,1
eccentric,0.25,430,500.717162804676,1,1,1
eccentric,0.25,435,500.725501907056,1,1,1
eccentric,0.25,440,500.733841009436,1,1,1
eccentric,0.25,445,500.7421801118159,1,1,1
eccentric,0.25,450,500.7505192141959,1,1,1
eccentric,0.5,-450,499.2494807858042,1,1,1
eccentric,0.5,-445,499.2578198881841,1,1,1
eccentric,0.5,-440,499.2661589905641,1,1,1
eccentric,0.5,-435,499.274498092944,1,1,1
eccentric,0.5,-430,499.282837195324,1,1,1
eccentric,0.5,-425,499.2911762977039,1,1,1
eccentric,0.5,-420,499.2995154000839,1,1,1
eccentric,0.5,-415,499.3078545024638,1,1,1
eccentric,0.5,-410,499.3161936048438,1,1,1
eccentric,0.5,-405,499.3245327072237,1,1,1
eccentric,0.5,-400,499.3328718096037,1,1,1
eccentric,0.5,-395,499.3412109119836,1,1,1
eccentric,0.5,-390,499.3495500143636,1,1,1
eccentric,0.5,-385,499.3578891167435,1,1,1
eccentric,0.5,-380,499.3662282191235,1,1,1
eccentric,0.5,-375,499.3745673215035,1,1,1
eccentric,0.5,-370,499.3829064238835,1,1,1
eccentric,0.5,-365,499.3912455262633,1,1,1
eccentric,0.5,-360,499.3995846286433,1,1,1
eccentric,0.5,-355,499.4079237310233,1,1,1
eccentric,0.5,-350,499.4162628334032,1,1,1
eccentric,0.5,-345,499.4246019357832,1,1,1
eccentric,0.5,-340,499.4329410381632,1,1,1
eccentric,0.5,-335,499.4412801405431,1,1,1
eccentric,0.5,-330,499.449619242923,1,1,1
eccentric,0.5,-325,499.457958345303,1,1,1
eccentric,0.5,-320,499.466297447683,1,1,1
eccentric,0.5,-315,499.4746365500629,1,1,1
eccentric,0.5,-310,499.4829756524429,1,1,1
eccentric,0.5,-305,499.4913147548228,1,1,1
eccentric,0.5,-300,499.4996538572028,1,1,1
eccentric,0.5,-295,499.5079929595827,1,1,1
eccentric,0.5,-290,499.5163320619627,1,1,1
eccentric,0.5,-285,499.5246711643426,1,1,1
eccentric,0.5,-280,499.5330102667226,1,1,1
eccentric,0.5,-275,499.5413493691025,1,1,1
eccentric,0.5,-270,499.5496884714825,1,1,1
eccentric,0.5,-265,499.5580275738625,1,1,1
eccentric,0.5,-260,499.5663666762424,1,1,1
eccentric,0.5,-255,499.5747057786223,1,1,1
eccentric,0.5,-250,499.5830448810023,1,1,1
eccentric,0.5,-245,499.5913839833823,1,1,1
eccentric,0.5,-240,499.5997230857622,1,1,1
eccentric,0.5,-235,499.6080621881422,1,1,1
eccentric,0.5,-230,499.6164012905222,1,1,1
eccentric,0.5,-225,499.6247403929021,1,1,1
eccentric,0.5,-220,499.633079495282,1,1,1
eccentric,0.5,-215,499.641418597662,1,1,1
eccentric,0.5,-210,499.649757700042,1,1,1
eccentric,0.5,-205,499.6580968024219,1,1,1
eccentric,0.5,-200,499.6664359048019,1,1,1
eccentric,0.5,-195,499.6747750071818,1,1,1
eccentric,0.5,-190,499.6831141095618,1,1,1
eccentric,0.5,-185,499.6914532119417,1,1,1
eccentric,0.5,-180,499.6997923143217,1,1,1
eccentric,0.5,-175,499.7081314167016,1,1,1
eccentric,0.5,-170,499.7164705190816,1,1,1
eccentric,0.5,-165,499.7248096214615,1,1,1
eccentric,0.5,-160,499.7331487238415,1,1,1
eccentric,0.5,-155,499.7414878262214,1,1,1
eccentric,0.5,-150,499.7498269286014,1,1,1
eccentric,0.5,-145,499.7581660309813,1,1,1
eccentric,0.5,-140,499.7665051333613,1,1,1
eccentric,0.5,-135,499.7748442357413,1,1,1
eccentric,0.5,-130,499.7831833381212,1,1,1
eccentric,0.5,-125,499.7915224405012,1,1,1
eccentric,0.5,-120,499.7998615428811,1,1,1
eccentric,0.5,-115,499.808200645261,1,1,1
eccentric,0.5,-110,499.816539747641,1,1,1
eccentric,0.5,-105,499.824878850021,1,1,1
eccentric,0.5,-100,499.833217952401,1,1,1
eccentric,0.5,-95,499.8415570547809,1,1,1
eccentric,0.5,-90,499.8498961571609,1,1,1
eccentric,0.5,-85,499.8582352595408,1,1,1
eccentric,0.5,-80,499.8665743619207,1,1,1
eccentric,0.5,-75,499.8749134643007,1,1,1
eccentric,0.5,-70,499.8832525666807,1,1,1
eccentric,0.5,-65,499.8915916690606,1,1,1
eccentric,0.5,-60,499.8999307714406,1,1,1
eccentric,0.5,-55,499.9082698738205,1,1,1
eccentric,0.5,-50,499.9166089762005,1,1,1
eccentric,0.5,-45,499.9249480785804,1,1,1
eccentric,0.5,-40,499.9332871809603,1,1,1
eccentric,0.5,-35,499.9416262833403,0.9999999999999998,0.9999999999999998,1
eccentric,0.5,-30,499.9499653857203,0.9999999999997137,0.9999999999997137,1
eccentric,0.5,-25,499.9583044881002,0.9999999998331138,0.9999999998331138,1
eccentric,0.5,-20,499.9666435904802,0.9999999571745559,0.9999999571745559,1
eccentric,0.5,-15,499.9749826928601,0.9999951620437311,0.9999951620437311,1
eccentric,0.5,-10,499.9833217952401,0.9997593972534852,0.9997593972534854,0.9999999999999998
eccentric,0.5,-5,499.99166089762,0.9947323391990968,0.9947323391993507,0.9999999999997461
eccentric,0.5,0,500,0.94922924717553,0.9492292473117968,0.9999999998637332
eccentric,0.5,5,500.00833910238,0.784578995775837,0.7845790279708506,0.9999999678049865
eccentric,0.5,10,500.0166782047599,0.5976124328074899,0.5976157814283051,0.9999966513791848
eccentric,0.5,15,500.0250173071399,0.6689651788454283,0.669118507001068,0.9998466718443603
eccentric,0.5,20,500.0333564095199,0.8771297762206661,0.8802204732150043,0.9969093030056618
eccentric,0.5,25,500.0416955118998,0.9534850770419624,0.9809115225926154,0.972573554449347
eccentric,0.5,30,500.0500346142798,0.8915184624641908,0.9986608212091922,0.8928576412549986
eccentric,0.5,35,500.0583737166597,0.8156984735106951,0.9999586396299323,0.8157398338807629
eccentric,0.5,40,500.0667128190396,0.8604974830747518,0.9999994376472177,0.8604980454275342
eccentric,0.5,45,500.0750519214196,0.9535048409944495,0.9999999966340175,0.953504844360432
eccentric,0.5,50,500.0833910237995,0.9931779688415235,0.9999999999911307,0.9931779688503929
eccentric,0.5,55,500.0917301261795,0.9995593454392958,0.9999999999999897,0.9995593454393061
eccentric,0.5,60,500.1000692285594,0.9999874697014237,1,0.9999874697014237
eccentric,0.5,65,500.1084083309394,0.9999998431432729,1,0.9999998431432729
eccentric,0.5,70,500.1167474333193,0.9999999991355827,1,0.9999999991355827
eccentric,0.5,75,500.1250865356993,0.9999999999979029,1,0.9999999999979029
eccentric,0.5,80,500.1334256380793,0.9999999999999978,1,0.9999999999999978
eccentric,0.5,85,500.1417647404592,1,1,1
eccentric,0.5,90,500.1501038428392,1,1,1
eccentric,0.5,95,500.1584429452192,1,1,1
eccentric,0.5,100,500.1667820475991,1,1,1
eccentric,0.5,105,500.1751211499791,1,1,1
eccentric,0.5,110,500.1834602523589,1,1,1
eccentric,0.5,115,500.1917993547389,1,1,1
eccentric,0.5,120,500.2001384571188,1,1,1
eccentric,0.5,125,500.2084775594988,1,1,1
eccentric,0.5,130,500.2168166618788,1,1,1
eccentric,0.5,135,500.2251557642587,1,1,1
eccentric,0.5,140,500.2334948666387,1,1,1
eccentric,0.5,145,500.2418339690187,1,1,1
eccentric,0.5,150,500.2501730713986,1,1,1
eccentric,0.5,155,500.2585121737786,1,1,1
eccentric,0.5,160,500.2668512761585,1,1,1
eccentric,0.5,165,500.2751903785385,1,1,1
eccentric,0.5,170,500.2835294809185,1,1,1
eccentric,0.5,175,500.2918685832984,1,1,1
eccentric,0.5,180,500.3002076856783,1,1,1
eccentric,0.5,185,500.3085467880583,1,1,1
eccentric,0.5,190,500.3168858904382,1,1,1
eccentric,0.5,195,500.3252249928182,1,1,1
eccentric,0.5,200,500.3335640951981,1,1,1
eccentric,0.5,205,500.3419031975781,1,1,1
eccentric,0.5,210,500.350242299958,1,1,1
eccentric,0.5,215,500.358581402338,1,1,1
eccentric,0.5,220,500.366920504718,1,1,1
eccentric,0.5,225,500.3752596070979,1,1,1
eccentric,0.5,230,500.3835987094779,1,1,1
eccentric,0.5,235,500.3919378118579,1,1,1
eccentric,0.5,240,500.4002769142378,1,1,1
eccentric,0.5,245,500.4086160166178,1,1,1
eccentric,0.5,250,500.4169551189976,1,1,1
eccentric,0.5,255,500.4252942213776,1,1,1
eccentric,0.5,260,500.4336333237576,1,1,1
eccentric,0.5,265,500.4419724261375,1,1,1
eccentric,0.5,270,500.4503115285175,1,1,1
eccentric,0.5,275,500.4586506308975,1,1,1
eccentric,0.5,280,500.4669897332774,1,1,1
eccentric,0.5,285,500.4753288356574,1,1,1
eccentric,0.5,290,500.4836679380373,1,1,1
eccentric,0.5,295,500.4920070404173,1,1,1
eccentric,0.5,300,500.5003461427972,1,1,1
eccentric,0.5,305,500.5086852451772,1,1,1
eccentric,0.5,310,500.5170243475572,1,1,1
eccentric,0.5,315,500.5253634499371,1,1,1
eccentric,0.5,320,500.533702552317,1,1,1
eccentric,0.5,325,500.542041654697,1,1,1
eccentric,0.5,330,500.5503807570769,1,1,1
eccentric,0.5,335,500.5587198594569,1,1,1
eccentric,0.5,340,500.5670589618368,1,1,1
eccentric,0.5,345,500.5753980642168,1,1,1
eccentric,0.5,350,500.5837371665968,1,1,1
eccentric,0.5,355,500.5920762689767,1,1,1
eccentric,0.5,360,500.6004153713567,1,1,1
eccentric,0.5,365,500.6087544737367,1,1,1
eccentric,0.5,370,500.6170935761166,1,1,1
eccentric,0.5,375,500.6254326784966,1,1,1
eccentric,0.5,380,500.6337717808765,1,1,1
eccentric,0.5,385,500.6421108832565,1,1,1
eccentric,0.5,390,500.6504499856363,1,1,1
eccentric,0.5,395,500.6587890880163,1,1,1
eccentric,0.5,400,500.6671281903963,1,1,1
eccentric,0.5,405,500.6754672927763,1,1,1
eccentric,0.5,410,500.6838063951562,1,1,1
eccentric,0.5,415,500.6921454975362,1,1,1
eccentric,0.5,420,500.7004845999161,1,1,1
eccentric,0.5,425,500.7088237022961,1,1,1
eccentric,0.5,430,500.717162804676,1,1,1
eccentric,0.5,435,500.725501907056,1,1,1
eccentric,0.5,440,500.733841009436,1,1,1
eccentric,0.5,445,500.7421801118159,1,1,1
eccentric,0.5,450,500.7505192141959,1,1,1
eccentric,0.8,-450,499.2494807858042,1,1,1
eccentric,0.8,-445,499.2578198881841,1,1,1
eccentric,0.8,-440,499.2661589905641,1,1,1
eccentric,0.8,-435,499.274498092944,1,1,1
eccentric,0.8,-430,499.282837195324,1,1,1
eccentric,0.8,-425,499.2911762977039,1,1,1
eccentric,0.8,-420,499.2995154000839,1,1,1
eccentric,0.8,-415,499.3078545024638,1,1,1
eccentric,0.8,-410,499.3161936048438,1,1,1
eccentric,0.8,-405,499.3245327072237,1,1,1
eccentric,0.8,-400,499.3328718096037,1,1,1
eccentric,0.8,-395,499.3412109119836,1,1,1
eccentric,0.8,-390,499.3495500143636,1,1,1
eccentric,0.8,-385,499.3578891167435,1,1,1
eccentric,0.8,-380,499.3662282191235,1,1,1
eccentric,0.8,-375,499.3745673215035,1,1,1
eccentric,0.8,-370,499.3829064238835,1,1,1
eccentric,0.8,-365,499.3912455262633,1,1,1
eccentric,0.8,-360,499.3995846286433,1,1,1
eccentric,0.8,-355,499.4079237310233,1,1,1
eccentric,0.8,-350,499.4162628334032,1,1,1
eccentric,0.8,-345,499.4246019357832,1,1,1
eccentric,0.8,-340,499.4329410381632,1,1,1
eccentric,0.8,-335,499.4412801405431,1,1,1
eccentric,0.8,-330,499.449619242923,1,1,1
eccentric,0.8,-325,499.457958345303,1,1,1
eccentric,0.8,-320,499.466297447683,1,1,1
eccentric,0.8,-315,499.4746365500629,1,1,1
eccentric,0.8,-310,499.4829756524429,1,1,1
eccentric,0.8,-305,499.4913147548228,1,1,1
eccentric,0.8,-300,499.4996538572028,1,1,1
eccentric,0.8,-295,499.5079929595827,1,1,1
eccentric,0.8,-290,499.5163320619627,1,1,1
eccentric,0.8,-285,499.5246711643426,1,1,1
eccentric,0.8,-280,499.5330102667226,1,1,1
eccentric,0.8,-275,499.5413493691025,1,1,1
eccentric,0.8,-270,499.5496884714825,1,1,1
eccentric,0.8,-265,499.5580275738625,1,1,1
eccentric,0.8,-260,499.5663666762424,1,1,1
eccentric,0.8,-255,499.5747057786223,1,1,1
eccentric,0.8,-250,499.5830448810023,1,1,1
eccentric,0.8,-245,499.5913839833823,1,1,1
eccentric,0.8,-240,499.5997230857622,1,1,1
eccentric,0.8,-235,499.6080621881422,1,1,1
eccentric,0.8,-230,499.6164012905222,1,1,1
eccentric,0.8,-225,499.6247403929021,1,1,1
eccentric,0.8,-220,499.633079495282,1,1,1
eccentric,0.8,-215,499.641418597662,1,1,1
eccentric,0.8,-210,499.649757700042,1,1,1
eccentric,0.8,-205,499.6580968024219,1,1,1
eccentric,0.8,-200,499.6664359048019,1,1,1
eccentric,0.8,-195,499.6747750071818,1,1,1
eccentric,0.8,-190,499.6831141095618,1,1,1
eccentric,0.8,-185,499.6914532119417,1,1,1
eccentric,0.8,-180,499.6997923143217,1,1,1
eccentric,0.8,-175,499.7081314167016,1,1,1
eccentric,0.8,-170,499.7164705190816,1,1,1
eccentric,0.8,-165,499.7248096214615,1,1,1
eccentric,0.8,-160,499.7331487238415,1,1,1
eccentric,0.8,-155,499.7414878262214,1,1,1
eccentric,0.8,-150,499.7498269286014,1,1,1
eccentric,0.8,-145,499.7581660309813,1,1,1
eccentric,0.8,-140,499.7665051333613,1,1,1
eccentric,0.8,-135,499.7748442357413,1,1,1
eccentric,0.8,-130,499.7831833381212,1,1,1
eccentric,0.8,-125,499.7915224405012,1,1,1
eccentric,0.8,-120,499.7998615428811,1,1,1
eccentric,0.8,-115,499.808200645261,1,1,1
eccentric,0.8,-110,499.816539747641,1,1,1
eccentric,0.8,-105,499.824878850021,1,1,1
eccentric,0.8,-100,499.833217952401,1,1,1
eccentric,0.8,-95,499.8415570547809,1,1,1
eccentric,0.8,-90,499.8498961571609,1,1,1
eccentric,0.8,-85,499.8582352595408,1,1,1
eccentric,0.8,-80,499.8665743619207,1,1,1
eccentric,0.8,-75,499.8749134643007,1,1,1
eccentric,0.8,-70,499.8832525666807,1,1,1
eccentric,0.8,-65,499.8915916690606,1,1,1
eccentric,0.8,-60,499.8999307714406,1,1,1
eccentric,0.8,-55,499.9082698738205,1,1,1
eccentric,0.8,-50,499.9166089762005,1,1,1
eccentric,0.8,-45,499.9249480785804,0.9999999999999978,1,0.9999999999999978
eccentric,0.8,-40,499.9332871809603,0.9999999999978997,1,0.9999999999978997
eccentric,0.8,-35,499.9416262833403,0.9999999991344141,1,0.9999999991344141
eccentric,0.8,-30,499.9499653857203,0.9999998429622472,1,0.9999998429622472
eccentric,0.8,-25,499.9583044881002,0.9999874577182029,1,0.9999874577182029
eccentric,0.8,-20,499.9666435904802,0.9995590111434388,1,0.9995590111434388
eccentric,0.8,-15,499.9749826928601,0.9931741419026682,0.9999999999999998,0.9931741419026684
eccentric,0.8,-10,499.9833217952401,0.9534879507079196,0.9999999999997617,0.9534879507081578
eccentric,0.8,-5,499.99166089762,0.8604749222116721,0.9999999998579986,0.8604749223536735
eccentric,0.8,0,500,0.8157456550310358,0.9999999627425125,0.8157456922885233
eccentric,0.8,5,500.00833910238,0.8928779060014878,0.9999956965863085,0.8928822094151793
eccentric,0.8,10,500.0166782047599,0.9723664372447091,0.9997811778860912,0.9725852593586178
eccentric,0.8,15,500.0250173071399,0.9920129038173908,0.995101671579428,0.9969112322379629
eccentric,0.8,20,500.0333564095199,0.9515761452491948,0.9517293474305918,0.999846797818603
eccentric,0.8,25,500.0416955118998,0.7905868465796864,0.7905901917884158,0.9999966547912705
eccentric,0.8,30,500.0500346142798,0.6000649362624603,0.6000649684183161,0.9999999678441441
eccentric,0.8,35,500.0583737166597,0.6637514236718413,0.6637514238079154,0.9999999998639258
eccentric,0.8,40,500.0667128190396,0.8755456617074359,0.8755456617076893,0.9999999999997465
eccentric,0.8,45,500.0750519214196,0.9797213889635615,0.9797213889635618,0.9999999999999998
eccentric,0.8,50,500.0833910237995,0.9985453954250374,0.9985453954250374,1
eccentric,0.8,55,500.0917301261795,0.999954066422413,0.999954066422413,1
eccentric,0.8,60,500.1000692285594,0.9999993614510806,0.9999993614510806,1
eccentric,0.8,65,500.1084083309394,0.9999999960921611,0.9999999960921611,1
eccentric,0.8,70,500.1167474333193,0.9999999999894718,0.9999999999894718,1
eccentric,0.8,75,500.1250865356993,0.9999999999999876,0.9999999999999876,1
eccentric,0.8,80,500.1334256380793,1,1,1
eccentric,0.8,85,500.1417647404592,1,1,1
eccentric,0.8,90,500.1501038428392,1,1,1
eccentric,0.8,95,500.1584429452192,1,1,1
eccentric,0.8,100,500.1667820475991,1,1,1
eccentric,0.8,105,500.1751211499791,1,1,1
eccentric,0.8,110,500.1834602523589,1,1,1
eccentric,0.8,115,500.1917993547389,1,1,1
eccentric,0.8,120,500.2001384571188,1,1,1
eccentric,0.8,125,500.2084775594988,1,1,1
eccentric,0.8,130,500.2168166618788,1,1,1
eccentric,0.8,135,500.2251557642587,1,1,1
eccentric,0.8,140,500.2334948666387,1,1,1
eccentric,0.8,145,500.2418339690187,1,1,1
eccentric,0.8,150,500.2501730713986,1,1,1
eccentric,0.8,155,500.2585121737786,1,1,1
eccentric,0.8,160,500.2668512761585,1,1,1
eccentric,0.8,165,500.2751903785385,1,1,1
eccentric,0.8,170,500.2835294809185,1,1,1
eccentric,0.8,175,500.2918685832984,1,1,1
eccentric,0.8,180,500.3002076856783,1,1,1
eccentric,0.8,185,500.3085467880583,1,1,1
eccentric,0.8,190,500.3168858904382,1,1,1
eccentric,0.8,195,500.3252249928182,1,1,1
eccentric,0.8,200,500.3335640951981,1,1,1
eccentric,0.8,205,500.3419031975781,1,1,1
eccentric,0.8,210,500.350242299958,1,1,1
eccentric,0.8,215,500.358581402338,1,1,1
eccentric,0.8,220,500.366920504718,1,1,1
eccentric,0.8,225,500.3752596070979,1,1,1
eccentric,0.8,230,500.3835987094779,1,1,1
eccentric,0.8,235,500.3919378118579,1,1,1
eccentric,0.8,240,500.4002769142378,1,1,1
eccentric,0.8,245,500.4086160166178,1,1,1
eccentric,0.8,250,500.4169551189976,1,1,1
eccentric,0.8,255,500.4252942213776,1,1,1
eccentric,0.8,260,500.4336333237576,1,1,1
eccentric,0.8,265,500.4419724261375,1,1,1
eccentric,0.8,270,500.4503115285175,1,1,1
eccentric,0.8,275,500.4586506308975,1,1,1
eccentric,0.8,280,500.4669897332774,1,1,1
eccentric,0.8,285,500.4753288356574,1,1,1
eccentric,0.8,290,500.4836679380373,1,1,1
eccentric,0.8,295,500.4920070404173,1,1,1
eccentric,0.8,300,500.5003461427972,1,1,1
eccentric,0.8,305,500.5086852451772,1,1,1
eccentric,0.8,310,500.5170243475572,1,1,1
eccentric,0.8,315,500.5253634499371,1,1,1
eccentric,0.8,320,500.533702552317,1,1,1
eccentric,0.8,325,500.542041654697,1,1,1
eccentric,0.8,330,500.5503807570769,1,1,1
eccentric,0.8,335,500.5587198594569,1,1,1
eccentric,0.8,340,500.5670589618368,1,1,1
eccentric,0.8,345,500.5753980642168,1,1,1
eccentric,0.8,350,500.5837371665968,1,1,1
eccentric,0.8,355,500.5920762689767,1,1,1
eccentric,0.8,360,500.6004153713567,1,1,1
eccentric,0.8,365,500.6087544737367,1,1,1
eccentric,0.8,370,500.6170935761166,1,1,1
eccentric,0.8,375,500.6254326784966,1,1,1
eccentric,0.8,380,500.6337717808765,1,1,1
eccentric,0.8,385,500.6421108832565,1,1,1
eccentric,0.8,390,500.6504499856363,1,1,1
eccentric,0.8,395,500.6587890880163,1,1,1
eccentric,0.8,400,500.6671281903963,1,1,1
eccentric,0.8,405,500.6754672927763,1,1,1
eccentric,0.8,410,500.6838063951562,1,1,1
eccentric,0.8,415,500.6921454975362,1,1,1
eccentric,0.8,420,500.7004845999161,1,1,1
eccentric,0.8,425,500.7088237022961,1,1,1
eccentric,0.8,430,500.717162804676,1,1,1
eccentric,0.8,435,500.725501907056,1,1,1
eccentric,0.8,440,500.733841009436,1,1,1
eccentric,0.8,445,500.7421801118159,1,1,1
eccentric,0.8,450,500.7505192141959,1,1,1
eccentric,1,-450,499.2494807858042,1,1,1
eccentric,1,-445,499.2578198881841,1,1,1
eccentric,1,-440,499.2661589905641,1,1,1
eccentric,1,-435,499.274498092944,1,1,1
eccentric,1,-430,499.282837195324,1,1,1
eccentric,1,-425,499.2911762977039,1,1,1
eccentric,1,-420,499.2995154000839,1,1,1
eccentric,1,-415,499.3078545024638,1,1,1
eccentric,1,-410,499.3161936048438,1,1,1
eccentric,1,-405,499.3245327072237,1,1,1
eccentric,1,-400,499.3328718096037,1,1,1
eccentric,1,-395,499.3412109119836,1,1,1
eccentric,1,-390,499.3495500143636,1,1,1
eccentric,1,-385,499.3578891167435,1,1,1
eccentric,1,-380,499.3662282191235,1,1,1
eccentric,1,-375,499.3745673215035,1,1,1
eccentric,1,-370,499.3829064238835,1,1,1
eccentric,1,-365,499.3912455262633,1,1,1
eccentric,1,-360,499.3995846286433,1,1,1
eccentric,1,-355,499.4079237310233,1,1,1
eccentric,1,-350,499.4162628334032,1,1,1
eccentric,1,-345,499.4246019357832,1,1,1
eccentric,1,-340,499.4329410381632,1,1,1
eccentric,1,-335,499.4412801405431,1,1,1
eccentric,1,-330,499.449619242923,1,1,1
eccentric,1,-325,499.457958345303,1,1,1
eccentric,1,-320,499.466297447683,1,1,1
eccentric,1,-315,499.4746365500629,1,1,1
eccentric,1,-310,499.4829756524429,1,1,1
eccentric,1,-305,499.4913147548228,1,1,1
eccentric,1,-300,499.4996538572028,1,1,1
eccentric,1,-295,499.5079929595827,1,1,1
eccentric,1,-290,499.5163320619627,1,1,1
eccentric,1,-285,499.5246711643426,1,1,1
eccentric,1,-280,499.5330102667226,1,1,1
eccentric,1,-275,499.5413493691025,1,1,1
eccentric,1,-270,499.5496884714825,1,1,1
eccentric,1,-265,499.5580275738625,1,1,1
eccentric,1,-260,499.5663666762424,1,1,1
eccentric,1,-255,499.5747057786223,1,1,1
eccentric,1,-250,499.5830448810023,1,1,1
eccentric,1,-245,499.5913839833823,1,1,1
eccentric,1,-240,499.5997230857622,1,1,1
eccentric,1,-235,499.6080621881422,1,1,1
eccentric,1,-230,499.6164012905222,1,1,1
eccentric,1,-225,499.6247403929021,1,1,1
eccentric,1,-220,499.633079495282,1,1,1
eccentric,1,-215,499.641418597662,1,1,1
eccentric,1,-210,499.649757700042,1,1,1
eccentric,1,-205,499.6580968024219,1,1,1
eccentric,1,-200,499.6664359048019,1,1,1
eccentric,1,-195,499.6747750071818,1,1,1
eccentric,1,-190,499.6831141095618,1,1,1
eccentric,1,-185,499.6914532119417,1,1,1
eccentric,1,-180,499.6997923143217,1,1,1
eccentric,1,-175,499.7081314167016,1,1,1
eccentric,1,-170,499.7164705190816,1,1,1
eccentric,1,-165,499.7248096214615,1,1,1
eccentric,1,-160,499.7331487238415,1,1,1
eccentric,1,-155,499.7414878262214,1,1,1
eccentric,1,-150,499.7498269286014,1,1,1
eccentric,1,-145,499.7581660309813,1,1,1
eccentric,1,-140,499.7665051333613,1,1,1
eccentric,1,-135,499.7748442357413,1,1,1
eccentric,1,-130,499.7831833381212,1,1,1
eccentric,1,-125,499.7915224405012,1,1,1
eccentric,1,-120,499.7998615428811,1,1,1
eccentric,1,-115,499.808200645261,1,1,1
eccentric,1,-110,499.816539747641,1,1,1
eccentric,1,-105,499.824878850021,1,1,1
eccentric,1,-100,499.833217952401,0.9999999999999997,1,0.9999999999999997
eccentric,1,-95,499.8415570547809,0.9999999999996162,1,0.9999999999996162
eccentric,1,-90,499.8498961571609,0.9999999998042468,1,0.9999999998042468
eccentric,1,-85,499.8582352595408,0.9999999560415087,1,0.9999999560415087
eccentric,1,-80,499.8665743619207,0.9999956543435831,1,0.9999956543435831
eccentric,1,-75,499.8749134643007,0.9998108760308677,1,0.9998108760308677
eccentric,1,-70,499.8832525666807,0.9963765994980204,1,0.9963765994980204
eccentric,1,-65,499.8915916690606,0.9694392023357846,1,0.9694392023357846
eccentric,1,-60,499.8999307714406,0.8865272422030234,1,0.8865272422030234
eccentric,1,-55,499.9082698738205,0.8145199888572056,1,0.8145199888572056
eccentric,1,-50,499.9166089762005,0.8665307574749894,1,0.8665307574749894
eccentric,1,-45,499.9249480785804,0.957719135636682,1,0.957719135636682
eccentric,1,-40,499.9332871809603,0.9941036249801979,1,0.9941036249801979
eccentric,1,-35,499.9416262833403,0.999638003045263,1,0.999638003045263
eccentric,1,-30,499.9499653857203,0.9999902162957598,1,0.9999902162957598
eccentric,1,-25,499.9583044881002,0.9999998835926793,1,0.9999998835926793
eccentric,1,-20,499.9666435904802,0.9999999993902724,1,0.9999999993902724
eccentric,1,-15,499.9749826928601,0.999999999998594,1,0.999999999998594
eccentric,1,-10,499.9833217952401,0.9999999999999986,1,0.9999999999999986
eccentric,1,-5,499.99166089762,1,1,1
eccentric,1,0,500,1,1,1
eccentric,1,5,500.00833910238,1,1,1
eccentric,1,10,500.0166782047599,1,1,1
eccentric,1,15,500.0250173071399,0.9999999999999997,0.9999999999999997,1
eccentric,1,20,500.0333564095199,0.9999999999995531,0.9999999999995531,1
eccentric,1,25,500.0416955118998,0.9999999997532446,0.9999999997532446,1
eccentric,1,30,500.0500346142798,0.9999999400137626,0.9999999400137626,1
eccentric,1,35,500.0583737166597,0.999993580293749,0.999993580293749,1
eccentric,1,40,500.0667128190396,0.9996975474364301,0.9996975474364301,1
eccentric,1,45,500.0750519214196,0.9937269613624158,0.9937269613624158,1
eccentric,1,50,500.0833910237995,0.9427233994433247,0.9427233994433247,1
eccentric,1,55,500.0917301261795,0.7697736200697917,0.7697736200697917,1
eccentric,1,60,500.1000692285594,0.5926089212640421,0.5926089212640421,1
eccentric,1,65,500.1084083309394,0.6826441392631963,0.6826441392631963,1
eccentric,1,70,500.1167474333193,0.8911671228063106,0.8911671228063106,1
eccentric,1,75,500.1250865356993,0.9835694433407356,0.9835694433407356,1
eccentric,1,80,500.1334256380793,0.9989079990326883,0.9989079990326883,1
eccentric,1,85,500.1417647404592,0.9999680498907298,0.9999680498907298,1
eccentric,1,90,500.1501038428392,0.9999995884711832,0.9999995884711832,1
eccentric,1,95,500.1584429452192,0.9999999976665057,0.9999999976665057,1
eccentric,1,100,500.1667820475991,0.9999999999941751,0.9999999999941751,1
eccentric,1,105,500.1751211499791,0.9999999999999936,0.9999999999999936,1
eccentric,1,110,500.1834602523589,1,1,1
eccentric,1,115,500.1917993547389,1,1,1
eccentric,1,120,500.2001384571188,1,1,1
eccentric,1,125,500.2084775594988,1,1,1
eccentric,1,130,500.2168166618788,1,1,1
eccentric,1,135,500.2251557642587,1,1,1
eccentric,1,140,500.2334948666387,1,1,1
eccentric,1,145,500.2418339690187,1,1,1
eccentric,1,150,500.2501730713986,1,1,1
eccentric,1,155,500.2585121737786,1,1,1
eccentric,1,160,500.2668512761585,1,1,1
eccentric,1,165,500.2751903785385,1,1,1
eccentric,1,170,500.2835294809185,1,1,1
eccentric,1,175,500.2918685832984,1,1,1
eccentric,1,180,500.3002076856783,1,1,1
eccentric,1,185,500.3085467880583,1,1,1
eccentric,1,190,500.3168858904382,1,1,1
eccentric,1,195,500.3252249928182,1,1,1
eccentric,1,200,500.3335640951981,1,1,1
eccentric,1,205,500.3419031975781,1,1,1
eccentric,1,210,500.350242299958,1,1,1
eccentric,1,215,500.358581402338,1,1,1
eccentric,1,220,500.366920504718,1,1,1
eccentric,1,225,500.3752596070979,1,1,1
eccentric,1,230,500.3835987094779,1,1,1
eccentric,1,235,500.3919378118579,1,1,1
eccentric,1,240,500.4002769142378,1,1,1
eccentric,1,245,500.4086160166178,1,1,1
eccentric,1,250,500.4169551189976,1,1,1
eccentric,1,255,500.4252942213776,1,1,1
eccentric,1,260,500.4336333237576,1,1,1
eccentric,1,265,500.4419724261375,1,1,1
eccentric,1,270,500.4503115285175,1,1,1
eccentric,1,275,500.4586506308975,1,1,1
eccentric,1,280,500.4669897332774,1,1,1
eccentric,1,285,500.4753288356574,1,1,1
eccentric,1,290,500.4836679380373,1,1,1
eccentric,1,295,500.4920070404173,1,1,1
eccentric,1,300,500.5003461427972,1,1,1
eccentric,1,305,500.5086852451772,1,1,1
eccentric,1,310,500.5170243475572,1,1,1
eccentric,1,315,500.5253634499371,1,1,1
eccentric,1,320,500.533702552317,1,1,1
eccentric,1,325,500.542041654697,1,1,1
eccentric,1,330,500.5503807570769,1,1,1
eccentric,1,335,500.5587198594569,1,1,1
eccentric,1,340,500.5670589618368,1,1,1
eccentric,1,345,500.5753980642168,1,1,1
eccentric,1,350,500.5837371665968,1,1,1
eccentric,1,355,500.5920762689767,1,1,1
eccentric,1,360,500.6004153713567,1,1,1
eccentric,1,365,500.6087544737367,1,1,1
eccentric,1,370,500.6170935761166,1,1,1
eccentric,1,375,500.6254326784966,1,1,1
eccentric,1,380,500.6337717808765,1,1,1
eccentric,1,385,500.6421108832565,1,1,1
eccentric,1,390,500.6504499856363,1,1,1
eccentric,1,395,500.6587890880163,1,1,1
eccentric,1,400,500.6671281903963,1,1,1
eccentric,1,405,500.6754672927763,1,1,1
eccentric,1,410,500.6838063951562,1,1,1
eccentric,1,415,500.6921454975362,1,1,1
eccentric,1,420,500.7004845999161,1,1,1
eccentric,1,425,500.7088237022961,1,1,1
eccentric,1,430,500.717162804676,1,1,1
eccentric,1,435,500.725501907056,1,1,1
eccentric,1,440,500.733841009436,1,1,1
eccentric,1,445,500.7421801118159,1,1,1
eccentric,1,450,500.7505192141959,1,1,1
faceon,0,-450,499.2494807858042,1,1,1
faceon,0,-445,499.2578198881841,1,1,1
faceon,0,-440,499.2661589905641,1,1,1
faceon,0,-435,499.274498092944,1,1,1
faceon,0,-430,499.282837195324,1,1,1
faceon,0,-425,499.2911762977039,1,1,1
faceon,0,-420,499.2995154000839,1,1,1
faceon,0,-415,499.3078545024638,1,1,1
faceon,0,-410,499.3161936048438,1,1,1
faceon,0,-405,499.3245327072237,1,1,1
faceon,0,-400,499.3328718096037,1,1,1
faceon,0,-395,499.3412109119836,1,1,1
faceon,0,-390,499.3495500143636,1,1,1
faceon,0,-385,499.3578891167435,1,1,1
faceon,0,-380,499.3662282191235,1,1,1
faceon,0,-375,499.3745673215035,1,1,1
faceon,0,-370,499.3829064238835,1,1,1
faceon,0,-365,499.3912455262633,1,1,1
faceon,0,-360,499.3995846286433,1,1,1
faceon,0,-355,499.4079237310233,1,1,1
faceon,0,-350,499.4162628334032,1,1,1
faceon,0,-345,499.4246019357832,1,1,1
faceon,0,-340,499.4329410381632,1,1,1
faceon,0,-335,499.4412801405431,1,1,1
faceon,0,-330,499.449619242923,1,1,1
faceon,0,-325,499.457958345303,1,1,1
faceon,0,-320,499.466297447683,1,1,1
faceon,0,-315,499.4746365500629,1,1,1
faceon,0,-310,499.4829756524429,1,1,1
faceon,0,-305,499.4913147548228,1,1,1
faceon,0,-300,499.4996538572028,1,1,1
faceon,0,-295,499.5079929595827,1,1,1
faceon,0,-290,499.5163320619627,1,1,1
faceon,0,-285,499.5246711643426,1,1,1
faceon,0,-280,499.5330102667226,1,1,1
faceon,0,-275,499.5413493691025,1,1,1
faceon,0,-270,499.5496884714825,1,1,1
faceon,0,-265,499.5580275738625,1,1,1
faceon,0,-260,499.5663666762424,1,1,1
faceon,0,-255,499.5747057786223,1,1,1
faceon,0,-250,499.5830448810023,1,1,1
faceon,0,-245,499.5913839833823,1,1,1
faceon,0,-240,499.5997230857622,1,1,1
faceon,0,-235,499.6080621881422,1,1,1
faceon,0,-230,499.6164012905222,1,1,1
faceon,0,-225,499.6247403929021,1,1,1
faceon,0,-220,499.633079495282,1,1,1
faceon,0,-215,499.641418597662,1,1,1
faceon,0,-210,499.649757700042,1,1,1
faceon,0,-205,499.6580968024219,1,1,1
faceon,0,-200,499.6664359048019,1,1,1
faceon,0,-195,499.6747750071818,1,1,1
faceon,0,-190,499.6831141095618,1,1,1
faceon,0,-185,499.6914532119417,1,1,1
faceon,0,-180,499.6997923143217,1,1,1
faceon,0,-175,499.7081314167016,1,1,1
faceon,0,-170,499.7164705190816,1,1,1
faceon,0,-165,499.7248096214615,1,1,1
faceon,0,-160,499.7331487238415,1,1,1
faceon,0,-155,499.7414878262214,1,1,1
faceon,0,-150,499.7498269286014,1,1,1
faceon,0,-145,499.7581660309813,1,1,1
faceon,0,-140,499.7665051333613,1,1,1
faceon,0,-135,499.7748442357413,1,1,1
faceon,0,-130,499.7831833381212,1,1,1
faceon,0,-125,499.7915224405012,1,1,1
faceon,0,-120,499.7998615428811,1,1,1
faceon,0,-115,499.808200645261,1,1,1
faceon,0,-110,499.816539747641,1,1,1
faceon,0,-105,499.824878850021,1,1,1
faceon,0,-100,499.833217952401,1,1,1
faceon,0,-95,499.8415570547809,1,1,1
faceon,0,-90,499.8498961571609,1,1,1
faceon,0,-85,499.8582352595408,1,1,1
faceon,0,-80,499.8665743619207,1,1,1
faceon,0,-75,499.8749134643007,1,1,1
faceon,0,-70,499.8832525666807,1,1,1
faceon,0,-65,499.8915916690606,1,1,1
faceon,0,-60,499.8999307714406,1,1,1
faceon,0,-55,499.9082698738205,1,1,1
faceon,0,-50,499.9166089762005,1,1,1
faceon,0,-45,499.9249480785804,1,1,1
faceon,0,-40,499.9332871809603,1,1,1
faceon,0,-35,499.9416262833403,1,1,1
faceon,0,-30,499.9499653857203,1,1,1
faceon,0,-25,499.9583044881002,0.9999999999999978,0.9999999999999986,0.9999999999999992
faceon,0,-20,499.9666435904802,0.9999999999976237,0.9999999999984669,0.9999999999991568
faceon,0,-15,499.9749826928601,0.9999999988823113,0.9999999992789105,0.9999999996034008
faceon,0,-10,499.9833217952401,0.9999997685750882,0.9999998506936053,0.9999999178814829
faceon,0,-5,499.99166089762,0.9999789050780814,0.9999863903729558,0.9999925147051256
faceon,0,0,500,0.9991535051570368,0.9994538742948624,0.9996996308621744
faceon,0,5,500.00833910238,0.9850462784296157,0.9903524376965263,0.9946938407330894
faceon,0,10,500.0166782047599,0.8837071958999932,0.9249723844516086,0.9587348114483847
faceon,0,15,500.0250173071399,0.6018607683347739,0.7431359795708219,0.858724788763952
faceon,0,20,500.0333564095199,0.3999386088600133,0.6128636186193634,0.7870749902406499
faceon,0,25,500.0416955118998,0.6018607683347739,0.7431359795708219,0.858724788763952
faceon,0,30,500.0500346142798,0.8837071958999932,0.9249723844516086,0.9587348114483847
faceon,0,35,500.0583737166597,0.9850462784296157,0.9903524376965263,0.9946938407330894
faceon,0,40,500.0667128190396,0.9991535051570368,0.9994538742948624,0.9996996308621744
faceon,0,45,500.0750519214196,0.9999789050780814,0.9999863903729558,0.9999925147051256
faceon,0,50,500.0833910237995,0.9999997685750882,0.9999998506936053,0.9999999178814829
faceon,0,55,500.0917301261795,0.9999999988823113,0.9999999992789105,0.9999999996034008
faceon,0,60,500.1000692285594,0.9999999999976237,0.9999999999984669,0.9999999999991568
faceon,0,65,500.1084083309394,0.9999999999999978,0.9999999999999986,0.9999999999999992
faceon,0,70,500.1167474333193,1,1,1
faceon,0,75,500.1250865356993,1,1,1
faceon,0,80,500.1334256380793,1,1,1
faceon,0,85,500.1417647404592,1,1,1
faceon,0,90,500.1501038428392,1,1,1
faceon,0,95,500.1584429452192,1,1,1
faceon,0,100,500.1667820475991,1,1,1
faceon,0,105,500.1751211499791,1,1,1
faceon,0,110,500.1834602523589,1,1,1
faceon,0,115,500.1917993547389,1,1,1
faceon,0,120,500.2001384571188,1,1,1
faceon,0,125,500.2084775594988,1,1,1
faceon,0,130,500.2168166618788,1,1,1
faceon,0,135,500.2251557642587,1,1,1
faceon,0,140,500.2334948666387,1,1,1
faceon,0,145,500.2418339690187,1,1,1
faceon,0,150,500.2501730713986,1,1,1
faceon,0,155,500.2585121737786,1,1,1
faceon,0,160,500.2668512761585,1,1,1
faceon,0,165,500.2751903785385,1,1,1
faceon,0,170,500.2835294809185,1,1,1
faceon,0,175,500.2918685832984,1,1,1
faceon,0,180,500.3002076856783,1,1,1
faceon,0,185,500.3085467880583,1,1,1
faceon,0,190,500.3168858904382,1,1,1
faceon,0,195,500.3252249928182,1,1,1
faceon,0,200,500.3335640951981,1,1,1
faceon,0,205,500.3419031975781,1,1,1
faceon,0,210,500.350242299958,1,1,1
faceon,0,215,500.358581402338,1,1,1
faceon,0,220,500.366920504718,1,1,1
faceon,0,225,500.3752596070979,1,1,1
faceon,0,230,500.3835987094779,1,1,1
faceon,0,235,500.3919378118579,1,1,1
faceon,0,240,500.4002769142378,1,1,1
faceon,0,245,500.4086160166178,1,1,1
faceon,0,250,500.4169551189976,1,1,1
faceon,0,255,500.4252942213776,1,1,1
faceon,0,260,500.4336333237576,1,1,1
faceon,0,265,500.4419724261375,1,1,1
faceon,0,270,500.4503115285175,1,1,1
faceon,0,275,500.4586506308975,1,1,1
faceon,0,280,500.4669897332774,1,1,1
faceon,0,285,500.4753288356574,1,1,1
faceon,0,290,500.4836679380373,1,1,1
faceon,0,295,500.4920070404173,1,1,1
faceon,0,300,500.5003461427972,1,1,1
faceon,0,305,500.5086852451772,1,1,1
faceon,0,310,500.5170243475572,1,1,1
faceon,0,315,500.5253634499371,1,1,1
faceon,0,320,500.533702552317,1,1,1
faceon,0,325,500.542041654697,1,1,1
faceon,0,330,500.5503807570769,1,1,1
faceon,0,335,500.5587198594569,1,1,1
faceon,0,340,500.5670589618368,1,1,1
faceon,0,345,500.5753980642168,1,1,1
faceon,0,350,500.5837371665968,1,1,1
faceon,0,355,500.5920762689767,1,1,1
faceon,0,360,500.6004153713567,1,1,1
faceon,0,365,500.6087544737367,1,1,1
faceon,0,370,500.6170935761166,1,1,1
faceon,0,375,500.6254326784966,1,1,1
faceon,0,380,500.6337717808765,1,1,1
faceon,0,385,500.6421108832565,1,1,1
faceon,0,390,500.6504499856363,1,1,1
faceon,0,395,500.6587890880163,1,1,1
faceon,0,400,500.6671281903963,1,1,1
faceon,0,405,500.6754672927763,1,1,1
faceon,0,410,500.6838063951562,1,1,1
faceon,0,415,500.6921454975362,1,1,1
faceon,0,420,500.7004845999161,1,1,1
faceon,0,425,500.7088237022961,1,1,1
faceon,0,430,500.717162804676,1,1,1
faceon,0,435,500.725501907056,1,1,1
faceon,0,440,500.733841009436,1,1,1
faceon,0,445,500.7421801118159,1,1,1
faceon,0,450,500.7505192141959,1,1,1
faceon,0.07000000000000001,-450,499.2494807858042,1,1,1
faceon,0.07000000000000001,-445,499.2578198881841,1,1,1
faceon,0.07000000000000001,-440,499.2661589905641,1,1,1
faceon,0.07000000000000001,-435,499.274498092944,1,1,1
faceon,0.07000000000000001,-430,499.282837195324,1,1,1
faceon,0.07000000000000001,-425,499.2911762977039,1,1,1
faceon,0.07000000000000001,-420,499.2995154000839,1,1,1
faceon,0.07000000000000001,-415,499.3078545024638,1,1,1
faceon,0.07000000000000001,-410,499.3161936048438,1,1,1
faceon,0.07000000000000001,-405,499.3245327072237,1,1,1
faceon,0.07000000000000001,-400,499.3328718096037,1,1,1
faceon,0.07000000000000001,-395,499.3412109119836,1,1,1
faceon,0.07000000000000001,-390,499.3495500143636,1,1,1
faceon,0.07000000000000001,-385,499.3578891167435,1,1,1
faceon,0.07000000000000001,-380,499.3662282191235,1,1,1
faceon,0.07000000000000001,-375,499.3745673215035,1,1,1
faceon,0.07000000000000001,-370,499.3829064238835,1,1,1
faceon,0.07000000000000001,-365,499.3912455262633,1,1,1
faceon,0.07000000000000001,-360,499.3995846286433,1,1,1
faceon,0.07000000000000001,-355,499.4079237310233,1,1,1
faceon,0.07000000000000001,-350,499.4162628334032,1,1,1
faceon,0.07000000000000001,-345,499.4246019357832,1,1,1
faceon,0.07000000000000001,-340,499.4329410381632,1,1,1
faceon,0.07000000000000001,-335,499.4412801405431,1,1,1
faceon,0.07000000000000001,-330,499.449619242923,1,1,1
faceon,0.07000000000000001,-325,499.457958345303,1,1,1
faceon,0.07000000000000001,-320,499.466297447683,1,1,1
faceon,0.07000000000000001,-315,499.4746365500629,1,1,1
faceon,0.07000000000000001,-310,499.4829756524429,1,1,1
faceon,0.07000000000000001,-305,499.4913147548228,1,1,1
faceon,0.07000000000000001,-300,499.4996538572028,1,1,1
faceon,0.07000000000000001,-295,499.5079929595827,1,1,1
faceon,0.07000000000000001,-290,499.5163320619627,1,1,1
faceon,0.07000000000000001,-285,499.5246711643426,1,1,1
faceon,0.07000000000000001,-280,499.5330102667226,1,1,1
faceon,0.07000000000000001,-275,499.5413493691025,1,1,1
faceon,0.07000000000000001,-270,499.5496884714825,1,1,1
faceon,0.07000000000000001,-265,499.5580275738625,1,1,1
faceon,0.07000000000000001,-260,499.5663666762424,1,1,1
faceon,0.07000000000000001,-255,499.5747057786223,1,1,1
faceon,0.07000000000000001,-250,499.5830448810023,1,1,1
faceon,0.07000000000000001,-245,499.5913839833823,1,1,1
faceon,0.07000000000000001,-240,499.5997230857622,1,1,1
faceon,0.07000000000000001,-235,499.6080621881422,1,1,1
faceon,0.07000000000000001,-230,499.6164012905222,1,1,1
faceon,0.07000000000000001,-225,499.6247403929021,1,1,1
faceon,0.07000000000000001,-220,499.633079495282,1,1,1
faceon,0.07000000000000001,-215,499.641418597662,1,1,1
faceon,0.07000000000000001,-210,499.649757700042,1,1,1
faceon,0.07000000000000001,-205,499.6580968024219,1,1,1
faceon,0.07000000000000001,-200,499.6664359048019,1,1,1
faceon,0.07000000000000001,-195,499.6747750071818,1,1,1
faceon,0.07000000000000001,-190,499.6831141095618,1,1,1
faceon,0.07000000000000001,-185,499.6914532119417,1,1,1
faceon,0.07000000000000001,-180,499.6997923143217,1,1,1
faceon,0.07000000000000001,-175,499.7081314167016,1,1,1
faceon,0.07000000000000001,-170,499.7164705190816,1,1,1
faceon,0.07000000000000001,-165,499.7248096214615,1,1,1
faceon,0.07000000000000001,-160,499.7331487238415,1,1,1
faceon,0.07000000000000001,-155,499.7414878262214,1,1,1
faceon,0.07000000000000001,-150,499.7498269286014,1,1,1
faceon,0.07000000000000001,-145,499.7581660309813,1,1,1
faceon,0.07000000000000001,-140,499.7665051333613,1,1,1
faceon,0.07000000000000001,-135,499.7748442357413,1,1,1
faceon,0.07000000000000001,-130,499.7831833381212,1,1,1
faceon,0.07000000000000001,-125,499.7915224405012,1,1,1
faceon,0.07000000000000001,-120,499.7998615428811,1,1,1
faceon,0.07000000000000001,-115,499.808200645261,1,1,1
faceon,0.07000000000000001,-110,499.816539747641,1,1,1
faceon,0.07000000000000001,-105,499.824878850021,1,1,1
faceon,0.07000000000000001,-100,499.833217952401,1,1,1
faceon,0.07000000000000001,-95,499.8415570547809,1,1,1
faceon,0.07000000000000001,-90,499.8498961571609,1,1,1
faceon,0.07000000000000001,-85,499.8582352595408,1,1,1
faceon,0.07000000000000001,-80,499.8665743619207,1,1,1
faceon,0.07000000000000001,-75,499.8749134643007,1,1,1
faceon,0.07000000000000001,-70,499.8832525666807,1,1,1
faceon,0.07000000000000001,-65,499.8915916690606,1,1,1
faceon,0.07000000000000001,-60,499.8999307714406,1,1,1
faceon,0.07000000000000001,-55,499.9082698738205,1,1,1
faceon,0.07000000000000001,-50,499.9166089762005,1,1,1
faceon,0.07000000000000001,-45,499.9249480785804,1,1,1
faceon,0.07000000000000001,-40,499.9332871809603,1,1,1
faceon,0.07000000000000001,-35,499.9416262833403,1,1,1
faceon,0.07000000000000001,-30,499.9499653857203,1,1,1
faceon,0.07000000000000001,-25,499.9583044881002,0.9999999999999978,0.9999999999999986,0.9999999999999992
faceon,0.07000000000000001,-20,499.9666435904802,0.9999999999976237,0.9999999999984669,0.9999999999991568
faceon,0.07000000000000001,-15,499.9749826928601,0.9999999988823113,0.9999999992789105,0.9999999996034008
faceon,0.07000000000000001,-10,499.9833217952401,0.9999997685750882,0.9999998506936053,0.9999999178814829
faceon,0.07000000000000001,-5,499.99166089762,0.9999789050780814,0.9999863903729558,0.9999925147051256
faceon,0.07000000000000001,0,500,0.9991535051570368,0.9994538742948624,0.9996996308621744
faceon,0.07000000000000001,5,500.00833910238,0.9850462784296157,0.9903524376965263,0.9946938407330894
faceon,0.07000000000000001,10,500.0166782047599,0.8837071958999932,0.9249723844516086,0.9587348114483847
faceon,0.07000000000000001,15,500.0250173071399,0.6018607683347739,0.7431359795708219,0.858724788763952
faceon,0.07000000000000001,20,500.0333564095199,0.3999386088600133,0.6128636186193634,0.7870749902406499
faceon,0.07000000000000001,25,500.0416955118998,0.6018607683347739,0.7431359795708219,0.858724788763952
faceon,0.07000000000000001,30,500.0500346142798,0.8837071958999932,0.9249723844516086,0.9587348114483847
faceon,0.07000000000000001,35,500.0583737166597,0.9850462784296157,0.9903524376965263,0.9946938407330894
faceon,0.07000000000000001,40,500.0667128190396,0.9991535051570368,0.9994538742948624,0.9996996308621744
faceon,0.07000000000000001,45,500.0750519214196,0.9999789050780814,0.9999863903729558,0.9999925147051256
faceon,0.07000000000000001,50,500.0833910237995,0.9999997685750882,0.9999998506936053,0.9999999178814829
faceon,0.07000000000000001,55,500.0917301261795,0.9999999988823113,0.9999999992789105,0.9999999996034008
faceon,0.07000000000000001,60,500.1000692285594,0.9999999999976237,0.9999999999984669,0.9999999999991568
faceon,0.07000000000000001,65,500.1084083309394,0.9999999999999978,0.9999999999999986,0.9999999999999992
faceon,0.07000000000000001,70,500.1167474333193,1,1,1
faceon,0.07000000000000001,75,500.1250865356993,1,1,1
faceon,0.07000000000000001,80,500.1334256380793,1,1,1
faceon,0.07000000000000001,85,500.1417647404592,1,1,1
faceon,0.07000000000000001,90,500.1501038428392,1,1,1
faceon,0.07000000000000001,95,500.1584429452192,1,1,1
faceon,0.07000000000000001,100,500.1667820475991,1,1,1
faceon,0.07000000000000001,105,500.1751211499791,1,1,1
faceon,0.07000000000000001,110,500.1834602523589,1,1,1
faceon,0.07000000000000001,115,500.1917993547389,1,1,1
faceon,0.07000000000000001,120,500.2001384571188,1,1,1
faceon,0.07000000000000001,125,500.2084775594988,1,1,1
faceon,0.07000000000000001,130,500.2168166618788,1,1,1
faceon,0.07000000000000001,135,500.2251557642587,1,1,1
faceon,0.07000000000000001,140,500.2334948666387,1,1,1
faceon,0.07000000000000001,145,500.2418339690187,1,1,1
faceon,0.07000000000000001,150,500.2501730713986,1,1,1
faceon,0.07000000000000001,155,500.2585121737786,1,1,1
faceon,0.07000000000000001,160,500.2668512761585,1,1,1
faceon,0.07000000000000001,165,500.2751903785385,1,1,1
faceon,0.07000000000000001,170,500.2835294809185,1,1,1
faceon,0.07000000000000001,175,500.2918685832984,1,1,1
faceon,0.07000000000000001,180,500.3002076856783,1,1,1
faceon,0.07000000000000001,185,500.3085467880583,1,1,1
faceon,0.07000000000000001,190,500.3168858904382,1,1,1
faceon,0.07000000000000001,195,500.3252249928182,1,1,1
faceon,0.07000000000000001,200,500.3335640951981,1,1,1
faceon,0.07000000000000001,205,500.3419031975781,1,1,1
faceon,0.07000000000000001,210,500.350242299958,1,1,1
faceon,0.07000000000000001,215,500.358581402338,1,1,1
faceon,0.07000000000000001,220,500.366920504718,1,1,1
faceon,0.07000000000000001,225,500.3752596070979,1,1,1
faceon,0.07000000000000001,230,500.3835987094779,1,1,1
faceon,0.07000000000000001,235,500.3919378118579,1,1,1
faceon,0.07000000000000001,240,500.4002769142378,1,1,1
faceon,0.07000000000000001,245,500.4086160166178,1,1,1
faceon,0.07000000000000001,250,500.4169551189976,1,1,1
faceon,0.07000000000000001,255,500.4252942213776,1,1,1
faceon,0.07000000000000001,260,500.4336333237576,1,1,1
faceon,0.07000000000000001,265,500.4419724261375,1,1,1
faceon,0.07000000000000001,270,500.4503115285175,1,1,1
faceon,0.07000000000000001,275,500.4586506308975,1,1,1
faceon,0.07000000000000001,280,500.4669897332774,1,1,1
faceon,0.07000000000000001,285,500.4753288356574,1,1,1
faceon,0.07000000000000001,290,500.4836679380373,1,1,1
faceon,0.07000000000000001,295,500.4920070404173,1,1,1
faceon,0.07000000000000001,300,500.5003461427972,1,1,1
faceon,0.07000000000000001,305,500.5086852451772,1,1,1
faceon,0.07000000000000001,310,500.5170243475572,1,1,1
faceon,0.07000000000000001,315,500.5253634499371,1,1,1
faceon,0.07000000000000001,320,500.533702552317,1,1,1
faceon,0.07000000000000001,325,500.542041654697,1,1,1
faceon,0.07000000000000001,330,500.5503807570769,1,1,1
faceon,0.07000000000000001,335,500.5587198594569,1,1,1
faceon,0.07000000000000001,340,500.5670589618368,1,1,1
faceon,0.07000000000000001,345,500.5753980642168,1,1,1
faceon,0.07000000000000001,350,500.5837371665968,1,1,1
faceon,0.07000000000000001,355,500.5920762689767,1,1,1
faceon,0.07000000000000001,360,500.6004153713567,1,1,1
faceon,0.07000000000000001,365,500.6087544737367,1,1,1
faceon,0.07000000000000001,370,500.6170935761166,1,1,1
faceon,0.07000000000000001,375,500.6254326784966,1,1,1
faceon,0.07000000000000001,380,500.6337717808765,1,1,1
faceon,0.07000000000000001,385,500.6421108832565,1,1,1
faceon,0.07000000000000001,390,500.6504499856363,1,1,1
faceon,0.07000000000000001,395,500.6587890880163,1,1,1
faceon,0.07000000000000001,400,500.6671281903963,1,1,1
faceon,0.07000000000000001,405,500.6754672927763,1,1,1
faceon,0.07000000000000001,410,500.6838063951562,1,1,1
faceon,0.07000000000000001,415,500.6921454975362,1,1,1
faceon,0.07000000000000001,420,500.7004845999161,1,1,1
faceon,0.07000000000000001,425,500.7088237022961,1,1,1
faceon,0.07000000000000001,430,500.717162804676,1,1,1
faceon,0.07000000000000001,435,500.725501907056,1,1,1
faceon,0.07000000000000001,440,500.733841009436,1,1,1
faceon,0.07000000000000001,445,500.7421801118159,1,1,1
faceon,0.07000000000000001,450,500.7505192141959,1,1,1
faceon,0.25,-450,499.2494807858042,1,1,1
faceon,0.25,-445,499.2578198881841,1,1,1
faceon,0.25,-440,499.2661589905641,1,1,1
faceon,0.25,-435,499.274498092944,1,1,1
faceon,0.25,-430,499.282837195324,1,1,1
faceon,0.25,-425,499.2911762977039,1,1,1
faceon,0.25,-420,499.2995154000839,1,1,1
faceon,0.25,-415,499.3078545024638,1,1,1
faceon,0.25,-410,499.3161936048438,1,1,1
faceon,0.25,-405,499.3245327072237,1,1,1
faceon,0.25,-400,499.3328718096037,1,1,1
faceon,0.25,-395,499.3412109119836,1,1,1
faceon,0.25,-390,499.3495500143636,1,1,1
faceon,0.25,-385,499.3578891167435,1,1,1
faceon,0.25,-380,499.3662282191235,1,1,1
faceon,0.25,-375,499.3745673215035,1,1,1
faceon,0.25,-370,499.3829064238835,1,1,1
faceon,0.25,-365,499.3912455262633,1,1,1
faceon,0.25,-360,499.3995846286433,1,1,1
faceon,0.25,-355,499.4079237310233,1,1,1
faceon,0.25,-350,499.4162628334032,1,1,1
faceon,0.25,-345,499.4246019357832,1,1,1
faceon,0.25,-340,499.4329410381632,1,1,1
faceon,0.25,-335,499.4412801405431,1,1,1
faceon,0.25,-330,499.449619242923,1,1,1
faceon,0.25,-325,499.457958345303,1,1,1
faceon,0.25,-320,499.466297447683,1,1,1
faceon,0.25,-315,499.4746365500629,1,1,1
faceon,0.25,-310,499.4829756524429,1,1,1
faceon,0.25,-305,499.4913147548228,1,1,1
faceon,0.25,-300,499.4996538572028,1,1,1
faceon,0.25,-295,499.5079929595827,1,1,1
faceon,0.25,-290,499.5163320619627,1,1,1
faceon,0.25,-285,499.5246711643426,1,1,1
faceon,0.25,-280,499.5330102667226,1,1,1
faceon,0.25,-275,499.5413493691025,1,1,1
faceon,0.25,-270,499.5496884714825,1,1,1
faceon,0.25,-265,499.5580275738625,1,1,1
faceon,0.25,-260,499.5663666762424,1,1,1
faceon,0.25,-255,499.5747057786223,1,1,1
faceon,0.25,-250,499.5830448810023,1,1,1
faceon,0.25,-245,499.5913839833823,1,1,1
faceon,0.25,-240,499.5997230857622,1,1,1
faceon,0.25,-235,499.6080621881422,1,1,1
faceon,0.25,-230,499.6164012905222,1,1,1
faceon,0.25,-225,499.6247403929021,1,1,1
faceon,0.25,-220,499.633079495282,1,1,1
faceon,0.25,-215,499.641418597662,1,1,1
faceon,0.25,-210,499.649757700042,1,1,1
faceon,0.25,-205,499.6580968024219,1,1,1
faceon,0.25,-200,499.6664359048019,1,1,1
faceon,0.25,-195,499.6747750071818,1,1,1
faceon,0.25,-190,499.6831141095618,1,1,1
faceon,0.25,-185,499.6914532119417,1,1,1
faceon,0.25,-180,499.6997923143217,1,1,1
faceon,0.25,-175,499.7081314167016,1,1,1
faceon,0.25,-170,499.7164705190816,1,1,1
faceon,0.25,-165,499.7248096214615,1,1,1
faceon,0.25,-160,499.7331487238415,1,1,1
faceon,0.25,-155,499.7414878262214,1,1,1
faceon,0.25,-150,499.7498269286014,1,1,1
faceon,0.25,-145,499.7581660309813,1,1,1
faceon,0.25,-140,499.7665051333613,1,1,1
faceon,0.25,-135,499.7748442357413,1,1,1
faceon,0.25,-130,499.7831833381212,1,1,1
faceon,0.25,-125,499.7915224405012,1,1,1
faceon,0.25,-120,499.7998615428811,1,1,1
faceon,0.25,-115,499.808200645261,1,1,1
faceon,0.25,-110,499.816539747641,1,1,1
faceon,0.25,-105,499.824878850021,1,1,1
faceon,0.25,-100,499.833217952401,1,1,1
faceon,0.25,-95,499.8415570547809,1,1,1
faceon,0.25,-90,499.8498961571609,1,1,1
faceon,0.25,-85,499.8582352595408,1,1,1
faceon,0.25,-80,499.8665743619207,1,1,1
faceon,0.25,-75,499.8749134643007,1,1,1
faceon,0.25,-70,499.8832525666807,1,1,1
faceon,0.25,-65,499.8915916690606,1,1,1
faceon,0.25,-60,499.8999307714406,1,1,1
faceon,0.25,-55,499.9082698738205,1,1,1
faceon,0.25,-50,499.9166089762005,1,1,1
faceon,0.25,-45,499.9249480785804,1,1,1
faceon,0.25,-40,499.9332871809603,1,1,1
faceon,0.25,-35,499.9416262833403,1,1,1
faceon,0.25,-30,499.9499653857203,1,1,1
faceon,0.25,-25,499.9583044881002,0.9999999999999978,0.9999999999999986,0.9999999999999992
faceon,0.25,-20,499.9666435904802,0.9999999999976237,0.9999999999984669,0.9999999999991568
faceon,0.25,-15,499.9749826928601,0.9999999988823113,0.9999999992789105,0.9999999996034008
faceon,0.25,-10,499.9833217952401,0.9999997685750882,0.9999998506936053,0.9999999178814829
faceon,0.25,-5,499.99166089762,0.9999789050780814,0.9999863903729558,0.9999925147051256
faceon,0.25,0,500,0.9991535051570368,0.9994538742948624,0.9996996308621744
faceon,0.25,5,500.00833910238,0.9850462784296157,0.9903524376965263,0.9946938407330894
faceon,0.25,10,500.0166782047599,0.8837071958999932,0.9249723844516086,0.9587348114483847
faceon,0.25,15,500.0250173071399,0.6018607683347739,0.7431359795708219,0.858724788763952
faceon,0.25,20,500.0333564095199,0.3999386088600133,0.6128636186193634,0.7870749902406499
faceon,0.25,25,500.0416955118998,0.6018607683347739,0.7431359795708219,0.858724788763952
faceon,0.25,30,500.0500346142798,0.8837071958999932,0.9249723844516086,0.9587348114483847
faceon,0.25,35,500.0583737166597,0.9850462784296157,0.9903524376965263,0.9946938407330894
faceon,0.25,40,500.0667128190396,0.9991535051570368,0.9994538742948624,0.9996996308621744
faceon,0.25,45,500.0750519214196,0.9999789050780814,0.9999863903729558,0.9999925147051256
faceon,0.25,50,500.0833910237995,0.9999997685750882,0.9999998506936053,0.9999999178814829
faceon,0.25,55,500.0917301261795,0.9999999988823113,0.9999999992789105,0.9999999996034008
faceon,0.25,60,500.1000692285594,0.9999999999976237,0.9999999999984669,0.9999999999991568
faceon,0.25,65,500.1084083309394,0.9999999999999978,0.9999999999999986,0.9999999999999992
faceon,0.25,70,500.1167474333193,1,1,1
faceon,0.25,75,500.1250865356993,1,1,1
faceon,0.25,80,500.1334256380793,1,1,1
faceon,0.25,85,500.1417647404592,1,1,1
faceon,0.25,90,500.1501038428392,1,1,1
faceon,0.25,95,500.1584429452192,1,1,1
faceon,0.25,100,500.1667820475991,1,1,1
faceon,0.25,105,500.1751211499791,1,1,1
faceon,0.25,110,500.1834602523589,1,1,1
faceon,0.25,115,500.1917993547389,1,1,1
faceon,0.25,120,500.2001384571188,1,1,1
faceon,0.25,125,500.2084775594988,1,1,1
faceon,0.25,130,500.2168166618788,1,1,1
faceon,0.25,135,500.2251557642587,1,1,1
faceon,0.25,140,500.2334948666387,1,1,1
faceon,0.25,145,500.2418339690187,1,1,1
faceon,0.25,150,500.2501730713986,1,1,1
faceon,0.25,155,500.2585121737786,1,1,1
faceon,0.25,160,500.2668512761585,1,1,1
faceon,0.25,165,500.2751903785385,1,1,1
faceon,0.25,170,500.2835294809185,1,1,1
faceon,0.25,175,500.2918685832984,1,1,1
faceon,0.25,180,500.3002076856783,1,1,1
faceon,0.25,185,500.3085467880583,1,1,1
faceon,0.25,190,500.3168858904382,1,1,1
faceon,0.25,195,500.3252249928182,1,1,1
faceon,0.25,200,500.3335640951981,1,1,1
faceon,0.25,205,500.3419031975781,1,1,1
faceon,0.25,210,500.350242299958,1,1,1
faceon,0.25,215,500.358581402338,1,1,1
faceon,0.25,220,500.366920504718,1,1,1
faceon,0.25,225,500.3752596070979,1,1,1
faceon,0.25,230,500.3835987094779,1,1,1
faceon,0.25,235,500.3919378118579,1,1,1
faceon,0.25,240,500.4002769142378,1,1,1
faceon,0.25,245,500.4086160166178,1,1,1
faceon,0.25,250,500.4169551189976,1,1,1
faceon,0.25,255,500.4252942213776,1,1,1
faceon,0.25,260,500.4336333237576,1,1,1
faceon,0.25,265,500.4419724261375,1,1,1
faceon,0.25,270,500.4503115285175,1,1,1
faceon,0.25,275,500.4586506308975,1,1,1
faceon,0.25,280,500.4669897332774,1,1,1
faceon,0.25,285,500.4753288356574,1,1,1
faceon,0.25,290,500.4836679380373,1,1,1
faceon,0.25,295,500.4920070404173,1,1,1
faceon,0.25,300,500.5003461427972,1,1,1
faceon,0.25,305,500.5086852451772,1,1,1
faceon,0.25,310,500.5170243475572,1,1,1
faceon,0.25,315,500.5253634499371,1,1,1
faceon,0.25,320,500.533702552317,1,1,1
faceon,0.25,325,500.542041654697,1,1,1
faceon,0.25,330,500.5503807570769,1,1,1
faceon,0.25,335,500.5587198594569,1,1,1
faceon,0.25,340,500.5670589618368,1,1,1
faceon,0.25,345,500.5753980642168,1,1,1
faceon,0.25,350,500.5837371665968,1,1,1
faceon,0.25,355,500.5920762689767,1,1,1
faceon,0.25,360,500.6004153713567,1,1,1
faceon,0.25,365,500.6087544737367,1,1,1
faceon,0.25,370,500.6170935761166,1,1,1
faceon,0.25,375,500.6254326784966,1,1,1
faceon,0.25,380,500.6337717808765,1,1,1
faceon,0.25,385,500.6421108832565,1,1,1
faceon,0.25,390,500.6504499856363,1,1,1
faceon,0.25,395,500.6587890880163,1,1,1
faceon,0.25,400,500.6671281903963,1,1,1
faceon,0.25,405,500.6754672927763,1,1,1
faceon,0.25,410,500.6838063951562,1,1,1
faceon,0.25,415,500.6921454975362,1,1,1
faceon,0.25,420,500.7004845999161,1,1,1
faceon,0.25,425,500.7088237022961,1,1,1
faceon,0.25,430,500.717162804676,1,1,1
faceon,0.25,435,500.725501907056,1,1,1
faceon,0.25,440,500.733841009436,1,1,1
faceon,0.25,445,500.7421801118159,1,1,1
faceon,0.25,450,500.7505192141959,1,1,1
faceon,0.5,-450,499.2494807858042,1,1,1
faceon,0.5,-445,499.2578198881841,1,1,1
faceon,0.5,-440,499.2661589905641,1,1,1
faceon,0.5,-435,499.274498092944,1,1,1
faceon,0.5,-430,499.282837195324,1,1,1
faceon,0.5,-425,499.2911762977039,1,1,1
faceon,0.5,-420,499.2995154000839,1,1,1
faceon,0.5,-415,499.3078545024638,1,1,1
faceon,0.5,-410,499.3161936048438,1,1,1
faceon,0.5,-405,499.3245327072237,1,1,1
faceon,0.5,-400,499.3328718096037,1,1,1
faceon,0.5,-395,499.3412109119836,1,1,1
faceon,0.5,-390,499.3495500143636,1,1,1
faceon,0.5,-385,499.3578891167435,1,1,1
faceon,0.5,-380,499.3662282191235,1,1,1
faceon,0.5,-375,499.3745673215035,1,1,1
faceon,0.5,-370,499.3829064238835,1,1,1
faceon,0.5,-365,499.3912455262633,1,1,1
faceon,0.5,-360,499.3995846286433,1,1,1
faceon,0.5,-355,499.4079237310233,1,1,1
faceon,0.5,-350,499.4162628334032,1,1,1
faceon,0.5,-345,499.4246019357832,1,1,1
faceon,0.5,-340,499.4329410381632,1,1,1
faceon,0.5,-335,499.4412801405431,1,1,1
faceon,0.5,-330,499.449619242923,1,1,1
faceon,0.5,-325,499.457958345303,1,1,1
faceon,0.5,-320,499.466297447683,1,1,1
faceon,0.5,-315,499.4746365500629,1,1,1
faceon,0.5,-310,499.4829756524429,1,1,1
faceon,0.5,-305,499.4913147548228,1,1,1
faceon,0.5,-300,499.4996538572028,1,1,1
faceon,0.5,-295,499.5079929595827,1,1,1
faceon,0.5,-290,499.5163320619627,1,1,1
faceon,0.5,-285,499.5246711643426,1,1,1
faceon,0.5,-280,499.5330102667226,1,1,1
faceon,0.5,-275,499.5413493691025,1,1,1
faceon,0.5,-270,499.5496884714825,1,1,1
faceon,0.5,-265,499.5580275738625,1,1,1
faceon,0.5,-260,499.5663666762424,1,1,1
faceon,0.5,-255,499.5747057786223,1,1,1
faceon,0.5,-250,499.5830448810023,1,1,1
faceon,0.5,-245,499.5913839833823,1,1,1
faceon,0.5,-240,499.5997230857622,1,1,1
faceon,0.5,-235,499.6080621881422,1,1,1
faceon,0.5,-230,499.6164012905222,1,1,1
faceon,0.5,-225,499.6247403929021,1,1,1
faceon,0.5,-220,499.633079495282,1,1,1
faceon,0.5,-215,499.641418597662,1,1,1
faceon,0.5,-210,499.649757700042,1,1,1
faceon,0.5,-205,499.6580968024219,1,1,1
faceon,0.5,-200,499.6664359048019,1,1,1
faceon,0.5,-195,499.6747750071818,1,1,1
faceon,0.5,-190,499.6831141095618,1,1,1
faceon,0.5,-185,499.6914532119417,1,1,1
faceon,0.5,-180,499.6997923143217,1,1,1
faceon,0.5,-175,499.7081314167016,1,1,1
faceon,0.5,-170,499.7164705190816,1,1,1
faceon,0.5,-165,499.7248096214615,1,1,1
faceon,0.5,-160,499.7331487238415,1,1,1
faceon,0.5,-155,499.7414878262214,1,1,1
faceon,0.5,-150,499.7498269286014,1,1,1
faceon,0.5,-145,499.7581660309813,1,1,1
faceon,0.5,-140,499.7665051333613,1,1,1
faceon,0.5,-135,499.7748442357413,1,1,1
faceon,0.5,-130,499.7831833381212,1,1,1
faceon,0.5,-125,499.7915224405012,1,1,1
faceon,0.5,-120,499.7998615428811,1,1,1
faceon,0.5,-115,499.808200645261,1,1,1
faceon,0.5,-110,499.816539747641,1,1,1
faceon,0.5,-105,499.824878850021,1,1,1
faceon,0.5,-100,499.833217952401,1,1,1
faceon,0.5,-95,499.8415570547809,1,1,1
faceon,0.5,-90,499.8498961571609,1,1,1
faceon,0.5,-85,499.8582352595408,1,1,1
faceon,0.5,-80,499.8665743619207,1,1,1
faceon,0.5,-75,499.8749134643007,1,1,1
faceon,0.5,-70,499.8832525666807,1,1,1
faceon,0.5,-65,499.8915916690606,1,1,1
faceon,0.5,-60,499.8999307714406,1,1,1
faceon,0.5,-55,499.9082698738205,1,1,1
faceon,0.5,-50,499.9166089762005,1,1,1
faceon,0.5,-45,499.9249480785804,1,1,1
faceon,0.5,-40,499.9332871809603,1,1,1
faceon,0.5,-35,499.9416262833403,1,1,1
faceon,0.5,-30,499.9499653857203,1,1,1
faceon,0.5,-25,499.9583044881002,0.9999999999999978,0.9999999999999986,0.9999999999999992
faceon,0.5,-20,499.9666435904802,0.9999999999976237,0.9999999999984669,0.9999999999991568
faceon,0.5,-15,499.9749826928601,0.9999999988823113,0.9999999992789105,0.9999999996034008
faceon,0.5,-10,499.9833217952401,0.9999997685750882,0.9999998506936053,0.9999999178814829
faceon,0.5,-5,499.99166089762,0.9999789050780814,0.9999863903729558,0.9999925147051256
faceon,0.5,0,500,0.9991535051570368,0.9994538742948624,0.9996996308621744
faceon,0.5,5,500.00833910238,0.9850462784296157,0.9903524376965263,0.9946938407330894
faceon,0.5,10,500.0166782047599,0.8837071958999932,0.9249723844516086,0.9587348114483847
faceon,0.5,15,500.0250173071399,0.6018607683347739,0.7431359795708219,0.858724788763952
faceon,0.5,20,500.0333564095199,0.3999386088600133,0.6128636186193634,0.7870749902406499
faceon,0.5,25,500.0416955118998,0.6018607683347739,0.7431359795708219,0.858724788763952
faceon,0.5,30,500.0500346142798,0.8837071958999932,0.9249723844516086,0.9587348114483847
faceon,0.5,35,500.0583737166597,0.9850462784296157,0.9903524376965263,0.9946938407330894
faceon,0.5,40,500.0667128190396,0.9991535051570368,0.9994538742948624,0.9996996308621744
faceon,0.5,45,500.0750519214196,0.9999789050780814,0.9999863903729558,0.9999925147051256
faceon,0.5,50,500.0833910237995,0.9999997685750882,0.9999998506936053,0.9999999178814829
faceon,0.5,55,500.0917301261795,0.9999999988823113,0.9999999992789105,0.9999999996034008
faceon,0.5,60,500.1000692285594,0.9999999999976237,0.9999999999984669,0.9999999999991568
faceon,0.5,65,500.1084083309394,0.9999999999999978,0.9999999999999986,0.9999999999999992
faceon,0.5,70,500.1167474333193,1,1,1
faceon,0.5,75,500.1250865356993,1,1,1
faceon,0.5,80,500.1334256380793,1,1,1
faceon,0.5,85,500.1417647404592,1,1,1
faceon,0.5,90,500.1501038428392,1,1,1
faceon,0.5,95,500.1584429452192,1,1,1
faceon,0.5,100,500.1667820475991,1,1,1
faceon,0.5,105,500.1751211499791,1,1,1
faceon,0.5,110,500.1834602523589,1,1,1
faceon,0.5,115,500.1917993547389,1,1,1
faceon,0.5,120,500.2001384571188,1,1,1
faceon,0.5,125,500.2084775594988,1,1,1
faceon,0.5,130,500.2168166618788,1,1,1
faceon,0.5,135,500.2251557642587,1,1,1
faceon,0.5,140,500.2334948666387,1,1,1
faceon,0.5,145,500.2418339690187,1,1,1
faceon,0.5,150,500.2501730713986,1,1,1
faceon,0.5,155,500.2585121737786,1,1,1
faceon,0.5,160,500.2668512761585,1,1,1
faceon,0.5,165,500.2751903785385,1,1,1
faceon,0.5,170,500.2835294809185,1,1,1
faceon,0.5,175,500.2918685832984,1,1,1
faceon,0.5,180,500.3002076856783,1,1,1
faceon,0.5,185,500.3085467880583,1,1,1
faceon,0.5,190,500.3168858904382,1,1,1
faceon,0.5,195,500.3252249928182,1,1,1
faceon,0.5,200,500.3335640951981,1,1,1
faceon,0.5,205,500.3419031975781,1,1,1
faceon,0.5,210,500.350242299958,1,1,1
faceon,0.5,215,500.358581402338,1,1,1
faceon,0.5,220,500.366920504718,1,1,1
faceon,0.5,225,500.3752596070979,1,1,1
faceon,0.5,230,500.3835987094779,1,1,1
faceon,0.5,235,500.3919378118579,1,1,1
faceon,0.5,240,500.4002769142378,1,1,1
faceon,0.5,245,500.4086160166178,1,1,1
faceon,0.5,250,500.4169551189976,1,1,1
faceon,0.5,255,500.4252942213776,1,1,1
faceon,0.5,260,500.4336333237576,1,1,1
faceon,0.5,265,500.4419724261375,1,1,1
faceon,0.5,270,500.4503115285175,1,1,1
faceon,0.5,275,500.4586506308975,1,1,1
faceon,0.5,280,500.4669897332774,1,1,1
faceon,0.5,285,500.4753288356574,1,1,1
faceon,0.5,290,500.4836679380373,1,1,1
faceon,0.5,295,500.4920070404173,1,1,1
faceon,0.5,300,500.5003461427972,1,1,1
faceon,0.5,305,500.5086852451772,1,1,1
faceon,0.5,310,500.5170243475572,1,1,1
faceon,0.5,315,500.5253634499371,1,1,1
faceon,0.5,320,500.533702552317,1,1,1
faceon,0.5,325,500.542041654697,1,1,1
faceon,0.5,330,500.5503807570769,1,1,1
faceon,0.5,335,500.5587198594569,1,1,1
faceon,0.5,340,500.5670589618368,1,1,1
faceon,0.5,345,500.5753980642168,1,1,1
faceon,0.5,350,500.5837371665968,1,1,1
faceon,0.5,355,500.5920762689767,1,1,1
faceon,0.5,360,500.6004153713567,1,1,1
faceon,0.5,365,500.6087544737367,1,1,1
faceon,0.5,370,500.6170935761166,1,1,1
faceon,0.5,375,500.6254326784966,1,1,1
faceon,0.5,380,500.6337717808765,1,1,1
faceon,0.5,385,500.6421108832565,1,1,1
faceon,0.5,390,500.6504499856363,1,1,1
faceon,0.5,395,500.6587890880163,1,1,1
faceon,0.5,400,500.6671281903963,1,1,1
faceon,0.5,405,500.6754672927763,1,1,1
faceon,0.5,410,500.6838063951562,1,1,1
faceon,0.5,415,500.6921454975362,1,1,1
faceon,0.5,420,500.7004845999161,1,1,1
faceon,0.5,425,500.7088237022961,1,1,1
faceon,0.5,430,500.717162804676,1,1,1
faceon,0.5,435,500.725501907056,1,1,1
faceon,0.5,440,500.733841009436,1,1,1
faceon,0.5,445,500.7421801118159,1,1,1
faceon,0.5,450,500.7505192141959,1,1,1
faceon,0.8,-450,499.2494807858042,1,1,1
faceon,0.8,-445,499.2578198881841,1,1,1
faceon,0.8,-440,499.2661589905641,1,1,1
faceon,0.8,-435,499.274498092944,1,1,1
faceon,0.8,-430,499.282837195324,1,1,1
faceon,0.8,-425,499.2911762977039,1,1,1
faceon,0.8,-420,499.2995154000839,1,1,1
faceon,0.8,-415,499.3078545024638,1,1,1
faceon,0.8,-410,499.3161936048438,1,1,1
faceon,0.8,-405,499.3245327072237,1,1,1
faceon,0.8,-400,499.3328718096037,1,1,1
faceon,0.8,-395,499.3412109119836,1,1,1
faceon,0.8,-390,499.3495500143636,1,1,1
faceon,0.8,-385,499.3578891167435,1,1,1
faceon,0.8,-380,499.3662282191235,1,1,1
faceon,0.8,-375,499.3745673215035,1,1,1
faceon,0.8,-370,499.3829064238835,1,1,1
faceon,0.8,-365,499.3912455262633,1,1,1
faceon,0.8,-360,499.3995846286433,1,1,1
faceon,0.8,-355,499.4079237310233,1,1,1
faceon,0.8,-350,499.4162628334032,1,1,1
faceon,0.8,-345,499.4246019357832,1,1,1
faceon,0.8,-340,499.4329410381632,1,1,1
faceon,0.8,-335,499.4412801405431,1,1,1
faceon,0.8,-330,499.449619242923,1,1,1
faceon,0.8,-325,499.457958345303,1,1,1
faceon,0.8,-320,499.466297447683,1,1,1
faceon,0.8,-315,499.4746365500629,1,1,1
faceon,0.8,-310,499.4829756524429,1,1,1
faceon,0.8,-305,499.4913147548228,1,1,1
faceon,0.8,-300,499.4996538572028,1,1,1
faceon,0.8,-295,499.5079929595827,1,1,1
faceon,0.8,-290,499.5163320619627,1,1,1
faceon,0.8,-285,499.5246711643426,1,1,1
faceon,0.8,-280,499.5330102667226,1,1,1
faceon,0.8,-275,499.5413493691025,1,1,1
faceon,0.8,-270,499.5496884714825,1,1,1
faceon,0.8,-265,499.5580275738625,1,1,1
faceon,0.8,-260,499.5663666762424,1,1,1
faceon,0.8,-255,499.5747057786223,1,1,1
faceon,0.8,-250,499.5830448810023,1,1,1
faceon,0.8,-245,499.5913839833823,1,1,1
faceon,0.8,-240,499.5997230857622,1,1,1
faceon,0.8,-235,499.6080621881422,1,1,1
faceon,0.8,-230,499.6164012905222,1,1,1
faceon,0.8,-225,499.6247403929021,1,1,1
faceon,0.8,-220,499.633079495282,1,1,1
faceon,0.8,-215,499.641418597662,1,1,1
faceon,0.8,-210,499.649757700042,1,1,1
faceon,0.8,-205,499.6580968024219,1,1,1
faceon,0.8,-200,499.6664359048019,1,1,1
faceon,0.8,-195,499.6747750071818,1,1,1
faceon,0.8,-190,499.6831141095618,1,1,1
faceon,0.8,-185,499.6914532119417,1,1,1
faceon,0.8,-180,499.6997923143217,1,1,1
faceon,0.8,-175,499.7081314167016,1,1,1
faceon,0.8,-170,499.7164705190816,1,1,1
faceon,0.8,-165,499.7248096214615,1,1,1
faceon,0.8,-160,499.7331487238415,1,1,1
faceon,0.8,-155,499.7414878262214,1,1,1
faceon,0.8,-150,499.7498269286014,1,1,1
faceon,0.8,-145,499.7581660309813,1,1,1
faceon,0.8,-140,499.7665051333613,1,1,1
faceon,0.8,-135,499.7748442357413,1,1,1
faceon,0.8,-130,499.7831833381212,1,1,1
faceon,0.8,-125,499.7915224405012,1,1,1
faceon,0.8,-120,499.7998615428811,1,1,1
faceon,0.8,-115,499.808200645261,1,1,1
faceon,0.8,-110,499.816539747641,1,1,1
faceon,0.8,-105,499.824878850021,1,1,1
faceon,0.8,-100,499.833217952401,1,1,1
faceon,0.8,-95,499.8415570547809,1,1,1
faceon,0.8,-90,499.8498961571609,1,1,1
faceon,0.8,-85,499.8582352595408,1,1,1
faceon,0.8,-80,499.8665743619207,1,1,1
faceon,0.8,-75,499.8749134643007,1,1,1
faceon,0.8,-70,499.8832525666807,1,1,1
faceon,0.8,-65,499.8915916690606,1,1,1
faceon,0.8,-60,499.8999307714406,1,1,1
faceon,0.8,-55,499.9082698738205,1,1,1
faceon,0.8,-50,499.9166089762005,1,1,1
faceon,0.8,-45,499.9249480785804,1,1,1
faceon,0.8,-40,499.9332871809603,1,1,1
faceon,0.8,-35,499.9416262833403,1,1,1
faceon,0.8,-30,499.9499653857203,1,1,1
faceon,0.8,-25,499.9583044881002,0.9999999999999978,0.9999999999999986,0.9999999999999992
faceon,0.8,-20,499.9666435904802,0.9999999999976237,0.9999999999984669,0.9999999999991568
faceon,0.8,-15,499.9749826928601,0.9999999988823113,0.9999999992789105,0.9999999996034008
faceon,0.8,-10,499.9833217952401,0.9999997685750882,0.9999998506936053,0.9999999178814829
faceon,0.8,-5,499.99166089762,0.9999789050780814,0.9999863903729558,0.9999925147051256
faceon,0.8,0,500,0.9991535051570368,0.9994538742948624,0.9996996308621744
faceon,0.8,5,500.00833910238,0.9850462784296157,0.9903524376965263,0.9946938407330894
faceon,0.8,10,500.0166782047599,0.8837071958999932,0.9249723844516086,0.9587348114483847
faceon,0.8,15,500.0250173071399,0.6018607683347739,0.7431359795708219,0.858724788763952
faceon,0.8,20,500.0333564095199,0.3999386088600133,0.6128636186193634,0.7870749902406499
faceon,0.8,25,500.0416955118998,0.6018607683347739,0.7431359795708219,0.858724788763952
faceon,0.8,30,500.0500346142798,0.8837071958999932,0.9249723844516086,0.9587348114483847
faceon,0.8,35,500.0583737166597,0.9850462784296157,0.9903524376965263,0.9946938407330894
faceon,0.8,40,500.0667128190396,0.9991535051570368,0.9994538742948624,0.9996996308621744
faceon,0.8,45,500.0750519214196,0.9999789050780814,0.9999863903729558,0.9999925147051256
faceon,0.8,50,500.0833910237995,0.9999997685750882,0.9999998506936053,0.9999999178814829
faceon,0.8,55,500.0917301261795,0.9999999988823113,0.9999999992789105,0.9999999996034008
faceon,0.8,60,500.1000692285594,0.9999999999976237,0.9999999999984669,0.9999999999991568
faceon,0.8,65,500.1084083309394,0.9999999999999978,0.9999999999999986,0.9999999999999992
faceon,0.8,70,500.1167474333193,1,1,1
faceon,0.8,75,500.1250865356993,1,1,1
faceon,0.8,80,500.1334256380793,1,1,1
faceon,0.8,85,500.1417647404592,1,1,1
faceon,0.8,90,500.1501038428392,1,1,1
faceon,0.8,95,500.1584429452192,1,1,1
faceon,0.8,100,500.1667820475991,1,1,1
faceon,0.8,105,500.1751211499791,1,1,1
faceon,0.8,110,500.1834602523589,1,1,1
faceon,0.8,115,500.1917993547389,1,1,1
faceon,0.8,120,500.2001384571188,1,1,1
faceon,0.8,125,500.2084775594988,1,1,1
faceon,0.8,130,500.2168166618788,1,1,1
faceon,0.8,135,500.2251557642587,1,1,1
faceon,0.8,140,500.2334948666387,1,1,1
faceon,0.8,145,500.2418339690187,1,1,1
faceon,0.8,150,500.2501730713986,1,1,1
faceon,0.8,155,500.2585121737786,1,1,1
faceon,0.8,160,500.2668512761585,1,1,1
faceon,0.8,165,500.2751903785385,1,1,1
faceon,0.8,170,500.2835294809185,1,1,1
faceon,0.8,175,500.2918685832984,1,1,1
faceon,0.8,180,500.3002076856783,1,1,1
faceon,0.8,185,500.3085467880583,1,1,1
faceon,0.8,190,500.3168858904382,1,1,1
faceon,0.8,195,500.3252249928182,1,1,1
faceon,0.8,200,500.3335640951981,1,1,1
faceon,0.8,205,500.3419031975781,1,1,1
faceon,0.8,210,500.350242299958,1,1,1
faceon,0.8,215,500.358581402338,1,1,1
faceon,0.8,220,500.366920504718,1,1,1
faceon,0.8,225,500.3752596070979,1,1,1
faceon,0.8,230,500.3835987094779,1,1,1
faceon,0.8,235,500.3919378118579,1,1,1
faceon,0.8,240,500.4002769142378,1,1,1
faceon,0.8,245,500.4086160166178,1,1,1
faceon,0.8,250,500.4169551189976,1,1,1
faceon,0.8,255,500.4252942213776,1,1,1
faceon,0.8,260,500.4336333237576,1,1,1
faceon,0.8,265,500.4419724261375,1,1,1
faceon,0.8,270,500.4503115285175,1,1,1
faceon,0.8,275,500.4586506308975,1,1,1
faceon,0.8,280,500.4669897332774,1,1,1
faceon,0.8,285,500.4753288356574,1,1,1
faceon,0.8,290,500.4836679380373,1,1,1
faceon,0.8,295,500.4920070404173,1,1,1
faceon,0.8,300,500.5003461427972,1,1,1
faceon,0.8,305,500.5086852451772,1,1,1
faceon,0.8,310,500.5170243475572,1,1,1
faceon,0.8,315,500.5253634499371,1,1,1
faceon,0.8,320,500.533702552317,1,1,1
faceon,0.8,325,500.542041654697,1,1,1
faceon,0.8,330,500.5503807570769,1,1,1
faceon,0.8,335,500.5587198594569,1,1,1
faceon,0.8,340,500.5670589618368,1,1,1
faceon,0.8,345,500.5753980642168,1,1,1
faceon,0.8,350,500.5837371665968,1,1,1
faceon,0.8,355,500.5920762689767,1,1,1
faceon,0.8,360,500.6004153713567,1,1,1
faceon,0.8,365,500.6087544737367,1,1,1
faceon,0.8,370,500.6170935761166,1,1,1
faceon,0.8,375,500.6254326784966,1,1,1
faceon,0.8,380,500.6337717808765,1,1,1
faceon,0.8,385,500.6421108832565,1,1,1
faceon,0.8,390,500.6504499856363,1,1,1
faceon,0.8,395,500.6587890880163,1,1,1
faceon,0.8,400,500.6671281903963,1,1,1
faceon,0.8,405,500.6754672927763,1,1,1
faceon,0.8,410,500.6838063951562,1,1,1
faceon,0.8,415,500.6921454975362,1,1,1
faceon,0.8,420,500.7004845999161,1,1,1
faceon,0.8,425,500.7088237022961,1,1,1
faceon,0.8,430,500.717162804676,1,1,1
faceon,0.8,435,500.725501907056,1,1,1
faceon,0.8,440,500.733841009436,1,1,1
faceon,0.8,445,500.7421801118159,1,1,1
faceon,0.8,450,500.7505192141959,1,1,1
faceon,1,-450,499.2494807858042,1,1,1
faceon,1,-445,499.2578198881841,1,1,1
faceon,1,-440,499.2661589905641,1,1,1
faceon,1,-435,499.274498092944,1,1,1
faceon,1,-430,499.282837195324,1,1,1
faceon,1,-425,499.2911762977039,1,1,1
faceon,1,-420,499.2995154000839,1,1,1
faceon,1,-415,499.3078545024638,1,1,1
faceon,1,-410,499.3161936048438,1,1,1
faceon,1,-405,499.3245327072237,1,1,1
faceon,1,-400,499.3328718096037,1,1,1
faceon,1,-395,499.3412109119836,1,1,1
faceon,1,-390,499.3495500143636,1,1,1
faceon,1,-385,499.3578891167435,1,1,1
faceon,1,-380,499.3662282191235,1,1,1
faceon,1,-375,499.3745673215035,1,1,1
faceon,1,-370,499.3829064238835,1,1,1
faceon,1,-365,499.3912455262633,1,1,1
faceon,1,-360,499.3995846286433,1,1,1
faceon,1,-355,499.4079237310233,1,1,1
faceon,1,-350,499.4162628334032,1,1,1
faceon,1,-345,499.4246019357832,1,1,1
faceon,1,-340,499.4329410381632,1,1,1
faceon,1,-335,499.4412801405431,1,1,1
faceon,1,-330,499.449619242923,1,1,1
faceon,1,-325,499.457958345303,1,1,1
faceon,1,-320,499.466297447683,1,1,1
faceon,1,-315,499.4746365500629,1,1,1
faceon,1,-310,499.4829756524429,1,1,1
faceon,1,-305,499.4913147548228,1,1,1
faceon,1,-300,499.4996538572028,1,1,1
faceon,1,-295,499.5079929595827,1,1,1
faceon,1,-290,499.5163320619627,1,1,1
faceon,1,-285,499.5246711643426,1,1,1
faceon,1,-280,499.5330102667226,1,1,1
faceon,1,-275,499.5413493691025,1,1,1
faceon,1,-270,499.5496884714825,1,1,1
faceon,1,-265,499.5580275738625,1,1,1
faceon,1,-260,499.5663666762424,1,1,1
faceon,1,-255,499.5747057786223,1,1,1
faceon,1,-250,499.5830448810023,1,1,1
faceon,1,-245,499.5913839833823,1,1,1
faceon,1,-240,499.5997230857622,1,1,1
faceon,1,-235,499.6080621881422,1,1,1
faceon,1,-230,499.6164012905222,1,1,1
faceon,1,-225,499.6247403929021,1,1,1
faceon,1,-220,499.633079495282,1,1,1
faceon,1,-215,499.641418597662,1,1,1
faceon,1,-210,499.649757700042,1,1,1
faceon,1,-205,499.6580968024219,1,1,1
faceon,1,-200,499.6664359048019,1,1,1
faceon,1,-195,499.6747750071818,1,1,1
faceon,1,-190,499.6831141095618,1,1,1
faceon,1,-185,499.6914532119417,1,1,1
faceon,1,-180,499.6997923143217,1,1,1
faceon,1,-175,499.7081314167016,1,1,1
faceon,1,-170,499.7164705190816,1,1,1
faceon,1,-165,499.7248096214615,1,1,1
faceon,1,-160,499.7331487238415,1,1,1
faceon,1,-155,499.7414878262214,1,1,1
faceon,1,-150,499.7498269286014,1,1,1
faceon,1,-145,499.7581660309813,1,1,1
faceon,1,-140,499.7665051333613,1,1,1
faceon,1,-135,499.7748442357413,1,1,1
faceon,1,-130,499.7831833381212,1,1,1
faceon,1,-125,499.7915224405012,1,1,1
faceon,1,-120,499.7998615428811,1,1,1
faceon,1,-115,499.808200645261,1,1,1
faceon,1,-110,499.816539747641,1,1,1
faceon,1,-105,499.824878850021,1,1,1
faceon,1,-100,499.833217952401,1,1,1
faceon,1,-95,499.8415570547809,1,1,1
faceon,1,-90,499.8498961571609,1,1,1
faceon,1,-85,499.8582352595408,1,1,1
faceon,1,-80,499.8665743619207,1,1,1
faceon,1,-75,499.8749134643007,1,1,1
faceon,1,-70,499.8832525666807,1,1,1
faceon,1,-65,499.8915916690606,1,1,1
faceon,1,-60,499.8999307714406,1,1,1
faceon,1,-55,499.9082698738205,1,1,1
faceon,1,-50,499.9166089762005,1,1,1
faceon,1,-45,499.9249480785804,1,1,1
faceon,1,-40,499.9332871809603,1,1,1
faceon,1,-35,499.9416262833403,1,1,1
faceon,1,-30,499.9499653857203,1,1,1
faceon,1,-25,499.9583044881002,0.9999999999999978,0.9999999999999986,0.9999999999999992
faceon,1,-20,499.9666435904802,0.9999999999976237,0.9999999999984669,0.9999999999991568
faceon,1,-15,499.9749826928601,0.9999999988823113,0.9999999992789105,0.9999999996034008
faceon,1,-10,499.9833217952401,0.9999997685750882,0.9999998506936053,0.9999999178814829
faceon,1,-5,499.99166089762,0.9999789050780814,0.9999863903729558,0.9999925147051256
faceon,1,0,500,0.9991535051570368,0.9994538742948624,0.9996996308621744
faceon,1,5,500.00833910238,0.9850462784296157,0.9903524376965263,0.9946938407330894
faceon,1,10,500.0166782047599,0.8837071958999932,0.9249723844516086,0.9587348114483847
faceon,1,15,500.0250173071399,0.6018607683347739,0.7431359795708219,0.858724788763952
faceon,1,20,500.0333564095199,0.3999386088600133,0.6128636186193634,0.7870749902406499
faceon,1,25,500.0416955118998,0.6018607683347739,0.7431359795708219,0.858724788763952
faceon,1,30,500.0500346142798,0.8837071958999932,0.9249723844516086,0.9587348114483847
faceon,1,35,500.0583737166597,0.9850462784296157,0.9903524376965263,0.9946938407330894
faceon,1,40,500.0667128190396,0.9991535051570368,0.9994538742948624,0.9996996308621744
faceon,1,45,500.0750519214196,0.9999789050780814,0.9999863903729558,0.9999925147051256
faceon,1,50,500.0833910237995,0.9999997685750882,0.9999998506936053,0.9999999178814829
faceon,1,55,500.0917301261795,0.9999999988823113,0.9999999992789105,0.9999999996034008
faceon,1,60,500.1000692285594,0.9999999999976237,0.9999999999984669,0.9999999999991568
faceon,1,65,500.1084083309394,0.9999999999999978,0.9999999999999986,0.9999999999999992
faceon,1,70,500.1167474333193,1,1,1
faceon,1,75,500.1250865356993,1,1,1
faceon,1,80,500.1334256380793,1,1,1
faceon,1,85,500.1417647404592,1,1,1
faceon,1,90,500.1501038428392,1,1,1
faceon,1,95,500.1584429452192,1,1,1
faceon,1,100,500.1667820475991,1,1,1
faceon,1,105,500.1751211499791,1,1,1
faceon,1,110,500.1834602523589,1,1,1
faceon,1,115,500.1917993547389,1,1,1
faceon,1,120,500.2001384571188,1,1,1
faceon,1,125,500.2084775594988,1,1,1
faceon,1,130,500.2168166618788,1,1,1
faceon,1,135,500.2251557642587,1,1,1
faceon,1,140,500.2334948666387,1,1,1
faceon,1,145,500.2418339690187,1,1,1
faceon,1,150,500.2501730713986,1,1,1
faceon,1,155,500.2585121737786,1,1,1
faceon,1,160,500.2668512761585,1,1,1
faceon,1,165,500.2751903785385,1,1,1
faceon,1,170,500.2835294809185,1,1,1
faceon,1,175,500.2918685832984,1,1,1
faceon,1,180,500.3002076856783,1,1,1
faceon,1,185,500.3085467880583,1,1,1
faceon,1,190,500.3168858904382,1,1,1
faceon,1,195,500.3252249928182,1,1,1
faceon,1,200,500.3335640951981,1,1,1
faceon,1,205,500.3419031975781,1,1,1
faceon,1,210,500.350242299958,1,1,1
faceon,1,215,500.358581402338,1,1,1
faceon,1,220,500.366920504718,1,1,1
faceon,1,225,500.3752596070979,1,1,1
faceon,1,230,500.3835987094779,1,1,1
faceon,1,235,500.3919378118579,1,1,1
faceon,1,240,500.4002769142378,1,1,1
faceon,1,245,500.4086160166178,1,1,1
faceon,1,250,500.4169551189976,1,1,1
faceon,1,255,500.4252942213776,1,1,1
faceon,1,260,500.4336333237576,1,1,1
faceon,1,265,500.4419724261375,1,1,1
faceon,1,270,500.4503115285175,1,1,1
faceon,1,275,500.4586506308975,1,1,1
faceon,1,280,500.4669897332774,1,1,1
faceon,1,285,500.4753288356574,1,1,1
faceon,1,290,500.4836679380373,1,1,1
faceon,1,295,500.4920070404173,1,1,1
faceon,1,300,500.5003461427972,1,1,1
faceon,1,305,500.5086852451772,1,1,1
faceon,1,310,500.5170243475572,1,1,1
faceon,1,315,500.5253634499371,1,1,1
faceon,1,320,500.533702552317,1,1,1
faceon,1,325,500.542041654697,1,1,1
faceon,1,330,500.5503807570769,1,1,1
faceon,1,335,500.5587198594569,1,1,1
faceon,1,340,500.5670589618368,1,1,1
faceon,1,345,500.5753980642168,1,1,1
faceon,1,350,500.5837371665968,1,1,1
faceon,1,355,500.5920762689767,1,1,1
faceon,1,360,500.6004153713567,1,1,1
faceon,1,365,500.6087544737367,1,1,1
faceon,1,370,500.6170935761166,1,1,1
faceon,1,375,500.6254326784966,1,1,1
faceon,1,380,500.6337717808765,1,1,1
faceon,1,385,500.6421108832565,1,1,1
faceon,1,390,500.6504499856363,1,1,1
faceon,1,395,500.6587890880163,1,1,1
faceon,1,400,500.6671281903963,1,1,1
faceon,1,405,500.6754672927763,1,1,1
faceon,1,410,500.6838063951562,1,1,1
faceon,1,415,500.6921454975362,1,1,1
faceon,1,420,500.7004845999161,1,1,1
faceon,1,425,500.7088237022961,1,1,1
faceon,1,430,500.717162804676,1,1,1
faceon,1,435,500.725501907056,1,1,1
faceon,1,440,500.733841009436,1,1,1
faceon,1,445,500.7421801118159,1,1,1
faceon,1,450,500.7505192141959,1,1,1
sb1,0,-450,499.2494807858042,1,1,1
sb1,0,-445,499.2578198881841,1,1,1
sb1,0,-440,499.2661589905641,1,1,1
sb1,0,-435,499.274498092944,1,1,1
sb1,0,-430,499.282837195324,1,1,1
sb1,0,-425,499.2911762977039,1,1,1
sb1,0,-420,499.2995154000839,1,1,1
sb1,0,-415,499.3078545024638,1,1,1
sb1,0,-410,499.3161936048438,1,1,1
sb1,0,-405,499.3245327072237,1,1,1
sb1,0,-400,499.3328718096037,1,1,1
sb1,0,-395,499.3412109119836,1,1,1
sb1,0,-390,499.3495500143636,1,1,1
sb1,0,-385,499.3578891167435,1,1,1
sb1,0,-380,499.3662282191235,1,1,1
sb1,0,-375,499.3745673215035,1,1,1
sb1,0,-370,499.3829064238835,1,1,1
sb1,0,-365,499.3912455262633,1,1,1
sb1,0,-360,499.3995846286433,1,1,1
sb1,0,-355,499.4079237310233,1,1,1
sb1,0,-350,499.4162628334032,1,1,1
sb1,0,-345,499.4246019357832,1,1,1
sb1,0,-340,499.4329410381632,1,1,1
sb1,0,-335,499.4412801405431,1,1,1
sb1,0,-330,499.449619242923,1,1,1
sb1,0,-325,499.457958345303,1,1,1
sb1,0,-320,499.466297447683,1,1,1
sb1,0,-315,499.4746365500629,1,1,1
sb1,0,-310,499.4829756524429,1,1,1
sb1,0,-305,499.4913147548228,1,1,1
sb1,0,-300,499.4996538572028,1,1,1
sb1,0,-295,499.5079929595827,1,1,1
sb1,0,-290,499.5163320619627,1,1,1
sb1,0,-285,499.5246711643426,1,1,1
sb1,0,-280,499.5330102667226,1,1,1
sb1,0,-275,499.5413493691025,1,1,1
sb1,0,-270,499.5496884714825,1,1,1
sb1,0,-265,499.5580275738625,1,1,1
sb1,0,-260,499.5663666762424,1,1,1
sb1,0,-255,499.5747057786223,1,1,1
sb1,0,-250,499.5830448810023,1,1,1
sb1,0,-245,499.5913839833823,1,1,1
sb1,0,-240,499.5997230857622,1,1,1
sb1,0,-235,499.6080621881422,1,1,1
sb1,0,-230,499.6164012905222,1,1,1
sb1,0,-225,499.6247403929021,1,1,1
sb1,0,-220,499.633079495282,1,1,1
sb1,0,-215,499.641418597662,1,1,1
sb1,0,-210,499.649757700042,1,1,1
sb1,0,-205,499.6580968024219,1,1,1
sb1,0,-200,499.6664359048019,1,1,1
sb1,0,-195,499.6747750071818,1,1,1
sb1,0,-190,499.6831141095618,1,1,1
sb1,0,-185,499.6914532119417,1,1,1
sb1,0,-180,499.6997923143217,1,1,1
sb1,0,-175,499.7081314167016,1,1,1
sb1,0,-170,499.7164705190816,1,1,1
sb1,0,-165,499.7248096214615,1,1,1
sb1,0,-160,499.7331487238415,1,1,1
sb1,0,-155,499.7414878262214,1,1,1
sb1,0,-150,499.7498269286014,1,1,1
sb1,0,-145,499.7581660309813,1,1,1
sb1,0,-140,499.7665051333613,1,1,1
sb1,0,-135,499.7748442357413,1,1,1
sb1,0,-130,499.7831833381212,1,1,1
sb1,0,-125,499.7915224405012,1,1,1
sb1,0,-120,499.7998615428811,1,1,1
sb1,0,-115,499.808200645261,1,1,1
sb1,0,-110,499.816539747641,1,1,1
sb1,0,-105,499.824878850021,1,1,1
sb1,0,-100,499.833217952401,1,1,1
sb1,0,-95,499.8415570547809,1,1,1
sb1,0,-90,499.8498961571609,1,1,1
sb1,0,-85,499.8582352595408,1,1,1
sb1,0,-80,499.8665743619207,0.999999999999981,0.999999999999981,1
sb1,0,-75,499.8749134643007,0.9999999999843614,0.9999999999843614,1
sb1,0,-70,499.8832525666807,0.9999999943176054,0.9999999943176054,1
sb1,0,-65,499.8915916690606,0.9999990910410493,0.9999990910410493,1
sb1,0,-60,499.8999307714406,0.9999359917819759,0.9999359917819759,1
sb1,0,-55,499.9082698738205,0.9980157070845707,0.9980157070845707,1
sb1,0,-50,499.9166089762005,0.9729196417155432,0.9729196417155432,1
sb1,0,-45,499.9249480785804,0.8373022267273698,0.8373022267273698,1
sb1,0,-40,499.9332871809603,0.5696841020956728,0.5696841020956728,1
sb1,0,-35,499.9416262833403,0.4989607455535918,0.4989607455535918,1
sb1,0,-30,499.9499653857203,0.7431765399748863,0.7431765399748863,1
sb1,0,-25,499.9583044881002,0.942046961398889,0.942046961398889,1
sb1,0,-20,499.9666435904802,0.9942429989307493,0.9942429989307493,1
sb1,0,-15,499.9749826928601,0.9997482352131117,0.9997482352131117,1
sb1,0,-10,499.9833217952401,0.9999951530086616,0.9999951530086616,1
sb1,0,-5,499.99166089762,0.9999999589202229,0.9999999589202229,1
sb1,0,0,500,0.9999999998467282,0.9999999998467282,1
sb1,0,5,500.00833910238,0.9999999999997482,0.9999999999997482,1
sb1,0,10,500.0166782047599,0.9999999999999998,0.9999999999999998,1
sb1,0,15,500.0250173071399,1,1,1
sb1,0,20,500.0333564095199,1,1,1
sb1,0,25,500.0416955118998,1,1,1
sb1,0,30,500.0500346142798,1,1,1
sb1,0,35,500.0583737166597,1,1,1
sb1,0,40,500.0667128190396,1,1,1
sb1,0,45,500.0750519214196,1,1,1
sb1,0,50,500.0833910237995,1,1,1
sb1,0,55,500.0917301261795,1,1,1
sb1,0,60,500.1000692285594,1,1,1
sb1,0,65,500.1084083309394,1,1,1
sb1,0,70,500.1167474333193,1,1,1
sb1,0,75,500.1250865356993,1,1,1
sb1,0,80,500.1334256380793,1,1,1
sb1,0,85,500.1417647404592,1,1,1
sb1,0,90,500.1501038428392,1,1,1
sb1,0,95,500.1584429452192,1,1,1
sb1,0,100,500.1667820475991,1,1,1
sb1,0,105,500.1751211499791,1,1,1
sb1,0,110,500.1834602523589,1,1,1
sb1,0,115,500.1917993547389,1,1,1
sb1,0,120,500.2001384571188,1,1,1
sb1,0,125,500.2084775594988,1,1,1
sb1,0,130,500.2168166618788,1,1,1
sb1,0,135,500.2251557642587,1,1,1
sb1,0,140,500.2334948666387,1,1,1
sb1,0,145,500.2418339690187,1,1,1
sb1,0,150,500.2501730713986,1,1,1
sb1,0,155,500.2585121737786,1,1,1
sb1,0,160,500.2668512761585,1,1,1
sb1,0,165,500.2751903785385,1,1,1
sb1,0,170,500.2835294809185,1,1,1
sb1,0,175,500.2918685832984,1,1,1
sb1,0,180,500.3002076856783,1,1,1
sb1,0,185,500.3085467880583,1,1,1
sb1,0,190,500.3168858904382,1,1,1
sb1,0,195,500.3252249928182,1,1,1
sb1,0,200,500.3335640951981,1,1,1
sb1,0,205,500.3419031975781,1,1,1
sb1,0,210,500.350242299958,1,1,1
sb1,0,215,500.358581402338,1,1,1
sb1,0,220,500.366920504718,1,1,1
sb1,0,225,500.3752596070979,1,1,1
sb1,0,230,500.3835987094779,1,1,1
sb1,0,235,500.3919378118579,1,1,1
sb1,0,240,500.4002769142378,1,1,1
sb1,0,245,500.4086160166178,1,1,1
sb1,0,250,500.4169551189976,1,1,1
sb1,0,255,500.4252942213776,1,1,1
sb1,0,260,500.4336333237576,1,1,1
sb1,0,265,500.4419724261375,1,1,1
sb1,0,270,500.4503115285175,1,1,1
sb1,0,275,500.4586506308975,1,1,1
sb1,0,280,500.4669897332774,1,1,1
sb1,0,285,500.4753288356574,1,1,1
sb1,0,290,500.4836679380373,1,1,1
sb1,0,295,500.4920070404173,1,1,1
sb1,0,300,500.5003461427972,1,1,1
sb1,0,305,500.5086852451772,1,1,1
sb1,0,310,500.5170243475572,1,1,1
sb1,0,315,500.5253634499371,1,1,1
sb1,0,320,500.533702552317,1,1,1
sb1,0,325,500.542041654697,1,1,1
sb1,0,330,500.5503807570769,1,1,1
sb1,0,335,500.5587198594569,1,1,1
sb1,0,340,500.5670589618368,1,1,1
sb1,0,345,500.5753980642168,1,1,1
sb1,0,350,500.5837371665968,1,1,1
sb1,0,355,500.5920762689767,1,1,1
sb1,0,360,500.6004153713567,1,1,1
sb1,0,365,500.6087544737367,1,1,1
sb1,0,370,500.6170935761166,1,1,1
sb1,0,375,500.6254326784966,1,1,1
sb1,0,380,500.6337717808765,1,1,1
sb1,0,385,500.6421108832565,1,1,1
sb1,0,390,500.6504499856363,1,1,1
sb1,0,395,500.6587890880163,1,1,1
sb1,0,400,500.6671281903963,1,1,1
sb1,0,405,500.6754672927763,1,1,1
sb1,0,410,500.6838063951562,1,1,1
sb1,0,415,500.6921454975362,1,1,1
sb1,0,420,500.7004845999161,1,1,1
sb1,0,425,500.7088237022961,1,1,1
sb1,0,430,500.717162804676,1,1,1
sb1,0,435,500.725501907056,1,1,1
sb1,0,440,500.733841009436,1,1,1
sb1,0,445,500.7421801118159,1,1,1
sb1,0,450,500.7505192141959,1,1,1
sb1,0.07000000000000001,-450,499.2494807858042,1,1,1
sb1,0.07000000000000001,-445,499.2578198881841,1,1,1
sb1,0.07000000000000001,-440,499.2661589905641,1,1,1
sb1,0.07000000000000001,-435,499.274498092944,1,1,1
sb1,0.07000000000000001,-430,499.282837195324,1,1,1
sb1,0.07000000000000001,-425,499.2911762977039,1,1,1
sb1,0.07000000000000001,-420,499.2995154000839,1,1,1
sb1,0.07000000000000001,-415,499.3078545024638,1,1,1
sb1,0.07000000000000001,-410,499.3161936048438,1,1,1
sb1,0.07000000000000001,-405,499.3245327072237,1,1,1
sb1,0.07000000000000001,-400,499.3328718096037,1,1,1
sb1,0.07000000000000001,-395,499.3412109119836,1,1,1
sb1,0.07000000000000001,-390,499.3495500143636,1,1,1
sb1,0.07000000000000001,-385,499.3578891167435,1,1,1
sb1,0.07000000000000001,-380,499.3662282191235,1,1,1
sb1,0.07000000000000001,-375,499.3745673215035,1,1,1
sb1,0.07000000000000001,-370,499.3829064238835,1,1,1
sb1,0.07000000000000001,-365,499.3912455262633,1,1,1
sb1,0.07000000000000001,-360,499.3995846286433,1,1,1
sb1,0.07000000000000001,-355,499.4079237310233,1,1,1
sb1,0.07000000000000001,-350,499.4162628334032,1,1,1
sb1,0.07000000000000001,-345,499.4246019357832,1,1,1
sb1,0.07000000000000001,-340,499.4329410381632,1,1,1
sb1,0.07000000000000001,-335,499.4412801405431,1,1,1
sb1,0.07000000000000001,-330,499.449619242923,1,1,1
sb1,0.07000000000000001,-325,499.457958345303,1,1,1
sb1,0.07000000000000001,-320,499.466297447683,1,1,1
sb1,0.07000000000000001,-315,499.4746365500629,1,1,1
sb1,0.07000000000000001,-310,499.4829756524429,1,1,1
sb1,0.07000000000000001,-305,499.4913147548228,1,1,1
sb1,0.07000000000000001,-300,499.4996538572028,1,1,1
sb1,0.07000000000000001,-295,499.5079929595827,1,1,1
sb1,0.07000000000000001,-290,499.5163320619627,1,1,1
sb1,0.07000000000000001,-285,499.5246711643426,1,1,1
sb1,0.07000000000000001,-280,499.5330102667226,1,1,1
sb1,0.07000000000000001,-275,499.5413493691025,1,1,1
sb1,0.07000000000000001,-270,499.5496884714825,1,1,1
sb1,0.07000000000000001,-265,499.5580275738625,1,1,1
sb1,0.07000000000000001,-260,499.5663666762424,1,1,1
sb1,0.07000000000000001,-255,499.5747057786223,1,1,1
sb1,0.07000000000000001,-250,499.5830448810023,1,1,1
sb1,0.07000000000000001,-245,499.5913839833823,1,1,1
sb1,0.07000000000000001,-240,499.5997230857622,1,1,1
sb1,0.07000000000000001,-235,499.6080621881422,1,1,1
sb1,0.07000000000000001,-230,499.6164012905222,1,1,1
sb1,0.07000000000000001,-225,499.6247403929021,1,1,1
sb1,0.07000000000000001,-220,499.633079495282,1,1,1
sb1,0.07000000000000001,-215,499.641418597662,1,1,1
sb1,0.07000000000000001,-210,499.649757700042,1,1,1
sb1,0.07000000000000001,-205,499.6580968024219,1,1,1
sb1,0.07000000000000001,-200,499.6664359048019,1,1,1
sb1,0.07000000000000001,-195,499.6747750071818,1,1,1
sb1,0.07000000000000001,-190,499.6831141095618,1,1,1
sb1,0.07000000000000001,-185,499.6914532119417,1,1,1
sb1,0.07000000000000001,-180,499.6997923143217,1,1,1
sb1,0.07000000000000001,-175,499.7081314167016,1,1,1
sb1,0.07000000000000001,-170,499.7164705190816,1,1,1
sb1,0.07000000000000001,-165,499.7248096214615,1,1,1
sb1,0.07000000000000001,-160,499.7331487238415,1,1,1
sb1,0.07000000000000001,-155,499.7414878262214,1,1,1
sb1,0.07000000000000001,-150,499.7498269286014,1,1,1
sb1,0.07000000000000001,-145,499.7581660309813,1,1,1
sb1,0.07000000000000001,-140,499.7665051333613,1,1,1
sb1,0.07000000000000001,-135,499.7748442357413,1,1,1
sb1,0.07000000000000001,-130,499.7831833381212,1,1,1
sb1,0.07000000000000001,-125,499.7915224405012,1,1,1
sb1,0.07000000000000001,-120,499.7998615428811,1,1,1
sb1,0.07000000000000001,-115,499.808200645261,1,1,1
sb1,0.07000000000000001,-110,499.816539747641,1,1,1
sb1,0.07000000000000001,-105,499.824878850021,1,1,1
sb1,0.07000000000000001,-100,499.833217952401,1,1,1
sb1,0.07000000000000001,-95,499.8415570547809,0.9999999999999496,0.9999999999999496,1
sb1,0.07000000000000001,-90,499.8498961571609,0.9999999999628965,0.9999999999628965,1
sb1,0.07000000000000001,-85,499.8582352595408,0.9999999879639221,0.9999999879639221,1
sb1,0.07000000000000001,-80,499.8665743619207,0.9999982811701658,0.9999982811701658,1
sb1,0.07000000000000001,-75,499.8749134643007,0.9998919413958394,0.9998919413958394,1
sb1,0.07000000000000001,-70,499.8832525666807,0.9970093581781061,0.9970093581781061,1
sb1,0.07000000000000001,-65,499.8915916690606,0.9635625454532484,0.9635625454532484,1
sb1,0.07000000000000001,-60,499.8999307714406,0.8045614474975691,0.8045614474975691,1
sb1,0.07000000000000001,-55,499.9082698738205,0.5385219769162121,0.5385219769162121,1
sb1,0.07000000000000001,-50,499.9166089762005,0.5202992598080294,0.5202992598080294,1
sb1,0.07000000000000001,-45,499.9249480785804,0.7804829121156972,0.7804829121156972,1
sb1,0.07000000000000001,-40,499.9332871809603,0.9557773406178913,0.9557773406178913,1
sb1,0.07000000000000001,-35,499.9416262833403,0.9960780689160417,0.9960780689160417,1
sb1,0.07000000000000001,-30,499.9499653857203,0.9998468793940254,0.9998468793940254,1
sb1,0.07000000000000001,-25,499.9583044881002,0.9999973682423178,0.9999973682423178,1
sb1,0.07000000000000001,-20,499.9666435904802,0.999999980086998,0.999999980086998,1
sb1,0.07000000000000001,-15,499.9749826928601,0.9999999999336706,0.9999999999336706,1
sb1,0.07000000000000001,-10,499.9833217952401,0.9999999999999027,0.9999999999999027,1
sb1,0.07000000000000001,-5,499.99166089762,0.9999999999999999,0.9999999999999999,1
sb1,0.07000000000000001,0,500,1,1,1
sb1,0.07000000000000001,5,500.00833910238,1,1,1
sb1,0.07000000000000001,10,500.0166782047599,1,1,1
sb1,0.07000000000000001,15,500.0250173071399,1,1,1
sb1,0.07000000000000001,20,500.0333564095199,1,1,1
sb1,0.07000000000000001,25,500.0416955118998,1,1,1
sb1,0.07000000000000001,30,500.0500346142798,1,1,1
sb1,0.07000000000000001,35,500.0583737166597,1,1,1
sb1,0.07000000000000001,40,500.0667128190396,1,1,1
sb1,0.07000000000000001,45,500.0750519214196,1,1,1
sb1,0.07000000000000001,50,500.0833910237995,1,1,1
sb1,0.07000000000000001,55,500.0917301261795,1,1,1
sb1,0.07000000000000001,60,500.1000692285594,1,1,1
sb1,0.07000000000000001,65,500.1084083309394,1,1,1
sb1,0.07000000000000001,70,500.1167474333193,1,1,1
sb1,0.07000000000000001,75,500.1250865356993,1,1,1
sb1,0.07000000000000001,80,500.1334256380793,1,1,1
sb1,0.07000000000000001,85,500.1417647404592,1,1,1
sb1,0.07000000000000001,90,500.1501038428392,1,1,1
sb1,0.07000000000000001,95,500.1584429452192,1,1,1
sb1,0.07000000000000001,100,500.1667820475991,1,1,1
sb1,0.07000000000000001,105,500.1751211499791,1,1,1
sb1,0.07000000000000001,110,500.1834602523589,1,1,1
sb1,0.07000000000000001,115,500.1917993547389,1,1,1
sb1,0.07000000000000001,120,500.2001384571188,1,1,1
sb1,0.07000000000000001,125,500.2084775594988,1,1,1
sb1,0.07000000000000001,130,500.2168166618788,1,1,1
sb1,0.07000000000000001,135,500.2251557642587,1,1,1
sb1,0.07000000000000001,140,500.2334948666387,1,1,1
sb1,0.07000000000000001,145,500.2418339690187,1,1,1
sb1,0.07000000000000001,150,500.2501730713986,1,1,1
sb1,0.07000000000000001,155,500.2585121737786,1,1,1
sb1,0.07000000000000001,160,500.2668512761585,1,1,1
sb1,0.07000000000000001,165,500.2751903785385,1,1,1
sb1,0.07000000000000001,170,500.2835294809185,1,1,1
sb1,0.07000000000000001,175,500.2918685832984,1,1,1
sb1,0.07000000000000001,180,500.3002076856783,1,1,1
sb1,0.07000000000000001,185,500.3085467880583,1,1,1
sb1,0.07000000000000001,190,500.3168858904382,1,1,1
sb1,0.07000000000000001,195,500.3252249928182,1,1,1
sb1,0.07000000000000001,200,500.3335640951981,1,1,1
sb1,0.07000000000000001,205,500.3419031975781,1,1,1
sb1,0.07000000000000001,210,500.350242299958,1,1,1
sb1,0.07000000000000001,215,500.358581402338,1,1,1
sb1,0.07000000000000001,220,500.366920504718,1,1,1
sb1,0.07000000000000001,225,500.3752596070979,1,1,1
sb1,0.07000000000000001,230,500.3835987094779,1,1,1
sb1,0.07000000000000001,235,500.3919378118579,1,1,1
sb1,0.07000000000000001,240,500.4002769142378,1,1,1
sb1,0.07000000000000001,245,500.4086160166178,1,1,1
sb1,0.07000000000000001,250,500.4169551189976,1,1,1
sb1,0.07000000000000001,255,500.4252942213776,1,1,1
sb1,0.07000000000000001,260,500.4336333237576,1,1,1
sb1,0.07000000000000001,265,500.4419724261375,1,1,1
sb1,0.07000000000000001,270,500.4503115285175,1,1,1
sb1,0.07000000000000001,275,500.4586506308975,1,1,1
sb1,0.07000000000000001,280,500.4669897332774,1,1,1
sb1,0.07000000000000001,285,500.4753288356574,1,1,1
sb1,0.07000000000000001,290,500.4836679380373,1,1,1
sb1,0.07000000000000001,295,500.4920070404173,1,1,1
sb1,0.07000000000000001,300,500.5003461427972,1,1,1
sb1,0.07000000000000001,305,500.5086852451772,1,1,1
sb1,0.07000000000000001,310,500.5170243475572,1,1,1
sb1,0.07000000000000001,315,500.5253634499371,1,1,1
sb1,0.07000000000000001,320,500.533702552317,1,1,1
sb1,0.07000000000000001,325,500.542041654697,1,1,1
sb1,0.07000000000000001,330,500.5503807570769,1,1,1
sb1,0.07000000000000001,335,500.5587198594569,1,1,1
sb1,0.07000000000000001,340,500.5670589618368,1,1,1
sb1,0.07000000000000001,345,500.5753980642168,1,1,1
sb1,0.07000000000000001,350,500.5837371665968,1,1,1
sb1,0.07000000000000001,355,500.5920762689767,1,1,1
sb1,0.07000000000000001,360,500.6004153713567,1,1,1
sb1,0.07000000000000001,365,500.6087544737367,1,1,1
sb1,0.07000000000000001,370,500.6170935761166,1,1,1
sb1,0.07000000000000001,375,500.6254326784966,1,1,1
sb1,0.07000000000000001,380,500.6337717808765,1,1,1
sb1,0.07000000000000001,385,500.6421108832565,1,1,1
sb1,0.07000000000000001,390,500.6504499856363,1,1,1
sb1,0.07000000000000001,395,500.6587890880163,1,1,1
sb1,0.07000000000000001,400,500.6671281903963,1,1,1
sb1,0.07000000000000001,405,500.6754672927763,1,1,1
sb1,0.07000000000000001,410,500.6838063951562,1,1,1
sb1,0.07000000000000001,415,500.6921454975362,1,1,1
sb1,0.07000000000000001,420,500.7004845999161,1,1,1
sb1,0.07000000000000001,425,500.7088237022961,1,1,1
sb1,0.07000000000000001,430,500.717162804676,1,1,1
sb1,0.07000000000000001,435,500.725501907056,1,1,1
sb1,0.07000000000000001,440,500.733841009436,1,1,1
sb1,0.07000000000000001,445,500.7421801118159,1,1,1
sb1,0.07000000000000001,450,500.7505192141959,1,1,1
sb1,0.25,-450,499.2494807858042,1,1,1
sb1,0.25,-445,499.2578198881841,1,1,1
sb1,0.25,-440,499.2661589905641,1,1,1
sb1,0.25,-435,499.274498092944,1,1,1
sb1,0.25,-430,499.282837195324,1,1,1
sb1,0.25,-425,499.2911762977039,1,1,1
sb1,0.25,-420,499.2995154000839,1,1,1
sb1,0.25,-415,499.3078545024638,1,1,1
sb1,0.25,-410,499.3161936048438,1,1,1
sb1,0.25,-405,499.3245327072237,1,1,1
sb1,0.25,-400,499.3328718096037,1,1,1
sb1,0.25,-395,499.3412109119836,1,1,1
sb1,0.25,-390,499.3495500143636,1,1,1
sb1,0.25,-385,499.3578891167435,1,1,1
sb1,0.25,-380,499.3662282191235,1,1,1
sb1,0.25,-375,499.3745673215035,1,1,1
sb1,0.25,-370,499.3829064238835,1,1,1
sb1,0.25,-365,499.3912455262633,1,1,1
sb1,0.25,-360,499.3995846286433,1,1,1
sb1,0.25,-355,499.4079237310233,1,1,1
sb1,0.25,-350,499.4162628334032,1,1,1
sb1,0.25,-345,499.4246019357832,1,1,1
sb1,0.25,-340,499.4329410381632,1,1,1
sb1,0.25,-335,499.4412801405431,1,1,1
sb1,0.25,-330,499.449619242923,1,1,1
sb1,0.25,-325,499.457958345303,1,1,1
sb1,0.25,-320,499.466297447683,1,1,1
sb1,0.25,-315,499.4746365500629,1,1,1
sb1,0.25,-310,499.4829756524429,1,1,1
sb1,0.25,-305,499.4913147548228,1,1,1
sb1,0.25,-300,499.4996538572028,1,1,1
sb1,0.25,-295,499.5079929595827,1,1,1
sb1,0.25,-290,499.5163320619627,1,1,1
sb1,0.25,-285,499.5246711643426,1,1,1
sb1,0.25,-280,499.5330102667226,1,1,1
sb1,0.25,-275,499.5413493691025,1,1,1
sb1,0.25,-270,499.5496884714825,1,1,1
sb1,0.25,-265,499.5580275738625,1,1,1
sb1,0.25,-260,499.5663666762424,1,1,1
sb1,0.25,-255,499.5747057786223,1,1,1
sb1,0.25,-250,499.5830448810023,1,1,1
sb1,0.25,-245,499.5913839833823,1,1,1
sb1,0.25,-240,499.5997230857622,1,1,1
sb1,0.25,-235,499.6080621881422,1,1,1
sb1,0.25,-230,499.6164012905222,1,1,1
sb1,0.25,-225,499.6247403929021,1,1,1
sb1,0.25,-220,499.633079495282,1,1,1
sb1,0.25,-215,499.641418597662,1,1,1
sb1,0.25,-210,499.649757700042,1,1,1
sb1,0.25,-205,499.6580968024219,1,1,1
sb1,0.25,-200,499.6664359048019,1,1,1
sb1,0.25,-195,499.6747750071818,1,1,1
sb1,0.25,-190,499.6831141095618,1,1,1
sb1,0.25,-185,499.6914532119417,1,1,1
sb1,0.25,-180,499.6997923143217,1,1,1
sb1,0.25,-175,499.7081314167016,1,1,1
sb1,0.25,-170,499.7164705190816,1,1,1
sb1,0.25,-165,499.7248096214615,1,1,1
sb1,0.25,-160,499.7331487238415,1,1,1
sb1,0.25,-155,499.7414878262214,1,1,1
sb1,0.25,-150,499.7498269286014,1,1,1
sb1,0.25,-145,499.7581660309813,1,1,1
sb1,0.25,-140,499.7665051333613,1,1,1
sb1,0.25,-135,499.7748442357413,1,1,1
sb1,0.25,-130,499.7831833381212,1,1,1
sb1,0.25,-125,499.7915224405012,1,1,1
sb1,0.25,-120,499.7998615428811,1,1,1
sb1,0.25,-115,499.808200645261,1,1,1
sb1,0.25,-110,499.816539747641,1,1,1
sb1,0.25,-105,499.824878850021,1,1,1
sb1,0.25,-100,499.833217952401,1,1,1
sb1,0.25,-95,499.8415570547809,1,1,1
sb1,0.25,-90,499.8498961571609,1,1,1
sb1,0.25,-85,499.8582352595408,1,1,1
sb1,0.25,-80,499.8665743619207,0.9999999999999971,0.9999999999999971,1
sb1,0.25,-75,499.8749134643007,0.9999999999970155,0.9999999999970155,1
sb1,0.25,-70,499.8832525666807,0.9999999986595569,0.9999999986595569,1
sb1,0.25,-65,499.8915916690606,0.9999997349604234,0.9999997349604234,1
sb1,0.25,-60,499.8999307714406,0.9999769297836473,0.9999769297836473,1
sb1,0.25,-55,499.9082698738205,0.9991159614886944,0.9991159614886944,1
sb1,0.25,-50,499.9166089762005,0.9850868536169154,0.9850868536169154,1
sb1,0.25,-45,499.9249480785804,0.8892494335848167,0.8892494335848167,1
sb1,0.25,-40,499.9332871809603,0.6379227732148356,0.6379227732148356,1
sb1,0.25,-35,499.9416262833403,0.4788832369793318,0.4788832369793318,1
sb1,0.25,-30,499.9499653857203,0.6698225144596754,0.6698225144596754,1
sb1,0.25,-25,499.9583044881002,0.9079044921378733,0.9079044921378733,1
sb1,0.25,-20,499.9666435904802,0.9886914214899462,0.9886914214899462,1
sb1,0.25,-15,499.9749826928601,0.9993886975071488,0.9993886975071488,1
sb1,0.25,-10,499.9833217952401,0.9999854526832498,0.9999854526832498,1
sb1,0.25,-5,499.99166089762,0.9999998475988646,0.9999998475988646,1
sb1,0.25,0,500,0.9999999992971347,0.9999999992971347,1
sb1,0.25,5,500.00833910238,0.9999999999985729,0.9999999999985729,1
sb1,0.25,10,500.0166782047599,0.9999999999999988,0.9999999999999988,1
sb1,0.25,15,500.0250173071399,1,1,1
sb1,0.25,20,500.0333564095199,1,1,1
sb1,0.25,25,500.0416955118998,1,1,1
sb1,0.25,30,500.0500346142798,1,1,1
sb1,0.25,35,500.0583737166597,1,1,1
sb1,0.25,40,500.0667128190396,1,1,1
sb1,0.25,45,500.0750519214196,1,1,1
sb1,0.25,50,500.0833910237995,1,1,1
sb1,0.25,55,500.0917301261795,1,1,1
sb1,0.25,60,500.1000692285594,1,1,1
sb1,0.25,65,500.1084083309394,1,1,1
sb1,0.25,70,500.1167474333193,1,1,1
sb1,0.25,75,500.1250865356993,1,1,1
sb1,0.25,80,500.1334256380793,1,1,1
sb1,0.25,85,500.1417647404592,1,1,1
sb1,0.25,90,500.1501038428392,1,1,1
sb1,0.25,95,500.1584429452192,1,1,1
sb1,0.25,100,500.1667820475991,1,1,1
sb1,0.25,105,500.1751211499791,1,1,1
sb1,0.25,110,500.1834602523589,1,1,1
sb1,0.25,115,500.1917993547389,1,1,1
sb1,0.25,120,500.2001384571188,1,1,1
sb1,0.25,125,500.2084775594988,1,1,1
sb1,0.25,130,500.2168166618788,1,1,1
sb1,0.25,135,500.2251557642587,1,1,1
sb1,0.25,140,500.2334948666387,1,1,1
sb1,0.25,145,500.2418339690187,1,1,1
sb1,0.25,150,500.2501730713986,1,1,1
sb1,0.25,155,500.2585121737786,1,1,1
sb1,0.25,160,500.2668512761585,1,1,1
sb1,0.25,165,500.2751903785385,1,1,1
sb1,0.25,170,500.2835294809185,1,1,1
sb1,0.25,175,500.2918685832984,1,1,1
sb1,0.25,180,500.3002076856783,1,1,1
sb1,0.25,185,500.3085467880583,1,1,1
sb1,0.25,190,500.3168858904382,1,1,1
sb1,0.25,195,500.3252249928182,1,1,1
sb1,0.25,200,500.3335640951981,1,1,1
sb1,0.25,205,500.3419031975781,1,1,1
sb1,0.25,210,500.350242299958,1,1,1
sb1,0.25,215,500.358581402338,1,1,1
sb1,0.25,220,500.366920504718,1,1,1
sb1,0.25,225,500.3752596070979,1,1,1
sb1,0.25,230,500.3835987094779,1,1,1
sb1,0.25,235,500.3919378118579,1,1,1
sb1,0.25,240,500.4002769142378,1,1,1
sb1,0.25,245,500.4086160166178,1,1,1
sb1,0.25,250,500.4169551189976,1,1,1
sb1,0.25,255,500.4252942213776,1,1,1
sb1,0.25,260,500.4336333237576,1,1,1
sb1,0.25,265,500.4419724261375,1,1,1
sb1,0.25,270,500.4503115285175,1,1,1
sb1,0.25,275,500.4586506308975,1,1,1
sb1,0.25,280,500.4669897332774,1,1,1
sb1,0.25,285,500.4753288356574,1,1,1
sb1,0.25,290,500.4836679380373,1,1,1
sb1,0.25,295,500.4920070404173,1,1,1
sb1,0.25,300,500.5003461427972,1,1,1
sb1,0.25,305,500.5086852451772,1,1,1
sb1,0.25,310,500.5170243475572,1,1,1
sb1,0.25,315,500.5253634499371,1,1,1
sb1,0.25,320,500.533702552317,1,1,1
sb1,0.25,325,500.542041654697,1,1,1
sb1,0.25,330,500.5503807570769,1,1,1
sb1,0.25,335,500.5587198594569,1,1,1
sb1,0.25,340,500.5670589618368,1,1,1
sb1,0.25,345,500.5753980642168,1,1,1
sb1,0.25,350,500.5837371665968,1,1,1
sb1,0.25,355,500.5920762689767,1,1,1
sb1,0.25,360,500.6004153713567,1,1,1
sb1,0.25,365,500.6087544737367,1,1,1
sb1,0.25,370,500.6170935761166,1,1,1
sb1,0.25,375,500.6254326784966,1,1,1
sb1,0.25,380,500.6337717808765,1,1,1
sb1,0.25,385,500.6421108832565,1,1,1
sb1,0.25,390,500.6504499856363,1,1,1
sb1,0.25,395,500.6587890880163,1,1,1
sb1,0.25,400,500.6671281903963,1,1,1
sb1,0.25,405,500.6754672927763,1,1,1
sb1,0.25,410,500.6838063951562,1,1,1
sb1,0.25,415,500.6921454975362,1,1,1
sb1,0.25,420,500.7004845999161,1,1,1
sb1,0.25,425,500.7088237022961,1,1,1
sb1,0.25,430,500.717162804676,1,1,1
sb1,0.25,435,500.725501907056,1,1,1
sb1,0.25,440,500.733841009436,1,1,1
sb1,0.25,445,500.7421801118159,1,1,1
sb1,0.25,450,500.7505192141959,1,1,1
sb1,0.5,-450,499.2494807858042,1,1,1
sb1,0.5,-445,499.2578198881841,1,1,1
sb1,0.5,-440,499.2661589905641,1,1,1
sb1,0.5,-435,499.274498092944,1,1,1
sb1,0.5,-430,499.282837195324,1,1,1
sb1,0.5,-425,499.2911762977039,1,1,1
sb1,0.5,-420,499.2995154000839,1,1,1
sb1,0.5,-415,499.3078545024638,1,1,1
sb1,0.5,-410,499.3161936048438,1,1,1
sb1,0.5,-405,499.3245327072237,1,1,1
sb1,0.5,-400,499.3328718096037,1,1,1
sb1,0.5,-395,499.3412109119836,1,1,1
sb1,0.5,-390,499.3495500143636,1,1,1
sb1,0.5,-385,499.3578891167435,1,1,1
sb1,0.5,-380,499.3662282191235,1,1,1
sb1,0.5,-375,499.3745673215035,1,1,1
sb1,0.5,-370,499.3829064238835,1,1,1
sb1,0.5,-365,499.3912455262633,1,1,1
sb1,0.5,-360,499.3995846286433,1,1,1
sb1,0.5,-355,499.4079237310233,1,1,1
sb1,0.5,-350,499.4162628334032,1,1,1
sb1,0.5,-345,499.4246019357832,1,1,1
sb1,0.5,-340,499.4329410381632,1,1,1
sb1,0.5,-335,499.4412801405431,1,1,1
sb1,0.5,-330,499.449619242923,1,1,1
sb1,0.5,-325,499.457958345303,1,1,1
sb1,0.5,-320,499.466297447683,1,1,1
sb1,0.5,-315,499.4746365500629,1,1,1
sb1,0.5,-310,499.4829756524429,1,1,1
sb1,0.5,-305,499.4913147548228,1,1,1
sb1,0.5,-300,499.4996538572028,1,1,1
sb1,0.5,-295,499.5079929595827,1,1,1
sb1,0.5,-290,499.5163320619627,1,1,1
sb1,0.5,-285,499.5246711643426,1,1,1
sb1,0.5,-280,499.5330102667226,1,1,1
sb1,0.5,-275,499.5413493691025,1,1,1
sb1,0.5,-270,499.5496884714825,1,1,1
sb1,0.5,-265,499.5580275738625,1,1,1
sb1,0.5,-260,499.5663666762424,1,1,1
sb1,0.5,-255,499.5747057786223,1,1,1
sb1,0.5,-250,499.5830448810023,1,1,1
sb1,0.5,-245,499.5913839833823,1,1,1
sb1,0.5,-240,499.5997230857622,1,1,1
sb1,0.5,-235,499.6080621881422,1,1,1
sb1,0.5,-230,499.6164012905222,1,1,1
sb1,0.5,-225,499.6247403929021,1,1,1
sb1,0.5,-220,499.633079495282,1,1,1
sb1,0.5,-215,499.641418597662,1,1,1
sb1,0.5,-210,499.649757700042,1,1,1
sb1,0.5,-205,499.6580968024219,1,1,1
sb1,0.5,-200,499.6664359048019,1,1,1
sb1,0.5,-195,499.6747750071818,1,1,1
sb1,0.5,-190,499.6831141095618,1,1,1
sb1,0.5,-185,499.6914532119417,1,1,1
sb1,0.5,-180,499.6997923143217,1,1,1
sb1,0.5,-175,499.7081314167016,1,1,1
sb1,0.5,-170,499.7164705190816,1,1,1
sb1,0.5,-165,499.7248096214615,1,1,1
sb1,0.5,-160,499.7331487238415,1,1,1
sb1,0.5,-155,499.7414878262214,1,1,1
sb1,0.5,-150,499.7498269286014,1,1,1
sb1,0.5,-145,499.7581660309813,1,1,1
sb1,0.5,-140,499.7665051333613,1,1,1
sb1,0.5,-135,499.7748442357413,1,1,1
sb1,0.5,-130,499.7831833381212,1,1,1
sb1,0.5,-125,499.7915224405012,1,1,1
sb1,0.5,-120,499.7998615428811,1,1,1
sb1,0.5,-115,499.808200645261,1,1,1
sb1,0.5,-110,499.816539747641,1,1,1
sb1,0.5,-105,499.824878850021,1,1,1
sb1,0.5,-100,499.833217952401,1,1,1
sb1,0.5,-95,499.8415570547809,1,1,1
sb1,0.5,-90,499.8498961571609,1,1,1
sb1,0.5,-85,499.8582352595408,1,1,1
sb1,0.5,-80,499.8665743619207,1,1,1
sb1,0.5,-75,499.8749134643007,1,1,1
sb1,0.5,-70,499.8832525666807,1,1,1
sb1,0.5,-65,499.8915916690606,1,1,1
sb1,0.5,-60,499.8999307714406,1,1,1
sb1,0.5,-55,499.9082698738205,1,1,1
sb1,0.5,-50,499.9166089762005,0.9999999999999998,0.9999999999999998,1
sb1,0.5,-45,499.9249480785804,0.9999999999997627,0.9999999999997627,1
sb1,0.5,-40,499.9332871809603,0.999999999854508,0.999999999854508,1
sb1,0.5,-35,499.9416262833403,0.9999999607268634,0.9999999607268634,1
sb1,0.5,-30,499.9499653857203,0.9999953330742943,0.9999953330742943,1
sb1,0.5,-25,499.9583044881002,0.9997558567253966,0.9997558567253966,1
sb1,0.5,-20,499.9666435904802,0.9943773995584042,0.9943773995584042,1
sb1,0.5,-15,499.9749826928601,0.9429956158049096,0.9429956158049096,1
sb1,0.5,-10,499.9833217952401,0.7455761187306034,0.7455761187306034,1
sb1,0.5,-5,499.99166089762,0.5000966263240172,0.5000966263240172,1
sb1,0.5,0,500,0.5675928756380832,0.5675928756380832,1
sb1,0.5,5,500.00833910238,0.8353437603526838,0.8353437603526838,1
sb1,0.5,10,500.0166782047599,0.9723979000534801,0.9723979000534801,1
sb1,0.5,15,500.0250173071399,0.9979630299932901,0.9979630299932901,1
sb1,0.5,20,500.0333564095199,0.9999338232060025,0.9999338232060025,1
sb1,0.5,25,500.0416955118998,0.9999990535331842,0.9999990535331842,1
sb1,0.5,30,500.0500346142798,0.9999999940408593,0.9999999940408593,1
sb1,0.5,35,500.0583737166597,0.9999999999834827,0.9999999999834827,1
sb1,0.5,40,500.0667128190396,0.9999999999999798,0.9999999999999798,1
sb1,0.5,45,500.0750519214196,1,1,1
sb1,0.5,50,500.0833910237995,1,1,1
sb1,0.5,55,500.0917301261795,1,1,1
sb1,0.5,60,500.1000692285594,1,1,1
sb1,0.5,65,500.1084083309394,1,1,1
sb1,0.5,70,500.1167474333193,1,1,1
sb1,0.5,75,500.1250865356993,1,1,1
sb1,0.5,80,500.1334256380793,1,1,1
sb1,0.5,85,500.1417647404592,1,1,1
sb1,0.5,90,500.1501038428392,1,1,1
sb1,0.5,95,500.1584429452192,1,1,1
sb1,0.5,100,500.1667820475991,1,1,1
sb1,0.5,105,500.1751211499791,1,1,1
sb1,0.5,110,500.1834602523589,1,1,1
sb1,0.5,115,500.1917993547389,1,1,1
sb1,0.5,120,500.2001384571188,1,1,1
sb1,0.5,125,500.2084775594988,1,1,1
sb1,0.5,130,500.2168166618788,1,1,1
sb1,0.5,135,500.2251557642587,1,1,1
sb1,0.5,140,500.2334948666387,1,1,1
sb1,0.5,145,500.2418339690187,1,1,1
sb1,0.5,150,500.2501730713986,1,1,1
sb1,0.5,155,500.2585121737786,1,1,1
sb1,0.5,160,500.2668512761585,1,1,1
sb1,0.5,165,500.2751903785385,1,1,1
sb1,0.5,170,500.2835294809185,1,1,1
sb1,0.5,175,500.2918685832984,1,1,1
sb1,0.5,180,500.3002076856783,1,1,1
sb1,0.5,185,500.3085467880583,1,1,1
sb1,0.5,190,500.3168858904382,1,1,1
sb1,0.5,195,500.3252249928182,1,1,1
sb1,0.5,200,500.3335640951981,1,1,1
sb1,0.5,205,500.3419031975781,1,1,1
sb1,0.5,210,500.350242299958,1,1,1
sb1,0.5,215,500.358581402338,1,1,1
sb1,0.5,220,500.366920504718,1,1,1
sb1,0.5,225,500.3752596070979,1,1,1
sb1,0.5,230,500.3835987094779,1,1,1
sb1,0.5,235,500.3919378118579,1,1,1
sb1,0.5,240,500.4002769142378,1,1,1
sb1,0.5,245,500.4086160166178,1,1,1
sb1,0.5,250,500.4169551189976,1,1,1
sb1,0.5,255,500.4252942213776,1,1,1
sb1,0.5,260,500.4336333237576,1,1,1
sb1,0.5,265,500.4419724261375,1,1,1
sb1,0.5,270,500.4503115285175,1,1,1
sb1,0.5,275,500.4586506308975,1,1,1
sb1,0.5,280,500.4669897332774,1,1,1
sb1,0.5,285,500.4753288356574,1,1,1
sb1,0.5,290,500.4836679380373,1,1,1
sb1,0.5,295,500.4920070404173,1,1,1
sb1,0.5,300,500.5003461427972,1,1,1
sb1,0.5,305,500.5086852451772,1,1,1
sb1,0.5,310,500.5170243475572,1,1,1
sb1,0.5,315,500.5253634499371,1,1,1
sb1,0.5,320,500.533702552317,1,1,1
sb1,0.5,325,500.542041654697,1,1,1
sb1,0.5,330,500.5503807570769,1,1,1
sb1,0.5,335,500.5587198594569,1,1,1
sb1,0.5,340,500.5670589618368,1,1,1
sb1,0.5,345,500.5753980642168,1,1,1
sb1,0.5,350,500.5837371665968,1,1,1
sb1,0.5,355,500.5920762689767,1,1,1
sb1,0.5,360,500.6004153713567,1,1,1
sb1,0.5,365,500.6087544737367,1,1,1
sb1,0.5,370,500.6170935761166,1,1,1
sb1,0.5,375,500.6254326784966,1,1,1
sb1,0.5,380,500.6337717808765,1,1,1
sb1,0.5,385,500.6421108832565,1,1,1
sb1,0.5,390,500.6504499856363,1,1,1
sb1,0.5,395,500.6587890880163,1,1,1
sb1,0.5,400,500.6671281903963,1,1,1
sb1,0.5,405,500.6754672927763,1,1,1
sb1,0.5,410,500.6838063951562,1,1,1
sb1,0.5,415,500.6921454975362,1,1,1
sb1,0.5,420,500.7004845999161,1,1,1
sb1,0.5,425,500.7088237022961,1,1,1
sb1,0.5,430,500.717162804676,1,1,1
sb1,0.5,435,500.725501907056,1,1,1
sb1,0.5,440,500.733841009436,1,1,1
sb1,0.5,445,500.7421801118159,1,1,1
sb1,0.5,450,500.7505192141959,1,1,1
sb1,0.8,-450,499.2494807858042,1,1,1
sb1,0.8,-445,499.2578198881841,1,1,1
sb1,0.8,-440,499.2661589905641,1,1,1
sb1,0.8,-435,499.274498092944,1,1,1
sb1,0.8,-430,499.282837195324,1,1,1
sb1,0.8,-425,499.2911762977039,1,1,1
sb1,0.8,-420,499.2995154000839,1,1,1
sb1,0.8,-415,499.3078545024638,1,1,1
sb1,0.8,-410,499.3161936048438,1,1,1
sb1,0.8,-405,499.3245327072237,1,1,1
sb1,0.8,-400,499.3328718096037,1,1,1
sb1,0.8,-395,499.3412109119836,1,1,1
sb1,0.8,-390,499.3495500143636,1,1,1
sb1,0.8,-385,499.3578891167435,1,1,1
sb1,0.8,-380,499.3662282191235,1,1,1
sb1,0.8,-375,499.3745673215035,1,1,1
sb1,0.8,-370,499.3829064238835,1,1,1
sb1,0.8,-365,499.3912455262633,1,1,1
sb1,0.8,-360,499.3995846286433,1,1,1
sb1,0.8,-355,499.4079237310233,1,1,1
sb1,0.8,-350,499.4162628334032,1,1,1
sb1,0.8,-345,499.4246019357832,1,1,1
sb1,0.8,-340,499.4329410381632,1,1,1
sb1,0.8,-335,499.4412801405431,1,1,1
sb1,0.8,-330,499.449619242923,1,1,1
sb1,0.8,-325,499.457958345303,1,1,1
sb1,0.8,-320,499.466297447683,1,1,1
sb1,0.8,-315,499.4746365500629,1,1,1
sb1,0.8,-310,499.4829756524429,1,1,1
sb1,0.8,-305,499.4913147548228,1,1,1
sb1,0.8,-300,499.4996538572028,1,1,1
sb1,0.8,-295,499.5079929595827,1,1,1
sb1,0.8,-290,499.5163320619627,1,1,1
sb1,0.8,-285,499.5246711643426,1,1,1
sb1,0.8,-280,499.5330102667226,1,1,1
sb1,0.8,-275,499.5413493691025,1,1,1
sb1,0.8,-270,499.5496884714825,1,1,1
sb1,0.8,-265,499.5580275738625,1,1,1
sb1,0.8,-260,499.5663666762424,1,1,1
sb1,0.8,-255,499.5747057786223,1,1,1
sb1,0.8,-250,499.5830448810023,1,1,1
sb1,0.8,-245,499.5913839833823,1,1,1
sb1,0.8,-240,499.5997230857622,1,1,1
sb1,0.8,-235,499.6080621881422,1,1,1
sb1,0.8,-230,499.6164012905222,1,1,1
sb1,0.8,-225,499.6247403929021,1,1,1
sb1,0.8,-220,499.633079495282,1,1,1
sb1,0.8,-215,499.641418597662,1,1,1
sb1,0.8,-210,499.649757700042,1,1,1
sb1,0.8,-205,499.6580968024219,1,1,1
sb1,0.8,-200,499.6664359048019,1,1,1
sb1,0.8,-195,499.6747750071818,1,1,1
sb1,0.8,-190,499.6831141095618,1,1,1
sb1,0.8,-185,499.6914532119417,1,1,1
sb1,0.8,-180,499.6997923143217,1,1,1
sb1,0.8,-175,499.7081314167016,1,1,1
sb1,0.8,-170,499.7164705190816,1,1,1
sb1,0.8,-165,499.7248096214615,1,1,1
sb1,0.8,-160,499.7331487238415,1,1,1
sb1,0.8,-155,499.7414878262214,1,1,1
sb1,0.8,-150,499.7498269286014,1,1,1
sb1,0.8,-145,499.7581660309813,1,1,1
sb1,0.8,-140,499.7665051333613,1,1,1
sb1,0.8,-135,499.7748442357413,1,1,1
sb1,0.8,-130,499.7831833381212,1,1,1
sb1,0.8,-125,499.7915224405012,1,1,1
sb1,0.8,-120,499.7998615428811,1,1,1
sb1,0.8,-115,499.808200645261,1,1,1
sb1,0.8,-110,499.816539747641,1,1,1
sb1,0.8,-105,499.824878850021,1,1,1
sb1,0.8,-100,499.833217952401,1,1,1
sb1,0.8,-95,499.8415570547809,1,1,1
sb1,0.8,-90,499.8498961571609,1,1,1
sb1,0.8,-85,499.8582352595408,1,1,1
sb1,0.8,-80,499.8665743619207,1,1,1
sb1,0.8,-75,499.8749134643007,1,1,1
sb1,0.8,-70,499.8832525666807,1,1,1
sb1,0.8,-65,499.8915916690606,1,1,1
sb1,0.8,-60,499.8999307714406,1,1,1
sb1,0.8,-55,499.9082698738205,1,1,1
sb1,0.8,-50,499.9166089762005,1,1,1
sb1,0.8,-45,499.9249480785804,1,1,1
sb1,0.8,-40,499.9332871809603,1,1,1
sb1,0.8,-35,499.9416262833403,0.9999999999999999,0.9999999999999999,1
sb1,0.8,-30,499.9499653857203,0.9999999999999097,0.9999999999999097,1
sb1,0.8,-25,499.9583044881002,0.9999999999378878,0.9999999999378878,1
sb1,0.8,-20,499.9666435904802,0.999999981188083,0.999999981188083,1
sb1,0.8,-15,499.9749826928601,0.9999974917697498,0.9999974917697498,1
sb1,0.8,-10,499.9833217952401,0.9998527754188101,0.9998527754188101,1
sb1,0.8,-5,499.99166089762,0.9961957256172002,0.9961957256172002,1
sb1,0.8,0,500,0.9567245176615906,0.9567245176615906,1
sb1,0.8,5,500.00833910238,0.7832841974836682,0.7832841974836682,1
sb1,0.8,10,500.0166782047599,0.5222311588744737,0.5222311588744737,1
sb1,0.8,15,500.0250173071399,0.5363143623861992,0.5363143623861992,1
sb1,0.8,20,500.0333564095199,0.8018892489357686,0.8018892489357686,1
sb1,0.8,25,500.0416955118998,0.9627375828156211,0.9627375828156211,1
sb1,0.8,30,500.0500346142798,0.996914592135225,0.996914592135225,1
sb1,0.8,35,500.0583737166597,0.9998875310295423,0.9998875310295423,1
sb1,0.8,40,500.0667128190396,0.9999981951902185,0.9999981951902185,1
sb1,0.8,45,500.0750519214196,0.9999999872500427,0.9999999872500427,1
sb1,0.8,50,500.0833910237995,0.9999999999603481,0.9999999999603481,1
sb1,0.8,55,500.0917301261795,0.9999999999999457,0.9999999999999457,1
sb1,0.8,60,500.1000692285594,1,1,1
sb1,0.8,65,500.1084083309394,1,1,1
sb1,0.8,70,500.1167474333193,1,1,1
sb1,0.8,75,500.1250865356993,1,1,1
sb1,0.8,80,500.1334256380793,1,1,1
sb1,0.8,85,500.1417647404592,1,1,1
sb1,0.8,90,500.1501038428392,1,1,1
sb1,0.8,95,500.1584429452192,1,1,1
sb1,0.8,100,500.1667820475991,1,1,1
sb1,0.8,105,500.1751211499791,1,1,1
sb1,0.8,110,500.1834602523589,1,1,1
sb1,0.8,115,500.1917993547389,1,1,1
sb1,0.8,120,500.2001384571188,1,1,1
sb1,0.8,125,500.2084775594988,1,1,1
sb1,0.8,130,500.2168166618788,1,1,1
sb1,0.8,135,500.2251557642587,1,1,1
sb1,0.8,140,500.2334948666387,1,1,1
sb1,0.8,145,500.2418339690187,1,1,1
sb1,0.8,150,500.2501730713986,1,1,1
sb1,0.8,155,500.2585121737786,1,1,1
sb1,0.8,160,500.2668512761585,1,1,1
sb1,0.8,165,500.2751903785385,1,1,1
sb1,0.8,170,500.2835294809185,1,1,1
sb1,0.8,175,500.2918685832984,1,1,1
sb1,0.8,180,500.3002076856783,1,1,1
sb1,0.8,185,500.3085467880583,1,1,1
sb1,0.8,190,500.3168858904382,1,1,1
sb1,0.8,195,500.3252249928182,1,1,1
sb1,0.8,200,500.3335640951981,1,1,1
sb1,0.8,205,500.3419031975781,1,1,1
sb1,0.8,210,500.350242299958,1,1,1
sb1,0.8,215,500.358581402338,1,1,1
sb1,0.8,220,500.366920504718,1,1,1
sb1,0.8,225,500.3752596070979,1,1,1
sb1,0.8,230,500.3835987094779,1,1,1
sb1,0.8,235,500.3919378118579,1,1,1
sb1,0.8,240,500.4002769142378,1,1,1
sb1,0.8,245,500.4086160166178,1,1,1
sb1,0.8,250,500.4169551189976,1,1,1
sb1,0.8,255,500.4252942213776,1,1,1
sb1,0.8,260,500.4336333237576,1,1,1
sb1,0.8,265,500.4419724261375,1,1,1
sb1,0.8,270,500.4503115285175,1,1,1
sb1,0.8,275,500.4586506308975,1,1,1
sb1,0.8,280,500.4669897332774,1,1,1
sb1,0.8,285,500.4753288356574,1,1,1
sb1,0.8,290,500.4836679380373,1,1,1
sb1,0.8,295,500.4920070404173,1,1,1
sb1,0.8,300,500.5003461427972,1,1,1
sb1,0.8,305,500.5086852451772,1,1,1
sb1,0.8,310,500.5170243475572,1,1,1
sb1,0.8,315,500.5253634499371,1,1,1
sb1,0.8,320,500.533702552317,1,1,1
sb1,0.8,325,500.542041654697,1,1,1
sb1,0.8,330,500.5503807570769,1,1,1
sb1,0.8,335,500.5587198594569,1,1,1
sb1,0.8,340,500.5670589618368,1,1,1
sb1,0.8,345,500.5753980642168,1,1,1
sb1,0.8,350,500.5837371665968,1,1,1
sb1,0.8,355,500.5920762689767,1,1,1
sb1,0.8,360,500.6004153713567,1,1,1
sb1,0.8,365,500.6087544737367,1,1,1
sb1,0.8,370,500.6170935761166,1,1,1
sb1,0.8,375,500.6254326784966,1,1,1
sb1,0.8,380,500.6337717808765,1,1,1
sb1,0.8,385,500.6421108832565,1,1,1
sb1,0.8,390,500.6504499856363,1,1,1
sb1,0.8,395,500.6587890880163,1,1,1
sb1,0.8,400,500.6671281903963,1,1,1
sb1,0.8,405,500.6754672927763,1,1,1
sb1,0.8,410,500.6838063951562,1,1,1
sb1,0.8,415,500.6921454975362,1,1,1
sb1,0.8,420,500.7004845999161,1,1,1
sb1,0.8,425,500.7088237022961,1,1,1
sb1,0.8,430,500.717162804676,1,1,1
sb1,0.8,435,500.725501907056,1,1,1
sb1,0.8,440,500.733841009436,1,1,1
sb1,0.8,445,500.7421801118159,1,1,1
sb1,0.8,450,500.7505192141959,1,1,1
sb1,1,-450,499.2494807858042,1,1,1
sb1,1,-445,499.2578198881841,1,1,1
sb1,1,-440,499.2661589905641,1,1,1
sb1,1,-435,499.274498092944,1,1,1
sb1,1,-430,499.282837195324,1,1,1
sb1,1,-425,499.2911762977039,1,1,1
sb1,1,-420,499.2995154000839,1,1,1
sb1,1,-415,499.3078545024638,1,1,1
sb1,1,-410,499.3161936048438,1,1,1
sb1,1,-405,499.3245327072237,1,1,1
sb1,1,-400,499.3328718096037,1,1,1
sb1,1,-395,499.3412109119836,1,1,1
sb1,1,-390,499.3495500143636,1,1,1
sb1,1,-385,499.3578891167435,1,1,1
sb1,1,-380,499.3662282191235,1,1,1
sb1,1,-375,499.3745673215035,1,1,1
sb1,1,-370,499.3829064238835,1,1,1
sb1,1,-365,499.3912455262633,1,1,1
sb1,1,-360,499.3995846286433,1,1,1
sb1,1,-355,499.4079237310233,1,1,1
sb1,1,-350,499.4162628334032,1,1,1
sb1,1,-345,499.4246019357832,1,1,1
sb1,1,-340,499.4329410381632,1,1,1
sb1,1,-335,499.4412801405431,1,1,1
sb1,1,-330,499.449619242923,1,1,1
sb1,1,-325,499.457958345303,1,1,1
sb1,1,-320,499.466297447683,1,1,1
sb1,1,-315,499.4746365500629,1,1,1
sb1,1,-310,499.4829756524429,1,1,1
sb1,1,-305,499.4913147548228,1,1,1
sb1,1,-300,499.4996538572028,1,1,1
sb1,1,-295,499.5079929595827,1,1,1
sb1,1,-290,499.5163320619627,1,1,1
sb1,1,-285,499.5246711643426,1,1,1
sb1,1,-280,499.5330102667226,1,1,1
sb1,1,-275,499.5413493691025,1,1,1
sb1,1,-270,499.5496884714825,1,1,1
sb1,1,-265,499.5580275738625,1,1,1
sb1,1,-260,499.5663666762424,1,1,1
sb1,1,-255,499.5747057786223,1,1,1
sb1,1,-250,499.5830448810023,1,1,1
sb1,1,-245,499.5913839833823,1,1,1
sb1,1,-240,499.5997230857622,1,1,1
sb1,1,-235,499.6080621881422,1,1,1
sb1,1,-230,499.6164012905222,1,1,1
sb1,1,-225,499.6247403929021,1,1,1
sb1,1,-220,499.633079495282,1,1,1
sb1,1,-215,499.641418597662,1,1,1
sb1,1,-210,499.649757700042,1,1,1
sb1,1,-205,499.6580968024219,1,1,1
sb1,1,-200,499.6664359048019,1,1,1
sb1,1,-195,499.6747750071818,1,1,1
sb1,1,-190,499.6831141095618,1,1,1
sb1,1,-185,499.6914532119417,1,1,1
sb1,1,-180,499.6997923143217,1,1,1
sb1,1,-175,499.7081314167016,1,1,1
sb1,1,-170,499.7164705190816,1,1,1
sb1,1,-165,499.7248096214615,1,1,1
sb1,1,-160,499.7331487238415,1,1,1
sb1,1,-155,499.7414878262214,1,1,1
sb1,1,-150,499.7498269286014,1,1,1
sb1,1,-145,499.7581660309813,1,1,1
sb1,1,-140,499.7665051333613,1,1,1
sb1,1,-135,499.7748442357413,1,1,1
sb1,1,-130,499.7831833381212,1,1,1
sb1,1,-125,499.7915224405012,1,1,1
sb1,1,-120,499.7998615428811,1,1,1
sb1,1,-115,499.808200645261,1,1,1
sb1,1,-110,499.816539747641,1,1,1
sb1,1,-105,499.824878850021,1,1,1
sb1,1,-100,499.833217952401,1,1,1
sb1,1,-95,499.8415570547809,1,1,1
sb1,1,-90,499.8498961571609,1,1,1
sb1,1,-85,499.8582352595408,1,1,1
sb1,1,-80,499.8665743619207,0.999999999999981,0.999999999999981,1
sb1,1,-75,499.8749134643007,0.9999999999843614,0.9999999999843614,1
sb1,1,-70,499.8832525666807,0.9999999943176054,0.9999999943176054,1
sb1,1,-65,499.8915916690606,0.9999990910410493,0.9999990910410493,1
sb1,1,-60,499.8999307714406,0.9999359917819759,0.9999359917819759,1
sb1,1,-55,499.9082698738205,0.9980157070845707,0.9980157070845707,1
sb1,1,-50,499.9166089762005,0.9729196417155432,0.9729196417155432,1
sb1,1,-45,499.9249480785804,0.8373022267273698,0.8373022267273698,1
sb1,1,-40,499.9332871809603,0.5696841020956728,0.5696841020956728,1
sb1,1,-35,499.9416262833403,0.4989607455535918,0.4989607455535918,1
sb1,1,-30,499.9499653857203,0.7431765399748863,0.7431765399748863,1
sb1,1,-25,499.9583044881002,0.942046961398889,0.942046961398889,1
sb1,1,-20,499.9666435904802,0.9942429989307493,0.9942429989307493,1
sb1,1,-15,499.9749826928601,0.9997482352131117,0.9997482352131117,1
sb1,1,-10,499.9833217952401,0.9999951530086616,0.9999951530086616,1
sb1,1,-5,499.99166089762,0.9999999589202229,0.9999999589202229,1
sb1,1,0,500,0.9999999998467282,0.9999999998467282,1
sb1,1,5,500.00833910238,0.9999999999997482,0.9999999999997482,1
sb1,1,10,500.0166782047599,0.9999999999999998,0.9999999999999998,1
sb1,1,15,500.0250173071399,1,1,1
sb1,1,20,500.0333564095199,1,1,1
sb1,1,25,500.0416955118998,1,1,1
sb1,1,30,500.0500346142798,1,1,1
sb1,1,35,500.0583737166597,1,1,1
sb1,1,40,500.0667128190396,1,1,1
sb1,1,45,500.0750519214196,1,1,1
sb1,1,50,500.0833910237995,1,1,1
sb1,1,55,500.0917301261795,1,1,1
sb1,1,60,500.1000692285594,1,1,1
sb1,1,65,500.1084083309394,1,1,1
sb1,1,70,500.1167474333193,1,1,1
sb1,1,75,500.1250865356993,1,1,1
sb1,1,80,500.1334256380793,1,1,1
sb1,1,85,500.1417647404592,1,1,1
sb1,1,90,500.1501038428392,1,1,1
sb1,1,95,500.1584429452192,1,1,1
sb1,1,100,500.1667820475991,1,1,1
sb1,1,105,500.1751211499791,1,1,1
sb1,1,110,500.1834602523589,1,1,1
sb1,1,115,500.1917993547389,1,1,1
sb1,1,120,500.2001384571188,1,1,1
sb1,1,125,500.2084775594988,1,1,1
sb1,1,130,500.2168166618788,1,1,1
sb1,1,135,500.2251557642587,1,1,1
sb1,1,140,500.2334948666387,1,1,1
sb1,1,145,500.2418339690187,1,1,1
sb1,1,150,500.2501730713986,1,1,1
sb1,1,155,500.2585121737786,1,1,1
sb1,1,160,500.2668512761585,1,1,1
sb1,1,165,500.2751903785385,1,1,1
sb1,1,170,500.2835294809185,1,1,1
sb1,1,175,500.2918685832984,1,1,1
sb1,1,180,500.3002076856783,1,1,1
sb1,1,185,500.3085467880583,1,1,1
sb1,1,190,500.3168858904382,1,1,1
sb1,1,195,500.3252249928182,1,1,1
sb1,1,200,500.3335640951981,1,1,1
sb1,1,205,500.3419031975781,1,1,1
sb1,1,210,500.350242299958,1,1,1
sb1,1,215,500.358581402338,1,1,1
sb1,1,220,500.366920504718,1,1,1
sb1,1,225,500.3752596070979,1,1,1
sb1,1,230,500.3835987094779,1,1,1
sb1,1,235,500.3919378118579,1,1,1
sb1,1,240,500.4002769142378,1,1,1
sb1,1,245,500.4086160166178,1,1,1
sb1,1,250,500.4169551189976,1,1,1
sb1,1,255,500.4252942213776,1,1,1
sb1,1,260,500.4336333237576,1,1,1
sb1,1,265,500.4419724261375,1,1,1
sb1,1,270,500.4503115285175,1,1,1
sb1,1,275,500.4586506308975,1,1,1
sb1,1,280,500.4669897332774,1,1,1
sb1,1,285,500.4753288356574,1,1,1
sb1,1,290,500.4836679380373,1,1,1
sb1,1,295,500.4920070404173,1,1,1
sb1,1,300,500.5003461427972,1,1,1
sb1,1,305,500.5086852451772,1,1,1
sb1,1,310,500.5170243475572,1,1,1
sb1,1,315,500.5253634499371,1,1,1
sb1,1,320,500.533702552317,1,1,1
sb1,1,325,500.542041654697,1,1,1
sb1,1,330,500.5503807570769,1,1,1
sb1,1,335,500.5587198594569,1,1,1
sb1,1,340,500.5670589618368,1,1,1
sb1,1,345,500.5753980642168,1,1,1
sb1,1,350,500.5837371665968,1,1,1
sb1,1,355,500.5920762689767,1,1,1
sb1,1,360,500.6004153713567,1,1,1
sb1,1,365,500.6087544737367,1,1,1
sb1,1,370,500.6170935761166,1,1,1
sb1,1,375,500.6254326784966,1,1,1
sb1,1,380,500.6337717808765,1,1,1
sb1,1,385,500.6421108832565,1,1,1
sb1,1,390,500.6504499856363,1,1,1
sb1,1,395,500.6587890880163,1,1,1
sb1,1,400,500.6671281903963,1,1,1
sb1,1,405,500.6754672927763,1,1,1
sb1,1,410,500.6838063951562,1,1,1
sb1,1,415,500.6921454975362,1,1,1
sb1,1,420,500.7004845999161,1,1,1
sb1,1,425,500.7088237022961,1,1,1
sb1,1,430,500.717162804676,1,1,1
sb1,1,435,500.725501907056,1,1,1
sb1,1,440,500.733841009436,1,1,1
sb1,1,445,500.7421801118159,1,1,1
sb1,1,450,500.7505192141959,1,1,1
blended,0,-450,499.2494807858042,1,1,1
blended,0,-445,499.2578198881841,1,1,1
blended,0,-440,499.2661589905641,1,1,1
blended,0,-435,499.274498092944,1,1,1
blended,0,-430,499.282837195324,1,1,1
blended,0,-425,499.2911762977039,1,1,1
blended,0,-420,499.2995154000839,1,1,1
blended,0,-415,499.3078545024638,1,1,1
blended,0,-410,499.3161936048438,1,1,1
blended,0,-405,499.3245327072237,0.9999999999999999,1,0.9999999999999999
blended,0,-400,499.3328718096037,0.9999999999999997,1,0.9999999999999997
blended,0,-395,499.3412109119836,0.9999999999999991,1,0.9999999999999991
blended,0,-390,499.3495500143636,0.9999999999999977,1,0.9999999999999977
blended,0,-385,499.3578891167435,0.9999999999999943,1,0.9999999999999943
blended,0,-380,499.3662282191235,0.9999999999999861,1,0.9999999999999861
blended,0,-375,499.3745673215035,0.9999999999999666,1,0.9999999999999666
blended,0,-370,499.3829064238835,0.9999999999999205,1,0.9999999999999205
blended,0,-365,499.3912455262633,0.9999999999998138,1,0.9999999999998138
blended,0,-360,499.3995846286433,0.9999999999995698,1,0.9999999999995698
blended,0,-355,499.4079237310233,0.9999999999990191,1,0.9999999999990191
blended,0,-350,499.4162628334032,0.9999999999977943,1,0.9999999999977943
blended,0,-345,499.4246019357832,0.9999999999951076,1,0.9999999999951076
blended,0,-340,499.4329410381632,0.9999999999892955,1,0.9999999999892955
blended,0,-335,499.4412801405431,0.9999999999768968,1,0.9999999999768968
blended,0,-330,499.449619242923,0.9999999999508151,1,0.9999999999508151
blended,0,-325,499.457958345303,0.9999999998967125,1,0.9999999998967125
blended,0,-320,499.466297447683,0.9999999997860458,1,0.9999999997860458
blended,0,-315,499.4746365500629,0.9999999995628297,1,0.9999999995628297
blended,0,-310,499.4829756524429,0.9999999991188757,1,0.9999999991188757
blended,0,-305,499.4913147548228,0.9999999982482165,1,0.9999999982482165
blended,0,-300,499.4996538572028,0.9999999965645752,1,0.9999999965645752
blended,0,-295,499.5079929595827,0.9999999933543533,0.9999999999999999,0.9999999933543534
blended,0,-290,499.5163320619627,0.9999999873190788,0.9999999999999998,0.999999987319079
blended,0,-285,499.5246711643426,0.9999999761317199,0.9999999999999994,0.9999999761317204
blended,0,-280,499.5330102667226,0.9999999556852596,0.9999999999999987,0.9999999556852609
blended,0,-275,499.5413493691025,0.999999918841865,0.9999999999999966,0.9999999188418685
blended,0,-270,499.5496884714825,0.999999853386936,0.9999999999999917,0.9999998533869443
blended,0,-265,499.5580275738625,0.9999997387417299,0.9999999999999797,0.9999997387417502
blended,0,-260,499.5663666762424,0.9999995407764098,0.9999999999999514,0.9999995407764585
blended,0,-255,499.5747057786223,0.9999992037763028,0.9999999999998851,0.9999992037764177
blended,0,-250,499.5830448810023,0.9999986382330904,0.9999999999997323,0.9999986382333581
blended,0,-245,499.5913839833823,0.9999977026496801,0.9999999999993852,0.999997702650295
blended,0,-240,499.5997230857622,0.9999961769634749,0.9999999999986066,0.9999961769648683
blended,0,-235,499.6080621881422,0.9999937245272664,0.999999999996885,0.9999937245303814
blended,0,-230,499.6164012905222,0.9999898388882015,0.9999999999931312,0.9999898388950703
blended,0,-225,499.6247403929021,0.9999837709610265,0.9999999999850595,0.999983770975967
blended,0,-220,499.633079495282,0.9999744317397904,0.9999999999679442,0.9999744317718462
blended,0,-215,499.641418597662,0.9999602656267967,0.9999999999321573,0.9999602656946395
blended,0,-210,499.649757700042,0.9999390900294785,0.9999999998583696,0.9999390901711088
blended,0,-205,499.6580968024219,0.9999078983794909,0.9999999997083467,0.9999078986711442
blended,0,-200,499.6664359048019,0.999862626473064,0.9999999994075746,0.9998626270654895
blended,0,-195,499.6747750071818,0.9997978862928719,0.9999999988129816,0.9997978874798903
blended,0,-190,499.6831141095618,0.9997066774209269,0.9999999976539463,0.9997066797669806
blended,0,-185,499.6914532119417,0.9995800937698134,0.9999999954262208,0.9995800983435926
blended,0,-180,499.6997923143217,0.9994070523406737,0.9999999912043243,0.9994070611363495
blended,0,-175,499.7081314167016,0.9991740803829593,0.9999999833152391,0.9991740970677202
blended,0,-170,499.7164705190816,0.998865206577397,0.9999999687803861,0.9988652377970109
blended,0,-165,499.7248096214615,0.9984620091578933,0.9999999423775353,0.998462066780358
blended,0,-160,499.7331487238415,0.9979438773564614,0.9999998950909643,0.9979439822654971
blended,0,-155,499.7414878262214,0.9972885401679593,0.9999998115957384,0.997288728572221
blended,0,-150,499.7498269286014,0.9964729062933902,0.9999996662468973,0.996473240046493
blended,0,-145,499.7581660309813,0.9954742398490463,0.9999994168011433,0.9954748230479029
blended,0,-140,499.7665051333613,0.9942716675746828,0.9999989947715342,0.9942726728031486
blended,0,-135,499.7748442357413,0.9928479757166896,0.9999982908914169,0.9928496848252727
blended,0,-130,499.7831833381212,0.9911916109921421,0.9999971336363048,0.9911944773558373
blended,0,-125,499.7915224405012,0.989298754234446,0.9999952581294242,0.9893034961050218
blended,0,-120,499.7998615428811,0.9871752931409526,0.9999922620688652,0.9871830310720875
blended,0,-115,499.808200645261,0.9848384886019218,0.9999875446255949,0.9848509439763269
blended,0,-110,499.816539747641,0.9823181141241369,0.9999802236802277,0.9823378904439093
blended,0,-105,499.824878850021,0.9796568556725016,0.9999690264540859,0.9796878292184157
blended,0,-100,499.833217952401,0.976909793577497,0.9999521487661204,0.9769576448113766
blended,0,-95,499.8415570547809,0.9741428496672986,0.9999270790837325,0.9742157705835661
blended,0,-90,499.8498961571609,0.9714301684181034,0.9998903855382626,0.9715397828798408
blended,0,-85,499.8582352595408,0.9688505037296017,0.9998374674472139,0.9690130362823878
blended,0,-80,499.8665743619207,0.9664827925779942,0.9997622778661339,0.9667205147118603
blended,0,-75,499.8749134643007,0.9644012006414751,0.9996570303851288,0.9647441702563463
blended,0,-70,499.8832525666807,0.9626700097311511,0.999511911658761,0.9631580980723902
blended,0,-65,499.8915916690606,0.961338770420795,0.9993148305595075,0.9620239398612874
blended,0,-60,499.8999307714406,0.960438156662386,0.9990512445195047,0.9613869121428813
blended,0,-55,499.9082698738205,0.9599769279820475,0.9987041122841741,0.9612728156978734
blended,0,-50,499.9166089762005,0.9599403300622749,0.9982540282564142,0.9616863018058607
blended,0,-45,499.9249480785804,0.9602901525526431,0.9976795949009075,0.9626105576517355
blended,0,-40,499.9332871809603,0.9609665248586445,0.9969580843037963,0.9640084405548482
blended,0,-35,499.9416262833403,0.9618913806130431,0.9960664262337252,0.9658249543793179
blended,0,-30,499.9499653857203,0.9629733749309832,0.9949825369097628,0.9679908380212204
blended,0,-25,499.9583044881002,0.9641139100159877,0.993686970244921,0.9704269397710666
blended,0,-20,499.9666435904802,0.9652138263515438,0.9921648331612161,0.9730489931903278
blended,0,-15,499.9749826928601,0.9661802570129132,0.9904078618880587,0.9757723951248545
blended,0,-10,499.9833217952401,0.9669331257362166,0.9884165118043314,0.9785166139318852
blended,0,-5,499.99166089762,0.9674107952711268,0.9862018754774199,0.9812089197937069
blended,0,0,500,0.9675744375852089,0.9837872187926044,0.9837872187926044
blended,0,5,500.00833910238,0.9674107952711268,0.9812089197937069,0.9862018754774199
blended,0,10,500.0166782047599,0.9669331257362166,0.9785166139318852,0.9884165118043314
blended,0,15,500.0250173071399,0.9661802570129132,0.9757723951248545,0.9904078618880587
blended,0,20,500.0333564095199,0.9652138263515438,0.9730489931903278,0.9921648331612161
blended,0,25,500.0416955118998,0.9641139100159877,0.9704269397710666,0.993686970244921
blended,0,30,500.0500346142798,0.9629733749309832,0.9679908380212204,0.9949825369097628
blended,0,35,500.0583737166597,0.9618913806130431,0.9658249543793179,0.9960664262337252
blended,0,40,500.0667128190396,0.9609665248586445,0.9640084405548482,0.9969580843037963
blended,0,45,500.0750519214196,0.9602901525526431,0.9626105576517355,0.9976795949009075
blended,0,50,500.0833910237995,0.9599403300622749,0.9616863018058607,0.9982540282564142
blended,0,55,500.0917301261795,0.9599769279820475,0.9612728156978734,0.9987041122841741
blended,0,60,500.1000692285594,0.960438156662386,0.9613869121428813,0.9990512445195047
blended,0,65,500.1084083309394,0.961338770420795,0.9620239398612874,0.9993148305595075
blended,0,70,500.1167474333193,0.9626700097311511,0.9631580980723902,0.999511911658761
blended,0,75,500.1250865356993,0.9644012006414751,0.9647441702563463,0.9996570303851288
blended,0,80,500.1334256380793,0.9664827925779942,0.9667205147118603,0.9997622778661339
blended,0,85,500.1417647404592,0.9688505037296017,0.9690130362823878,0.9998374674472139
blended,0,90,500.1501038428392,0.9714301684181034,0.9715397828798408,0.9998903855382626
blended,0,95,500.1584429452192,0.9741428496672986,0.9742157705835661,0.9999270790837325
blended,0,100,500.1667820475991,0.976909793577497,0.9769576448113766,0.9999521487661204
blended,0,105,500.1751211499791,0.9796568556725016,0.9796878292184157,0.9999690264540859
blended,0,110,500.1834602523589,0.9823181141241369,0.9823378904439093,0.9999802236802277
blended,0,115,500.1917993547389,0.9848384886019218,0.9848509439763269,0.9999875446255949
blended,0,120,500.2001384571188,0.9871752931409526,0.9871830310720875,0.9999922620688652
blended,0,125,500.2084775594988,0.989298754234446,0.9893034961050218,0.9999952581294242
blended,0,130,500.2168166618788,0.9911916109921421,0.9911944773558373,0.9999971336363048
blended,0,135,500.2251557642587,0.9928479757166896,0.9928496848252727,0.9999982908914169
blended,0,140,500.2334948666387,0.9942716675746828,0.9942726728031486,0.9999989947715342
blended,0,145,500.2418339690187,0.9954742398490463,0.9954748230479029,0.9999994168011433
blended,0,150,500.2501730713986,0.9964729062933902,0.996473240046493,0.9999996662468973
blended,0,155,500.2585121737786,0.9972885401679593,0.997288728572221,0.9999998115957384
blended,0,160,500.2668512761585,0.9979438773564614,0.9979439822654971,0.9999998950909643
blended,0,165,500.2751903785385,0.9984620091578933,0.998462066780358,0.9999999423775353
blended,0,170,500.2835294809185,0.998865206577397,0.9988652377970109,0.9999999687803861
blended,0,175,500.2918685832984,0.9991740803829593,0.9991740970677202,0.9999999833152391
blended,0,180,500.3002076856783,0.9994070523406737,0.9994070611363495,0.9999999912043243
blended,0,185,500.3085467880583,0.9995800937698134,0.9995800983435926,0.9999999954262208
blended,0,190,500.3168858904382,0.9997066774209269,0.9997066797669806,0.9999999976539463
blended,0,195,500.3252249928182,0.9997978862928719,0.9997978874798903,0.9999999988129816
blended,0,200,500.3335640951981,0.999862626473064,0.9998626270654895,0.9999999994075746
blended,0,205,500.3419031975781,0.9999078983794909,0.9999078986711442,0.9999999997083467
blended,0,210,500.350242299958,0.9999390900294785,0.9999390901711088,0.9999999998583696
blended,0,215,500.358581402338,0.9999602656267967,0.9999602656946395,0.9999999999321573
blended,0,220,500.366920504718,0.9999744317397904,0.9999744317718462,0.9999999999679442
blended,0,225,500.3752596070979,0.9999837709610265,0.999983770975967,0.9999999999850595
blended,0,230,500.3835987094779,0.9999898388882015,0.9999898388950703,0.9999999999931312
blended,0,235,500.3919378118579,0.9999937245272664,0.9999937245303814,0.999999999996885
blended,0,240,500.4002769142378,0.9999961769634749,0.9999961769648683,0.9999999999986066
blended,0,245,500.4086160166178,0.9999977026496801,0.999997702650295,0.9999999999993852
blended,0,250,500.4169551189976,0.9999986382330904,0.9999986382333581,0.9999999999997323
blended,0,255,500.4252942213776,0.9999992037763028,0.9999992037764177,0.9999999999998851
blended,0,260,500.4336333237576,0.9999995407764098,0.9999995407764585,0.9999999999999514
blended,0,265,500.4419724261375,0.9999997387417299,0.9999997387417502,0.9999999999999797
blended,0,270,500.4503115285175,0.999999853386936,0.9999998533869443,0.9999999999999917
blended,0,275,500.4586506308975,0.999999918841865,0.9999999188418685,0.9999999999999966
blended,0,280,500.4669897332774,0.9999999556852596,0.9999999556852609,0.9999999999999987
blended,0,285,500.4753288356574,0.9999999761317199,0.9999999761317204,0.9999999999999994
blended,0,290,500.4836679380373,0.9999999873190788,0.999999987319079,0.9999999999999998
blended,0,295,500.4920070404173,0.9999999933543533,0.9999999933543534,0.9999999999999999
blended,0,300,500.5003461427972,0.9999999965645752,0.9999999965645752,1
blended,0,305,500.5086852451772,0.9999999982482165,0.9999999982482165,1
blended,0,310,500.5170243475572,0.9999999991188757,0.9999999991188757,1
blended,0,315,500.5253634499371,0.9999999995628297,0.9999999995628297,1
blended,0,320,500.533702552317,0.9999999997860458,0.9999999997860458,1
blended,0,325,500.542041654697,0.9999999998967125,0.9999999998967125,1
blended,0,330,500.5503807570769,0.9999999999508151,0.9999999999508151,1
blended,0,335,500.5587198594569,0.9999999999768968,0.9999999999768968,1
blended,0,340,500.5670589618368,0.9999999999892955,0.9999999999892955,1
blended,0,345,500.5753980642168,0.9999999999951076,0.9999999999951076,1
blended,0,350,500.5837371665968,0.9999999999977943,0.9999999999977943,1
blended,0,355,500.5920762689767,0.9999999999990191,0.9999999999990191,1
blended,0,360,500.6004153713567,0.9999999999995698,0.9999999999995698,1
blended,0,365,500.6087544737367,0.9999999999998138,0.9999999999998138,1
blended,0,370,500.6170935761166,0.9999999999999205,0.9999999999999205,1
blended,0,375,500.6254326784966,0.9999999999999666,0.9999999999999666,1
blended,0,380,500.6337717808765,0.9999999999999861,0.9999999999999861,1
blended,0,385,500.6421108832565,0.9999999999999943,0.9999999999999943,1
blended,0,390,500.6504499856363,0.9999999999999977,0.9999999999999977,1
blended,0,395,500.6587890880163,0.9999999999999991,0.9999999999999991,1
blended,0,400,500.6671281903963,0.9999999999999997,0.9999999999999997,1
blended,0,405,500.6754672927763,0.9999999999999999,0.9999999999999999,1
blended,0,410,500.6838063951562,1,1,1
blended,0,415,500.6921454975362,1,1,1
blended,0,420,500.7004845999161,1,1,1
blended,0,425,500.7088237022961,1,1,1
blended,0,430,500.717162804676,1,1,1
blended,0,435,500.725501907056,1,1,1
blended,0,440,500.733841009436,1,1,1
blended,0,445,500.7421801118159,1,1,1
blended,0,450,500.7505192141959,1,1,1
blended,0.07000000000000001,-450,499.2494807858042,1,1,1
blended,0.07000000000000001,-445,499.2578198881841,1,1,1
blended,0.07000000000000001,-440,499.2661589905641,1,1,1
blended,0.07000000000000001,-435,499.274498092944,1,1,1
blended,0.07000000000000001,-430,499.282837195324,1,1,1
blended,0.07000000000000001,-425,499.2911762977039,1,1,1
blended,0.07000000000000001,-420,499.2995154000839,1,1,1
blended,0.07000000000000001,-415,499.3078545024638,1,1,1
blended,0.07000000000000001,-410,499.3161936048438,1,1,1
blended,0.07000000000000001,-405,499.3245327072237,1,1,1
blended,0.07000000000000001,-400,499.3328718096037,0.9999999999999999,1,0.9999999999999999
blended,0.07000000000000001,-395,499.3412109119836,0.9999999999999997,1,0.9999999999999997
blended,0.07000000000000001,-390,499.3495500143636,0.9999999999999991,1,0.9999999999999991
blended,0.07000000000000001,-385,499.3578891167435,0.9999999999999979,1,0.9999999999999979
blended,0.07000000000000001,-380,499.3662282191235,0.9999999999999947,1,0.9999999999999947
blended,0.07000000000000001,-375,499.3745673215035,0.999999999999987,1,0.999999999999987
blended,0.07000000000000001,-370,499.3829064238835,0.9999999999999687,1,0.9999999999999687
blended,0.07000000000000001,-365,499.3912455262633,0.9999999999999254,1,0.9999999999999254
blended,0.07000000000000001,-360,499.3995846286433,0.9999999999998251,1,0.9999999999998251
blended,0.07000000000000001,-355,499.4079237310233,0.9999999999995954,1,0.9999999999995954
blended,0.07000000000000001,-350,499.4162628334032,0.9999999999990767,1,0.9999999999990767
blended,0.07000000000000001,-345,499.4246019357832,0.9999999999979217,1,0.9999999999979217
blended,0.07000000000000001,-340,499.4329410381632,0.9999999999953854,1,0.9999999999953854
blended,0.07000000000000001,-335,499.4412801405431,0.9999999999898931,1,0.9999999999898931
blended,0.07000000000000001,-330,499.449619242923,0.9999999999781646,1,0.9999999999781646
blended,0.07000000000000001,-325,499.457958345303,0.999999999953467,1,0.999999999953467
blended,0.07000000000000001,-320,499.466297447683,0.9999999999021824,1,0.9999999999021824
blended,0.07000000000000001,-315,499.4746365500629,0.999999999797171,1,0.999999999797171
blended,0.07000000000000001,-310,499.4829756524429,0.9999999995851421,1,0.9999999995851421
blended,0.07000000000000001,-305,499.4913147548228,0.999999999163,1,0.999999999163
blended,0.07000000000000001,-300,499.4996538572028,0.9999999983342555,0.9999999999999999,0.9999999983342556
blended,0.07000000000000001,-295,499.5079929595827,0.9999999967299978,0.9999999999999998,0.9999999967299981
blended,0.07000000000000001,-290,499.5163320619627,0.9999999936679482,0.9999999999999994,0.9999999936679488
blended,0.07000000000000001,-285,499.5246711643426,0.9999999879052291,0.9999999999999986,0.9999999879052306
blended,0.07000000000000001,-280,499.5330102667226,0.9999999772119272,0.9999999999999963,0.9999999772119309
blended,0.07000000000000001,-275,499.5413493691025,0.9999999576479616,0.999999999999991,0.9999999576479706
blended,0.07000000000000001,-270,499.5496884714825,0.9999999223578048,0.9999999999999784,0.9999999223578264
blended,0.07000000000000001,-265,499.5580275738625,0.999999859596457,0.9999999999999482,0.9999998595965088
blended,0.07000000000000001,-260,499.5663666762424,0.9999997495534213,0.9999999999998777,0.9999997495535436
blended,0.07000000000000001,-255,499.5747057786223,0.9999995593346341,0.9999999999997152,0.9999995593349189
blended,0.07000000000000001,-250,499.5830448810023,0.9999992351795038,0.9999999999993465,0.9999992351801573
blended,0.07000000000000001,-245,499.5913839833823,0.9999986906163636,0.9999999999985204,0.9999986906178432
blended,0.07000000000000001,-240,499.5997230857622,0.9999977887843404,0.9999999999966959,0.9999977887876446
blended,0.07000000000000001,-235,499.6080621881422,0.9999963165726631,0.9999999999927214,0.9999963165799417
blended,0.07000000000000001,-230,499.6164012905222,0.9999939475676708,0.9999999999841841,0.9999939475834867
blended,0.07000000000000001,-225,499.6247403929021,0.9999901900988892,0.9999999999661005,0.9999901901327888
blended,0.07000000000000001,-220,499.633079495282,0.9999843160229938,0.9999999999283278,0.999984316094666
blended,0.07000000000000001,-215,499.641418597662,0.9999752654118859,0.9999999998505262,0.9999752655613596
blended,0.07000000000000001,-210,499.649757700042,0.9999615222084671,0.9999999996925067,0.9999615225159604
blended,0.07000000000000001,-205,499.6580968024219,0.9999409564274935,0.9999999993760311,0.9999409570514624
blended,0.07000000000000001,-200,499.6664359048019,0.9999106299007771,0.9999999987510443,0.9999106311497328
blended,0.07000000000000001,-195,499.6747750071818,0.9998665652050602,0.9999999975340294,0.9998665676710309
blended,0.07000000000000001,-190,499.6831141095618,0.9998034815462854,0.999999995197299,0.9998034863489864
blended,0.07000000000000001,-185,499.6914532119417,0.9997145071864131,0.9999999907734372,0.9997145164129759
blended,0.07000000000000001,-180,499.6997923143217,0.999590885484452,0.999999982515585,0.999590902968867
blended,0.07000000000000001,-175,499.7081314167016,0.9994217004983531,0.999999967317217,0.9994217331811361
blended,0.07000000000000001,-170,499.7164705190816,0.999193657707649,0.9999999397379756,0.9991937179696734
blended,0.07000000000000001,-165,499.7248096214615,0.998890964690617,0.9999998903963127,0.9988910742943043
blended,0.07000000000000001,-160,499.7331487238415,0.9984953640170096,0.9999998033638439,0.9984955606531657
blended,0.07000000000000001,-155,499.7414878262214,0.9979863743391729,0.9999996520167425,0.9979867223224305
blended,0.07000000000000001,-150,499.7498269286014,0.9973417936490734,0.9999993925506314,0.997342401098442
blended,0.07000000000000001,-145,499.7581660309813,0.9965385089969145,0.9999989540315545,0.9965395549653601
blended,0.07000000000000001,-140,499.7665051333613,0.9955536382062647,0.9999982234237845,0.9955554147824802
blended,0.07000000000000001,-135,499.7748442357413,0.9943660007488423,0.99999702350014,0.9943689772487023
blended,0.07000000000000001,-130,499.7831833381212,0.9929578777517664,0.9999950809113222,0.9929627968404442
blended,0.07000000000000001,-125,499.7915224405012,0.9913169775061298,0.9999919810002578,0.991324996505872
blended,0.07000000000000001,-120,499.7998615428811,0.9894384769447055,0.9999871052623787,0.9894513716823269
blended,0.07000000000000001,-115,499.808200645261,0.9873269670060696,0.9999795467850652,0.9873474202210044
blended,0.07000000000000001,-110,499.816539747641,0.9849980972762599,0.9999679987150325,0.9850300985612274
blended,0.07000000000000001,-105,499.824878850021,0.9824796996770909,0.9999506110248335,0.9825290886522574
blended,0.07000000000000001,-100,499.833217952401,0.9798121782794434,0.9999248118543024,0.9798873664251411
blended,0.07000000000000001,-95,499.8415570547809,0.9770479865803057,0.9998870917967148,0.9771608947835909
blended,0.07000000000000001,-90,499.8498961571609,0.9742500757524095,0.9998327529827594,0.9744173227696501
blended,0.07000000000000001,-85,499.8582352595408,0.9714892846101776,0.9997556299216275,0.9717336546885501
blended,0.07000000000000001,-80,499.8665743619207,0.9688407474524328,0.9996477958754622,0.9691929515769706
blended,0.07000000000000001,-75,499.8749134643007,0.9663795090168393,0.9994992769206761,0.9668802320961633
blended,0.07000000000000001,-70,499.8832525666807,0.9641756434007157,0.9992978053058112,0.9648778380949045
blended,0.07000000000000001,-65,499.8915916690606,0.9622892618750739,0.9990286533644676,0.9632606085106064
blended,0.07000000000000001,-60,499.8999307714406,0.9607658499200917,0.9986745977628609,0.9620912521572308
blended,0.07000000000000001,-55,499.9082698738205,0.9596323863752536,0.9982160695409195,0.9614163168343342
blended,0.07000000000000001,-50,499.9166089762005,0.9588946618152638,0.9976315462708129,0.961263115544451
blended,0.07000000000000001,-45,499.9249480785804,0.958536129381529,0.9968982367155774,0.9616378926659516
blended,0.07000000000000001,-40,499.9332871809603,0.9585184956301138,0.995993093950175,0.9625254016799389
blended,0.07000000000000001,-35,499.9416262833403,0.9587841033088533,0.9948941690598067,0.9638899342490467
blended,0.07000000000000001,-30,499.9499653857203,0.9592599882926468,0.9935822844481159,0.9656777038445309
blended,0.07000000000000001,-25,499.9583044881002,0.9598633273220026,0.9920429651501783,0.9678203621718243
blended,0.07000000000000001,-20,499.9666435904802,0.9605078498035896,0.9902685217013084,0.9702393281022812
blended,0.07000000000000001,-15,499.9749826928601,0.9611106816201295,0.9882601340166342,0.9728505476034953
blended,0.07000000000000001,-10,499.9833217952401,0.9615990334750953,0.986029748570467,0.9755692849046284
blended,0.07000000000000001,-5,499.99166089762,0.9619161472344606,0.9836015776402962,0.9783145695941644
blended,0.07000000000000001,0,500,0.9620259715354107,0.9810129857677053,0.9810129857677053
blended,0.07000000000000001,5,500.00833910238,0.9619161472344606,0.9783145695941644,0.9836015776402962
blended,0.07000000000000001,10,500.0166782047599,0.9615990334750953,0.9755692849046284,0.986029748570467
blended,0.07000000000000001,15,500.0250173071399,0.9611106816201295,0.9728505476034953,0.9882601340166342
blended,0.07000000000000001,20,500.0333564095199,0.9605078498035896,0.9702393281022812,0.9902685217013084
blended,0.07000000000000001,25,500.0416955118998,0.9598633273220026,0.9678203621718243,0.9920429651501783
blended,0.07000000000000001,30,500.0500346142798,0.9592599882926468,0.9656777038445309,0.9935822844481159
blended,0.07000000000000001,35,500.0583737166597,0.9587841033088533,0.9638899342490467,0.9948941690598067
blended,0.07000000000000001,40,500.0667128190396,0.9585184956301139,0.9625254016799389,0.995993093950175
blended,0.07000000000000001,45,500.0750519214196,0.958536129381529,0.9616378926659516,0.9968982367155774
blended,0.07000000000000001,50,500.0833910237995,0.9588946618152638,0.961263115544451,0.9976315462708129
blended,0.07000000000000001,55,500.0917301261795,0.9596323863752536,0.9614163168343342,0.9982160695409195
blended,0.07000000000000001,60,500.1000692285594,0.9607658499200917,0.9620912521572308,0.9986745977628609
blended,0.07000000000000001,65,500.1084083309394,0.9622892618750739,0.9632606085106064,0.9990286533644676
blended,0.07000000000000001,70,500.1167474333193,0.9641756434007157,0.9648778380949045,0.9992978053058112
blended,0.07000000000000001,75,500.1250865356993,0.9663795090168393,0.9668802320961633,0.9994992769206761
blended,0.07000000000000001,80,500.1334256380793,0.9688407474524328,0.9691929515769706,0.9996477958754622
blended,0.07000000000000001,85,500.1417647404592,0.9714892846101776,0.9717336546885501,0.9997556299216275
blended,0.07000000000000001,90,500.1501038428392,0.9742500757524095,0.9744173227696501,0.9998327529827594
blended,0.07000000000000001,95,500.1584429452192,0.9770479865803057,0.9771608947835909,0.9998870917967148
blended,0.07000000000000001,100,500.1667820475991,0.9798121782794434,0.9798873664251411,0.9999248118543024
blended,0.07000000000000001,105,500.1751211499791,0.9824796996770909,0.9825290886522574,0.9999506110248335
blended,0.07000000000000001,110,500.1834602523589,0.9849980972762599,0.9850300985612274,0.9999679987150325
blended,0.07000000000000001,115,500.1917993547389,0.9873269670060696,0.9873474202210044,0.9999795467850652
blended,0.07000000000000001,120,500.2001384571188,0.9894384769447055,0.9894513716823269,0.9999871052623787
blended,0.07000000000000001,125,500.2084775594988,0.9913169775061298,0.991324996505872,0.9999919810002578
blended,0.07000000000000001,130,500.2168166618788,0.9929578777517664,0.9929627968404442,0.9999950809113222
blended,0.07000000000000001,135,500.2251557642587,0.9943660007488423,0.9943689772487023,0.99999702350014
blended,0.07000000000000001,140,500.2334948666387,0.9955536382062647,0.9955554147824802,0.9999982234237845
blended,0.07000000000000001,145,500.2418339690187,0.9965385089969145,0.9965395549653601,0.9999989540315545
blended,0.07000000000000001,150,500.2501730713986,0.9973417936490734,0.997342401098442,0.9999993925506314
blended,0.07000000000000001,155,500.2585121737786,0.9979863743391729,0.9979867223224305,0.9999996520167425
blended,0.07000000000000001,160,500.2668512761585,0.9984953640170096,0.9984955606531657,0.9999998033638439
blended,0.07000000000000001,165,500.2751903785385,0.998890964690617,0.9988910742943043,0.9999998903963127
blended,0.07000000000000001,170,500.2835294809185,0.999193657707649,0.9991937179696734,0.9999999397379756
blended,0.07000000000000001,175,500.2918685832984,0.9994217004983531,0.9994217331811361,0.999999967317217
blended,0.07000000000000001,180,500.3002076856783,0.999590885484452,0.999590902968867,0.999999982515585
blended,0.07000000000000001,185,500.3085467880583,0.9997145071864131,0.9997145164129759,0.9999999907734372
blended,0.07000000000000001,190,500.3168858904382,0.9998034815462854,0.9998034863489864,0.999999995197299
blended,0.07000000000000001,195,500.3252249928182,0.9998665652050602,0.9998665676710309,0.9999999975340294
blended,0.07000000000000001,200,500.3335640951981,0.9999106299007771,0.9999106311497328,0.9999999987510443
blended,0.07000000000000001,205,500.3419031975781,0.9999409564274935,0.9999409570514624,0.9999999993760311
blended,0.07000000000000001,210,500.350242299958,0.9999615222084671,0.9999615225159604,0.9999999996925067
blended,0.07000000000000001,215,500.358581402338,0.9999752654118859,0.9999752655613596,0.9999999998505262
blended,0.07000000000000001,220,500.366920504718,0.9999843160229938,0.999984316094666,0.9999999999283278
blended,0.07000000000000001,225,500.3752596070979,0.9999901900988892,0.9999901901327888,0.9999999999661005
blended,0.07000000000000001,230,500.3835987094779,0.9999939475676708,0.9999939475834867,0.9999999999841841
blended,0.07000000000000001,235,500.3919378118579,0.9999963165726631,0.9999963165799417,0.9999999999927214
blended,0.07000000000000001,240,500.4002769142378,0.9999977887843404,0.9999977887876446,0.9999999999966959
blended,0.07000000000000001,245,500.4086160166178,0.9999986906163636,0.9999986906178432,0.9999999999985204
blended,0.07000000000000001,250,500.4169551189976,0.9999992351795038,0.9999992351801573,0.9999999999993465
blended,0.07000000000000001,255,500.4252942213776,0.9999995593346341,0.9999995593349189,0.9999999999997152
blended,0.07000000000000001,260,500.4336333237576,0.9999997495534213,0.9999997495535436,0.9999999999998777
blended,0.07000000000000001,265,500.4419724261375,0.999999859596457,0.9999998595965088,0.9999999999999482
blended,0.07000000000000001,270,500.4503115285175,0.9999999223578048,0.9999999223578264,0.9999999999999784
blended,0.07000000000000001,275,500.4586506308975,0.9999999576479616,0.9999999576479706,0.999999999999991
blended,0.07000000000000001,280,500.4669897332774,0.9999999772119272,0.9999999772119309,0.9999999999999963
blended,0.07000000000000001,285,500.4753288356574,0.9999999879052291,0.9999999879052306,0.9999999999999986
blended,0.07000000000000001,290,500.4836679380373,0.9999999936679482,0.9999999936679488,0.9999999999999994
blended,0.07000000000000001,295,500.4920070404173,0.9999999967299978,0.9999999967299981,0.9999999999999998
blended,0.07000000000000001,300,500.5003461427972,0.9999999983342555,0.9999999983342556,0.9999999999999999
blended,0.07000000000000001,305,500.5086852451772,0.999999999163,0.999999999163,1
blended,0.07000000000000001,310,500.5170243475572,0.9999999995851421,0.9999999995851421,1
blended,0.07000000000000001,315,500.5253634499371,0.999999999797171,0.999999999797171,1
blended,0.07000000000000001,320,500.533702552317,0.9999999999021824,0.9999999999021824,1
blended,0.07000000000000001,325,500.542041654697,0.999999999953467,0.999999999953467,1
blended,0.07000000000000001,330,500.5503807570769,0.9999999999781646,0.9999999999781646,1
blended,0.07000000000000001,335,500.5587198594569,0.9999999999898931,0.9999999999898931,1
blended,0.07000000000000001,340,500.5670589618368,0.9999999999953854,0.9999999999953854,1
blended,0.07000000000000001,345,500.5753980642168,0.9999999999979217,0.9999999999979217,1
blended,0.07000000000000001,350,500.5837371665968,0.9999999999990767,0.9999999999990767,1
blended,0.07000000000000001,355,500.5920762689767,0.9999999999995954,0.9999999999995954,1
blended,0.07000000000000001,360,500.6004153713567,0.9999999999998251,0.9999999999998251,1
blended,0.07000000000000001,365,500.6087544737367,0.9999999999999254,0.9999999999999254,1
blended,0.07000000000000001,370,500.6170935761166,0.9999999999999687,0.9999999999999687,1
blended,0.07000000000000001,375,500.6254326784966,0.999999999999987,0.999999999999987,1
blended,0.07000000000000001,380,500.6337717808765,0.9999999999999947,0.9999999999999947,1
blended,0.07000000000000001,385,500.6421108832565,0.9999999999999979,0.9999999999999979,1
blended,0.07000000000000001,390,500.6504499856363,0.9999999999999991,0.9999999999999991,1
blended,0.07000000000000001,395,500.6587890880163,0.9999999999999997,0.9999999999999997,1
blended,0.07000000000000001,400,500.6671281903963,0.9999999999999999,0.9999999999999999,1
blended,0.07000000000000001,405,500.6754672927763,1,1,1
blended,0.07000000000000001,410,500.6838063951562,1,1,1
blended,0.07000000000000001,415,500.6921454975362,1,1,1
blended,0.07000000000000001,420,500.7004845999161,1,1,1
blended,0.07000000000000001,425,500.7088237022961,1,1,1
blended,0.07000000000000001,430,500.717162804676,1,1,1
blended,0.07000000000000001,435,500.725501907056,1,1,1
blended,0.07000000000000001,440,500.733841009436,1,1,1
blended,0.07000000000000001,445,500.7421801118159,1,1,1
blended,0.07000000000000001,450,500.7505192141959,1,1,1
blended,0.25,-450,499.2494807858042,1,1,1
blended,0.25,-445,499.2578198881841,1,1,1
blended,0.25,-440,499.2661589905641,1,1,1
blended,0.25,-435,499.274498092944,1,1,1
blended,0.25,-430,499.282837195324,1,1,1
blended,0.25,-425,499.2911762977039,1,1,1
blended,0.25,-420,499.2995154000839,1,1,1
blended,0.25,-415,499.3078545024638,1,1,1
blended,0.25,-410,499.3161936048438,1,1,1
blended,0.25,-405,499.3245327072237,1,1,1
blended,0.25,-400,499.3328718096037,1,1,1
blended,0.25,-395,499.3412109119836,1,1,1
blended,0.25,-390,499.3495500143636,1,1,1
blended,0.25,-385,499.3578891167435,1,1,1
blended,0.25,-380,499.3662282191235,1,1,1
blended,0.25,-375,499.3745673215035,1,1,1
blended,0.25,-370,499.3829064238835,1,1,1
blended,0.25,-365,499.3912455262633,1,1,1
blended,0.25,-360,499.3995846286433,1,1,1
blended,0.25,-355,499.4079237310233,1,1,1
blended,0.25,-350,499.4162628334032,0.9999999999999998,0.9999999999999999,0.9999999999999999
blended,0.25,-345,499.4246019357832,0.9999999999999996,0.9999999999999998,0.9999999999999998
blended,0.25,-340,499.4329410381632,0.9999999999999987,0.9999999999999993,0.9999999999999993
blended,0.25,-335,499.4412801405431,0.9999999999999964,0.9999999999999982,0.9999999999999982
blended,0.25,-330,499.449619242923,0.9999999999999911,0.9999999999999956,0.9999999999999956
blended,0.25,-325,499.457958345303,0.9999999999999785,0.9999999999999892,0.9999999999999892
blended,0.25,-320,499.466297447683,0.9999999999999478,0.9999999999999739,0.9999999999999739
blended,0.25,-315,499.4746365500629,0.9999999999998757,0.9999999999999378,0.9999999999999378
blended,0.25,-310,499.4829756524429,0.9999999999997073,0.9999999999998537,0.9999999999998537
blended,0.25,-305,499.4913147548228,0.999999999999321,0.9999999999996605,0.9999999999996605
blended,0.25,-300,499.4996538572028,0.9999999999984459,0.999999999999223,0.999999999999223
blended,0.25,-295,499.5079929595827,0.9999999999964919,0.999999999998246,0.999999999998246
blended,0.25,-290,499.5163320619627,0.999999999992188,0.999999999996094,0.999999999996094
blended,0.25,-285,499.5246711643426,0.9999999999828408,0.9999999999914204,0.9999999999914204
blended,0.25,-280,499.5330102667226,0.9999999999628217,0.9999999999814109,0.9999999999814109
blended,0.25,-275,499.5413493691025,0.9999999999205418,0.9999999999602709,0.9999999999602709
blended,0.25,-270,499.5496884714825,0.999999999832488,0.999999999916244,0.999999999916244
blended,0.25,-265,499.5580275738625,0.9999999996516553,0.9999999998258277,0.9999999998258277
blended,0.25,-260,499.5663666762424,0.9999999992854558,0.9999999996427279,0.9999999996427279
blended,0.25,-255,499.5747057786223,0.9999999985542081,0.999999999277104,0.999999999277104
blended,0.25,-250,499.5830448810023,0.9999999971143791,0.9999999985571896,0.9999999985571896
blended,0.25,-245,499.5913839833823,0.9999999943189379,0.999999997159469,0.999999997159469
blended,0.25,-240,499.5997230857622,0.9999999889674334,0.9999999944837167,0.9999999944837167
blended,0.25,-235,499.6080621881422,0.9999999788660661,0.999999989433033,0.999999989433033
blended,0.25,-230,499.6164012905222,0.9999999600661764,0.9999999800330882,0.9999999800330882
blended,0.25,-225,499.6247403929021,0.9999999255682543,0.9999999627841272,0.9999999627841272
blended,0.25,-220,499.633079495282,0.9999998631539464,0.9999999315769732,0.9999999315769732
blended,0.25,-215,499.641418597662,0.999999751822096,0.999999875911048,0.999999875911048
blended,0.25,-210,499.649757700042,0.9999995560329797,0.9999997780164899,0.9999997780164899
blended,0.25,-205,499.6580968024219,0.9999992165792502,0.9999996082896251,0.9999996082896251
blended,0.25,-200,499.6664359048019,0.9999986363711135,0.9999993181855568,0.9999993181855568
blended,0.25,-195,499.6747750071818,0.9999976587161072,0.9999988293580536,0.9999988293580536
blended,0.25,-190,499.6831141095618,0.9999960347668839,0.999998017383442,0.999998017383442
blended,0.25,-185,499.6914532119417,0.9999933756978381,0.999996687848919,0.999996687848919
blended,0.25,-180,499.6997923143217,0.9999890838798726,0.9999945419399363,0.9999945419399363
blended,0.25,-175,499.7081314167016,0.9999822559300564,0.9999911279650282,0.9999911279650282
blended,0.25,-170,499.7164705190816,0.9999715491702013,0.9999857745851006,0.9999857745851006
blended,0.25,-165,499.7248096214615,0.9999550019807817,0.9999775009903908,0.9999775009903908
blended,0.25,-160,499.7331487238415,0.9999297981400623,0.9999648990700312,0.9999648990700312
blended,0.25,-155,499.7414878262214,0.9998919659635999,0.9999459829817999,0.9999459829817999
blended,0.25,-150,499.7498269286014,0.9998360054750433,0.9999180027375216,0.9999180027375216
blended,0.25,-145,499.7581660309813,0.9997544415643236,0.9998772207821618,0.9998772207821618
blended,0.25,-140,499.7665051333613,0.9996373087073116,0.9998186543536558,0.9998186543536558
blended,0.25,-135,499.7748442357413,0.9994715837519164,0.9997357918759582,0.9997357918759582
blended,0.25,-130,499.7831833381212,0.9992405976106364,0.9996202988053182,0.9996202988053182
blended,0.25,-125,499.7915224405012,0.998923474013512,0.999461737006756,0.999461737006756
blended,0.25,-120,499.7998615428811,0.9984946626450781,0.9992473313225391,0.9992473313225391
blended,0.25,-115,499.808200645261,0.9979236530601119,0.9989618265300559,0.9989618265300559
blended,0.25,-110,499.816539747641,0.9971749719265903,0.9985874859632952,0.9985874859632952
blended,0.25,-105,499.824878850021,0.9962085758144834,0.9981042879072417,0.9981042879072417
blended,0.25,-100,499.833217952401,0.9949807509354254,0.9974903754677127,0.9974903754677127
blended,0.25,-95,499.8415570547809,0.9934456160294773,0.9967228080147387,0.9967228080147387
blended,0.25,-90,499.8498961571609,0.991557291880248,0.995778645940124,0.995778645940124
blended,0.25,-85,499.8582352595408,0.989272749235331,0.9946363746176655,0.9946363746176655
blended,0.25,-80,499.8665743619207,0.986555277176614,0.993277638588307,0.993277638588307
blended,0.25,-75,499.8749134643007,0.9833784302695052,0.9916892151347526,0.9916892151347526
blended,0.25,-70,499.8832525666807,0.9797302225260196,0.9898651112630098,0.9898651112630098
blended,0.25,-65,499.8915916690606,0.9756172498533329,0.9878086249266664,0.9878086249266664
blended,0.25,-60,499.8999307714406,0.9710683529511626,0.9855341764755813,0.9855341764755813
blended,0.25,-55,499.9082698738205,0.9661373929813901,0.9830686964906951,0.9830686964906951
blended,0.25,-50,499.9166089762005,0.960904714834045,0.9804523574170225,0.9804523574170225
blended,0.25,-45,499.9249480785804,0.9554769259223783,0.9777384629611892,0.9777384629611892
blended,0.25,-40,499.9332871809603,0.9499847249004438,0.9749923624502219,0.9749923624502219
blended,0.25,-35,499.9416262833403,0.9445786699913006,0.9722893349956503,0.9722893349956503
blended,0.25,-30,499.9499653857203,0.9394229684030744,0.9697114842015372,0.9697114842015372
blended,0.25,-25,499.9583044881002,0.9346875771303049,0.9673437885651525,0.9673437885651525
blended,0.25,-20,499.9666435904802,0.9305391067276534,0.9652695533638267,0.9652695533638267
blended,0.25,-15,499.9749826928601,0.9271311869135901,0.963565593456795,0.963565593456795
blended,0.25,-10,499.9833217952401,0.9245950615802592,0.9622975307901296,0.9622975307901296
blended,0.25,-5,499.99166089762,0.923031212342968,0.961515606171484,0.961515606171484
blended,0.25,0,500,0.9225027548162472,0.9612513774081236,0.9612513774081236
blended,0.25,5,500.00833910238,0.923031212342968,0.961515606171484,0.961515606171484
blended,0.25,10,500.0166782047599,0.9245950615802592,0.9622975307901296,0.9622975307901296
blended,0.25,15,500.0250173071399,0.9271311869135901,0.963565593456795,0.963565593456795
blended,0.25,20,500.0333564095199,0.9305391067276534,0.9652695533638267,0.9652695533638267
blended,0.25,25,500.0416955118998,0.9346875771303049,0.9673437885651525,0.9673437885651525
blended,0.25,30,500.0500346142798,0.9394229684030744,0.9697114842015372,0.9697114842015372
blended,0.25,35,500.0583737166597,0.9445786699913006,0.9722893349956503,0.9722893349956503
blended,0.25,40,500.0667128190396,0.9499847249004438,0.9749923624502219,0.9749923624502219
blended,0.25,45,500.0750519214196,0.9554769259223783,0.9777384629611892,0.9777384629611892
blended,0.25,50,500.0833910237995,0.960904714834045,0.9804523574170225,0.9804523574170225
blended,0.25,55,500.0917301261795,0.9661373929813901,0.9830686964906951,0.9830686964906951
blended,0.25,60,500.1000692285594,0.9710683529511626,0.9855341764755813,0.9855341764755813
blended,0.25,65,500.1084083309394,0.9756172498533329,0.9878086249266664,0.9878086249266664
blended,0.25,70,500.1167474333193,0.9797302225260196,0.9898651112630098,0.9898651112630098
blended,0.25,75,500.1250865356993,0.9833784302695052,0.9916892151347526,0.9916892151347526
blended,0.25,80,500.1334256380793,0.986555277176614,0.993277638588307,0.993277638588307
blended,0.25,85,500.1417647404592,0.989272749235331,0.9946363746176655,0.9946363746176655
blended,0.25,90,500.1501038428392,0.991557291880248,0.995778645940124,0.995778645940124
blended,0.25,95,500.1584429452192,0.9934456160294773,0.9967228080147387,0.9967228080147387
blended,0.25,100,500.1667820475991,0.9949807509354254,0.9974903754677127,0.9974903754677127
blended,0.25,105,500.1751211499791,0.9962085758144834,0.9981042879072417,0.9981042879072417
blended,0.25,110,500.1834602523589,0.9971749719265903,0.9985874859632952,0.9985874859632952
blended,0.25,115,500.1917993547389,0.9979236530601119,0.9989618265300559,0.9989618265300559
blended,0.25,120,500.2001384571188,0.9984946626450781,0.9992473313225391,0.9992473313225391
blended,0.25,125,500.2084775594988,0.998923474013512,0.999461737006756,0.999461737006756
blended,0.25,130,500.2168166618788,0.9992405976106364,0.9996202988053182,0.9996202988053182
blended,0.25,135,500.2251557642587,0.9994715837519164,0.9997357918759582,0.9997357918759582
blended,0.25,140,500.2334948666387,0.9996373087073116,0.9998186543536558,0.9998186543536558
blended,0.25,145,500.2418339690187,0.9997544415643236,0.9998772207821618,0.9998772207821618
blended,0.25,150,500.2501730713986,0.9998360054750433,0.9999180027375216,0.9999180027375216
blended,0.25,155,500.2585121737786,0.9998919659635999,0.9999459829817999,0.9999459829817999
blended,0.25,160,500.2668512761585,0.9999297981400623,0.9999648990700312,0.9999648990700312
blended,0.25,165,500.2751903785385,0.9999550019807817,0.9999775009903908,0.9999775009903908
blended,0.25,170,500.2835294809185,0.9999715491702013,0.9999857745851006,0.9999857745851006
blended,0.25,175,500.2918685832984,0.9999822559300564,0.9999911279650282,0.9999911279650282
blended,0.25,180,500.3002076856783,0.9999890838798726,0.9999945419399363,0.9999945419399363
blended,0.25,185,500.3085467880583,0.9999933756978381,0.999996687848919,0.999996687848919
blended,0.25,190,500.3168858904382,0.9999960347668839,0.999998017383442,0.999998017383442
blended,0.25,195,500.3252249928182,0.9999976587161072,0.9999988293580536,0.9999988293580536
blended,0.25,200,500.3335640951981,0.9999986363711135,0.9999993181855568,0.9999993181855568
blended,0.25,205,500.3419031975781,0.9999992165792502,0.9999996082896251,0.9999996082896251
blended,0.25,210,500.350242299958,0.9999995560329797,0.9999997780164899,0.9999997780164899
blended,0.25,215,500.358581402338,0.999999751822096,0.999999875911048,0.999999875911048
blended,0.25,220,500.366920504718,0.9999998631539464,0.9999999315769732,0.9999999315769732
blended,0.25,225,500.3752596070979,0.9999999255682543,0.9999999627841272,0.9999999627841272
blended,0.25,230,500.3835987094779,0.9999999600661764,0.9999999800330882,0.9999999800330882
blended,0.25,235,500.3919378118579,0.9999999788660661,0.999999989433033,0.999999989433033
blended,0.25,240,500.4002769142378,0.9999999889674334,0.9999999944837167,0.9999999944837167
blended,0.25,245,500.4086160166178,0.9999999943189379,0.999999997159469,0.999999997159469
blended,0.25,250,500.4169551189976,0.9999999971143791,0.9999999985571896,0.9999999985571896
blended,0.25,255,500.4252942213776,0.9999999985542081,0.999999999277104,0.999999999277104
blended,0.25,260,500.4336333237576,0.9999999992854558,0.9999999996427279,0.9999999996427279
blended,0.25,265,500.4419724261375,0.9999999996516553,0.9999999998258277,0.9999999998258277
blended,0.25,270,500.4503115285175,0.999999999832488,0.999999999916244,0.999999999916244
blended,0.25,275,500.4586506308975,0.9999999999205418,0.9999999999602709,0.9999999999602709
blended,0.25,280,500.4669897332774,0.9999999999628217,0.9999999999814109,0.9999999999814109
blended,0.25,285,500.4753288356574,0.9999999999828408,0.9999999999914204,0.9999999999914204
blended,0.25,290,500.4836679380373,0.999999999992188,0.999999999996094,0.999999999996094
blended,0.25,295,500.4920070404173,0.9999999999964919,0.999999999998246,0.999999999998246
blended,0.25,300,500.5003461427972,0.9999999999984459,0.999999999999223,0.999999999999223
blended,0.25,305,500.5086852451772,0.999999999999321,0.9999999999996605,0.9999999999996605
blended,0.25,310,500.5170243475572,0.9999999999997073,0.9999999999998537,0.9999999999998537
blended,0.25,315,500.5253634499371,0.9999999999998757,0.9999999999999378,0.9999999999999378
blended,0.25,320,500.533702552317,0.9999999999999478,0.9999999999999739,0.9999999999999739
blended,0.25,325,500.542041654697,0.9999999999999785,0.9999999999999892,0.9999999999999892
blended,0.25,330,500.5503807570769,0.9999999999999911,0.9999999999999956,0.9999999999999956
blended,0.25,335,500.5587198594569,0.9999999999999964,0.9999999999999982,0.9999999999999982
blended,0.25,340,500.5670589618368,0.9999999999999987,0.9999999999999993,0.9999999999999993
blended,0.25,345,500.5753980642168,0.9999999999999996,0.9999999999999998,0.9999999999999998
blended,0.25,350,500.5837371665968,0.9999999999999998,0.9999999999999999,0.9999999999999999
blended,0.25,355,500.5920762689767,1,1,1
blended,0.25,360,500.6004153713567,1,1,1
blended,0.25,365,500.6087544737367,1,1,1
blended,0.25,370,500.6170935761166,1,1,1
blended,0.25,375,500.6254326784966,1,1,1
blended,0.25,380,500.6337717808765,1,1,1
blended,0.25,385,500.6421108832565,1,1,1
blended,0.25,390,500.6504499856363,1,1,1
blended,0.25,395,500.6587890880163,1,1,1
blended,0.25,400,500.6671281903963,1,1,1
blended,0.25,405,500.6754672927763,1,1,1
blended,0.25,410,500.6838063951562,1,1,1
blended,0.25,415,500.6921454975362,1,1,1
blended,0.25,420,500.7004845999161,1,1,1
blended,0.25,425,500.7088237022961,1,1,1
blended,0.25,430,500.717162804676,1,1,1
blended,0.25,435,500.725501907056,1,1,1
blended,0.25,440,500.733841009436,1,1,1
blended,0.25,445,500.7421801118159,1,1,1
blended,0.25,450,500.7505192141959,1,1,1
blended,0.5,-450,499.2494807858042,1,1,1
blended,0.5,-445,499.2578198881841,1,1,1
blended,0.5,-440,499.2661589905641,1,1,1
blended,0.5,-435,499.274498092944,1,1,1
blended,0.5,-430,499.282837195324,1,1,1
blended,0.5,-425,499.2911762977039,1,1,1
blended,0.5,-420,499.2995154000839,1,1,1
blended,0.5,-415,499.3078545024638,1,1,1
blended,0.5,-410,499.3161936048438,1,1,1
blended,0.5,-405,499.3245327072237,0.9999999999999999,0.9999999999999999,1
blended,0.5,-400,499.3328718096037,0.9999999999999997,0.9999999999999997,1
blended,0.5,-395,499.3412109119836,0.9999999999999991,0.9999999999999991,1
blended,0.5,-390,499.3495500143636,0.9999999999999977,0.9999999999999977,1
blended,0.5,-385,499.3578891167435,0.9999999999999943,0.9999999999999943,1
blended,0.5,-380,499.3662282191235,0.9999999999999861,0.9999999999999861,1
blended,0.5,-375,499.3745673215035,0.9999999999999666,0.9999999999999666,1
blended,0.5,-370,499.3829064238835,0.9999999999999205,0.9999999999999205,1
blended,0.5,-365,499.3912455262633,0.9999999999998138,0.9999999999998138,1
blended,0.5,-360,499.3995846286433,0.9999999999995698,0.9999999999995698,1
blended,0.5,-355,499.4079237310233,0.9999999999990191,0.9999999999990191,1
blended,0.5,-350,499.4162628334032,0.9999999999977943,0.9999999999977943,1
blended,0.5,-345,499.4246019357832,0.9999999999951076,0.9999999999951076,1
blended,0.5,-340,499.4329410381632,0.9999999999892955,0.9999999999892955,1
blended,0.5,-335,499.4412801405431,0.9999999999768968,0.9999999999768968,1
blended,0.5,-330,499.449619242923,0.9999999999508151,0.9999999999508151,1
blended,0.5,-325,499.457958345303,0.9999999998967125,0.9999999998967125,1
blended,0.5,-320,499.466297447683,0.9999999997860458,0.9999999997860458,1
blended,0.5,-315,499.4746365500629,0.9999999995628297,0.9999999995628297,1
blended,0.5,-310,499.4829756524429,0.9999999991188757,0.9999999991188757,1
blended,0.5,-305,499.4913147548228,0.9999999982482165,0.9999999982482165,1
blended,0.5,-300,499.4996538572028,0.9999999965645752,0.9999999965645752,1
blended,0.5,-295,499.5079929595827,0.9999999933543533,0.9999999933543534,0.9999999999999999
blended,0.5,-290,499.5163320619627,0.9999999873190788,0.999999987319079,0.9999999999999998
blended,0.5,-285,499.5246711643426,0.9999999761317199,0.9999999761317204,0.9999999999999994
blended,0.5,-280,499.5330102667226,0.9999999556852596,0.9999999556852609,0.9999999999999987
blended,0.5,-275,499.5413493691025,0.999999918841865,0.9999999188418685,0.9999999999999966
blended,0.5,-270,499.5496884714825,0.999999853386936,0.9999998533869443,0.9999999999999917
blended,0.5,-265,499.5580275738625,0.9999997387417299,0.9999997387417502,0.9999999999999797
blended,0.5,-260,499.5663666762424,0.9999995407764098,0.9999995407764585,0.9999999999999514
blended,0.5,-255,499.5747057786223,0.9999992037763028,0.9999992037764177,0.9999999999998851
blended,0.5,-250,499.5830448810023,0.9999986382330904,0.9999986382333581,0.9999999999997323
blended,0.5,-245,499.5913839833823,0.9999977026496801,0.999997702650295,0.9999999999993852
blended,0.5,-240,499.5997230857622,0.9999961769634749,0.9999961769648683,0.9999999999986066
blended,0.5,-235,499.6080621881422,0.9999937245272664,0.9999937245303814,0.999999999996885
blended,0.5,-230,499.6164012905222,0.9999898388882015,0.9999898388950703,0.9999999999931312
blended,0.5,-225,499.6247403929021,0.9999837709610265,0.999983770975967,0.9999999999850595
blended,0.5,-220,499.633079495282,0.9999744317397904,0.9999744317718462,0.9999999999679442
blended,0.5,-215,499.641418597662,0.9999602656267967,0.9999602656946395,0.9999999999321573
blended,0.5,-210,499.649757700042,0.9999390900294785,0.9999390901711088,0.9999999998583696
blended,0.5,-205,499.6580968024219,0.9999078983794909,0.9999078986711442,0.9999999997083467
blended,0.5,-200,499.6664359048019,0.999862626473064,0.9998626270654895,0.9999999994075746
blended,0.5,-195,499.6747750071818,0.9997978862928719,0.9997978874798903,0.9999999988129816
blended,0.5,-190,499.6831141095618,0.9997066774209269,0.9997066797669806,0.9999999976539463
blended,0.5,-185,499.6914532119417,0.9995800937698134,0.9995800983435926,0.9999999954262208
blended,0.5,-180,499.6997923143217,0.9994070523406737,0.9994070611363495,0.9999999912043243
blended,0.5,-175,499.7081314167016,0.9991740803829593,0.9991740970677202,0.9999999833152391
blended,0.5,-170,499.7164705190816,0.998865206577397,0.9988652377970109,0.9999999687803861
blended,0.5,-165,499.7248096214615,0.9984620091578933,0.998462066780358,0.9999999423775353
blended,0.5,-160,499.7331487238415,0.9979438773564614,0.9979439822654971,0.9999998950909643
blended,0.5,-155,499.7414878262214,0.9972885401679593,0.997288728572221,0.9999998115957384
blended,0.5,-150,499.7498269286014,0.9964729062933902,0.996473240046493,0.9999996662468973
blended,0.5,-145,499.7581660309813,0.9954742398490463,0.9954748230479029,0.9999994168011433
blended,0.5,-140,499.7665051333613,0.9942716675746828,0.9942726728031486,0.9999989947715342
blended,0.5,-135,499.7748442357413,0.9928479757166896,0.9928496848252727,0.9999982908914169
blended,0.5,-130,499.7831833381212,0.9911916109921421,0.9911944773558373,0.9999971336363048
blended,0.5,-125,499.7915224405012,0.989298754234446,0.9893034961050218,0.9999952581294242
blended,0.5,-120,499.7998615428811,0.9871752931409526,0.9871830310720875,0.9999922620688652
blended,0.5,-115,499.808200645261,0.9848384886019218,0.9848509439763269,0.9999875446255949
blended,0.5,-110,499.816539747641,0.9823181141241369,0.9823378904439093,0.9999802236802277
blended,0.5,-105,499.824878850021,0.9796568556725016,0.9796878292184157,0.9999690264540859
blended,0.5,-100,499.833217952401,0.976909793577497,0.9769576448113766,0.9999521487661204
blended,0.5,-95,499.8415570547809,0.9741428496672986,0.9742157705835661,0.9999270790837325
blended,0.5,-90,499.8498961571609,0.9714301684181034,0.9715397828798408,0.9998903855382626
blended,0.5,-85,499.8582352595408,0.9688505037296017,0.9690130362823878,0.9998374674472139
blended,0.5,-80,499.8665743619207,0.9664827925779942,0.9667205147118603,0.9997622778661339
blended,0.5,-75,499.8749134643007,0.9644012006414751,0.9647441702563463,0.9996570303851288
blended,0.5,-70,499.8832525666807,0.9626700097311511,0.9631580980723902,0.999511911658761
blended,0.5,-65,499.8915916690606,0.961338770420795,0.9620239398612874,0.9993148305595075
blended,0.5,-60,499.8999307714406,0.960438156662386,0.9613869121428813,0.9990512445195047
blended,0.5,-55,499.9082698738205,0.9599769279820475,0.9612728156978734,0.9987041122841741
blended,0.5,-50,499.9166089762005,0.9599403300622749,0.9616863018058607,0.9982540282564142
blended,0.5,-45,499.9249480785804,0.9602901525526431,0.9626105576517355,0.9976795949009075
blended,0.5,-40,499.9332871809603,0.9609665248586445,0.9640084405548482,0.9969580843037963
blended,0.5,-35,499.9416262833403,0.9618913806130431,0.9658249543793179,0.9960664262337252
blended,0.5,-30,499.9499653857203,0.9629733749309832,0.9679908380212204,0.9949825369097628
blended,0.5,-25,499.9583044881002,0.9641139100159877,0.9704269397710666,0.993686970244921
blended,0.5,-20,499.9666435904802,0.9652138263515438,0.9730489931903278,0.9921648331612161
blended,0.5,-15,499.9749826928601,0.9661802570129132,0.9757723951248545,0.9904078618880587
blended,0.5,-10,499.9833217952401,0.9669331257362166,0.9785166139318852,0.9884165118043314
blended,0.5,-5,499.99166089762,0.9674107952711268,0.9812089197937069,0.9862018754774199
blended,0.5,0,500,0.9675744375852089,0.9837872187926044,0.9837872187926044
blended,0.5,5,500.00833910238,0.9674107952711268,0.9862018754774199,0.9812089197937069
blended,0.5,10,500.0166782047599,0.9669331257362166,0.9884165118043314,0.9785166139318852
blended,0.5,15,500.0250173071399,0.9661802570129132,0.9904078618880587,0.9757723951248545
blended,0.5,20,500.0333564095199,0.9652138263515438,0.9921648331612161,0.9730489931903278
blended,0.5,25,500.0416955118998,0.9641139100159877,0.993686970244921,0.9704269397710666
blended,0.5,30,500.0500346142798,0.9629733749309832,0.9949825369097628,0.9679908380212204
blended,0.5,35,500.0583737166597,0.9618913806130431,0.9960664262337252,0.9658249543793179
blended,0.5,40,500.0667128190396,0.9609665248586445,0.9969580843037963,0.9640084405548482
blended,0.5,45,500.0750519214196,0.9602901525526431,0.9976795949009075,0.9626105576517355
blended,0.5,50,500.0833910237995,0.9599403300622749,0.9982540282564142,0.9616863018058607
blended,0.5,55,500.0917301261795,0.9599769279820475,0.9987041122841741,0.9612728156978734
blended,0.5,60,500.1000692285594,0.960438156662386,0.9990512445195047,0.9613869121428813
blended,0.5,65,500.1084083309394,0.961338770420795,0.9993148305595075,0.9620239398612874
blended,0.5,70,500.1167474333193,0.9626700097311511,0.999511911658761,0.9631580980723902
blended,0.5,75,500.1250865356993,0.9644012006414751,0.9996570303851288,0.9647441702563463
blended,0.5,80,500.1334256380793,0.9664827925779942,0.9997622778661339,0.9667205147118603
blended,0.5,85,500.1417647404592,0.9688505037296017,0.9998374674472139,0.9690130362823878
blended,0.5,90,500.1501038428392,0.9714301684181034,0.9998903855382626,0.9715397828798408
blended,0.5,95,500.1584429452192,0.9741428496672986,0.9999270790837325,0.9742157705835661
blended,0.5,100,500.1667820475991,0.976909793577497,0.9999521487661204,0.9769576448113766
blended,0.5,105,500.1751211499791,0.9796568556725016,0.9999690264540859,0.9796878292184157
blended,0.5,110,500.1834602523589,0.9823181141241369,0.9999802236802277,0.9823378904439093
blended,0.5,115,500.1917993547389,0.9848384886019218,0.9999875446255949,0.9848509439763269
blended,0.5,120,500.2001384571188,0.9871752931409526,0.9999922620688652,0.9871830310720875
blended,0.5,125,500.2084775594988,0.989298754234446,0.9999952581294242,0.9893034961050218
blended,0.5,130,500.2168166618788,0.9911916109921421,0.9999971336363048,0.9911944773558373
blended,0.5,135,500.2251557642587,0.9928479757166896,0.9999982908914169,0.9928496848252727
blended,0.5,140,500.2334948666387,0.9942716675746828,0.9999989947715342,0.9942726728031486
blended,0.5,145,500.2418339690187,0.9954742398490463,0.9999994168011433,0.9954748230479029
blended,0.5,150,500.2501730713986,0.9964729062933902,0.9999996662468973,0.996473240046493
blended,0.5,155,500.2585121737786,0.9972885401679593,0.9999998115957384,0.997288728572221
blended,0.5,160,500.2668512761585,0.9979438773564614,0.9999998950909643,0.9979439822654971
blended,0.5,165,500.2751903785385,0.9984620091578933,0.9999999423775353,0.998462066780358
blended,0.5,170,500.2835294809185,0.998865206577397,0.9999999687803861,0.9988652377970109
blended,0.5,175,500.2918685832984,0.9991740803829593,0.9999999833152391,0.9991740970677202
blended,0.5,180,500.3002076856783,0.9994070523406737,0.9999999912043243,0.9994070611363495
blended,0.5,185,500.3085467880583,0.9995800937698134,0.9999999954262208,0.9995800983435926
blended,0.5,190,500.3168858904382,0.9997066774209269,0.9999999976539463,0.9997066797669806
blended,0.5,195,500.3252249928182,0.9997978862928719,0.9999999988129816,0.9997978874798903
blended,0.5,200,500.3335640951981,0.999862626473064,0.9999999994075746,0.9998626270654895
blended,0.5,205,500.3419031975781,0.9999078983794909,0.9999999997083467,0.9999078986711442
blended,0.5,210,500.350242299958,0.9999390900294785,0.9999999998583696,0.9999390901711088
blended,0.5,215,500.358581402338,0.9999602656267967,0.9999999999321573,0.9999602656946395
blended,0.5,220,500.366920504718,0.9999744317397904,0.9999999999679442,0.9999744317718462
blended,0.5,225,500.3752596070979,0.9999837709610265,0.9999999999850595,0.999983770975967
blended,0.5,230,500.3835987094779,0.9999898388882015,0.9999999999931312,0.9999898388950703
blended,0.5,235,500.3919378118579,0.9999937245272664,0.999999999996885,0.9999937245303814
blended,0.5,240,500.4002769142378,0.9999961769634749,0.9999999999986066,0.9999961769648683
blended,0.5,245,500.4086160166178,0.9999977026496801,0.9999999999993852,0.999997702650295
blended,0.5,250,500.4169551189976,0.9999986382330904,0.9999999999997323,0.9999986382333581
blended,0.5,255,500.4252942213776,0.9999992037763028,0.9999999999998851,0.9999992037764177
blended,0.5,260,500.4336333237576,0.9999995407764098,0.9999999999999514,0.9999995407764585
blended,0.5,265,500.4419724261375,0.9999997387417299,0.9999999999999797,0.9999997387417502
blended,0.5,270,500.4503115285175,0.999999853386936,0.9999999999999917,0.9999998533869443
blended,0.5,275,500.4586506308975,0.999999918841865,0.9999999999999966,0.9999999188418685
blended,0.5,280,500.4669897332774,0.9999999556852596,0.9999999999999987,0.9999999556852609
blended,0.5,285,500.4753288356574,0.9999999761317199,0.9999999999999994,0.9999999761317204
blended,0.5,290,500.4836679380373,0.9999999873190788,0.9999999999999998,0.999999987319079
blended,0.5,295,500.4920070404173,0.9999999933543533,0.9999999999999999,0.9999999933543534
blended,0.5,300,500.5003461427972,0.9999999965645752,1,0.9999999965645752
blended,0.5,305,500.5086852451772,0.9999999982482165,1,0.9999999982482165
blended,0.5,310,500.5170243475572,0.9999999991188757,1,0.9999999991188757
blended,0.5,315,500.5253634499371,0.9999999995628297,1,0.9999999995628297
blended,0.5,320,500.533702552317,0.9999999997860458,1,0.9999999997860458
blended,0.5,325,500.542041654697,0.9999999998967125,1,0.9999999998967125
blended,0.5,330,500.5503807570769,0.9999999999508151,1,0.9999999999508151
blended,0.5,335,500.5587198594569,0.9999999999768968,1,0.9999999999768968
blended,0.5,340,500.5670589618368,0.9999999999892955,1,0.9999999999892955
blended,0.5,345,500.5753980642168,0.9999999999951076,1,0.9999999999951076
blended,0.5,350,500.5837371665968,0.9999999999977943,1,0.9999999999977943
blended,0.5,355,500.5920762689767,0.9999999999990191,1,0.9999999999990191
blended,0.5,360,500.6004153713567,0.9999999999995698,1,0.9999999999995698
blended,0.5,365,500.6087544737367,0.9999999999998138,1,0.9999999999998138
blended,0.5,370,500.6170935761166,0.9999999999999205,1,0.9999999999999205
blended,0.5,375,500.6254326784966,0.9999999999999666,1,0.9999999999999666
blended,0.5,380,500.6337717808765,0.9999999999999861,1,0.9999999999999861
blended,0.5,385,500.6421108832565,0.9999999999999943,1,0.9999999999999943
blended,0.5,390,500.6504499856363,0.9999999999999977,1,0.9999999999999977
blended,0.5,395,500.6587890880163,0.9999999999999991,1,0.9999999999999991
blended,0.5,400,500.6671281903963,0.9999999999999997,1,0.9999999999999997
blended,0.5,405,500.6754672927763,0.9999999999999999,1,0.9999999999999999
blended,0.5,410,500.6838063951562,1,1,1
blended,0.5,415,500.6921454975362,1,1,1
blended,0.5,420,500.7004845999161,1,1,1
blended,0.5,425,500.7088237022961,1,1,1
blended,0.5,430,500.717162804676,1,1,1
blended,0.5,435,500.725501907056,1,1,1
blended,0.5,440,500.733841009436,1,1,1
blended,0.5,445,500.7421801118159,1,1,1
blended,0.5,450,500.7505192141959,1,1,1
blended,0.8,-450,499.2494807858042,1,1,1
blended,0.8,-445,499.2578198881841,1,1,1
blended,0.8,-440,499.2661589905641,1,1,1
blended,0.8,-435,499.274498092944,1,1,1
blended,0.8,-430,499.282837195324,1,1,1
blended,0.8,-425,499.2911762977039,1,1,1
blended,0.8,-420,499.2995154000839,1,1,1
blended,0.8,-415,499.3078545024638,1,1,1
blended,0.8,-410,499.3161936048438,1,1,1
blended,0.8,-405,499.3245327072237,1,1,1
blended,0.8,-400,499.3328718096037,1,1,1
blended,0.8,-395,499.3412109119836,1,1,1
blended,0.8,-390,499.3495500143636,1,1,1
blended,0.8,-385,499.3578891167435,1,1,1
blended,0.8,-380,499.3662282191235,1,1,1
blended,0.8,-375,499.3745673215035,1,1,1
blended,0.8,-370,499.3829064238835,0.9999999999999999,1,0.9999999999999999
blended,0.8,-365,499.3912455262633,0.9999999999999998,1,0.9999999999999998
blended,0.8,-360,499.3995846286433,0.9999999999999996,1,0.9999999999999996
blended,0.8,-355,499.4079237310233,0.9999999999999989,1,0.9999999999999989
blended,0.8,-350,499.4162628334032,0.9999999999999972,1,0.9999999999999972
blended,0.8,-345,499.4246019357832,0.9999999999999932,1,0.9999999999999932
blended,0.8,-340,499.4329410381632,0.9999999999999833,1,0.9999999999999833
blended,0.8,-335,499.4412801405431,0.99999999999996,0.9999999999999999,0.9999999999999601
blended,0.8,-330,499.449619242923,0.9999999999999053,0.9999999999999998,0.9999999999999055
blended,0.8,-325,499.457958345303,0.9999999999997787,0.9999999999999996,0.9999999999997792
blended,0.8,-320,499.466297447683,0.9999999999994899,0.9999999999999989,0.999999999999491
blended,0.8,-315,499.4746365500629,0.9999999999988399,0.9999999999999971,0.9999999999988428
blended,0.8,-310,499.4829756524429,0.999999999997398,0.999999999999993,0.999999999997405
blended,0.8,-305,499.4913147548228,0.9999999999942428,0.999999999999983,0.9999999999942598
blended,0.8,-300,499.4996538572028,0.9999999999874345,0.9999999999999591,0.9999999999874754
blended,0.8,-295,499.5079929595827,0.999999999972947,0.9999999999999034,0.9999999999730436
blended,0.8,-290,499.5163320619627,0.9999999999425452,0.9999999999997743,0.9999999999427709
blended,0.8,-285,499.5246711643426,0.9999999998796326,0.99999999999948,0.9999999998801526
blended,0.8,-280,499.5330102667226,0.9999999997512488,0.9999999999988182,0.9999999997524306
blended,0.8,-275,499.5413493691025,0.9999999994928959,0.9999999999973507,0.9999999994955452
blended,0.8,-270,499.5496884714825,0.9999999989802207,0.9999999999941419,0.9999999989860788
blended,0.8,-265,499.5580275738625,0.9999999979770055,0.9999999999872224,0.999999997989783
blended,0.8,-260,499.5663666762424,0.9999999960411887,0.9999999999725089,0.9999999960686798
blended,0.8,-255,499.5747057786223,0.9999999923577901,0.9999999999416564,0.9999999924161337
blended,0.8,-250,499.5830448810023,0.9999999854467538,0.9999999998778619,0.9999999855688919
blended,0.8,-245,499.5913839833823,0.9999999726605042,0.9999999997477879,0.9999999729127164
blended,0.8,-240,499.5997230857622,0.9999999493342975,0.9999999994862671,0.9999999498480304
blended,0.8,-235,499.6080621881422,0.9999999073737391,0.9999999989677957,0.9999999084059434
blended,0.8,-230,499.6164012905222,0.9999998329468834,0.9999999979542588,0.9999998349926247
blended,0.8,-225,499.6247403929021,0.9999997027788716,0.9999999960006215,0.9999997067782501
blended,0.8,-220,499.633079495282,0.9999994783081072,0.9999999922875731,0.9999994860205341
blended,0.8,-215,499.641418597662,0.9999990966357151,0.9999999853294503,0.9999991113062647
blended,0.8,-210,499.649757700042,0.9999984567661148,0.9999999724730263,0.9999984842930885
blended,0.8,-205,499.6580968024219,0.9999973990817764,0.9999999490519798,0.9999974500297967
blended,0.8,-200,499.6664359048019,0.9999956753154998,0.999999906985015,0.9999957683304849
blended,0.8,-195,499.6747750071818,0.9999929054928233,0.9999998324921012,0.999993073000722
blended,0.8,-190,499.6831141095618,0.9999885174577056,0.9999997024400867,0.9999888150176188
blended,0.8,-185,499.6914532119417,0.999981663748442,0.9999994786008506,0.9999821851475914
blended,0.8,-180,499.6997923143217,0.9999711098908028,0.9999990987962802,0.9999720110945226
blended,0.8,-175,499.7081314167016,0.9999550878137713,0.9999984635005986,0.9999566243131727
blended,0.8,-170,499.7164705190816,0.9999311083230837,0.9999974159638947,0.9999336923591891
blended,0.8,-165,499.7248096214615,0.9998957276940422,0.9999957133154855,0.9999000143785567
blended,0.8,-160,499.7331487238415,0.9998442658004659,0.9999929854271649,0.9998512803733011
blended,0.8,-155,499.7414878262214,0.9997704770986076,0.9999886776207328,0.9997817994778747
blended,0.8,-150,499.7498269286014,0.999666181473051,0.9999819726898669,0.9996842087831841
blended,0.8,-145,499.7581660309813,0.9995208695080576,0.9999716873236537,0.9995491821844039
blended,0.8,-140,499.7665051333613,0.9993213060080972,0.9999561380757045,0.9993651679323927
blended,0.8,-135,499.7748442357413,0.9990511660596687,0.9999329727810983,0.9991181932785704
blended,0.8,-130,499.7831833381212,0.9986907487145871,0.9998989650847726,0.9987917836298145
blended,0.8,-125,499.7915224405012,0.9982168231852927,0.9998497728164355,0.9983670503688572
blended,0.8,-120,499.7998615428811,0.9976026696197549,0.9997796655877073,0.9978230040320476
blended,0.8,-115,499.808200645261,0.9968183791865823,0.9996812333340181,0.9971371458525642
blended,0.8,-110,499.816539747641,0.9958314744651815,0.9995450955018769,0.9962863789633046
blended,0.8,-105,499.824878850021,0.9946078994077975,0.9993596398102346,0.9952482595975629
blended,0.8,-100,499.833217952401,0.9931134074572154,0.9991108292239238,0.9940025782332916
blended,0.8,-95,499.8415570547809,0.9913153467655461,0.9987821247665329,0.9925332219990132
blended,0.8,-90,499.8498961571609,0.9891848040898602,0.9983545784554214,0.9908302256344388
blended,0.8,-85,499.8582352595408,0.9866990264122018,0.9978071530423674,0.9888918733698343
blended,0.8,-80,499.8665743619207,0.9838439954982524,0.9971173213730126,0.9867266741252398
blended,0.8,-75,499.8749134643007,0.9806169903141736,0.9962619862371709,0.9843550040770027
blended,0.8,-70,499.8832525666807,0.9770289407918384,0.9952187403790983,0.9818102004127401
blended,0.8,-65,499.8915916690606,0.9731063590065504,0.9939674557097182,0.9791389032968322
blended,0.8,-60,499.8999307714406,0.968892634608621,0.9924921519524209,0.9764004826562001
blended,0.8,-55,499.9082698738205,0.9644485028861856,0.9907830508422762,0.9736654520439093
blended,0.8,-50,499.9166089762005,0.959851536499518,0.988838677119076,0.971012859380442
blended,0.8,-45,499.9249480785804,0.9551945736259867,0.9866678278066328,0.9685267458193539
blended,0.8,-40,499.9332871809603,0.9505830715031307,0.98429120330661,0.9662918681965207
blended,0.8,-35,499.9416262833403,0.9461314586793523,0.9817424841556428,0.9643889745237095
blended,0.8,-30,499.9499653857203,0.9419586439094523,0.9790686511529713,0.962889992756481
blended,0.8,-25,499.9583044881002,0.9381829163900488,0.9763293868472787,0.9618535295427701
blended,0.8,-20,499.9666435904802,0.9349165332728954,0.9735954626549257,0.9613210706179697
blended,0.8,-15,499.9749826928601,0.9322603298643213,0.9709461038998691,0.9613142259644523
blended,0.8,-10,499.9833217952401,0.9302987014068148,0.9684654267354518,0.961833274671363
blended,0.8,-5,499.99166089762,0.9290952910786788,0.9662381450244563,0.9628571460542226
blended,0.8,0,500,0.9286896776288525,0.9643448388144262,0.9643448388144262
blended,0.8,5,500.00833910238,0.9290952910786788,0.9628571460542226,0.9662381450244563
blended,0.8,10,500.0166782047599,0.9302987014068148,0.961833274671363,0.9684654267354518
blended,0.8,15,500.0250173071399,0.9322603298643214,0.9613142259644523,0.9709461038998691
blended,0.8,20,500.0333564095199,0.9349165332728954,0.9613210706179697,0.9735954626549257
blended,0.8,25,500.0416955118998,0.9381829163900488,0.9618535295427701,0.9763293868472787
blended,0.8,30,500.0500346142798,0.9419586439094523,0.962889992756481,0.9790686511529713
blended,0.8,35,500.0583737166597,0.9461314586793523,0.9643889745237095,0.9817424841556428
blended,0.8,40,500.0667128190396,0.9505830715031307,0.9662918681965207,0.98429120330661
blended,0.8,45,500.0750519214196,0.9551945736259867,0.9685267458193539,0.9866678278066328
blended,0.8,50,500.0833910237995,0.959851536499518,0.971012859380442,0.988838677119076
blended,0.8,55,500.0917301261795,0.9644485028861856,0.9736654520439093,0.9907830508422762
blended,0.8,60,500.1000692285594,0.968892634608621,0.9764004826562001,0.9924921519524209
blended,0.8,65,500.1084083309394,0.9731063590065504,0.9791389032968322,0.9939674557097182
blended,0.8,70,500.1167474333193,0.9770289407918384,0.9818102004127401,0.9952187403790983
blended,0.8,75,500.1250865356993,0.9806169903141736,0.9843550040770027,0.9962619862371709
blended,0.8,80,500.1334256380793,0.9838439954982524,0.9867266741252398,0.9971173213730126
blended,0.8,85,500.1417647404592,0.9866990264122018,0.9888918733698343,0.9978071530423674
blended,0.8,90,500.1501038428392,0.9891848040898602,0.9908302256344388,0.9983545784554214
blended,0.8,95,500.1584429452192,0.9913153467655461,0.9925332219990132,0.9987821247665329
blended,0.8,100,500.1667820475991,0.9931134074572154,0.9940025782332916,0.9991108292239238
blended,0.8,105,500.1751211499791,0.9946078994077975,0.9952482595975629,0.9993596398102346
blended,0.8,110,500.1834602523589,0.9958314744651815,0.9962863789633046,0.9995450955018769
blended,0.8,115,500.1917993547389,0.9968183791865823,0.9971371458525642,0.9996812333340181
blended,0.8,120,500.2001384571188,0.9976026696197549,0.9978230040320476,0.9997796655877073
blended,0.8,125,500.2084775594988,0.9982168231852927,0.9983670503688572,0.9998497728164355
blended,0.8,130,500.2168166618788,0.9986907487145871,0.9987917836298145,0.9998989650847726
blended,0.8,135,500.2251557642587,0.9990511660596687,0.9991181932785704,0.9999329727810983
blended,0.8,140,500.2334948666387,0.9993213060080972,0.9993651679323927,0.9999561380757045
blended,0.8,145,500.2418339690187,0.9995208695080576,0.9995491821844039,0.9999716873236537
blended,0.8,150,500.2501730713986,0.999666181473051,0.9996842087831841,0.9999819726898669
blended,0.8,155,500.2585121737786,0.9997704770986076,0.9997817994778747,0.9999886776207328
blended,0.8,160,500.2668512761585,0.9998442658004659,0.9998512803733011,0.9999929854271649
blended,0.8,165,500.2751903785385,0.9998957276940422,0.9999000143785567,0.9999957133154855
blended,0.8,170,500.2835294809185,0.9999311083230837,0.9999336923591891,0.9999974159638947
blended,0.8,175,500.2918685832984,0.9999550878137713,0.9999566243131727,0.9999984635005986
blended,0.8,180,500.3002076856783,0.9999711098908028,0.9999720110945226,0.9999990987962802
blended,0.8,185,500.3085467880583,0.999981663748442,0.9999821851475914,0.9999994786008506
blended,0.8,190,500.3168858904382,0.9999885174577056,0.9999888150176188,0.9999997024400867
blended,0.8,195,500.3252249928182,0.9999929054928233,0.999993073000722,0.9999998324921012
blended,0.8,200,500.3335640951981,0.9999956753154998,0.9999957683304849,0.999999906985015
blended,0.8,205,500.3419031975781,0.9999973990817764,0.9999974500297967,0.9999999490519798
blended,0.8,210,500.350242299958,0.9999984567661148,0.9999984842930885,0.9999999724730263
blended,0.8,215,500.358581402338,0.9999990966357151,0.9999991113062647,0.9999999853294503
blended,0.8,220,500.366920504718,0.9999994783081072,0.9999994860205341,0.9999999922875731
blended,0.8,225,500.3752596070979,0.9999997027788716,0.9999997067782501,0.9999999960006215
blended,0.8,230,500.3835987094779,0.9999998329468834,0.9999998349926247,0.9999999979542588
blended,0.8,235,500.3919378118579,0.9999999073737391,0.9999999084059434,0.9999999989677957
blended,0.8,240,500.4002769142378,0.9999999493342975,0.9999999498480304,0.9999999994862671
blended,0.8,245,500.4086160166178,0.9999999726605042,0.9999999729127164,0.9999999997477879
blended,0.8,250,500.4169551189976,0.9999999854467538,0.9999999855688919,0.9999999998778619
blended,0.8,255,500.4252942213776,0.9999999923577901,0.9999999924161337,0.9999999999416564
blended,0.8,260,500.4336333237576,0.9999999960411887,0.9999999960686798,0.9999999999725089
blended,0.8,265,500.4419724261375,0.9999999979770055,0.999999997989783,0.9999999999872224
blended,0.8,270,500.4503115285175,0.9999999989802207,0.9999999989860788,0.9999999999941419
blended,0.8,275,500.4586506308975,0.9999999994928959,0.9999999994955452,0.9999999999973507
blended,0.8,280,500.4669897332774,0.9999999997512488,0.9999999997524306,0.9999999999988182
blended,0.8,285,500.4753288356574,0.9999999998796326,0.9999999998801526,0.99999999999948
blended,0.8,290,500.4836679380373,0.9999999999425452,0.9999999999427709,0.9999999999997743
blended,0.8,295,500.4920070404173,0.999999999972947,0.9999999999730436,0.9999999999999034
blended,0.8,300,500.5003461427972,0.9999999999874345,0.9999999999874754,0.9999999999999591
blended,0.8,305,500.5086852451772,0.9999999999942428,0.9999999999942598,0.999999999999983
blended,0.8,310,500.5170243475572,0.999999999997398,0.999999999997405,0.999999999999993
blended,0.8,315,500.5253634499371,0.9999999999988399,0.9999999999988428,0.9999999999999971
blended,0.8,320,500.533702552317,0.9999999999994899,0.999999999999491,0.9999999999999989
blended,0.8,325,500.542041654697,0.9999999999997787,0.9999999999997792,0.9999999999999996
blended,0.8,330,500.5503807570769,0.9999999999999053,0.9999999999999055,0.9999999999999998
blended,0.8,335,500.5587198594569,0.99999999999996,0.9999999999999601,0.9999999999999999
blended,0.8,340,500.5670589618368,0.9999999999999833,0.9999999999999833,1
blended,0.8,345,500.5753980642168,0.9999999999999932,0.9999999999999932,1
blended,0.8,350,500.5837371665968,0.9999999999999972,0.9999999999999972,1
blended,0.8,355,500.5920762689767,0.9999999999999989,0.9999999999999989,1
blended,0.8,360,500.6004153713567,0.9999999999999996,0.9999999999999996,1
blended,0.8,365,500.6087544737367,0.9999999999999998,0.9999999999999998,1
blended,0.8,370,500.6170935761166,0.9999999999999999,0.9999999999999999,1
blended,0.8,375,500.6254326784966,1,1,1
blended,0.8,380,500.6337717808765,1,1,1
blended,0.8,385,500.6421108832565,1,1,1
blended,0.8,390,500.6504499856363,1,1,1
blended,0.8,395,500.6587890880163,1,1,1
blended,0.8,400,500.6671281903963,1,1,1
blended,0.8,405,500.6754672927763,1,1,1
blended,0.8,410,500.6838063951562,1,1,1
blended,0.8,415,500.6921454975362,1,1,1
blended,0.8,420,500.7004845999161,1,1,1
blended,0.8,425,500.7088237022961,1,1,1
blended,0.8,430,500.717162804676,1,1,1
blended,0.8,435,500.725501907056,1,1,1
blended,0.8,440,500.733841009436,1,1,1
blended,0.8,445,500.7421801118159,1,1,1
blended,0.8,450,500.7505192141959,1,1,1
blended,1,-450,499.2494807858042,1,1,1
blended,1,-445,499.2578198881841,1,1,1
blended,1,-440,499.2661589905641,1,1,1
blended,1,-435,499.274498092944,1,1,1
blended,1,-430,499.282837195324,1,1,1
blended,1,-425,499.2911762977039,1,1,1
blended,1,-420,499.2995154000839,1,1,1
blended,1,-415,499.3078545024638,1,1,1
blended,1,-410,499.3161936048438,1,1,1
blended,1,-405,499.3245327072237,0.9999999999999999,1,0.9999999999999999
blended,1,-400,499.3328718096037,0.9999999999999997,1,0.9999999999999997
blended,1,-395,499.3412109119836,0.9999999999999991,1,0.9999999999999991
blended,1,-390,499.3495500143636,0.9999999999999977,1,0.9999999999999977
blended,1,-385,499.3578891167435,0.9999999999999943,1,0.9999999999999943
blended,1,-380,499.3662282191235,0.9999999999999861,1,0.9999999999999861
blended,1,-375,499.3745673215035,0.9999999999999666,1,0.9999999999999666
blended,1,-370,499.3829064238835,0.9999999999999205,1,0.9999999999999205
blended,1,-365,499.3912455262633,0.9999999999998138,1,0.9999999999998138
blended,1,-360,499.3995846286433,0.9999999999995698,1,0.9999999999995698
blended,1,-355,499.4079237310233,0.9999999999990191,1,0.9999999999990191
blended,1,-350,499.4162628334032,0.9999999999977943,1,0.9999999999977943
blended,1,-345,499.4246019357832,0.9999999999951076,1,0.9999999999951076
blended,1,-340,499.4329410381632,0.9999999999892955,1,0.9999999999892955
blended,1,-335,499.4412801405431,0.9999999999768968,1,0.9999999999768968
blended,1,-330,499.449619242923,0.9999999999508151,1,0.9999999999508151
blended,1,-325,499.457958345303,0.9999999998967125,1,0.9999999998967125
blended,1,-320,499.466297447683,0.9999999997860458,1,0.9999999997860458
blended,1,-315,499.4746365500629,0.9999999995628297,1,0.9999999995628297
blended,1,-310,499.4829756524429,0.9999999991188757,1,0.9999999991188757
blended,1,-305,499.4913147548228,0.9999999982482165,1,0.9999999982482165
blended,1,-300,499.4996538572028,0.9999999965645752,1,0.9999999965645752
blended,1,-295,499.5079929595827,0.9999999933543533,0.9999999999999999,0.9999999933543534
blended,1,-290,499.5163320619627,0.9999999873190788,0.9999999999999998,0.999999987319079
blended,1,-285,499.5246711643426,0.9999999761317199,0.9999999999999994,0.9999999761317204
blended,1,-280,499.5330102667226,0.9999999556852596,0.9999999999999987,0.9999999556852609
blended,1,-275,499.5413493691025,0.999999918841865,0.9999999999999966,0.9999999188418685
blended,1,-270,499.5496884714825,0.999999853386936,0.9999999999999917,0.9999998533869443
blended,1,-265,499.5580275738625,0.9999997387417299,0.9999999999999797,0.9999997387417502
blended,1,-260,499.5663666762424,0.9999995407764098,0.9999999999999514,0.9999995407764585
blended,1,-255,499.5747057786223,0.9999992037763028,0.9999999999998851,0.9999992037764177
blended,1,-250,499.5830448810023,0.9999986382330904,0.9999999999997323,0.9999986382333581
blended,1,-245,499.5913839833823,0.9999977026496801,0.9999999999993852,0.999997702650295
blended,1,-240,499.5997230857622,0.9999961769634749,0.9999999999986066,0.9999961769648683
blended,1,-235,499.6080621881422,0.9999937245272664,0.999999999996885,0.9999937245303814
blended,1,-230,499.6164012905222,0.9999898388882015,0.9999999999931312,0.9999898388950703
blended,1,-225,499.6247403929021,0.9999837709610265,0.9999999999850595,0.999983770975967
blended,1,-220,499.633079495282,0.9999744317397904,0.9999999999679442,0.9999744317718462
blended,1,-215,499.641418597662,0.9999602656267967,0.9999999999321573,0.9999602656946395
blended,1,-210,499.649757700042,0.9999390900294785,0.9999999998583696,0.9999390901711088
blended,1,-205,499.6580968024219,0.9999078983794909,0.9999999997083467,0.9999078986711442
blended,1,-200,499.6664359048019,0.999862626473064,0.9999999994075746,0.9998626270654895
blended,1,-195,499.6747750071818,0.9997978862928719,0.9999999988129816,0.9997978874798903
blended,1,-190,499.6831141095618,0.9997066774209269,0.9999999976539463,0.9997066797669806
blended,1,-185,499.6914532119417,0.9995800937698134,0.9999999954262208,0.9995800983435926
blended,1,-180,499.6997923143217,0.9994070523406737,0.9999999912043243,0.9994070611363495
blended,1,-175,499.7081314167016,0.9991740803829593,0.9999999833152391,0.9991740970677202
blended,1,-170,499.7164705190816,0.998865206577397,0.9999999687803861,0.9988652377970109
blended,1,-165,499.7248096214615,0.9984620091578933,0.9999999423775353,0.998462066780358
blended,1,-160,499.7331487238415,0.9979438773564614,0.9999998950909643,0.9979439822654971
blended,1,-155,499.7414878262214,0.9972885401679593,0.9999998115957384,0.997288728572221
blended,1,-150,499.7498269286014,0.9964729062933902,0.9999996662468973,0.996473240046493
blended,1,-145,499.7581660309813,0.9954742398490463,0.9999994168011433,0.9954748230479029
blended,1,-140,499.7665051333613,0.9942716675746828,0.9999989947715342,0.9942726728031486
blended,1,-135,499.7748442357413,0.9928479757166896,0.9999982908914169,0.9928496848252727
blended,1,-130,499.7831833381212,0.9911916109921421,0.9999971336363048,0.9911944773558373
blended,1,-125,499.7915224405012,0.989298754234446,0.9999952581294242,0.9893034961050218
blended,1,-120,499.7998615428811,0.9871752931409526,0.9999922620688652,0.9871830310720875
blended,1,-115,499.808200645261,0.9848384886019218,0.9999875446255949,0.9848509439763269
blended,1,-110,499.816539747641,0.9823181141241369,0.9999802236802277,0.9823378904439093
blended,1,-105,499.824878850021,0.9796568556725016,0.9999690264540859,0.9796878292184157
blended,1,-100,499.833217952401,0.976909793577497,0.9999521487661204,0.9769576448113766
blended,1,-95,499.8415570547809,0.9741428496672986,0.9999270790837325,0.9742157705835661
blended,1,-90,499.8498961571609,0.9714301684181034,0.9998903855382626,0.9715397828798408
blended,1,-85,499.8582352595408,0.9688505037296017,0.9998374674472139,0.9690130362823878
blended,1,-80,499.8665743619207,0.9664827925779942,0.9997622778661339,0.9667205147118603
blended,1,-75,499.8749134643007,0.9644012006414751,0.9996570303851288,0.9647441702563463
blended,1,-70,499.8832525666807,0.9626700097311511,0.999511911658761,0.9631580980723902
blended,1,-65,499.8915916690606,0.961338770420795,0.9993148305595075,0.9620239398612874
blended,1,-60,499.8999307714406,0.960438156662386,0.9990512445195047,0.9613869121428813
blended,1,-55,499.9082698738205,0.9599769279820475,0.9987041122841741,0.9612728156978734
blended,1,-50,499.9166089762005,0.9599403300622749,0.9982540282564142,0.9616863018058607
blended,1,-45,499.9249480785804,0.9602901525526431,0.9976795949009075,0.9626105576517355
blended,1,-40,499.9332871809603,0.9609665248586445,0.9969580843037963,0.9640084405548482
blended,1,-35,499.9416262833403,0.9618913806130431,0.9960664262337252,0.9658249543793179
blended,1,-30,499.9499653857203,0.9629733749309832,0.9949825369097628,0.9679908380212204
blended,1,-25,499.9583044881002,0.9641139100159877,0.993686970244921,0.9704269397710666
blended,1,-20,499.9666435904802,0.9652138263515438,0.9921648331612161,0.9730489931903278
blended,1,-15,499.9749826928601,0.9661802570129132,0.9904078618880587,0.9757723951248545
blended,1,-10,499.9833217952401,0.9669331257362166,0.9884165118043314,0.9785166139318852
blended,1,-5,499.99166089762,0.9674107952711268,0.9862018754774199,0.9812089197937069
blended,1,0,500,0.9675744375852089,0.9837872187926044,0.9837872187926044
blended,1,5,500.00833910238,0.9674107952711268,0.9812089197937069,0.9862018754774199
blended,1,10,500.0166782047599,0.9669331257362166,0.9785166139318852,0.9884165118043314
blended,1,15,500.0250173071399,0.9661802570129132,0.9757723951248545,0.9904078618880587
blended,1,20,500.0333564095199,0.9652138263515438,0.9730489931903278,0.9921648331612161
blended,1,25,500.0416955118998,0.9641139100159877,0.9704269397710666,0.993686970244921
blended,1,30,500.0500346142798,0.9629733749309832,0.9679908380212204,0.9949825369097628
blended,1,35,500.0583737166597,0.9618913806130431,0.9658249543793179,0.9960664262337252
blended,1,40,500.0667128190396,0.9609665248586445,0.9640084405548482,0.9969580843037963
blended,1,45,500.0750519214196,0.9602901525526431,0.9626105576517355,0.9976795949009075
blended,1,50,500.0833910237995,0.9599403300622749,0.9616863018058607,0.9982540282564142
blended,1,55,500.0917301261795,0.9599769279820475,0.9612728156978734,0.9987041122841741
blended,1,60,500.1000692285594,0.960438156662386,0.9613869121428813,0.9990512445195047
blended,1,65,500.1084083309394,0.961338770420795,0.9620239398612874,0.9993148305595075
blended,1,70,500.1167474333193,0.9626700097311511,0.9631580980723902,0.999511911658761
blended,1,75,500.1250865356993,0.9644012006414751,0.9647441702563463,0.9996570303851288
blended,1,80,500.1334256380793,0.9664827925779942,0.9667205147118603,0.9997622778661339
blended,1,85,500.1417647404592,0.9688505037296017,0.9690130362823878,0.9998374674472139
blended,1,90,500.1501038428392,0.9714301684181034,0.9715397828798408,0.9998903855382626
blended,1,95,500.1584429452192,0.9741428496672986,0.9742157705835661,0.9999270790837325
blended,1,100,500.1667820475991,0.976909793577497,0.9769576448113766,0.9999521487661204
blended,1,105,500.1751211499791,0.9796568556725016,0.9796878292184157,0.9999690264540859
blended,1,110,500.1834602523589,0.9823181141241369,0.9823378904439093,0.9999802236802277
blended,1,115,500.1917993547389,0.9848384886019218,0.9848509439763269,0.9999875446255949
blended,1,120,500.2001384571188,0.9871752931409526,0.9871830310720875,0.9999922620688652
blended,1,125,500.2084775594988,0.989298754234446,0.9893034961050218,0.9999952581294242
blended,1,130,500.2168166618788,0.9911916109921421,0.9911944773558373,0.9999971336363048
blended,1,135,500.2251557642587,0.9928479757166896,0.9928496848252727,0.9999982908914169
blended,1,140,500.2334948666387,0.9942716675746828,0.9942726728031486,0.9999989947715342
blended,1,145,500.2418339690187,0.9954742398490463,0.9954748230479029,0.9999994168011433
blended,1,150,500.2501730713986,0.9964729062933902,0.996473240046493,0.9999996662468973
blended,1,155,500.2585121737786,0.9972885401679593,0.997288728572221,0.9999998115957384
blended,1,160,500.2668512761585,0.9979438773564614,0.9979439822654971,0.9999998950909643
blended,1,165,500.2751903785385,0.9984620091578933,0.998462066780358,0.9999999423775353
blended,1,170,500.2835294809185,0.998865206577397,0.9988652377970109,0.9999999687803861
blended,1,175,500.2918685832984,0.9991740803829593,0.9991740970677202,0.9999999833152391
blended,1,180,500.3002076856783,0.9994070523406737,0.9994070611363495,0.9999999912043243
blended,1,185,500.3085467880583,0.9995800937698134,0.9995800983435926,0.9999999954262208
blended,1,190,500.3168858904382,0.9997066774209269,0.9997066797669806,0.9999999976539463
blended,1,195,500.3252249928182,0.9997978862928719,0.9997978874798903,0.9999999988129816
blended,1,200,500.3335640951981,0.999862626473064,0.9998626270654895,0.9999999994075746
blended,1,205,500.3419031975781,0.9999078983794909,0.9999078986711442,0.9999999997083467
blended,1,210,500.350242299958,0.9999390900294785,0.9999390901711088,0.9999999998583696
blended,1,215,500.358581402338,0.9999602656267967,0.9999602656946395,0.9999999999321573
blended,1,220,500.366920504718,0.9999744317397904,0.9999744317718462,0.9999999999679442
blended,1,225,500.3752596070979,0.9999837709610265,0.999983770975967,0.9999999999850595
blended,1,230,500.3835987094779,0.9999898388882015,0.9999898388950703,0.9999999999931312
blended,1,235,500.3919378118579,0.9999937245272664,0.9999937245303814,0.999999999996885
blended,1,240,500.4002769142378,0.9999961769634749,0.9999961769648683,0.9999999999986066
blended,1,245,500.4086160166178,0.9999977026496801,0.999997702650295,0.9999999999993852
blended,1,250,500.4169551189976,0.9999986382330904,0.9999986382333581,0.9999999999997323
blended,1,255,500.4252942213776,0.9999992037763028,0.9999992037764177,0.9999999999998851
blended,1,260,500.4336333237576,0.9999995407764098,0.9999995407764585,0.9999999999999514
blended,1,265,500.4419724261375,0.9999997387417299,0.9999997387417502,0.9999999999999797
blended,1,270,500.4503115285175,0.999999853386936,0.9999998533869443,0.9999999999999917
blended,1,275,500.4586506308975,0.999999918841865,0.9999999188418685,0.9999999999999966
blended,1,280,500.4669897332774,0.9999999556852596,0.9999999556852609,0.9999999999999987
blended,1,285,500.4753288356574,0.9999999761317199,0.9999999761317204,0.9999999999999994
blended,1,290,500.4836679380373,0.9999999873190788,0.999999987319079,0.9999999999999998
blended,1,295,500.4920070404173,0.9999999933543533,0.9999999933543534,0.9999999999999999
blended,1,300,500.5003461427972,0.9999999965645752,0.9999999965645752,1
blended,1,305,500.5086852451772,0.9999999982482165,0.9999999982482165,1
blended,1,310,500.5170243475572,0.9999999991188757,0.9999999991188757,1
blended,1,315,500.5253634499371,0.9999999995628297,0.9999999995628297,1
blended,1,320,500.533702552317,0.9999999997860458,0.9999999997860458,1
blended,1,325,500.542041654697,0.9999999998967125,0.9999999998967125,1
blended,1,330,500.5503807570769,0.9999999999508151,0.9999999999508151,1
blended,1,335,500.5587198594569,0.9999999999768968,0.9999999999768968,1
blended,1,340,500.5670589618368,0.9999999999892955,0.9999999999892955,1
blended,1,345,500.5753980642168,0.9999999999951076,0.9999999999951076,1
blended,1,350,500.5837371665968,0.9999999999977943,0.9999999999977943,1
blended,1,355,500.5920762689767,0.9999999999990191,0.9999999999990191,1
blended,1,360,500.6004153713567,0.9999999999995698,0.9999999999995698,1
blended,1,365,500.6087544737367,0.9999999999998138,0.9999999999998138,1
blended,1,370,500.6170935761166,0.9999999999999205,0.9999999999999205,1
blended,1,375,500.6254326784966,0.9999999999999666,0.9999999999999666,1
blended,1,380,500.6337717808765,0.9999999999999861,0.9999999999999861,1
blended,1,385,500.6421108832565,0.9999999999999943,0.9999999999999943,1
blended,1,390,500.6504499856363,0.9999999999999977,0.9999999999999977,1
blended,1,395,500.6587890880163,0.9999999999999991,0.9999999999999991,1
blended,1,400,500.6671281903963,0.9999999999999997,0.9999999999999997,1
blended,1,405,500.6754672927763,0.9999999999999999,0.9999999999999999,1
blended,1,410,500.6838063951562,1,1,1
blended,1,415,500.6921454975362,1,1,1
blended,1,420,500.7004845999161,1,1,1
blended,1,425,500.7088237022961,1,1,1
blended,1,430,500.717162804676,1,1,1
blended,1,435,500.725501907056,1,1,1
blended,1,440,500.733841009436,1,1,1
blended,1,445,500.7421801118159,1,1,1
blended,1,450,500.7505192141959,1,1,1
stress,0,-450,499.2494807858042,1,1,1
stress,0,-445,499.2578198881841,1,1,1
stress,0,-440,499.2661589905641,1,1,1
stress,0,-435,499.274498092944,1,1,1
stress,0,-430,499.282837195324,1,1,1
stress,0,-425,499.2911762977039,1,1,1
stress,0,-420,499.2995154000839,1,1,1
stress,0,-415,499.3078545024638,1,1,1
stress,0,-410,499.3161936048438,1,1,1
stress,0,-405,499.3245327072237,1,1,1
stress,0,-400,499.3328718096037,1,1,1
stress,0,-395,499.3412109119836,1,1,1
stress,0,-390,499.3495500143636,1,1,1
stress,0,-385,499.3578891167435,1,1,1
stress,0,-380,499.3662282191235,1,1,1
stress,0,-375,499.3745673215035,1,1,1
stress,0,-370,499.3829064238835,1,1,1
stress,0,-365,499.3912455262633,1,1,1
stress,0,-360,499.3995846286433,1,1,1
stress,0,-355,499.4079237310233,1,1,1
stress,0,-350,499.4162628334032,0.9999999999999998,1,0.9999999999999998
stress,0,-345,499.4246019357832,0.9999999999999987,1,0.9999999999999987
stress,0,-340,499.4329410381632,0.9999999999999934,1,0.9999999999999934
stress,0,-335,499.4412801405431,0.9999999999999692,1,0.9999999999999692
stress,0,-330,499.449619242923,0.999999999999861,1,0.999999999999861
stress,0,-325,499.457958345303,0.9999999999993963,1,0.9999999999993963
stress,0,-320,499.466297447683,0.9999999999974775,1,0.9999999999974775
stress,0,-315,499.4746365500629,0.9999999999898573,1,0.9999999999898573
stress,0,-310,499.4829756524429,0.9999999999607571,1,0.9999999999607571
stress,0,-305,499.4913147548228,0.999999999853895,1,0.999999999853895
stress,0,-300,499.4996538572028,0.9999999994765645,1,0.9999999994765645
stress,0,-295,499.5079929595827,0.9999999981955039,1,0.9999999981955039
stress,0,-290,499.5163320619627,0.9999999940139082,1,0.9999999940139082
stress,0,-285,499.5246711643426,0.9999999808915506,1,0.9999999808915506
stress,0,-280,499.5330102667226,0.9999999413048577,1,0.9999999413048577
stress,0,-275,499.5413493691025,0.9999998265103697,1,0.9999998265103697
stress,0,-270,499.5496884714825,0.9999995065541163,1,0.9999995065541163
stress,0,-265,499.5580275738625,0.9999986494825924,1,0.9999986494825924
stress,0,-260,499.5663666762424,0.9999964432323966,1,0.9999964432323966
stress,0,-255,499.5747057786223,0.9999909862514231,1,0.9999909862514231
stress,0,-250,499.5830448810023,0.9999780188688461,1,0.9999780188688461
stress,0,-245,499.5913839833823,0.9999484190564456,1,0.9999484190564456
stress,0,-240,499.5997230857622,0.9998835275598561,1,0.9998835275598561
stress,0,-235,499.6080621881422,0.9997469235619497,1,0.9997469235619497
stress,0,-230,499.6164012905222,0.9994708547528504,1,0.9994708547528504
stress,0,-225,499.6247403929021,0.998935384627048,1,0.998935384627048
stress,0,-220,499.633079495282,0.9979388708108328,1,0.9979388708108328
stress,0,-215,499.641418597662,0.9961601669570254,1,0.9961601669570254
stress,0,-210,499.649757700042,0.9931164239236274,1,0.9931164239236274
stress,0,-205,499.6580968024219,0.9881256310522651,0.9999999999999999,0.9881256310522653
stress,0,-200,499.6664359048019,0.9802893199628279,0.9999999999999996,0.9802893199628283
stress,0,-195,499.6747750071818,0.9685161869671495,0.999999999999998,0.9685161869671515
stress,0,-190,499.6831141095618,0.9516086555292267,0.9999999999999902,0.9516086555292365
stress,0,-185,499.6914532119417,0.9284280748083881,0.9999999999999556,0.9284280748084325
stress,0,-180,499.6997923143217,0.8981379628497098,0.999999999999805,0.8981379628499048
stress,0,-175,499.7081314167016,0.8604992113908819,0.9999999999991759,0.860499211391706
stress,0,-170,499.7164705190816,0.8161618609142045,0.999999999996648,0.8161618609175565
stress,0,-165,499.7248096214615,0.7668748036936771,0.9999999999868802,0.7668748037067969
stress,0,-160,499.7331487238415,0.7155293522048087,0.9999999999505857,0.715529352254223
stress,0,-155,499.7414878262214,0.6659739361170414,0.9999999998209105,0.6659739362961308
stress,0,-150,499.7498269286014,0.622586094282239,0.9999999993754284,0.6225860949068106
stress,0,-145,499.7581660309813,0.589654110419962,0.9999999979040104,0.5896541125159516
stress,0,-140,499.7665051333613,0.5706841449834004,0.9999999932315284,0.5706841517518719
stress,0,-135,499.7748442357413,0.5677864035362916,0.9999999789677012,0.5677864245685904
stress,0,-130,499.7831833381212,0.5812887799210249,0.9999999371105892,0.5812888428104357
stress,0,-125,499.7915224405012,0.6096757697513537,0.9999998190481796,0.6096759507031742
stress,0,-120,499.7998615428811,0.6498683613646699,0.9999994989938761,0.6498688623707938
stress,0,-115,499.808200645261,0.6977733728573123,0.999998665195201,0.6977747076621114
stress,0,-110,499.816539747641,0.7489666363777967,0.9999965779438472,0.7489700584339496
stress,0,-105,499.824878850021,0.7993527721445914,0.9999915578871938,0.7993612142573976
stress,0,-100,499.833217952401,0.8456682423582402,0.9999799594416324,0.8456882829166079
stress,0,-95,499.8415570547809,0.8857512077929671,0.9999542213341789,0.8857969864587882
stress,0,-90,499.8498961571609,0.9185693552329033,0.9998993737954043,0.918669981437499
stress,0,-85,499.8582352595408,0.9440533378115668,0.9997871597793531,0.9442661780322137
stress,0,-80,499.8665743619207,0.9628147594276718,0.9995667974984744,0.9632479619291974
stress,0,-75,499.8749134643007,0.9758310126536743,0.9991515566339377,0.9766794560197366
stress,0,-70,499.8832525666807,0.9841616331544394,0.9984009965235283,0.9857606366309111
stress,0,-65,499.8915916690606,0.9887338119702318,0.9971001829113647,0.9916336290588671
stress,0,-60,499.8999307714406,0.9902093943754414,0.9949395813356694,0.995269813039772
stress,0,-55,499.9082698738205,0.988928946588594,0.9915023871639478,0.9974265594246462
stress,0,-50,499.9166089762005,0.9849217638562614,0.9862690028025514,0.99865276105371
stress,0,-45,499.9249480785804,0.9779711167485591,0.9786498041088006,0.9993213126397584
stress,0,-40,499.9332871809603,0.9677264899591407,0.9680554851428904,0.9996710048162503
stress,0,-35,499.9416262833403,0.953854210600139,0.9540076737000662,0.9998465369000727
stress,0,-30,499.9499653857203,0.9362120944614671,0.9362809776179971,0.99993111684347
stress,0,-25,499.9583044881002,0.9150233589798988,0.9150531110207004,0.9999702479591984
stress,0,-20,499.9666435904802,0.8910142347634934,0.8910266003616412,0.9999876344018522
stress,0,-15,499.9749826928601,0.8654746488162643,0.865479594292781,0.9999950545234834
stress,0,-10,499.9833217952401,0.8402077701862395,0.8402096734360984,0.9999980967501411
stress,0,-5,499.99166089762,0.8173544382999255,0.8173551431197577,0.9999992951801678
stress,0,0,500,0.7991094070791015,0.7991096582417606,0.9999997488373409
stress,0,5,500.00833910238,0.7873793258009482,0.7873794119254407,0.9999999138755075
stress,0,10,500.0166782047599,0.7834559392749892,0.7834559676929511,0.9999999715820381
stress,0,15,500.0250173071399,0.7877822088838267,0.7877822179068863,0.9999999909769404
stress,0,20,500.0333564095199,0.7998701009470148,0.7998701037038409,0.9999999972431739
stress,0,25,500.0416955118998,0.818391229429513,0.8183912302400252,0.9999999991894878
stress,0,30,500.0500346142798,0.8414171164684624,0.8414171166977625,0.9999999997706999
stress,0,35,500.0583737166597,0.8667490081117969,0.8667490081742197,0.9999999999375772
stress,0,40,500.0667128190396,0.8922594376418692,0.8922594376582215,0.9999999999836477
stress,0,45,500.0750519214196,0.9161732414750375,0.9161732414791596,0.999999999995878
stress,0,50,500.0833910237995,0.937240315033976,0.9372403150349758,0.9999999999990001
stress,0,55,500.0917301261795,0.9547859423078302,0.9547859423080636,0.9999999999997666
stress,0,60,500.1000692285594,0.9686555350713449,0.9686555350713973,0.9999999999999476
stress,0,65,500.1084083309394,0.9790905367695515,0.9790905367695628,0.9999999999999887
stress,0,70,500.1167474333193,0.9865779282863095,0.9865779282863119,0.9999999999999977
stress,0,75,500.1250865356993,0.9917093062531902,0.9917093062531906,0.9999999999999996
stress,0,80,500.1334256380793,0.9950721572818682,0.9950721572818683,0.9999999999999999
stress,0,85,500.1417647404592,0.9971815038213714,0.9971815038213714,1
stress,0,90,500.1501038428392,0.9984487824490563,0.9984487824490563,1
stress,0,95,500.1584429452192,0.9991784715336806,0.9991784715336806,1
stress,0,100,500.1667820475991,0.9995813345039233,0.9995813345039233,1
stress,0,105,500.1751211499791,0.9997946917640587,0.9997946917640587,1
stress,0,110,500.1834602523589,0.9999031186415686,0.9999031186415686,1
stress,0,115,500.1917993547389,0.9999560085056206,0.9999560085056206,1
stress,0,120,500.2001384571188,0.9999807782972153,0.9999807782972153,1
stress,0,125,500.2084775594988,0.99999191817118,0.99999191817118,1
stress,0,130,500.2168166618788,0.999996730193262,0.999996730193262,1
stress,0,135,500.2251557642587,0.9999987269977578,0.9999987269977578,1
stress,0,140,500.2334948666387,0.9999995230960715,0.9999995230960715,1
stress,0,145,500.2418339690187,0.9999998280796533,0.9999998280796533,1
stress,0,150,500.2501730713986,0.9999999403626545,0.9999999403626545,1
stress,0,155,500.2585121737786,0.9999999800930843,0.9999999800930843,1
stress,0,160,500.2668512761585,0.9999999936058283,0.9999999936058283,1
stress,0,165,500.2751903785385,0.9999999980236709,0.9999999980236709,1
stress,0,170,500.2835294809185,0.999999999412201,0.999999999412201,1
stress,0,175,500.2918685832984,0.999999999831774,0.999999999831774,1
stress,0,180,500.3002076856783,0.9999999999536711,0.9999999999536711,1
stress,0,185,500.3085467880583,0.9999999999877226,0.9999999999877226,1
stress,0,190,500.3168858904382,0.9999999999968692,0.9999999999968692,1
stress,0,195,500.3252249928182,0.9999999999992317,0.9999999999992317,1
stress,0,200,500.3335640951981,0.9999999999998186,0.9999999999998186,1
stress,0,205,500.3419031975781,0.9999999999999588,0.9999999999999588,1
stress,0,210,500.350242299958,0.999999999999991,0.999999999999991,1
stress,0,215,500.358581402338,0.9999999999999981,0.9999999999999981,1
stress,0,220,500.366920504718,0.9999999999999997,0.9999999999999997,1
stress,0,225,500.3752596070979,0.9999999999999999,0.9999999999999999,1
stress,0,230,500.3835987094779,1,1,1
stress,0,235,500.3919378118579,1,1,1
stress,0,240,500.4002769142378,1,1,1
stress,0,245,500.4086160166178,1,1,1
stress,0,250,500.4169551189976,1,1,1
stress,0,255,500.4252942213776,1,1,1
stress,0,260,500.4336333237576,1,1,1
stress,0,265,500.4419724261375,1,1,1
stress,0,270,500.4503115285175,1,1,1
stress,0,275,500.4586506308975,1,1,1
stress,0,280,500.4669897332774,1,1,1
stress,0,285,500.4753288356574,1,1,1
stress,0,290,500.4836679380373,1,1,1
stress,0,295,500.4920070404173,1,1,1
stress,0,300,500.5003461427972,1,1,1
stress,0,305,500.5086852451772,1,1,1
stress,0,310,500.5170243475572,1,1,1
stress,0,315,500.5253634499371,1,1,1
stress,0,320,500.533702552317,1,1,1
stress,0,325,500.542041654697,1,1,1
stress,0,330,500.5503807570769,1,1,1
stress,0,335,500.5587198594569,1,1,1
stress,0,340,500.5670589618368,1,1,1
stress,0,345,500.5753980642168,1,1,1
stress,0,350,500.5837371665968,1,1,1
stress,0,355,500.5920762689767,1,1,1
stress,0,360,500.6004153713567,1,1,1
stress,0,365,500.6087544737367,1,1,1
stress,0,370,500.6170935761166,1,1,1
stress,0,375,500.6254326784966,1,1,1
stress,0,380,500.6337717808765,1,1,1
stress,0,385,500.6421108832565,1,1,1
stress,0,390,500.6504499856363,1,1,1
stress,0,395,500.6587890880163,1,1,1
stress,0,400,500.6671281903963,1,1,1
stress,0,405,500.6754672927763,1,1,1
stress,0,410,500.6838063951562,1,1,1
stress,0,415,500.6921454975362,1,1,1
stress,0,420,500.7004845999161,1,1,1
stress,0,425,500.7088237022961,1,1,1
stress,0,430,500.717162804676,1,1,1
stress,0,435,500.725501907056,1,1,1
stress,0,440,500.733841009436,1,1,1
stress,0,445,500.7421801118159,1,1,1
stress,0,450,500.7505192141959,1,1,1
stress,0.07000000000000001,-450,499.2494807858042,0.9999999999999998,1,0.9999999999999998
stress,0.07000000000000001,-445,499.2578198881841,0.9999999999999988,1,0.9999999999999988
stress,0.07000000000000001,-440,499.2661589905641,0.999999999999994,1,0.999999999999994
stress,0.07000000000000001,-435,499.274498092944,0.999999999999972,1,0.999999999999972
stress,0.07000000000000001,-430,499.282837195324,0.9999999999998733,1,0.9999999999998733
stress,0.07000000000000001,-425,499.2911762977039,0.9999999999994484,1,0.9999999999994484
stress,0.07000000000000001,-420,499.2995154000839,0.99999999999769,1,0.99999999999769
stress,0.07000000000000001,-415,499.3078545024638,0.9999999999906893,1,0.9999999999906893
stress,0.07000000000000001,-410,499.3161936048438,0.9999999999638897,1,0.9999999999638897
stress,0.07000000000000001,-405,499.3245327072237,0.9999999998652354,1,0.9999999998652354
stress,0.07000000000000001,-400,499.3328718096037,0.9999999995160336,1,0.9999999995160336
stress,0.07000000000000001,-395,499.3412109119836,0.9999999983275658,1,0.9999999983275658
stress,0.07000000000000001,-390,499.3495500143636,0.999999994438685,1,0.999999994438685
stress,0.07000000000000001,-385,499.3578891167435,0.9999999822048937,1,0.9999999822048937
stress,0.07000000000000001,-380,499.3662282191235,0.9999999452078517,1,0.9999999452078517
stress,0.07000000000000001,-375,499.3745673215035,0.9999998376580644,1,0.9999998376580644
stress,0.07000000000000001,-370,499.3829064238835,0.9999995371526752,1,0.9999995371526752
stress,0.07000000000000001,-365,499.3912455262633,0.9999987301879523,1,0.9999987301879523
stress,0.07000000000000001,-360,499.3995846286433,0.999996647754814,1,0.999996647754814
stress,0.07000000000000001,-355,499.4079237310233,0.9999914841744636,1,0.9999914841744636
stress,0.07000000000000001,-350,499.4162628334032,0.9999791832760849,1,0.9999791832760849
stress,0.07000000000000001,-345,499.4246019357832,0.9999510342223193,1,0.9999510342223193
stress,0.07000000000000001,-340,499.4329410381632,0.9998891673856373,1,0.9998891673856373
stress,0.07000000000000001,-335,499.4412801405431,0.9997586000665184,1,0.9997586000665184
stress,0.07000000000000001,-330,499.449619242923,0.9994940572678082,1,0.9994940572678082
stress,0.07000000000000001,-325,499.457958345303,0.9989796240249929,1,0.9989796240249929
stress,0.07000000000000001,-320,499.466297447683,0.9980197786688495,1,0.9980197786688495
stress,0.07000000000000001,-315,499.4746365500629,0.9963020427039867,1,0.9963020427039867
stress,0.07000000000000001,-310,499.4829756524429,0.9933548514183261,1,0.9933548514183261
stress,0.07000000000000001,-305,499.4913147548228,0.9885094147947843,1,0.9885094147947843
stress,0.07000000000000001,-300,499.4996538572028,0.9808806005747516,1,0.9808806005747516
stress,0.07000000000000001,-295,499.5079929595827,0.969387345353804,1,0.969387345353804
stress,0.07000000000000001,-290,499.5163320619627,0.9528347234609753,1,0.9528347234609753
stress,0.07000000000000001,-285,499.5246711643426,0.9300740419397503,1,0.9300740419397503
stress,0.07000000000000001,-280,499.5330102667226,0.9002416831919269,1,0.9002416831919269
stress,0.07000000000000001,-275,499.5413493691025,0.8630523931388674,1,0.8630523931388674
stress,0.07000000000000001,-270,499.5496884714825,0.8190933926091444,1,0.8190933926091444
stress,0.07000000000000001,-265,499.5580275738625,0.7700417165225147,1,0.7700417165225147
stress,0.07000000000000001,-260,499.5663666762424,0.7187203361656482,1,0.7187203361656482
stress,0.07000000000000001,-255,499.5747057786223,0.6689281484210792,1,0.6689281484210792
stress,0.07000000000000001,-250,499.5830448810023,0.6250262826629025,1,0.6250262826629025
stress,0.07000000000000001,-245,499.5913839833823,0.5913287878926148,1,0.5913287878926148
stress,0.07000000000000001,-240,499.5997230857622,0.5714101212987386,1,0.5714101212987386
stress,0.07000000000000001,-235,499.6080621881422,0.5674817641956076,1,0.5674817641956076
stress,0.07000000000000001,-230,499.6164012905222,0.5799881126705306,1,0.5799881126705306
stress,0.07000000000000001,-225,499.6247403929021,0.6075237434524676,1,0.6075237434524676
stress,0.07000000000000001,-220,499.633079495282,0.6470933499091343,1,0.6470933499091343
stress,0.07000000000000001,-215,499.641418597662,0.6946478775989816,1,0.6946478775989816
stress,0.07000000000000001,-210,499.649757700042,0.7457642084164673,1,0.7457642084164673
stress,0.07000000000000001,-205,499.6580968024219,0.7963112297771151,1,0.7963112297771151
stress,0.07000000000000001,-200,499.6664359048019,0.8429665658048832,1,0.8429665658048832
stress,0.07000000000000001,-195,499.6747750071818,0.8835037842575988,1,0.8835037842575988
stress,0.07000000000000001,-190,499.6831141095618,0.9168377645904006,1,0.9168377645904006
stress,0.07000000000000001,-185,499.6914532119417,0.9428738259694902,1,0.9428738259694902
stress,0.07000000000000001,-180,499.6997923143217,0.9622394101534463,1,0.9622394101534463
stress,0.07000000000000001,-175,499.7081314167016,0.9759819885286812,1,0.9759819885286812
stress,0.07000000000000001,-170,499.7164705190816,0.9852995722023788,1,0.9852995722023788
stress,0.07000000000000001,-165,499.7248096214615,0.991342000707903,1,0.991342000707903
stress,0.07000000000000001,-160,499.7331487238415,0.9950931840787558,1,0.9950931840787558
stress,0.07000000000000001,-155,499.7414878262214,0.9973240583899265,1,0.9973240583899265
stress,0.07000000000000001,-150,499.7498269286014,0.9985957379898955,1,0.9985957379898955
stress,0.07000000000000001,-145,499.7581660309813,0.9992908888597543,1,0.9992908888597543
stress,0.07000000000000001,-140,499.7665051333613,0.9996554318613966,1,0.9996554318613966
stress,0.07000000000000001,-135,499.7748442357413,0.9998388870044492,1,0.9998388870044492
stress,0.07000000000000001,-130,499.7831833381212,0.9999275095700871,1,0.9999275095700871
stress,0.07000000000000001,-125,499.7915224405012,0.9999686147620626,1,0.9999686147620626
stress,0.07000000000000001,-120,499.7998615428811,0.9999869243037677,1,0.9999869243037677
stress,0.07000000000000001,-115,499.808200645261,0.9999947579776635,1,0.9999947579776635
stress,0.07000000000000001,-110,499.816539747641,0.999997977783923,1,0.999997977783923
stress,0.07000000000000001,-105,499.824878850021,0.9999992493268236,1,0.9999992493268236
stress,0.07000000000000001,-100,499.833217952401,0.9999997318555061,1,0.9999997318555061
stress,0.07000000000000001,-95,499.8415570547809,0.9999999078317129,1,0.9999999078317129
stress,0.07000000000000001,-90,499.8498961571609,0.9999999695148176,1,0.9999999695148176
stress,0.07000000000000001,-85,499.8582352595408,0.999999990297342,1,0.999999990297342
stress,0.07000000000000001,-80,499.8665743619207,0.9999999970284209,1,0.9999999970284209
stress,0.07000000000000001,-75,499.8749134643007,0.9999999991242533,1,0.9999999991242533
stress,0.07000000000000001,-70,499.8832525666807,0.9999999997516499,1,0.9999999997516499
stress,0.07000000000000001,-65,499.8915916690606,0.9999999999322289,1,0.9999999999322289
stress,0.07000000000000001,-60,499.8999307714406,0.9999999999822041,1,0.9999999999822041
stress,0.07000000000000001,-55,499.9082698738205,0.9999999999955034,1,0.9999999999955034
stress,0.07000000000000001,-50,499.9166089762005,0.9999999999989067,1,0.9999999999989067
stress,0.07000000000000001,-45,499.9249480785804,0.9999999999997442,1,0.9999999999997442
stress,0.07000000000000001,-40,499.9332871809603,0.9999999999999424,1,0.9999999999999424
stress,0.07000000000000001,-35,499.9416262833403,0.9999999999999876,1,0.9999999999999876
stress,0.07000000000000001,-30,499.9499653857203,0.9999999999999974,1,0.9999999999999974
stress,0.07000000000000001,-25,499.9583044881002,0.9999999999999994,1,0.9999999999999994
stress,0.07000000000000001,-20,499.9666435904802,0.9999999999999999,1,0.9999999999999999
stress,0.07000000000000001,-15,499.9749826928601,1,1,1
stress,0.07000000000000001,-10,499.9833217952401,1,1,1
stress,0.07000000000000001,-5,499.99166089762,1,1,1
stress,0.07000000000000001,0,500,1,1,1
stress,0.07000000000000001,5,500.00833910238,1,1,1
stress,0.07000000000000001,10,500.0166782047599,1,1,1
stress,0.07000000000000001,15,500.0250173071399,1,1,1
stress,0.07000000000000001,20,500.0333564095199,1,1,1
stress,0.07000000000000001,25,500.0416955118998,1,1,1
stress,0.07000000000000001,30,500.0500346142798,1,1,1
stress,0.07000000000000001,35,500.0583737166597,1,1,1
stress,0.07000000000000001,40,500.0667128190396,1,1,1
stress,0.07000000000000001,45,500.0750519214196,1,1,1
stress,0.07000000000000001,50,500.0833910237995,1,1,1
stress,0.07000000000000001,55,500.0917301261795,1,1,1
stress,0.07000000000000001,60,500.1000692285594,1,1,1
stress,0.07000000000000001,65,500.1084083309394,1,1,1
stress,0.07000000000000001,70,500.1167474333193,1,1,1
stress,0.07000000000000001,75,500.1250865356993,1,1,1
stress,0.07000000000000001,80,500.1334256380793,1,1,1
stress,0.07000000000000001,85,500.1417647404592,1,1,1
stress,0.07000000000000001,90,500.1501038428392,1,1,1
stress,0.07000000000000001,95,500.1584429452192,0.9999999999999999,0.9999999999999999,1
stress,0.07000000000000001,100,500.1667820475991,0.9999999999999994,0.9999999999999994,1
stress,0.07000000000000001,105,500.1751211499791,0.9999999999999972,0.9999999999999972,1
stress,0.07000000000000001,110,500.1834602523589,0.999999999999987,0.999999999999987,1
stress,0.07000000000000001,115,500.1917993547389,0.9999999999999413,0.9999999999999413,1
stress,0.07000000000000001,120,500.2001384571188,0.999999999999744,0.999999999999744,1
stress,0.07000000000000001,125,500.2084775594988,0.9999999999989256,0.9999999999989256,1
stress,0.07000000000000001,130,500.2168166618788,0.9999999999956612,0.9999999999956612,1
stress,0.07000000000000001,135,500.2251557642587,0.9999999999831396,0.9999999999831396,1
stress,0.07000000000000001,140,500.2334948666387,0.9999999999369524,0.9999999999369524,1
stress,0.07000000000000001,145,500.2418339690187,0.9999999997731374,0.9999999997731374,1
stress,0.07000000000000001,150,500.2501730713986,0.9999999992144891,0.9999999992144891,1
stress,0.07000000000000001,155,500.2585121737786,0.9999999973828059,0.9999999973828059,1
stress,0.07000000000000001,160,500.2668512761585,0.9999999916089882,0.9999999916089882,1
stress,0.07000000000000001,165,500.2751903785385,0.9999999741126628,0.9999999741126628,1
stress,0.07000000000000001,170,500.2835294809185,0.9999999231480174,0.9999999231480174,1
stress,0.07000000000000001,175,500.2918685832984,0.9999997804581002,0.9999997804581002,1
stress,0.07000000000000001,180,500.3002076856783,0.9999993965039834,0.9999993965039834,1
stress,0.07000000000000001,185,500.3085467880583,0.9999984036576148,0.9999984036576148,1
stress,0.07000000000000001,190,500.3168858904382,0.9999959367613661,0.9999959367613661,1
stress,0.07000000000000001,195,500.3252249928182,0.9999900479336998,0.9999900479336998,1
stress,0.07000000000000001,200,500.3335640951981,0.9999765442761892,0.9999765442761892,1
stress,0.07000000000000001,205,500.3419031975781,0.9999468039892639,0.9999468039892639,1
stress,0.07000000000000001,210,500.350242299958,0.999883907560324,0.999883907560324,1
stress,0.07000000000000001,215,500.358581402338,0.9997562057501411,0.9997562057501411,1
stress,0.07000000000000001,220,500.366920504718,0.9995073509774582,0.9995073509774582,1
stress,0.07000000000000001,225,500.3752596070979,0.9990420420631889,0.9990420420631889,1
stress,0.07000000000000001,230,500.3835987094779,0.9982075382302229,0.9982075382302229,1
stress,0.07000000000000001,235,500.3919378118579,0.9967726355523772,0.9967726355523772,1
stress,0.07000000000000001,240,500.4002769142378,0.9944083398677961,0.9944083398677961,1
stress,0.07000000000000001,245,500.4086160166178,0.9906775906324266,0.9906775906324266,1
stress,0.07000000000000001,250,500.4169551189976,0.9850441803207731,0.9850441803207731,1
stress,0.07000000000000001,255,500.4252942213776,0.9769119678832701,0.9769119678832701,1
stress,0.07000000000000001,260,500.4336333237576,0.9657028318508928,0.9657028318508928,1
stress,0.07000000000000001,265,500.4419724261375,0.9509742490545938,0.9509742490545938,1
stress,0.07000000000000001,270,500.4503115285175,0.9325650726760566,0.9325650726760566,1
stress,0.07000000000000001,275,500.4586506308975,0.9107434327524736,0.9107434327524736,1
stress,0.07000000000000001,280,500.4669897332774,0.8863184166872069,0.8863184166872069,1
stress,0.07000000000000001,285,500.4753288356574,0.8606731897932801,0.8606731897932801,1
stress,0.07000000000000001,290,500.4836679380373,0.8356862443573567,0.8356862443573567,1
stress,0.07000000000000001,295,500.4920070404173,0.8135305038703542,0.8135305038703542,1
stress,0.07000000000000001,300,500.5003461427972,0.7963725514743047,0.7963725514743047,1
stress,0.07000000000000001,305,500.5086852451772,0.7860267471324055,0.7860267471324055,1
stress,0.07000000000000001,310,500.5170243475572,0.783639834200096,0.783639834200096,1
stress,0.07000000000000001,315,500.5253634499371,0.7894817411683344,0.7894817411683344,1
stress,0.07000000000000001,320,500.533702552317,0.8028953453380714,0.8028953453380714,1
stress,0.07000000000000001,325,500.542041654697,0.8224181244601503,0.8224181244601503,1
stress,0.07000000000000001,330,500.5503807570769,0.8460445583779128,0.8460445583779128,1
stress,0.07000000000000001,335,500.5587198594569,0.8715641996550385,0.8715641996550385,1
stress,0.07000000000000001,340,500.5670589618368,0.8968968827518911,0.8968968827518911,1
stress,0.07000000000000001,345,500.5753980642168,0.9203561688523151,0.9203561688523151,1
stress,0.07000000000000001,350,500.5837371665968,0.9407992597760565,0.9407992597760565,1
stress,0.07000000000000001,355,500.5920762689767,0.9576555225094019,0.9576555225094019,1
stress,0.07000000000000001,360,500.6004153713567,0.9708552008535728,0.9708552008535728,1
stress,0.07000000000000001,365,500.6087544737367,0.9806972137154847,0.9806972137154847,1
stress,0.07000000000000001,370,500.6170935761166,0.9876980605499946,0.9876980605499946,1
stress,0.07000000000000001,375,500.6254326784966,0.9924556502267491,0.9924556502267491,1
stress,0.07000000000000001,380,500.6337717808765,0.9955479022384618,0.9955479022384618,1
stress,0.07000000000000001,385,500.6421108832565,0.9974718536168911,0.9974718536168911,1
stress,0.07000000000000001,390,500.6504499856363,0.9986185524895139,0.9986185524895139,1
stress,0.07000000000000001,395,500.6587890880163,0.9992736244675287,0.9992736244675287,1
stress,0.07000000000000001,400,500.6671281903963,0.999632478565742,0.999632478565742,1
stress,0.07000000000000001,405,500.6754672927763,0.999821063562841,0.999821063562841,1
stress,0.07000000000000001,410,500.6838063951562,0.9999161680543057,0.9999161680543057,1
stress,0.07000000000000001,415,500.6921454975362,0.9999622066879423,0.9999622066879423,1
stress,0.07000000000000001,420,500.7004845999161,0.9999836048645847,0.9999836048645847,1
stress,0.07000000000000001,425,500.7088237022961,0.9999931560045859,0.9999931560045859,1
stress,0.07000000000000001,430,500.717162804676,0.9999972508460612,0.9999972508460612,1
stress,0.07000000000000001,435,500.725501907056,0.9999989373675965,0.9999989373675965,1
stress,0.07000000000000001,440,500.733841009436,0.9999996047592649,0.9999996047592649,1
stress,0.07000000000000001,445,500.7421801118159,0.9999998585395651,0.9999998585395651,1
stress,0.07000000000000001,450,500.7505192141959,0.9999999512804884,0.9999999512804884,1
stress,0.25,-450,499.2494807858042,1,1,1
stress,0.25,-445,499.2578198881841,1,1,1
stress,0.25,-440,499.2661589905641,1,1,1
stress,0.25,-435,499.274498092944,1,1,1
stress,0.25,-430,499.282837195324,1,1,1
stress,0.25,-425,499.2911762977039,1,1,1
stress,0.25,-420,499.2995154000839,1,1,1
stress,0.25,-415,499.3078545024638,1,1,1
stress,0.25,-410,499.3161936048438,1,1,1
stress,0.25,-405,499.3245327072237,1,1,1
stress,0.25,-400,499.3328718096037,1,1,1
stress,0.25,-395,499.3412109119836,1,1,1
stress,0.25,-390,499.3495500143636,1,1,1
stress,0.25,-385,499.3578891167435,1,1,1
stress,0.25,-380,499.3662282191235,1,1,1
stress,0.25,-375,499.3745673215035,1,1,1
stress,0.25,-370,499.3829064238835,1,1,1
stress,0.25,-365,499.3912455262633,0.9999999999999998,1,0.9999999999999998
stress,0.25,-360,499.3995846286433,0.9999999999999989,1,0.9999999999999989
stress,0.25,-355,499.4079237310233,0.9999999999999947,1,0.9999999999999947
stress,0.25,-350,499.4162628334032,0.999999999999975,1,0.999999999999975
stress,0.25,-345,499.4246019357832,0.9999999999998869,1,0.9999999999998869
stress,0.25,-340,499.4329410381632,0.9999999999995062,1,0.9999999999995062
stress,0.25,-335,499.4412801405431,0.9999999999979258,1,0.9999999999979258
stress,0.25,-330,499.449619242923,0.9999999999916153,1,0.9999999999916153
stress,0.25,-325,499.457958345303,0.9999999999673856,1,0.9999999999673856
stress,0.25,-320,499.466297447683,0.9999999998779256,1,0.9999999998779256
stress,0.25,-315,499.4746365500629,0.9999999995603214,1,0.9999999995603214
stress,0.25,-310,499.4829756524429,0.9999999984761548,1,0.9999999984761548
stress,0.25,-305,499.4913147548228,0.999999994917926,1,0.999999994917926
stress,0.25,-300,499.4996538572028,0.9999999836906832,1,0.9999999836906832
stress,0.25,-295,499.5079929595827,0.999999949635422,1,0.999999949635422
stress,0.25,-290,499.5163320619627,0.9999998503387814,1,0.9999998503387814
stress,0.25,-285,499.5246711643426,0.9999995720549548,1,0.9999995720549548
stress,0.25,-280,499.5330102667226,0.9999988224987555,1,0.9999988224987555
stress,0.25,-275,499.5413493691025,0.9999968823353808,1,0.9999968823353808
stress,0.25,-270,499.5496884714825,0.9999920568628526,1,0.9999920568628526
stress,0.25,-265,499.5580275738625,0.9999805262596472,1,0.9999805262596472
stress,0.25,-260,499.5663666762424,0.9999540589056352,1,0.9999540589056352
stress,0.25,-255,499.5747057786223,0.9998957087327416,1,0.9998957087327416
stress,0.25,-250,499.5830448810023,0.9997721813887238,1,0.9997721813887238
stress,0.25,-245,499.5913839833823,0.9995211217605205,1,0.9995211217605205
stress,0.25,-240,499.5997230857622,0.9990313750471388,1,0.9990313750471388
stress,0.25,-235,499.6080621881422,0.9981146983403997,1,0.9981146983403997
stress,0.25,-230,499.6164012905222,0.9964689757995917,1,0.9964689757995917
stress,0.25,-225,499.6247403929021,0.9936362195880675,1,0.9936362195880675
stress,0.25,-220,499.633079495282,0.9889636789916024,1,0.9889636789916024
stress,0.25,-215,499.641418597662,0.9815826089293399,1,0.9815826089293399
stress,0.25,-210,499.649757700042,0.9704248781310933,1,0.9704248781310933
stress,0.25,-205,499.6580968024219,0.9542996398059641,1,0.9542996398059641
stress,0.25,-200,499.6664359048019,0.9320472009693703,1,0.9320472009693703
stress,0.25,-195,499.6747750071818,0.9027723643389259,1,0.9027723643389259
stress,0.25,-190,499.6831141095618,0.8661350911545098,1,0.8661350911545098
stress,0.25,-185,499.6914532119417,0.8226470504978041,1,0.8226470504978041
stress,0.25,-180,499.6997923143217,0.7738978294399107,1,0.7738978294399107
stress,0.25,-175,499.7081314167016,0.7226260349389766,1,0.7226260349389766
stress,0.25,-170,499.7164705190816,0.6725678609815697,1,0.6725678609815697
stress,0.25,-165,499.7248096214615,0.628061133808227,1,0.628061133808227
stress,0.25,-160,499.7331487238415,0.5934476576058858,0.9999999999999999,0.5934476576058859
stress,0.25,-155,499.7414878262214,0.5723819589809653,0.9999999999999992,0.5723819589809662
stress,0.25,-150,499.7498269286014,0.5671970435194362,0.9999999999999961,0.5671970435194402
stress,0.25,-145,499.7581660309813,0.5784791463160637,0.9999999999999817,0.578479146316082
stress,0.25,-140,499.7665051333613,0.6049586482623591,0.9999999999999175,0.6049586482624416
stress,0.25,-135,499.7748442357413,0.6437452206512027,0.9999999999996436,0.643745220651559
stress,0.25,-130,499.7831833381212,0.6908469843262388,0.9999999999985173,0.6908469843277214
stress,0.25,-125,499.7915224405012,0.7418447733194138,0.9999999999940644,0.7418447733253493
stress,0.25,-120,499.7998615428811,0.7925645372054976,0.999999999977136,0.7925645372283616
stress,0.25,-115,499.808200645261,0.8396090963536542,0.9999999999152503,0.8396090964384038
stress,0.25,-110,499.816539747641,0.8806641002986251,0.9999999996977146,0.8806641006009105
stress,0.25,-105,499.824878850021,0.9145608066019664,0.9999999989624925,0.9145608076394739
stress,0.25,-100,499.833217952401,0.9411376182933667,0.9999999965734274,0.9411376217199393
stress,0.25,-95,499.8415570547809,0.9609776657365999,0.9999999891101156,0.9609776766264844
stress,0.25,-90,499.8498961571609,0.975106631395789,0.999999966697161,0.9751066646986281
stress,0.25,-85,499.8582352595408,0.9847190453552509,0.9999999019982361,0.9847191433570148
stress,0.25,-80,499.8665743619207,0.9909734807369264,0.9999997224883791,0.9909737582485473
stress,0.25,-75,499.8749134643007,0.9948687299301925,0.9999992438236285,0.994869486106564
stress,0.25,-70,499.8832525666807,0.9971918767214871,0.9999980172878018,0.9971938594336853
stress,0.25,-65,499.8915916690606,0.9985180922434197,0.9999949974561808,0.9985230947872389
stress,0.25,-60,499.8999307714406,0.9992398736241763,0.9999878544615943,0.999252019162582
stress,0.25,-55,499.9082698738205,0.9996071035594932,0.9999716249073041,0.9996354786521892
stress,0.25,-50,499.9166089762005,0.9997652674985906,0.9999362100218376,0.999829057476753
stress,0.25,-45,499.9249480785804,0.9997848667187281,0.9998620053449548,0.9999228613737733
stress,0.25,-40,499.9332871809603,0.9996792499328656,0.999712745577269,0.9999665043555966
stress,0.25,-35,499.9416262833403,0.9994106094813681,0.999424605335957,0.9999860041454111
stress,0.25,-30,499.9499653857203,0.9988853010369099,0.9988909284027925,0.9999943726341174
stress,0.25,-25,499.9583044881002,0.9979407579113797,0.9979429351475065,0.9999978227638732
stress,0.25,-20,499.9666435904802,0.9963277950937174,0.996328605682441,0.9999991894112764
stress,0.25,-15,499.9749826928601,0.9936943664627086,0.9936946568584417,0.9999997096042669
stress,0.25,-10,499.9833217952401,0.9895795795993155,0.9895796797086447,0.9999998998906708
stress,0.25,-5,499.99166089762,0.9834289919741458,0.9834290251829715,0.9999999667911743
stress,0.25,0,500,0.9746422990840409,0.97464230968456,0.9999999893994809
stress,0.25,5,500.00833910238,0.9626607134920393,0.9626607167481218,0.9999999967439175
stress,0.25,10,500.0166782047599,0.9470925395733321,0.947092540535738,0.9999999990375941
stress,0.25,15,500.0250173071399,0.9278622674414172,0.9278622677151431,0.9999999997262741
stress,0.25,20,500.0333564095199,0.9053539025948926,0.9053539026698074,0.9999999999250851
stress,0.25,25,500.0416955118998,0.880508343117237,0.8805083431369665,0.9999999999802706
stress,0.25,30,500.0500346142798,0.8548332671874678,0.8548332671924677,0.9999999999950001
stress,0.25,35,500.0583737166597,0.8302963164525308,0.83029631645375,0.9999999999987808
stress,0.25,40,500.0667128190396,0.80909817382065,0.8090981738209361,0.9999999999997139
stress,0.25,45,500.0750519214196,0.7933556459884104,0.793355645988475,0.9999999999999354
stress,0.25,50,500.0833910237995,0.7847557036957125,0.7847557036957264,0.999999999999986
stress,0.25,55,500.0917301261795,0.7842581455986427,0.7842581455986456,0.9999999999999971
stress,0.25,60,500.1000692285594,0.791919295349759,0.7919192953497596,0.9999999999999994
stress,0.25,65,500.1084083309394,0.8068815088448783,0.8068815088448784,0.9999999999999999
stress,0.25,70,500.1167474333193,0.827531194108121,0.827531194108121,1
stress,0.25,75,500.1250865356993,0.8517850879797404,0.8517850879797404,1
stress,0.25,80,500.1334256380793,0.8774345986169758,0.8774345986169758,1
stress,0.25,85,500.1417647404592,0.9024699312763832,0.9024699312763832,1
stress,0.25,90,500.1501038428392,0.9253200848479476,0.9253200848479476,1
stress,0.25,95,500.1584429452192,0.9449745315355218,0.9449745315355218,1
stress,0.25,100,500.1667820475991,0.9609861932311435,0.9609861932311435,1
stress,0.25,105,500.1751211499791,0.9733824820393927,0.9733824820393927,1
stress,0.25,110,500.1834602523589,0.9825252315376519,0.9825252315376519,1
stress,0.25,115,500.1917993547389,0.988960486074227,0.988960486074227,1
stress,0.25,120,500.2001384571188,0.9932890636407473,0.9932890636407473,1
stress,0.25,125,500.2084775594988,0.9960743557873659,0.9960743557873659,1
stress,0.25,130,500.2168166618788,0.9977902995744435,0.9977902995744435,1
stress,0.25,135,500.2251557642587,0.9988031202765755,0.9988031202765755,1
stress,0.25,140,500.2334948666387,0.9993761757300716,0.9993761757300716,1
stress,0.25,145,500.2418339690187,0.9996871265784327,0.9996871265784327,1
stress,0.25,150,500.2501730713986,0.9998490025116487,0.9998490025116487,1
stress,0.25,155,500.2585121737786,0.9999298762032323,0.9999298762032323,1
stress,0.25,160,500.2668512761585,0.9999686631189876,0.9999686631189876,1
stress,0.25,165,500.2751903785385,0.9999865246280375,0.9999865246280375,1
stress,0.25,170,500.2835294809185,0.9999944240303345,0.9999944240303345,1
stress,0.25,175,500.2918685832984,0.99999777978675,0.99999777978675,1
stress,0.25,180,500.3002076856783,0.9999991493250876,0.9999991493250876,1
stress,0.25,185,500.3085467880583,0.9999996863630607,0.9999996863630607,1
stress,0.25,190,500.3168858904382,0.9999998887281173,0.9999998887281173,1
stress,0.25,195,500.3252249928182,0.9999999620127099,0.9999999620127099,1
stress,0.25,200,500.3335640951981,0.9999999875208261,0.9999999875208261,1
stress,0.25,205,500.3419031975781,0.9999999960551725,0.9999999960551725,1
stress,0.25,210,500.350242299958,0.9999999988000454,0.9999999988000454,1
stress,0.25,215,500.358581402338,0.9999999996487662,0.9999999996487662,1
stress,0.25,220,500.366920504718,0.9999999999010712,0.9999999999010712,1
stress,0.25,225,500.3752596070979,0.9999999999731871,0.9999999999731871,1
stress,0.25,230,500.3835987094779,0.999999999993007,0.999999999993007,1
stress,0.25,235,500.3919378118579,0.9999999999982451,0.9999999999982451,1
stress,0.25,240,500.4002769142378,0.9999999999995762,0.9999999999995762,1
stress,0.25,245,500.4086160166178,0.9999999999999015,0.9999999999999015,1
stress,0.25,250,500.4169551189976,0.999999999999978,0.999999999999978,1
stress,0.25,255,500.4252942213776,0.9999999999999952,0.9999999999999952,1
stress,0.25,260,500.4336333237576,0.999999999999999,0.999999999999999,1
stress,0.25,265,500.4419724261375,0.9999999999999998,0.9999999999999998,1
stress,0.25,270,500.4503115285175,1,1,1
stress,0.25,275,500.4586506308975,1,1,1
stress,0.25,280,500.4669897332774,1,1,1
stress,0.25,285,500.4753288356574,1,1,1
stress,0.25,290,500.4836679380373,1,1,1
stress,0.25,295,500.4920070404173,1,1,1
stress,0.25,300,500.5003461427972,1,1,1
stress,0.25,305,500.5086852451772,1,1,1
stress,0.25,310,500.5170243475572,1,1,1
stress,0.25,315,500.5253634499371,1,1,1
stress,0.25,320,500.533702552317,1,1,1
stress,0.25,325,500.542041654697,1,1,1
stress,0.25,330,500.5503807570769,1,1,1
stress,0.25,335,500.5587198594569,1,1,1
stress,0.25,340,500.5670589618368,1,1,1
stress,0.25,345,500.5753980642168,1,1,1
stress,0.25,350,500.5837371665968,1,1,1
stress,0.25,355,500.5920762689767,1,1,1
stress,0.25,360,500.6004153713567,1,1,1
stress,0.25,365,500.6087544737367,1,1,1
stress,0.25,370,500.6170935761166,1,1,1
stress,0.25,375,500.6254326784966,1,1,1
stress,0.25,380,500.6337717808765,1,1,1
stress,0.25,385,500.6421108832565,1,1,1
stress,0.25,390,500.6504499856363,1,1,1
stress,0.25,395,500.6587890880163,1,1,1
stress,0.25,400,500.6671281903963,1,1,1
stress,0.25,405,500.6754672927763,1,1,1
stress,0.25,410,500.6838063951562,1,1,1
stress,0.25,415,500.6921454975362,1,1,1
stress,0.25,420,500.7004845999161,1,1,1
stress,0.25,425,500.7088237022961,1,1,1
stress,0.25,430,500.717162804676,1,1,1
stress,0.25,435,500.725501907056,1,1,1
stress,0.25,440,500.733841009436,1,1,1
stress,0.25,445,500.7421801118159,1,1,1
stress,0.25,450,500.7505192141959,1,1,1
stress,0.5,-450,499.2494807858042,1,1,1
stress,0.5,-445,499.2578198881841,1,1,1
stress,0.5,-440,499.2661589905641,1,1,1
stress,0.5,-435,499.274498092944,1,1,1
stress,0.5,-430,499.282837195324,1,1,1
stress,0.5,-425,499.2911762977039,1,1,1
stress,0.5,-420,499.2995154000839,1,1,1
stress,0.5,-415,499.3078545024638,1,1,1
stress,0.5,-410,499.3161936048438,1,1,1
stress,0.5,-405,499.3245327072237,1,1,1
stress,0.5,-400,499.3328718096037,1,1,1
stress,0.5,-395,499.3412109119836,1,1,1
stress,0.5,-390,499.3495500143636,1,1,1
stress,0.5,-385,499.3578891167435,1,1,1
stress,0.5,-380,499.3662282191235,1,1,1
stress,0.5,-375,499.3745673215035,1,1,1
stress,0.5,-370,499.3829064238835,1,1,1
stress,0.5,-365,499.3912455262633,1,1,1
stress,0.5,-360,499.3995846286433,1,1,1
stress,0.5,-355,499.4079237310233,1,1,1
stress,0.5,-350,499.4162628334032,1,1,1
stress,0.5,-345,499.4246019357832,1,1,1
stress,0.5,-340,499.4329410381632,1,1,1
stress,0.5,-335,499.4412801405431,1,1,1
stress,0.5,-330,499.449619242923,1,1,1
stress,0.5,-325,499.457958345303,0.9999999999999999,0.9999999999999999,1
stress,0.5,-320,499.466297447683,0.9999999999999992,0.9999999999999992,1
stress,0.5,-315,499.4746365500629,0.9999999999999961,0.9999999999999961,1
stress,0.5,-310,499.4829756524429,0.9999999999999813,0.9999999999999816,0.9999999999999998
stress,0.5,-305,499.4913147548228,0.9999999999999162,0.9999999999999173,0.9999999999999989
stress,0.5,-300,499.4996538572028,0.9999999999996374,0.9999999999996427,0.9999999999999947
stress,0.5,-295,499.5079929595827,0.9999999999984888,0.9999999999985136,0.9999999999999751
stress,0.5,-290,499.5163320619627,0.9999999999939373,0.9999999999940503,0.999999999999887
stress,0.5,-285,499.5246711643426,0.9999999999765898,0.9999999999770832,0.9999999999995066
stress,0.5,-280,499.5330102667226,0.9999999999129882,0.9999999999150607,0.9999999999979274
stress,0.5,-275,499.5413493691025,0.9999999996886803,0.9999999996970583,0.9999999999916219
stress,0.5,-270,499.5496884714825,0.9999999989277201,0.9999999989603092,0.9999999999674108
stress,0.5,-265,499.5580275738625,0.9999999964444628,0.9999999965664456,0.9999999998780172
stress,0.5,-260,499.5663666762424,0.999999988649295,0.9999999890886534,0.9999999995606416
stress,0.5,-255,499.5747057786223,0.9999999651109799,0.9999999666337491,0.9999999984772308
stress,0.5,-250,499.5830448810023,0.9999998967395729,0.9999999018181712,0.9999999949214017
stress,0.5,-245,499.5913839833823,0.9999997056984828,0.9999997219970073,0.9999999837014756
stress,0.5,-240,499.5997230857622,0.9999991922028038,0.9999992425351716,0.9999999496676322
stress,0.5,-235,499.6080621881422,0.9999978644728988,0.9999980140417238,0.999999850431175
stress,0.5,-230,499.6164012905222,0.9999945619094612,0.9999949895998097,0.9999995723096515
stress,0.5,-225,499.6247403929021,0.9999866593709995,0.9999878361975685,0.999998823173431
stress,0.5,-220,499.633079495282,0.9999684681831943,0.9999715841306605,0.9999968840525338
stress,0.5,-215,499.641418597662,0.9999281836684126,0.9999361226068896,0.9999920610615231
stress,0.5,-210,499.649757700042,0.9998423615682833,0.9998618254471427,0.9999805361211406
stress,0.5,-205,499.6580968024219,0.9996664714043865,0.9997123902537207,0.9999540811506658
stress,0.5,-200,499.6664359048019,0.9993196888824165,0.9994239319655133,0.9998957569169032
stress,0.5,-195,499.6747750071818,0.9986619860293426,0.998889704440881,0.9997722815884617
stress,0.5,-190,499.6831141095618,0.9974621239072724,0.997940802153271,0.9995213217540014
stress,0.5,-185,499.6914532119417,0.9953568016389215,0.9963250435633465,0.999031758075575
stress,0.5,-180,499.6997923143217,0.9918043615830759,0.9936889595710011,0.9981154020120748
stress,0.5,-175,499.7081314167016,0.9860411743107913,0.9895709589590732,0.9964702153517181
stress,0.5,-170,499.7164705190816,0.9770545739390906,0.9834162616171876,0.9936383123219029
stress,0.5,-165,499.7248096214615,0.9635915318910555,0.9746244685574319,0.9889670633336236
stress,0.5,-160,499.7331487238415,0.9442247823290727,0.9626369344145238,0.9815878479145489
stress,0.5,-155,499.7414878262214,0.9174950032129464,0.9470623686574552,0.9704326345554912
stress,0.5,-150,499.7498269286014,0.882136547680122,0.9278259368404584,0.9543106108396635
stress,0.5,-145,499.7581660309813,0.8373745486937989,0.9053125430724263,0.9320620056213726
stress,0.5,-140,499.7665051333613,0.7832554773305073,0.8804640886143108,0.9027913887161965
stress,0.5,-135,499.7748442357413,0.720947489003503,0.8547891763519349,0.8661583126515682
stress,0.5,-130,499.7831833381212,0.652929958644602,0.8302560799012525,0.8226738787433495
stress,0.5,-125,499.7915224405012,0.5829926420957398,0.8090656295124857,0.773927012583254
stress,0.5,-120,499.7998615428811,0.5159898621215192,0.7933341841309327,0.7226556779905865
stress,0.5,-115,499.808200645261,0.4573432713248147,0.784747686796089,0.6725955845287257
stress,0.5,-110,499.816539747641,0.4123488487096608,0.7842644804924908,0.6280843682171701
stress,0.5,-105,499.824878850021,0.3854032924827151,0.7919392643884107,0.5934640280943044
stress,0.5,-100,499.833217952401,0.3793025873287315,0.8069129036881599,0.5723896836405715
stress,0.5,-95,499.8415570547809,0.3947659700763661,0.8275707176382896,0.5671952524380766
stress,0.5,-90,499.8498961571609,0.430296966012955,0.8518289232069012,0.5784680428060538
stress,0.5,-85,499.8582352595408,0.4824184799936725,0.8774790091127244,0.6049394708809481
stress,0.5,-80,499.8665743619207,0.5462317800348011,0.902511764213219,0.6437200158215821
stress,0.5,-75,499.8749134643007,0.616175336118578,0.9253570888447228,0.6908182472738553
stress,0.5,-70,499.8832525666807,0.6868205043032249,0.9450054599607576,0.7418150443424674
stress,0.5,-65,499.8915916690606,0.7535467618691399,0.9610107190149482,0.7925360428541918
stress,0.5,-60,499.8999307714406,0.8129844894296246,0.9734009867571026,0.839583502672522
stress,0.5,-55,499.9082698738205,0.8631809512411743,0.9825385432630046,0.8806424079781697
stress,0.5,-50,499.9166089762005,0.9035130096941294,0.9889696303686635,0.9145433793254659
stress,0.5,-45,499.9249480785804,0.9344193765738688,0.9932950690915747,0.941124307482294
stress,0.5,-40,499.9332871809603,0.9570461134384268,0.9960781299882745,0.9609679834501523
stress,0.5,-35,499.9416262833403,0.9728924993950394,0.9977925710678649,0.9750999283271745
stress,0.5,-30,499.9499653857203,0.9835190991027203,0.9988044302642596,0.9847146688384607
stress,0.5,-25,499.9583044881002,0.9903478147403602,0.9993769000124254,0.9909709147279347
stress,0.5,-20,499.9666435904802,0.9945552665516172,0.9996875106508776,0.9948677559007396
stress,0.5,-15,499.9749826928601,0.997042048685422,0.9998491979159265,0.9971928507694955
stress,0.5,-10,499.9833217952401,0.9984525027259222,0.9999299716143577,0.9985225311115645
stress,0.5,-5,499.99166089762,0.999220424915004,0.9999687078406523,0.9992517170743517
stress,0.5,0,500,0.9996218680909331,0.9999865447553509,0.9996353233355822
stress,0.5,5,500.00833910238,0.9998234135735035,0.9999944327296493,0.9998289808438542
stress,0.5,10,500.0166782047599,0.999920608477579,0.9999977833982517,0.9999228250793273
stress,0.5,15,500.0250173071399,0.9999656386169274,0.999999150765403,0.9999664878515244
stress,0.5,20,500.0333564095199,0.9999856838533759,0.9999996869149481,0.9999859969384278
stress,0.5,25,500.0416955118998,0.999994258542683,0.9999998889313139,0.9999943696113691
stress,0.5,30,500.0500346142798,0.9999977836306052,0.9999999620846052,0.999997821546
stress,0.5,35,500.0583737166597,0.9999991764851264,0.999999987545274,0.9999991889398524
stress,0.5,40,500.0667128190396,0.9999997054920896,0.9999999960631631,0.9999997094289265
stress,0.5,45,500.0750519214196,0.9999998986305567,0.9999999988025557,0.999999899828001
stress,0.5,50,500.0833910237995,0.9999999664191717,0.9999999996495244,0.9999999667696473
stress,0.5,55,500.0917301261795,0.9999999892936652,0.9999999999012914,0.9999999893923738
stress,0.5,60,500.1000692285594,0.9999999967149108,0.9999999999732486,0.9999999967416622
stress,0.5,65,500.1084083309394,0.9999999990299296,0.9999999999930236,0.9999999990369061
stress,0.5,70,500.1167474333193,0.9999999997243216,0.9999999999982493,0.9999999997260723
stress,0.5,75,500.1250865356993,0.9999999999246054,0.9999999999995772,0.9999999999250282
stress,0.5,80,500.1334256380793,0.9999999999801569,0.9999999999999017,0.9999999999802551
stress,0.5,85,500.1417647404592,0.9999999999949741,0.999999999999978,0.9999999999949961
stress,0.5,90,500.1501038428392,0.999999999998775,0.9999999999999952,0.9999999999987798
stress,0.5,95,500.1584429452192,0.9999999999997127,0.999999999999999,0.9999999999997137
stress,0.5,100,500.1667820475991,0.9999999999999352,0.9999999999999998,0.9999999999999354
stress,0.5,105,500.1751211499791,0.9999999999999859,1,0.9999999999999859
stress,0.5,110,500.1834602523589,0.9999999999999971,1,0.9999999999999971
stress,0.5,115,500.1917993547389,0.9999999999999994,1,0.9999999999999994
stress,0.5,120,500.2001384571188,0.9999999999999999,1,0.9999999999999999
stress,0.5,125,500.2084775594988,1,1,1
stress,0.5,130,500.2168166618788,1,1,1
stress,0.5,135,500.2251557642587,1,1,1
stress,0.5,140,500.2334948666387,1,1,1
stress,0.5,145,500.2418339690187,1,1,1
stress,0.5,150,500.2501730713986,1,1,1
stress,0.5,155,500.2585121737786,1,1,1
stress,0.5,160,500.2668512761585,1,1,1
stress,0.5,165,500.2751903785385,1,1,1
stress,0.5,170,500.2835294809185,1,1,1
stress,0.5,175,500.2918685832984,1,1,1
stress,0.5,180,500.3002076856783,1,1,1
stress,0.5,185,500.3085467880583,1,1,1
stress,0.5,190,500.3168858904382,1,1,1
stress,0.5,195,500.3252249928182,1,1,1
stress,0.5,200,500.3335640951981,1,1,1
stress,0.5,205,500.3419031975781,1,1,1
stress,0.5,210,500.350242299958,1,1,1
stress,0.5,215,500.358581402338,1,1,1
stress,0.5,220,500.366920504718,1,1,1
stress,0.5,225,500.3752596070979,1,1,1
stress,0.5,230,500.3835987094779,1,1,1
stress,0.5,235,500.3919378118579,1,1,1
stress,0.5,240,500.4002769142378,1,1,1
stress,0.5,245,500.4086160166178,1,1,1
stress,0.5,250,500.4169551189976,1,1,1
stress,0.5,255,500.4252942213776,1,1,1
stress,0.5,260,500.4336333237576,1,1,1
stress,0.5,265,500.4419724261375,1,1,1
stress,0.5,270,500.4503115285175,1,1,1
stress,0.5,275,500.4586506308975,1,1,1
stress,0.5,280,500.4669897332774,1,1,1
stress,0.5,285,500.4753288356574,1,1,1
stress,0.5,290,500.4836679380373,1,1,1
stress,0.5,295,500.4920070404173,1,1,1
stress,0.5,300,500.5003461427972,1,1,1
stress,0.5,305,500.5086852451772,1,1,1
stress,0.5,310,500.5170243475572,1,1,1
stress,0.5,315,500.5253634499371,1,1,1
stress,0.5,320,500.533702552317,1,1,1
stress,0.5,325,500.542041654697,1,1,1
stress,0.5,330,500.5503807570769,1,1,1
stress,0.5,335,500.5587198594569,1,1,1
stress,0.5,340,500.5670589618368,1,1,1
stress,0.5,345,500.5753980642168,1,1,1
stress,0.5,350,500.5837371665968,1,1,1
stress,0.5,355,500.5920762689767,1,1,1
stress,0.5,360,500.6004153713567,1,1,1
stress,0.5,365,500.6087544737367,1,1,1
stress,0.5,370,500.6170935761166,1,1,1
stress,0.5,375,500.6254326784966,1,1,1
stress,0.5,380,500.6337717808765,1,1,1
stress,0.5,385,500.6421108832565,1,1,1
stress,0.5,390,500.6504499856363,1,1,1
stress,0.5,395,500.6587890880163,1,1,1
stress,0.5,400,500.6671281903963,1,1,1
stress,0.5,405,500.6754672927763,1,1,1
stress,0.5,410,500.6838063951562,1,1,1
stress,0.5,415,500.6921454975362,1,1,1
stress,0.5,420,500.7004845999161,1,1,1
stress,0.5,425,500.7088237022961,1,1,1
stress,0.5,430,500.717162804676,1,1,1
stress,0.5,435,500.725501907056,1,1,1
stress,0.5,440,500.733841009436,1,1,1
stress,0.5,445,500.7421801118159,1,1,1
stress,0.5,450,500.7505192141959,1,1,1
stress,0.8,-450,499.2494807858042,0.9999998918004495,0.9999998918004495,1
stress,0.8,-445,499.2578198881841,0.9999996947116991,0.9999996947116991,1
stress,0.8,-440,499.2661589905641,0.999999171124097,0.999999171124097,1
stress,0.8,-435,499.274498092944,0.9999978344734458,0.9999978344734458,1
stress,0.8,-430,499.282837195324,0.9999945558239561,0.9999945558239561,1
stress,0.8,-425,499.2911762977039,0.9999868297064787,0.9999868297064787,1
stress,0.8,-420,499.2995154000839,0.9999693413240558,0.9999693413240558,1
stress,0.8,-415,499.3078545024638,0.9999313238432422,0.9999313238432422,1
stress,0.8,-410,499.3161936048438,0.9998519688139973,0.9998519688139973,1
stress,0.8,-405,499.3245327072237,0.9996929598983114,0.9996929598983114,1
stress,0.8,-400,499.3328718096037,0.9993871818337042,0.9993871818337042,1
stress,0.8,-395,499.3412109119836,0.998823037006217,0.998823037006217,1
stress,0.8,-390,499.3495500143636,0.997824852902734,0.997824852902734,1
stress,0.8,-385,499.3578891167435,0.9961317983723419,0.9961317983723419,1
stress,0.8,-380,499.3662282191235,0.993380514703646,0.993380514703646,1
stress,0.8,-375,499.3745673215035,0.9890998120244663,0.9890998120244663,1
stress,0.8,-370,499.3829064238835,0.9827281681873304,0.9827281681873304,1
stress,0.8,-365,499.3912455262633,0.9736647490965061,0.9736647490965061,1
stress,0.8,-360,499.3995846286433,0.9613605293942981,0.9613605293942981,1
stress,0.8,-355,499.4079237310233,0.9454468890218304,0.9454468890218304,1
stress,0.8,-350,499.4162628334032,0.9258856125510513,0.9258856125510513,1
stress,0.8,-345,499.4246019357832,0.9031097286253865,0.9031097286253865,1
stress,0.8,-340,499.4329410381632,0.8781143807218692,0.8781143807218692,1
stress,0.8,-335,499.4412801405431,0.8524567276669938,0.8524567276669938,1
stress,0.8,-330,499.449619242923,0.8281375487965406,0.8281375487965406,1
stress,0.8,-325,499.457958345303,0.8073640942972254,0.8073640942972254,1
stress,0.8,-320,499.466297447683,0.7922274720581316,0.7922274720581316,1
stress,0.8,-315,499.4746365500629,0.7843578487697991,0.7843578487697991,1
stress,0.8,-310,499.4829756524429,0.7846356400599475,0.7846356400599475,1
stress,0.8,-305,499.4913147548228,0.793029398931233,0.793029398931233,1
stress,0.8,-300,499.4996538572028,0.8086016743256691,0.8086016743256691,1
stress,0.8,-295,499.5079929595827,0.8296813308613971,0.8296813308613971,1
stress,0.8,-290,499.5163320619627,0.8541585335140062,0.8541585335140062,1
stress,0.8,-285,499.5246711643426,0.8798304492467077,0.8798304492467077,1
stress,0.8,-280,499.5330102667226,0.9047198351848396,0.9047198351848396,1
stress,0.8,-275,499.5413493691025,0.9273048881628488,0.9273048881628488,1
stress,0.8,-270,499.5496884714825,0.9466293409783575,0.9466293409783575,1
stress,0.8,-265,499.5580275738625,0.9622953799129119,0.9622953799129119,1
stress,0.8,-260,499.5663666762424,0.9743680752130089,0.9743680752130089,1
stress,0.8,-255,499.5747057786223,0.9832327238103471,0.9832327238103471,1
stress,0.8,-250,499.5830448810023,0.9894454805808028,0.9894454805808028,1
stress,0.8,-245,499.5913839833823,0.9936069359474026,0.9936069359474027,0.9999999999999999
stress,0.8,-240,499.5997230857622,0.9962737302125131,0.9962737302125136,0.9999999999999994
stress,0.8,-235,499.6080621881422,0.9979100582489019,0.9979100582489049,0.999999999999997
stress,0.8,-230,499.6164012905222,0.9988720529415822,0.9988720529415964,0.9999999999999858
stress,0.8,-225,499.6247403929021,0.9994142154714182,0.9994142154714837,0.9999999999999345
stress,0.8,-220,499.633079495282,0.9997072602309692,0.9997072602312591,0.9999999999997101
stress,0.8,-215,499.641418597662,0.9998592267281114,0.9998592267293462,0.9999999999987652
stress,0.8,-210,499.649757700042,0.9999348591595844,0.9999348591646461,0.9999999999949383
stress,0.8,-205,499.6580968024219,0.9999709944308008,0.9999709944507676,0.9999999999800332
stress,0.8,-200,499.6664359048019,0.9999875718593676,0.9999875719351581,0.9999999999242095
stress,0.8,-195,499.6747750071818,0.9999948755880321,0.9999948758648634,0.9999999997231688
stress,0.8,-190,499.6831141095618,0.9999979660508457,0.9999979670238389,0.9999999990270068
stress,0.8,-185,499.6914532119417,0.9999992205717573,0.9999992238625406,0.9999999967092167
stress,0.8,-180,499.6997923143217,0.9999997041622928,0.9999997148721427,0.9999999892901501
stress,0.8,-175,499.7081314167016,0.9999998656659274,0.9999998992058554,0.9999999664600719
stress,0.8,-170,499.7164705190816,0.9999998646402233,0.9999999657133066,0.9999998989269167
stress,0.8,-165,499.7248096214615,0.9999996956852391,0.9999999887769589,0.9999997069082801
stress,0.8,-160,499.7331487238415,0.9999991786289791,0.999999996464994,0.9999991821639851
stress,0.8,-155,499.7414878262214,0.9999978029729382,0.9999999989285686,0.9999978040443696
stress,0.8,-150,499.7498269286014,0.999994325867727,0.9999999996875121,0.9999943261802149
stress,0.8,-145,499.7581660309813,0.9999858933184983,0.9999999999123006,0.9999858934061977
stress,0.8,-140,499.7665051333613,0.9999662507802584,0.9999999999763161,0.9999662508039423
stress,0.8,-135,499.7748442357413,0.9999223038705375,0.9999999999938453,0.9999223038766922
stress,0.8,-130,499.7831833381212,0.9998278805621127,0.9999999999984609,0.9998278805636518
stress,0.8,-125,499.7915224405012,0.9996330937345287,0.9999999999996296,0.9996330937348991
stress,0.8,-120,499.7998615428811,0.9992473813305065,0.9999999999999143,0.9992473813305922
stress,0.8,-115,499.808200645261,0.9985144424052326,0.9999999999999809,0.9985144424052517
stress,0.8,-110,499.816539747641,0.997178379201383,0.9999999999999959,0.9971783792013871
stress,0.8,-105,499.824878850021,0.9948429368554877,0.9999999999999991,0.9948429368554886
stress,0.8,-100,499.833217952401,0.9909301334439464,0.9999999999999998,0.9909301334439466
stress,0.8,-95,499.8415570547809,0.9846505084931001,1,0.9846505084931001
stress,0.8,-90,499.8498961571609,0.975003354244689,1,0.975003354244689
stress,0.8,-85,499.8582352595408,0.9608290481100207,1,0.9608290481100207
stress,0.8,-80,499.8665743619207,0.9409335101891427,1,0.9409335101891427
stress,0.8,-75,499.8749134643007,0.914293680267215,1,0.914293680267215
stress,0.8,-70,499.8832525666807,0.8803316844032871,1,0.8803316844032871
stress,0.8,-65,499.8915916690606,0.839216989284765,1,0.839216989284765
stress,0.8,-60,499.8999307714406,0.7921281015042483,1,0.7921281015042483
stress,0.8,-55,499.9082698738205,0.7413895586595548,1,0.7413895586595548
stress,0.8,-50,499.9166089762005,0.6904071119173134,1,0.6904071119173134
stress,0.8,-45,499.9249480785804,0.6433595961620313,1,0.6433595961620313
stress,0.8,-40,499.9332871809603,0.6046654622615799,1,0.6046654622615799
stress,0.8,-35,499.9416262833403,0.5783096923343012,1,0.5783096923343012
stress,0.8,-30,499.9499653857203,0.5671702259196354,1,0.5671702259196354
stress,0.8,-25,499.9583044881002,0.5725008219863572,1,0.5725008219863572
stress,0.8,-20,499.9666435904802,0.5936988166160722,1,0.5936988166160722
stress,0.8,-15,499.9749826928601,0.6284172558706802,1,0.6284172558706802
stress,0.8,-10,499.9833217952401,0.6729925588616754,1,0.6729925588616754
stress,0.8,-5,499.99166089762,0.7230799635949667,1,0.7230799635949667
stress,0.8,0,500,0.7743445785830602,1,0.7743445785830602
stress,0.8,5,500.00833910238,0.8230576417589158,1,0.8230576417589158
stress,0.8,10,500.0166782047599,0.8664903991644139,1,0.8664903991644139
stress,0.8,15,500.0250173071399,0.9030633892944472,1,0.9030633892944472
stress,0.8,20,500.0333564095199,0.9322736280109849,1,0.9322736280109849
stress,0.8,25,500.0416955118998,0.9544674011059709,1,0.9544674011059709
stress,0.8,30,500.0500346142798,0.9705434612330583,1,0.9705434612330583
stress,0.8,35,500.0583737166597,0.981662689584783,1,0.981662689584783
stress,0.8,40,500.0667128190396,0.9890154010280552,1,0.9890154010280552
stress,0.8,45,500.0750519214196,0.9936681965839146,1,0.9936681965839146
stress,0.8,50,500.0833910237995,0.9964879128295543,1,0.9964879128295543
stress,0.8,55,500.0917301261795,0.9981254466820648,1,0.9981254466820648
stress,0.8,60,500.1000692285594,0.999037224664976,1,0.999037224664976
stress,0.8,65,500.1084083309394,0.9995241755425835,1,0.9995241755425835
stress,0.8,70,500.1167474333193,0.9997737111196748,1,0.9997737111196748
stress,0.8,75,500.1250865356993,0.9998964442273793,1,0.9998964442273793
stress,0.8,80,500.1334256380793,0.9999543984021713,1,0.9999543984021713
stress,0.8,85,500.1417647404592,0.9999806767374769,1,0.9999806767374769
stress,0.8,90,500.1501038428392,0.9999921209202663,1,0.9999921209202663
stress,0.8,95,500.1584429452192,0.9999969085289506,1,0.9999969085289506
stress,0.8,100,500.1667820475991,0.9999988327886031,1,0.9999988327886031
stress,0.8,105,500.1751211499791,0.9999995759388349,1,0.9999995759388349
stress,0.8,110,500.1834602523589,0.9999998517474636,1,0.9999998517474636
stress,0.8,115,500.1917993547389,0.9999999501264354,1,0.9999999501264354
stress,0.8,120,500.2001384571188,0.9999999838551753,1,0.9999999838551753
stress,0.8,125,500.2084775594988,0.9999999949708926,1,0.9999999949708926
stress,0.8,130,500.2168166618788,0.9999999984925493,1,0.9999999984925493
stress,0.8,135,500.2251557642587,0.9999999995651996,1,0.9999999995651996
stress,0.8,140,500.2334948666387,0.9999999998793211,1,0.9999999998793211
stress,0.8,145,500.2418339690187,0.9999999999677694,1,0.9999999999677694
stress,0.8,150,500.2501730713986,0.9999999999917168,1,0.9999999999917168
stress,0.8,155,500.2585121737786,0.9999999999979515,1,0.9999999999979515
stress,0.8,160,500.2668512761585,0.9999999999995125,1,0.9999999999995125
stress,0.8,165,500.2751903785385,0.9999999999998884,1,0.9999999999998884
stress,0.8,170,500.2835294809185,0.9999999999999754,1,0.9999999999999754
stress,0.8,175,500.2918685832984,0.9999999999999948,1,0.9999999999999948
stress,0.8,180,500.3002076856783,0.9999999999999989,1,0.9999999999999989
stress,0.8,185,500.3085467880583,0.9999999999999998,1,0.9999999999999998
stress,0.8,190,500.3168858904382,1,1,1
stress,0.8,195,500.3252249928182,1,1,1
stress,0.8,200,500.3335640951981,1,1,1
stress,0.8,205,500.3419031975781,1,1,1
stress,0.8,210,500.350242299958,1,1,1
stress,0.8,215,500.358581402338,1,1,1
stress,0.8,220,500.366920504718,1,1,1
stress,0.8,225,500.3752596070979,1,1,1
stress,0.8,230,500.3835987094779,1,1,1
stress,0.8,235,500.3919378118579,1,1,1
stress,0.8,240,500.4002769142378,1,1,1
stress,0.8,245,500.4086160166178,1,1,1
stress,0.8,250,500.4169551189976,1,1,1
stress,0.8,255,500.4252942213776,1,1,1
stress,0.8,260,500.4336333237576,1,1,1
stress,0.8,265,500.4419724261375,1,1,1
stress,0.8,270,500.4503115285175,1,1,1
stress,0.8,275,500.4586506308975,1,1,1
stress,0.8,280,500.4669897332774,1,1,1
stress,0.8,285,500.4753288356574,1,1,1
stress,0.8,290,500.4836679380373,1,1,1
stress,0.8,295,500.4920070404173,1,1,1
stress,0.8,300,500.5003461427972,1,1,1
stress,0.8,305,500.5086852451772,1,1,1
stress,0.8,310,500.5170243475572,1,1,1
stress,0.8,315,500.5253634499371,1,1,1
stress,0.8,320,500.533702552317,1,1,1
stress,0.8,325,500.542041654697,1,1,1
stress,0.8,330,500.5503807570769,1,1,1
stress,0.8,335,500.5587198594569,1,1,1
stress,0.8,340,500.5670589618368,1,1,1
stress,0.8,345,500.5753980642168,1,1,1
stress,0.8,350,500.5837371665968,1,1,1
stress,0.8,355,500.5920762689767,1,1,1
stress,0.8,360,500.6004153713567,1,1,1
stress,0.8,365,500.6087544737367,1,1,1
stress,0.8,370,500.6170935761166,1,1,1
stress,0.8,375,500.6254326784966,1,1,1
stress,0.8,380,500.6337717808765,1,1,1
stress,0.8,385,500.6421108832565,1,1,1
stress,0.8,390,500.6504499856363,1,1,1
stress,0.8,395,500.6587890880163,1,1,1
stress,0.8,400,500.6671281903963,1,1,1
stress,0.8,405,500.6754672927763,1,1,1
stress,0.8,410,500.6838063951562,1,1,1
stress,0.8,415,500.6921454975362,1,1,1
stress,0.8,420,500.7004845999161,1,1,1
stress,0.8,425,500.7088237022961,1,1,1
stress,0.8,430,500.717162804676,1,1,1
stress,0.8,435,500.725501907056,1,1,1
stress,0.8,440,500.733841009436,1,1,1
stress,0.8,445,500.7421801118159,1,1,1
stress,0.8,450,500.7505192141959,1,1,1
stress,1,-450,499.2494807858042,1,1,1
stress,1,-445,499.2578198881841,1,1,1
stress,1,-440,499.2661589905641,1,1,1
stress,1,-435,499.274498092944,1,1,1
stress,1,-430,499.282837195324,1,1,1
stress,1,-425,499.2911762977039,1,1,1
stress,1,-420,499.2995154000839,1,1,1
stress,1,-415,499.3078545024638,1,1,1
stress,1,-410,499.3161936048438,1,1,1
stress,1,-405,499.3245327072237,1,1,1
stress,1,-400,499.3328718096037,1,1,1
stress,1,-395,499.3412109119836,1,1,1
stress,1,-390,499.3495500143636,1,1,1
stress,1,-385,499.3578891167435,1,1,1
stress,1,-380,499.3662282191235,1,1,1
stress,1,-375,499.3745673215035,1,1,1
stress,1,-370,499.3829064238835,1,1,1
stress,1,-365,499.3912455262633,1,1,1
stress,1,-360,499.3995846286433,1,1,1
stress,1,-355,499.4079237310233,1,1,1
stress,1,-350,499.4162628334032,0.9999999999999998,1,0.9999999999999998
stress,1,-345,499.4246019357832,0.9999999999999987,1,0.9999999999999987
stress,1,-340,499.4329410381632,0.9999999999999934,1,0.9999999999999934
stress,1,-335,499.4412801405431,0.9999999999999692,1,0.9999999999999692
stress,1,-330,499.449619242923,0.999999999999861,1,0.999999999999861
stress,1,-325,499.457958345303,0.9999999999993963,1,0.9999999999993963
stress,1,-320,499.466297447683,0.9999999999974775,1,0.9999999999974775
stress,1,-315,499.4746365500629,0.9999999999898573,1,0.9999999999898573
stress,1,-310,499.4829756524429,0.9999999999607571,1,0.9999999999607571
stress,1,-305,499.4913147548228,0.999999999853895,1,0.999999999853895
stress,1,-300,499.4996538572028,0.9999999994765645,1,0.9999999994765645
stress,1,-295,499.5079929595827,0.9999999981955039,1,0.9999999981955039
stress,1,-290,499.5163320619627,0.9999999940139082,1,0.9999999940139082
stress,1,-285,499.5246711643426,0.9999999808915506,1,0.9999999808915506
stress,1,-280,499.5330102667226,0.9999999413048577,1,0.9999999413048577
stress,1,-275,499.5413493691025,0.9999998265103697,1,0.9999998265103697
stress,1,-270,499.5496884714825,0.9999995065541163,1,0.9999995065541163
stress,1,-265,499.5580275738625,0.9999986494825924,1,0.9999986494825924
stress,1,-260,499.5663666762424,0.9999964432323966,1,0.9999964432323966
stress,1,-255,499.5747057786223,0.9999909862514231,1,0.9999909862514231
stress,1,-250,499.5830448810023,0.9999780188688461,1,0.9999780188688461
stress,1,-245,499.5913839833823,0.9999484190564456,1,0.9999484190564456
stress,1,-240,499.5997230857622,0.9998835275598561,1,0.9998835275598561
stress,1,-235,499.6080621881422,0.9997469235619497,1,0.9997469235619497
stress,1,-230,499.6164012905222,0.9994708547528504,1,0.9994708547528504
stress,1,-225,499.6247403929021,0.998935384627048,1,0.998935384627048
stress,1,-220,499.633079495282,0.9979388708108328,1,0.9979388708108328
stress,1,-215,499.641418597662,0.9961601669570254,1,0.9961601669570254
stress,1,-210,499.649757700042,0.9931164239236274,1,0.9931164239236274
stress,1,-205,499.6580968024219,0.9881256310522651,0.9999999999999999,0.9881256310522653
stress,1,-200,499.6664359048019,0.9802893199628279,0.9999999999999996,0.9802893199628283
stress,1,-195,499.6747750071818,0.9685161869671495,0.999999999999998,0.9685161869671515
stress,1,-190,499.6831141095618,0.9516086555292267,0.9999999999999902,0.9516086555292365
stress,1,-185,499.6914532119417,0.9284280748083881,0.9999999999999556,0.9284280748084325
stress,1,-180,499.6997923143217,0.8981379628497098,0.999999999999805,0.8981379628499048
stress,1,-175,499.7081314167016,0.8604992113908819,0.9999999999991759,0.860499211391706
stress,1,-170,499.7164705190816,0.8161618609142045,0.999999999996648,0.8161618609175565
stress,1,-165,499.7248096214615,0.7668748036936771,0.9999999999868802,0.7668748037067969
stress,1,-160,499.7331487238415,0.7155293522048087,0.9999999999505857,0.715529352254223
stress,1,-155,499.7414878262214,0.6659739361170414,0.9999999998209105,0.6659739362961308
stress,1,-150,499.7498269286014,0.622586094282239,0.9999999993754284,0.6225860949068106
stress,1,-145,499.7581660309813,0.589654110419962,0.9999999979040104,0.5896541125159516
stress,1,-140,499.7665051333613,0.5706841449834004,0.9999999932315284,0.5706841517518719
stress,1,-135,499.7748442357413,0.5677864035362916,0.9999999789677012,0.5677864245685904
stress,1,-130,499.7831833381212,0.5812887799210249,0.9999999371105892,0.5812888428104357
stress,1,-125,499.7915224405012,0.6096757697513537,0.9999998190481796,0.6096759507031742
stress,1,-120,499.7998615428811,0.6498683613646699,0.9999994989938761,0.6498688623707938
stress,1,-115,499.808200645261,0.6977733728573123,0.999998665195201,0.6977747076621114
stress,1,-110,499.816539747641,0.7489666363777967,0.9999965779438472,0.7489700584339496
stress,1,-105,499.824878850021,0.7993527721445914,0.9999915578871938,0.7993612142573976
stress,1,-100,499.833217952401,0.8456682423582402,0.9999799594416324,0.8456882829166079
stress,1,-95,499.8415570547809,0.8857512077929671,0.9999542213341789,0.8857969864587882
stress,1,-90,499.8498961571609,0.9185693552329033,0.9998993737954043,0.918669981437499
stress,1,-85,499.8582352595408,0.9440533378115668,0.9997871597793531,0.9442661780322137
stress,1,-80,499.8665743619207,0.9628147594276718,0.9995667974984744,0.9632479619291974
stress,1,-75,499.8749134643007,0.9758310126536743,0.9991515566339377,0.9766794560197366
stress,1,-70,499.8832525666807,0.9841616331544394,0.9984009965235283,0.9857606366309111
stress,1,-65,499.8915916690606,0.9887338119702318,0.9971001829113647,0.9916336290588671
stress,1,-60,499.8999307714406,0.9902093943754414,0.9949395813356694,0.995269813039772
stress,1,-55,499.9082698738205,0.988928946588594,0.9915023871639478,0.9974265594246462
stress,1,-50,499.9166089762005,0.9849217638562614,0.9862690028025514,0.99865276105371
stress,1,-45,499.9249480785804,0.9779711167485591,0.9786498041088006,0.9993213126397584
stress,1,-40,499.9332871809603,0.9677264899591407,0.9680554851428904,0.9996710048162503
stress,1,-35,499.9416262833403,0.953854210600139,0.9540076737000662,0.9998465369000727
stress,1,-30,499.9499653857203,0.9362120944614671,0.9362809776179971,0.99993111684347
stress,1,-25,499.9583044881002,0.9150233589798988,0.9150531110207004,0.9999702479591984
stress,1,-20,499.9666435904802,0.8910142347634934,0.8910266003616412,0.9999876344018522
stress,1,-15,499.9749826928601,0.8654746488162643,0.865479594292781,0.9999950545234834
stress,1,-10,499.9833217952401,0.8402077701862395,0.8402096734360984,0.9999980967501411
stress,1,-5,499.99166089762,0.8173544382999255,0.8173551431197577,0.9999992951801678
stress,1,0,500,0.7991094070791015,0.7991096582417606,0.9999997488373409
stress,1,5,500.00833910238,0.7873793258009482,0.7873794119254407,0.9999999138755075
stress,1,10,500.0166782047599,0.7834559392749892,0.7834559676929511,0.9999999715820381
stress,1,15,500.0250173071399,0.7877822088838267,0.7877822179068863,0.9999999909769404
stress,1,20,500.0333564095199,0.7998701009470148,0.7998701037038409,0.9999999972431739
stress,1,25,500.0416955118998,0.818391229429513,0.8183912302400252,0.9999999991894878
stress,1,30,500.0500346142798,0.8414171164684624,0.8414171166977625,0.9999999997706999
stress,1,35,500.0583737166597,0.8667490081117969,0.8667490081742197,0.9999999999375772
stress,1,40,500.0667128190396,0.8922594376418692,0.8922594376582215,0.9999999999836477
stress,1,45,500.0750519214196,0.9161732414750375,0.9161732414791596,0.999999999995878
stress,1,50,500.0833910237995,0.937240315033976,0.9372403150349758,0.9999999999990001
stress,1,55,500.0917301261795,0.9547859423078302,0.9547859423080636,0.9999999999997666
stress,1,60,500.1000692285594,0.9686555350713449,0.9686555350713973,0.9999999999999476
stress,1,65,500.1084083309394,0.9790905367695515,0.9790905367695628,0.9999999999999887
stress,1,70,500.1167474333193,0.9865779282863095,0.9865779282863119,0.9999999999999977
stress,1,75,500.1250865356993,0.9917093062531902,0.9917093062531906,0.9999999999999996
stress,1,80,500.1334256380793,0.9950721572818682,0.9950721572818683,0.9999999999999999
stress,1,85,500.1417647404592,0.9971815038213714,0.9971815038213714,1
stress,1,90,500.1501038428392,0.9984487824490563,0.9984487824490563,1
stress,1,95,500.1584429452192,0.9991784715336806,0.9991784715336806,1
stress,1,100,500.1667820475991,0.9995813345039233,0.9995813345039233,1
stress,1,105,500.1751211499791,0.9997946917640587,0.9997946917640587,1
stress,1,110,500.1834602523589,0.9999031186415686,0.9999031186415686,1
stress,1,115,500.1917993547389,0.9999560085056206,0.9999560085056206,1
stress,1,120,500.2001384571188,0.9999807782972153,0.9999807782972153,1
stress,1,125,500.2084775594988,0.99999191817118,0.99999191817118,1
stress,1,130,500.2168166618788,0.999996730193262,0.999996730193262,1
stress,1,135,500.2251557642587,0.9999987269977578,0.9999987269977578,1
stress,1,140,500.2334948666387,0.9999995230960715,0.9999995230960715,1
stress,1,145,500.2418339690187,0.9999998280796533,0.9999998280796533,1
stress,1,150,500.2501730713986,0.9999999403626545,0.9999999403626545,1
stress,1,155,500.2585121737786,0.9999999800930843,0.9999999800930843,1
stress,1,160,500.2668512761585,0.9999999936058283,0.9999999936058283,1
stress,1,165,500.2751903785385,0.9999999980236709,0.9999999980236709,1
stress,1,170,500.2835294809185,0.999999999412201,0.999999999412201,1
stress,1,175,500.2918685832984,0.999999999831774,0.999999999831774,1
stress,1,180,500.3002076856783,0.9999999999536711,0.9999999999536711,1
stress,1,185,500.3085467880583,0.9999999999877226,0.9999999999877226,1
stress,1,190,500.3168858904382,0.9999999999968692,0.9999999999968692,1
stress,1,195,500.3252249928182,0.9999999999992317,0.9999999999992317,1
stress,1,200,500.3335640951981,0.9999999999998186,0.9999999999998186,1
stress,1,205,500.3419031975781,0.9999999999999588,0.9999999999999588,1
stress,1,210,500.350242299958,0.999999999999991,0.999999999999991,1
stress,1,215,500.358581402338,0.9999999999999981,0.9999999999999981,1
stress,1,220,500.366920504718,0.9999999999999997,0.9999999999999997,1
stress,1,225,500.3752596070979,0.9999999999999999,0.9999999999999999,1
stress,1,230,500.3835987094779,1,1,1
stress,1,235,500.3919378118579,1,1,1
stress,1,240,500.4002769142378,1,1,1
stress,1,245,500.4086160166178,1,1,1
stress,1,250,500.4169551189976,1,1,1
stress,1,255,500.4252942213776,1,1,1
stress,1,260,500.4336333237576,1,1,1
stress,1,265,500.4419724261375,1,1,1
stress,1,270,500.4503115285175,1,1,1
stress,1,275,500.4586506308975,1,1,1
stress,1,280,500.4669897332774,1,1,1
stress,1,285,500.4753288356574,1,1,1
stress,1,290,500.4836679380373,1,1,1
stress,1,295,500.4920070404173,1,1,1
stress,1,300,500.5003461427972,1,1,1
stress,1,305,500.5086852451772,1,1,1
stress,1,310,500.5170243475572,1,1,1
stress,1,315,500.5253634499371,1,1,1
stress,1,320,500.533702552317,1,1,1
stress,1,325,500.542041654697,1,1,1
stress,1,330,500.5503807570769,1,1,1
stress,1,335,500.5587198594569,1,1,1
stress,1,340,500.5670589618368,1,1,1
stress,1,345,500.5753980642168,1,1,1
stress,1,350,500.5837371665968,1,1,1
stress,1,355,500.5920762689767,1,1,1
stress,1,360,500.6004153713567,1,1,1
stress,1,365,500.6087544737367,1,1,1
stress,1,370,500.6170935761166,1,1,1
stress,1,375,500.6254326784966,1,1,1
stress,1,380,500.6337717808765,1,1,1
stress,1,385,500.6421108832565,1,1,1
stress,1,390,500.6504499856363,1,1,1
stress,1,395,500.6587890880163,1,1,1
stress,1,400,500.6671281903963,1,1,1
stress,1,405,500.6754672927763,1,1,1
stress,1,410,500.6838063951562,1,1,1
stress,1,415,500.6921454975362,1,1,1
stress,1,420,500.7004845999161,1,1,1
stress,1,425,500.7088237022961,1,1,1
stress,1,430,500.717162804676,1,1,1
stress,1,435,500.725501907056,1,1,1
stress,1,440,500.733841009436,1,1,1
stress,1,445,500.7421801118159,1,1,1
stress,1,450,500.7505192141959,1,1,1
