book_id,title,url,category,confidence,reason,license_evidence,attachment_links,body_length
1,Elements of the Mathematical Theory of Electricity and Magnetism | Physics Library,https://physicslibrary.org/?op=getobj;from=books;id=1,U.S. public domain,medium,Explicit public-domain marker; jurisdiction/source still worth confirming,"1909, 4th edition, 568 pages Abstract: One of J.J. Thomson's texts. Thomson was the first to experimentally find the charge to mass ratio of electrons. Rights: This work is in the public domain, published in 1909 and is made possible by the internet archive http://www.archive.org/details/elementelemagmat00thomrich Download: EM_JJ_Thompson.pdf EM_JJ_Thomson.txt Links: Physics Classification : 41.20.-q (Applied classical electromagnetism) 41. (Electromagnetism; electron and ion optics)",https://aux.physicslibrary.org/files/books/1/EM_JJ_Thompson.pdf,1415
2,A Treatise on Electricity and Magnetism | Physics Library,https://physicslibrary.org/?op=getobj;from=books;id=2,U.S. public domain,medium,Explicit public-domain marker; jurisdiction/source still worth confirming,"xwell Uploaded by: bloftin Comments: 1873, Clarendon Press, Volumes I and II Abstract: This is Maxwell's monumental works on Electricity and Magnetism. Rights: This work is in the public domain, published in 1873 and is made possible by the internet archive http://www.archive.org/details/electricandmagne02maxwrich Download: Maxwell_ElectricityAndMagnetism_v01.pdf Maxwell_ElectricityAndMagnetism_v01.txt Maxwell_ElectricityAndMagnetism_v02.txt Maxwell_ElectricyAndMagnetism_v02.pdf Links: Physics C",https://aux.physicslibrary.org/files/books/2/Maxwell_ElectricityAndMagnetism_v01.pdf | https://aux.physicslibrary.org/files/books/2/Maxwell_ElectricyAndMagnetism_v02.pdf,1435
3,Newton's Principia Sections I. II. III. with Notes and Illustrations | Physics Library,https://physicslibrary.org/?op=getobj;from=books;id=3,U.S. public domain,medium,Explicit public-domain marker; jurisdiction/source still worth confirming,"I. with Notes and Illustrations Authors: Newton, Percival Frost Uploaded by: bloftin Comments: 1863, Macmillan and Co. Abstract: Newton's Classic work. Rights: This work is in the public domain, published in 1863 and is made possible by the internet archive http://www.archive.org/details/newtonsprincipia00frosrich Download: Newton_Principia.pdf Newton_Principia.txt Links: Physics Classification : 45.05.+x (General theory of classical mechanics of discrete systems) 45. (Classical mechanics of dis",https://aux.physicslibrary.org/files/books/3/Newton_Principia.pdf,1363
4,Elements of Quaternions | Physics Library,https://physicslibrary.org/?op=getobj;from=books;id=4,U.S. public domain,medium,Explicit public-domain marker; jurisdiction/source still worth confirming,"iam Hamilton, Charles Joly Uploaded by: bloftin Comments: 1899, volumes I. and II.. LONGMANS, GKEEN, AND CO., Abstract: Hamilton's book on Quaternions. Rights: This work is in the public domain, published in 1899 and is made possible by the internet archive http://www.archive.org/details/117770258_001 Download: ElementsOfQuat_Hamilton.pdf QuaternionsHamilton_v1.txt QuaternionsHamilton_v2.pdf QuaternionsHamilton_v2.txt Links: Physics Classification : 02.10.De (Algebraic structures and number theo",https://aux.physicslibrary.org/files/books/4/ElementsOfQuat_Hamilton.pdf | https://aux.physicslibrary.org/files/books/4/QuaternionsHamilton_v2.pdf,1346
5,An Elementary Treatise on Quaternions | Physics Library,https://physicslibrary.org/?op=getobj;from=books;id=5,U.S. public domain,medium,Explicit public-domain marker; jurisdiction/source still worth confirming,"G. Tait Uploaded by: bloftin Comments: 1890, Cambridge, 3rd Edition Abstract: Another work on Quaternions that was done shortly after Hamilton's death. Rights: This work is in the public domain, published in 1890 and is made possible by the internet archive http://www.archive.org/details/117770257 Download: ElemTreatQuater.pdf ElemTreatQuaternions_Tait.txt Links: Physics Classification : 02.10.De (Algebraic structures and number theory) 02.10.-v (Logic, set theory, and algebra) 02. (Mathematical",https://aux.physicslibrary.org/files/books/5/ElemTreatQuater.pdf,1320
6,The Theory of Heat Radiation | Physics Library,https://physicslibrary.org/?op=getobj;from=books;id=6,U.S. public domain,medium,Explicit public-domain marker; jurisdiction/source still worth confirming," The Theory of Heat Radiation The Theory of Heat Radiation Authors: Max Planck Uploaded by: bloftin Comments: 1914 Abstract: Planck's work on radiation Rights: This work is in the public domain, published in 1914 and is made possible by the internet archive http://www.archive.org/details/theheatradiation00planrich Download: Planck_HeatRadiation.pdf Planck_HeatRadiation.txt Links: Physics Classification : 05.70.-a (Thermodynamics )",https://aux.physicslibrary.org/files/books/6/Planck_HeatRadiation.pdf,1136
9,Dynamical Systems | Physics Library,https://physicslibrary.org/?op=getobj;from=books;id=9,questionable/manual review,low,No explicit reusable-license or public-domain evidence on catalog page,,https://aux.physicslibrary.org/files/books/9/Adynamical_systemsbuk.pdf,2178
11,Semi-Riemann Geometry and General Relativity | Physics Library,https://physicslibrary.org/?op=getobj;from=books;id=11,questionable/manual review,low,No explicit reusable-license or public-domain evidence on catalog page,,,3468
12,Lie algebras | Physics Library,https://physicslibrary.org/?op=getobj;from=books;id=12,questionable/manual review,low,No explicit reusable-license or public-domain evidence on catalog page,,https://aux.physicslibrary.org/files/books/12/ALie2_algebras.pdf | https://aux.physicslibrary.org/files/books/12/lie_algebras.pdf,3905
13,Understanding Physics | Physics Library,https://physicslibrary.org/?op=getobj;from=books;id=13,questionable/manual review,low,No explicit reusable-license or public-domain evidence on catalog page,"ion 5.2 - Calculus approach to understanding Bernoulli's equation Chapter 6 - Applications of the Sine Function - Oscillatory Motion "" Rights: http://www.understandingphysics.org/ Copyright - UnderstandingPhysics.org Web Design by Online-Web-Software.com Developers of Event Registration Software http://www.understandingphysics.org/ Download: APhysBk.mht index.html Links: Physics Classification : 02. (Mathematical methods in physics) 03. (Quantum mechanics, field theories, and special relativity ",,2326
14,"Superspace, or 1,001 Lessons in Supersymmetry | Physics Library",https://physicslibrary.org/?op=getobj;from=books;id=14,questionable/manual review,low,No explicit reusable-license or public-domain evidence on catalog page,,https://aux.physicslibrary.org/files/books/14/AsuperS.pdf,2231
15,Operator Algebras and Quantum StatisticaI Mechanics -vols. 1 and 2 | Physics Library,https://physicslibrary.org/?op=getobj;from=books;id=15,questionable/manual review,low,No explicit reusable-license or public-domain evidence on catalog page,"u/~derek/ Rights: Free downloads--for individual study only-- at: http://folk.uio.no/bratteli/bratrob/VOL-2.pdf http://www.math.uio.no/~bratteli/ http://wwwmaths.anu.edu.au/~derek Copyright statement: ""This work is subject to Copyright. All rights are reserved, whether the whole or part of the material is conceraed, specifically the rights of translation, reprinting, reuse of illustrations, recitation, broadcasting, reproduction on microfilm or in any other way, and storage in data banks. Duplic || al study only-- at: http://folk.uio.no/bratteli/bratrob/VOL-2.pdf http://www.math.uio.no/~bratteli/ http://wwwmaths.anu.edu.au/~derek Copyright statement: ""This work is subject to Copyright. All rights are reserved, whether the whole or part of the material is conceraed, specifically the rights of translation, reprinting, reuse of illustrations, recitation, broadcasting, reproduction on microfilm or in any other way, and storage in data banks. Duplication of this publication or parts thereof is  || ng, reproduction on microfilm or in any other way, and storage in data banks. Duplication of this publication or parts thereof is permitted only under the provisions of the German Copyright Law of September 9, 1965, in its current version, and permission for use must always be obtained from Springer-Vedag. Violations are liable for prosecution under the German Copyright Law. Springer-Verlag Berlin Heidelberg New York a member of Bertelsmann Springer Science+Business Media GmbH http://www.springe || yright Law of September 9, 1965, in its current version, and permission for use must always be obtained from Springer-Vedag. Violations are liable for prosecution under the German Copyright Law. Springer-Verlag Berlin Heidelberg New York a member of Bertelsmann Springer Science+Business Media GmbH http://www.springer.de CopyrightÂ©Springer-Veriag Berlin Heidelberg 1981, 1997 Printed in Germany."" Download: ABratli.mht VOL-1S~1.PDF Links: Physics Classification : 03. (Quantum mechanics, field theo || able for prosecution under the German Copyright Law. Springer-Verlag Berlin Heidelberg New York a member of Bertelsmann Springer Science+Business Media GmbH http://www.springer.de CopyrightÂ©Springer-Veriag Berlin Heidelberg 1981, 1997 Printed in Germany."" Download: ABratli.mht VOL-1S~1.PDF Links: Physics Classification : 03. (Quantum mechanics, field theories, and special relativity ) ISBN #: || n data banks. Duplication of this publication or parts thereof is permitted only under the provisions of the German Copyright Law of September 9, 1965, in its current version, and permission for use must always be obtained from Springer-Vedag. Violations are liable for prosecution under the German Copyright Law. Springer-Verlag Berlin Heidelberg New York a member of Bertelsmann Springer Science+Business Media GmbH http://www.springer.de CopyrightÂ©Springer-Veriag Berlin Heidelberg 1981, 1997 Pri ||  rights are reserved, whether the whole or part of the material is conceraed, specifically the rights of translation, reprinting, reuse of illustrations, recitation, broadcasting, reproduction on microfilm or in any other way, and storage in data banks. Duplication of this publication or parts thereof is permitted only under the provisions of the German Copyright Law of September 9, 1965, in its current version, and permission for use must always be obtained from Springer-Vedag. Violations are l",https://aux.physicslibrary.org/files/books/15/VOL-1S~1.PDF,2870
16,An Elementary Introduction to Groups and Representations | Physics Library,https://physicslibrary.org/?op=getobj;from=books;id=16,questionable/manual review,low,No explicit reusable-license or public-domain evidence on catalog page,,https://aux.physicslibrary.org/files/books/16/AGrpreps.pdf,2535
17,Non-Equilibrium Statistical Mechanics | Physics Library,https://physicslibrary.org/?op=getobj;from=books;id=17,questionable/manual review,low,No explicit reusable-license or public-domain evidence on catalog page,,https://aux.physicslibrary.org/files/books/17/ANESM.pdf | https://aux.physicslibrary.org/files/books/17/NSM.pdf,4813
18,Mathematical Methods in Quantum Mechanics With Applications to Schroedinger Operators | Physics Library,https://physicslibrary.org/?op=getobj;from=books;id=18,questionable/manual review,low,No explicit reusable-license or public-domain evidence on catalog page,"2009 http://www.mat.univie.ac.at/~gerald/ftp/book-schroe/schroe.pdf Rights: Open access and free download online at: http://www.mat.univie.ac.at/~gerald/ftp/book-schroe/schroe.pdf Copyright@1999 -2008 by Gerald Teschl. Download: AQMschr.pdf Links: Physics Classification : 03. (Quantum mechanics, field theories, and special relativity ) 03.65.Fd (Algebraic methods ) ISBN #:",https://aux.physicslibrary.org/files/books/18/AQMschr.pdf,2580
19,"ATLAS Collaboration: Expected Performance of the ATLAS Experiment-Detector, Trigger and Physics | Physics Library",https://physicslibrary.org/?op=getobj;from=books;id=19,questionable/manual review,low,No explicit reusable-license or public-domain evidence on catalog page,,https://aux.physicslibrary.org/files/books/19/Atlas.pdf,2229
21,Physics Library,https://physicslibrary.org/?op=getobj;from=books;id=21,questionable/manual review,low,No explicit reusable-license or public-domain evidence on catalog page,) Orphanage (1) Unclassified Unproven Corrections (4) Classification Talkback Polls Forums Bug Reports Feedback Downloads Snapshots Information Legalese About Error You don't have permission to view that object. This may be a mistake. Try contacting the object owner (preferably) or administration (if the owner is unresponsive).,,836
22,Categories and Groupoids | Physics Library,https://physicslibrary.org/?op=getobj;from=books;id=22,questionable/manual review,low,No explicit reusable-license or public-domain evidence on catalog page,,https://aux.physicslibrary.org/files/books/22/AcatGH.pdf,1446
23,"Categories, Types and Structures: Category Theory for the working computer scientist | Physics Library",https://physicslibrary.org/?op=getobj;from=books;id=23,U.S. public domain,medium,Explicit public-domain marker; jurisdiction/source still worth confirming,"hat belong to the authors or the publishers. Please also note that each author and publisher has their own terms and conditions in the forms of free / open documentation licenses, public domain or other specific ones. You are allowed to view, download and with a very few exceptions, print the books for your own private use at no charge. "" Free PDF download with reserved rights as specified at: http://www.freetechbooks.com/practical-foundations-of-mathematics-t359.html ftp://ftp.di.ens.fr/pub/use || urrent work in polymorphisms and modularity. Recent applications, such as CAML, which will be described, use categorical formalization for the purposes of implementation"". Rights: Copyright statement :""All the books listed in this site are freely available, as they are hosted on websites that belong to the authors or the publishers. Please also note that each author and publisher has their own terms and conditions in the forms of free / open documentation licenses, public domain or other specifi || e forms of free / open documentation licenses, public domain or other specific ones. You are allowed to view, download and with a very few exceptions, print the books for your own private use at no charge. "" Free PDF download with reserved rights as specified at: http://www.freetechbooks.com/practical-foundations-of-mathematics-t359.html ftp://ftp.di.ens.fr/pub/users/longo/CategTypesStructures/book.pdf Download: Acatype.pdf Links: Physics Classification : 00. (GENERAL) || websites that belong to the authors or the publishers. Please also note that each author and publisher has their own terms and conditions in the forms of free / open documentation licenses, public domain or other specific ones. You are allowed to view, download and with a very few exceptions, print the books for your own private use at no charge. "" Free PDF download with reserved rights as specified at: http://www.freetechbooks.com/practical-foundations-of-mathematics-t359.html ftp://ftp.di.ens.",https://aux.physicslibrary.org/files/books/23/Acatype.pdf,2654
24,Handbook of Mathematical Functions | Physics Library,https://physicslibrary.org/?op=getobj;from=books;id=24,questionable/manual review,low,No explicit reusable-license or public-domain evidence on catalog page,"/ Abramowitz and Stegun: Handbook of Mathematical Functions is a work commissioned by the government of the United States of America and, to the best of my knowledge, is not under copyright. You can download an copy of Abramowitz and Stegun: Handbook of Mathematical Functions as a tar.gz archive. This is a 43 Mb file (md5sum: e6ca7451af4e4ffad42aa6b8deb552c7). (Free download of 43Mb zipped file: http://www.math.sfu.ca/~cbm/aands/dl/abramowitz_and_stegun.tar.gz Untar it somewhere and open the ind",,6246
25,Introduction to Algebraic and Constructive Quantum Field Theory | Physics Library,https://physicslibrary.org/?op=getobj;from=books;id=25,questionable/manual review,low,No explicit reusable-license or public-domain evidence on catalog page,,https://aux.physicslibrary.org/files/books/25/Abszfield.pdf,1564
28,Introductory Lectures on (non-Abelian) Rings and Modules | Physics Library,https://physicslibrary.org/?op=getobj;from=books;id=28,questionable/manual review,low,No explicit reusable-license or public-domain evidence on catalog page,,https://aux.physicslibrary.org/files/books/28/AHandbk.gz | https://aux.physicslibrary.org/files/books/28/AnaRings.pdf,3163
29,Notes on Quantum Mechanics | Physics Library,https://physicslibrary.org/?op=getobj;from=books;id=29,questionable/manual review,low,No explicit reusable-license or public-domain evidence on catalog page,,https://aux.physicslibrary.org/files/books/29/AQMbuk.pdf,2008
31,Operator Algebras and Quantum Field Theory | Physics Library,https://physicslibrary.org/?op=getobj;from=books;id=31,questionable/manual review,low,No explicit reusable-license or public-domain evidence on catalog page,,https://aux.physicslibrary.org/files/books/31/Aopqv2.pdf | https://aux.physicslibrary.org/files/books/31/Aqopqd.pdf,2074
32,Practical Foundations of Mathematics | Physics Library,https://physicslibrary.org/?op=getobj;from=books;id=32,questionable/manual review,low,No explicit reusable-license or public-domain evidence on catalog page," line at : http://www.freetechbooks.com/practical-foundations-of-mathematics-t359.html Rights: http://www.freetechbooks.com/practical-foundations-of-mathematics-t359.html verbatim Copyright statement :""All the books listed in this site are freely available, as they are hosted on websites that belong to the authors or the publishers"". Download: Aprmfbuk.htm Links: Physics Classification : 02. (Mathematical methods in physics) ISBN #:",,2129
33,Ricci Flow and the Poincare' Conjecture | Physics Library,https://physicslibrary.org/?op=getobj;from=books;id=33,questionable/manual review,low,No explicit reusable-license or public-domain evidence on catalog page,,https://aux.physicslibrary.org/files/books/33/Ariccifw.pdf,2192
34,Mathematica (R) programming: an Advanced Introduction | Physics Library,https://physicslibrary.org/?op=getobj;from=books;id=34,CC,high,Explicit Creative Commons marker on book page,", Prentice Hall (1995) 14. http : // paulgraham.com/power.html Rights: http://www.mathprogramming-intro.org/download/MathProgrammingIntro.pdf Open: free download at the above URL: Creative Commons-Noncommercial-Share Alike 3.0 United States License: http://creativecommons.org/licenses/by-nc-sa/3.0/us/ Copyright@2008 by Leonid Shifrin Download: Amatabk.pdf Links: Physics Classification : 00. (GENERAL) 02. (Mathematical methods in physics) || ogrammingIntro.pdf Open: free download at the above URL: Creative Commons-Noncommercial-Share Alike 3.0 United States License: http://creativecommons.org/licenses/by-nc-sa/3.0/us/ Copyright@2008 by Leonid Shifrin Download: Amatabk.pdf Links: Physics Classification : 00. (GENERAL) 02. (Mathematical methods in physics) || l Rights: http://www.mathprogramming-intro.org/download/MathProgrammingIntro.pdf Open: free download at the above URL: Creative Commons-Noncommercial-Share Alike 3.0 United States License: http://creativecommons.org/licenses/by-nc-sa/3.0/us/ Copyright@2008 by Leonid Shifrin Download: Amatabk.pdf Links: Physics Classification : 00. (GENERAL) 02. (Mathematical methods in physics) || -intro.org/download/MathProgrammingIntro.pdf Open: free download at the above URL: Creative Commons-Noncommercial-Share Alike 3.0 United States License: http://creativecommons.org/licenses/by-nc-sa/3.0/us/ Copyright@2008 by Leonid Shifrin Download: Amatabk.pdf Links: Physics Classification : 00. (GENERAL) 02. (Mathematical methods in physics)",https://aux.physicslibrary.org/files/books/34/Amatabk.pdf,4081
35,Foundations of Quantum Mechanics | Physics Library,https://physicslibrary.org/?op=getobj;from=books;id=35,questionable/manual review,low,No explicit reusable-license or public-domain evidence on catalog page,,https://aux.physicslibrary.org/files/books/35/Aqmfnds.pdf,2342
36,Mathematical ideas and notions of quantum field theory | Physics Library,https://physicslibrary.org/?op=getobj;from=books;id=36,questionable/manual review,low,No explicit reusable-license or public-domain evidence on catalog page,,https://aux.physicslibrary.org/files/books/36/AQFT_Eting.ps,1431
37,Mathematical Crystallography | Physics Library,https://physicslibrary.org/?op=getobj;from=books;id=37,questionable/manual review,low,No explicit reusable-license or public-domain evidence on catalog page,,https://aux.physicslibrary.org/files/books/37/AXtal_Geometry.pdf,1853
38,"Introduction to Groups, Invariants and Particles | Physics Library",https://physicslibrary.org/?op=getobj;from=books;id=38,questionable/manual review,low,No explicit reusable-license or public-domain evidence on catalog page,,https://aux.physicslibrary.org/files/books/38/Aqtgrp.pdf,1999
39,Operator Algebras and Quantum StatisticaI Mechanics -vol. 2 | Physics Library,https://physicslibrary.org/?op=getobj;from=books;id=39,questionable/manual review,low,No explicit reusable-license or public-domain evidence on catalog page,"atistical Mechanics. Free PDF downloads at: http://folk.uio.no/bratteli/bratrob/VOL-2.pdf http://www.math.uio.no/~bratteli/ http://wwwmaths.anu.edu.au/~derek/ Rights: Open access: Copyright statement: ""This work is subject to Copyright. All rights are reserved, whether the whole or part of the material is conceraed, specifically the rights of translation, reprinting, reuse of illustrations, recitation, broadcasting, reproduction on microfilm or in any other way, and storage in data banks. Duplic || tp://folk.uio.no/bratteli/bratrob/VOL-2.pdf http://www.math.uio.no/~bratteli/ http://wwwmaths.anu.edu.au/~derek/ Rights: Open access: Copyright statement: ""This work is subject to Copyright. All rights are reserved, whether the whole or part of the material is conceraed, specifically the rights of translation, reprinting, reuse of illustrations, recitation, broadcasting, reproduction on microfilm or in any other way, and storage in data banks. Duplication of this publication or parts thereof is  || ng, reproduction on microfilm or in any other way, and storage in data banks. Duplication of this publication or parts thereof is permitted only under the provisions of the German Copyright Law of September 9, 1965, in its current version, and permission for use must always be obtained from Springer-Vedag. Violations are liable for prosecution under the German Copyright Law. Springer-Verlag Berlin Heidelberg New York a member of BertelsmannSpringer Science+Business Media GmbH http://www.springer || yright Law of September 9, 1965, in its current version, and permission for use must always be obtained from Springer-Vedag. Violations are liable for prosecution under the German Copyright Law. Springer-Verlag Berlin Heidelberg New York a member of BertelsmannSpringer Science+Business Media GmbH http://www.springer.de Copyright@Springer-Veriag Berlin Heidelberg 1981, 1997 Printed in Germany."" http://folk.uio.no/bratteli/bratrob/VOL-2.pdf http://www.math.uio.no/~bratteli/ http://wwwmaths.anu.edu || iable for prosecution under the German Copyright Law. Springer-Verlag Berlin Heidelberg New York a member of BertelsmannSpringer Science+Business Media GmbH http://www.springer.de Copyright@Springer-Veriag Berlin Heidelberg 1981, 1997 Printed in Germany."" http://folk.uio.no/bratteli/bratrob/VOL-2.pdf http://www.math.uio.no/~bratteli/ http://wwwmaths.anu.edu.au/~derek Download: Aqoabra2.pdf Links: Physics Classification : 00. (GENERAL) 02. (Mathematical methods in physics) 03. (Quantum mechanics, || n data banks. Duplication of this publication or parts thereof is permitted only under the provisions of the German Copyright Law of September 9, 1965, in its current version, and permission for use must always be obtained from Springer-Vedag. Violations are liable for prosecution under the German Copyright Law. Springer-Verlag Berlin Heidelberg New York a member of BertelsmannSpringer Science+Business Media GmbH http://www.springer.de Copyright@Springer-Veriag Berlin Heidelberg 1981, 1997 Print ||  rights are reserved, whether the whole or part of the material is conceraed, specifically the rights of translation, reprinting, reuse of illustrations, recitation, broadcasting, reproduction on microfilm or in any other way, and storage in data banks. Duplication of this publication or parts thereof is permitted only under the provisions of the German Copyright Law of September 9, 1965, in its current version, and permission for use must always be obtained from Springer-Vedag. Violations are l",https://aux.physicslibrary.org/files/books/39/Aqoabra2.pdf,2664
40,Operator Algebras and Quantum StatisticaI Mechanics -vol. 1 | Physics Library,https://physicslibrary.org/?op=getobj;from=books;id=40,questionable/manual review,low,No explicit reusable-license or public-domain evidence on catalog page,"tum statistics. 39 Mb free download at: http://folk.uio.no/bratteli/bratrob/VOL-1S~1.PDF Rights: Open accessand free downloads at: http://folk.uio.no/bratteli/bratrob/VOL-1S~1.PDF Copyright statement: ""This work is subject to copyright. All rights are reserved, whether the whole or part of the material is concerned, specifically the rights of translation, reprinting, reuse of illustrations, recitation, broadcasting, reproduction on microfilm or in any other way, and storage in data banks. Duplic || /folk.uio.no/bratteli/bratrob/VOL-1S~1.PDF Rights: Open accessand free downloads at: http://folk.uio.no/bratteli/bratrob/VOL-1S~1.PDF Copyright statement: ""This work is subject to copyright. All rights are reserved, whether the whole or part of the material is concerned, specifically the rights of translation, reprinting, reuse of illustrations, recitation, broadcasting, reproduction on microfilm or in any other way, and storage in data banks. Duplication of this publication or parts thereof is  || ng, reproduction on microfilm or in any other way, and storage in data banks. Duplication of this publication or parts thereof is permitted only under the provisions of the German Copyright Law of September 9, 1965, in its current version, and permission for use must always be obtained from Springer-Verlag. Violations are liable for prosecution under the German Copyright Law. Springer-Verlag Berlin Heidelberg New York a member of BertelsmannSpringer Science+Business Media GmbH http://www.spfinge || right Law of September 9, 1965, in its current version, and permission for use must always be obtained from Springer-Verlag. Violations are liable for prosecution under the German Copyright Law. Springer-Verlag Berlin Heidelberg New York a member of BertelsmannSpringer Science+Business Media GmbH http://www.spfinger.de0 Springer-Verlag Berlin Heidelberg 1979, 1987 Printed in Germany"" Download: Aqoabr1.pdf Links: Physics Classification : 00. (GENERAL) 02. (Mathematical methods in physics) 03. (Qu || n data banks. Duplication of this publication or parts thereof is permitted only under the provisions of the German Copyright Law of September 9, 1965, in its current version, and permission for use must always be obtained from Springer-Verlag. Violations are liable for prosecution under the German Copyright Law. Springer-Verlag Berlin Heidelberg New York a member of BertelsmannSpringer Science+Business Media GmbH http://www.spfinger.de0 Springer-Verlag Berlin Heidelberg 1979, 1987 Printed in Ge ||  rights are reserved, whether the whole or part of the material is concerned, specifically the rights of translation, reprinting, reuse of illustrations, recitation, broadcasting, reproduction on microfilm or in any other way, and storage in data banks. Duplication of this publication or parts thereof is permitted only under the provisions of the German Copyright Law of September 9, 1965, in its current version, and permission for use must always be obtained from Springer-Verlag. Violations are ",https://aux.physicslibrary.org/files/books/40/Aqoabr1.pdf,2408
41,"Toposes, Triples and Theories | Physics Library",https://physicslibrary.org/?op=getobj;from=books;id=41,do-not-publish,medium,Restrictive rights/use language detected,"49: Closing parenthesis missing at end of Exercise (EAPL)(a)."" Additional corrections available at the URL: http://www.cwru.edu/artsci/math/wells/pub/ttt.html Rights: Open access: Copyright@2000 by Michael Barr and Charles Frederick Wells. ""This version may be downloaded and printed in unmodified form for private use only."" http://www.cwru.edu/artsci/math/wells/pub/ttt.html Download: Atopoi.pdf Links: Physics Classification : 02. (Mathematical methods in physics) ISBN #: || /artsci/math/wells/pub/ttt.html Rights: Open access: Copyright@2000 by Michael Barr and Charles Frederick Wells. ""This version may be downloaded and printed in unmodified form for private use only."" http://www.cwru.edu/artsci/math/wells/pub/ttt.html Download: Atopoi.pdf Links: Physics Classification : 02. (Mathematical methods in physics) ISBN #:",https://aux.physicslibrary.org/files/books/41/Atopoi.pdf,4540
42,Computational Physics: An Introductory course | Physics Library,https://physicslibrary.org/?op=getobj;from=books;id=42,questionable/manual review,low,No explicit reusable-license or public-domain evidence on catalog page,,,1992
43,Computational Physics | Physics Library,https://physicslibrary.org/?op=getobj;from=books;id=43,questionable/manual review,low,No explicit reusable-license or public-domain evidence on catalog page,"r_10/variational_monte_carlo Rights: Open access: http://www.physics.purdue.edu/people/faculty/ng/c9.shtml http://www.physics.purdue.edu/people/faculty/ng/comp_phys/appendix_2/fft Copyright by Prentice Hall in 1997 Download: Acmphbk.mht Links: Physics Classification : 00. (GENERAL) 02. (Mathematical methods in physics) 03. (Quantum mechanics, field theories, and special relativity ) 03.65.Fd (Algebraic methods ) ISBN #:",,2148
44,Basic Concepts of Enriched Category Theory | Physics Library,https://physicslibrary.org/?op=getobj;from=books;id=44,do-not-publish,medium,Restrictive rights/use language detected," Lack, Ross Street and RJ Wood. Reprint published on 2005-04-23. 2000 Originally published by Cambridge University Press, London Mathematical Society Lecture Notes Series 64, 1982 copyright by G.M. Kelly, 2005. Permission to copy for private use granted. Download: Acatenr.pdf Links: Physics Classification : 00. (GENERAL) 02. (Mathematical methods in physics) ISBN #: || 005-04-23. 2000 Originally published by Cambridge University Press, London Mathematical Society Lecture Notes Series 64, 1982 copyright by G.M. Kelly, 2005. Permission to copy for private use granted. Download: Acatenr.pdf Links: Physics Classification : 00. (GENERAL) 02. (Mathematical methods in physics) ISBN #: ||  Reprint published on 2005-04-23. 2000 Originally published by Cambridge University Press, London Mathematical Society Lecture Notes Series 64, 1982 copyright by G.M. Kelly, 2005. Permission to copy for private use granted. Download: Acatenr.pdf Links: Physics Classification : 00. (GENERAL) 02. (Mathematical methods in physics) ISBN #:",https://aux.physicslibrary.org/files/books/44/Acatenr.pdf,4989
48,Quantum Fields Theory - book draft | Physics Library,https://physicslibrary.org/?op=getobj;from=books;id=48,questionable/manual review,low,No explicit reusable-license or public-domain evidence on catalog page,,https://aux.physicslibrary.org/files/books/48/Aqftdrf.pdf,3198
49,Advanced Quantum Field Theory | Physics Library,https://physicslibrary.org/?op=getobj;from=books;id=49,questionable/manual review,low,No explicit reusable-license or public-domain evidence on catalog page,,https://aux.physicslibrary.org/files/books/49/Aqftbuk.pdf,4341
50,Quantum Chromodynamics | Physics Library,https://physicslibrary.org/?op=getobj;from=books;id=50,questionable/manual review,low,No explicit reusable-license or public-domain evidence on catalog page,,https://aux.physicslibrary.org/files/books/50/Aqcdbuk.ps,1267
51,Relativistic Quantum Field Theory | Physics Library,https://physicslibrary.org/?op=getobj;from=books;id=51,questionable/manual review,low,No explicit reusable-license or public-domain evidence on catalog page,,https://aux.physicslibrary.org/files/books/51/Aqftrel4.ps,4007
55,From Computational Biophysics to Systems Biology (CBSB07) | Physics Library,https://physicslibrary.org/?op=getobj;from=books;id=55,questionable/manual review,low,No explicit reusable-license or public-domain evidence on catalog page,,https://aux.physicslibrary.org/files/books/55/Ajvncbuk.pdf,3311
56,Theory of Superconductivity: A Primer | Physics Library,https://physicslibrary.org/?op=getobj;from=books;id=56,questionable/manual review,low,No explicit reusable-license or public-domain evidence on catalog page,,https://aux.physicslibrary.org/files/books/56/AsupercT.pdf,1409
58,Introduction to relativistic quantum chemistry | Physics Library,https://physicslibrary.org/?op=getobj;from=books;id=58,questionable/manual review,low,No explicit reusable-license or public-domain evidence on catalog page,,https://aux.physicslibrary.org/files/books/58/all.pdf | https://aux.physicslibrary.org/files/books/58/Arelqche.pdf | https://aux.physicslibrary.org/files/books/58/ArelQChe.tex,1386
59,Introduction to Differential Geometry and General Relativity | Physics Library,https://physicslibrary.org/?op=getobj;from=books;id=59,questionable/manual review,low,No explicit reusable-license or public-domain evidence on catalog page,"prehensive catalog of internet sites on special and general relativity, visit Relativity on the Web."" Rights: open access: http://people.hofstra.edu/Stefan_Waner/diff_geom/tc.html Copyright@2002 by Stefan Waner Download: AdifGR.mht Links: Physics Classification : 00. (GENERAL) 02. (Mathematical methods in physics) 03. (Quantum mechanics, field theories, and special relativity ) 03.65.Fd (Algebraic methods ) ISBN #:",,3421
60,Lecture Notes on General Relativity | Physics Library,https://physicslibrary.org/?op=getobj;from=books;id=60,questionable/manual review,low,No explicit reusable-license or public-domain evidence on catalog page,,https://aux.physicslibrary.org/files/books/60/Agrlect.pdf,1973
61,Lectures on Quantum Physics | Physics Library,https://physicslibrary.org/?op=getobj;from=books;id=61,questionable/manual review,low,No explicit reusable-license or public-domain evidence on catalog page,"hysics. Free downloads of 20 Mb of excellent quantum physics, 'standard textbook stuff' on line at: http://caltechbook.library.caltech.edu/180/1/DIMlqpa80.pdf Rights: Open access: Copyright@1980 by Paul E. Dimeotakis http://caltechbook.library.caltech.edu/180/1/DIMlqpa80.pdf Download: QPhys_Dimotakis.pdf Links: Physics Classification : 00. (GENERAL) 02. (Mathematical methods in physics) 03. (Quantum mechanics, field theories, and special relativity ) 03.65.Fd (Algebraic methods ) ISBN #:",https://aux.physicslibrary.org/files/books/61/QPhys_Dimotakis.pdf,2970
64,Introduction to Modern Solid State Physics | Physics Library,https://physicslibrary.org/?op=getobj;from=books;id=64,questionable/manual review,low,No explicit reusable-license or public-domain evidence on catalog page,,https://aux.physicslibrary.org/files/books/64/Aqmdcit.pdf,1755
65,Complex Geometry of Nature and General Relativity | Physics Library,https://physicslibrary.org/?op=getobj;from=books;id=65,questionable/manual review,low,No explicit reusable-license or public-domain evidence on catalog page,,https://aux.physicslibrary.org/files/books/65/Acmpgr.pdf,1961
67,Nuclear Physics | Physics Library,https://physicslibrary.org/?op=getobj;from=books;id=67,questionable/manual review,low,No explicit reusable-license or public-domain evidence on catalog page,,,16192
68,Physics in Medicine | Physics Library,https://physicslibrary.org/?op=getobj;from=books;id=68,questionable/manual review,low,No explicit reusable-license or public-domain evidence on catalog page,"2 Dose and isodose in radiation treatment."" Free downloads as PDF files at: http://www.nd.edu/~nsl/Lectures/mphysics Rights: open access: http://www.nd.edu/~nsl/Lectures/mphysics/ Copyright@2003 by the University of Notre Dame Download: Amedph.mht index.html Links: Physics Classification : 00. (GENERAL) 02. (Mathematical methods in physics) 03. (Quantum mechanics, field theories, and special relativity ) 03.65.Fd (Algebraic methods ) ISBN #:",,2015
69,Exponential Representations of Cannonical Commutation Relations | Physics Library,https://physicslibrary.org/?op=getobj;from=books;id=69,questionable/manual review,low,No explicit reusable-license or public-domain evidence on catalog page,,https://aux.physicslibrary.org/files/books/69/AexCARp.pdf,1552
70,Introduction to Plasma Physics | Physics Library,https://physicslibrary.org/?op=getobj;from=books;id=70,questionable/manual review,low,No explicit reusable-license or public-domain evidence on catalog page,,,4832
71,Quantum Fluctuations | Physics Library,https://physicslibrary.org/?op=getobj;from=books;id=71,questionable/manual review,low,No explicit reusable-license or public-domain evidence on catalog page,,https://aux.physicslibrary.org/files/books/71/Aqflcts.pdf,1434
73,Elementary Particle Physics | Physics Library,https://physicslibrary.org/?op=getobj;from=books;id=73,questionable/manual review,low,No explicit reusable-license or public-domain evidence on catalog page,,,1801
75,Equivariant KK-theory and noncommutative index theory | Physics Library,https://physicslibrary.org/?op=getobj;from=books;id=75,questionable/manual review,low,No explicit reusable-license or public-domain evidence on catalog page,,https://aux.physicslibrary.org/files/books/75/Aelprt.pdf,3554
76,Lectures on Atomic Physics | Physics Library,https://physicslibrary.org/?op=getobj;from=books;id=76,questionable/manual review,low,No explicit reusable-license or public-domain evidence on catalog page,,,6678
77,Particle Detector Brief Book | Physics Library,https://physicslibrary.org/?op=getobj;from=books;id=77,questionable/manual review,low,No explicit reusable-license or public-domain evidence on catalog page," cases, we appreciate your feedback: please send comments, error corrections, or your suggestions for new contributions, to R.K.Bock.Part of the information has been derived, with permission, from a booklet ""FORMULAE AND METHODS IN EXPERIMENTAL DATA EVALUATION"", published in 1984 by the European Physical Society for the use of experimental physicists (out of print since many years). This BriefBook is a major update and extension, but some original contributions by W.W.M.Allison (Oxford), C.W.Fab",,2650
78,Physics Modern Technology | Physics Library,https://physicslibrary.org/?op=getobj;from=books;id=78,questionable/manual review,low,No explicit reusable-license or public-domain evidence on catalog page,,,1401
82,Classical Electrodynamics and Theory of Relativity | Physics Library,https://physicslibrary.org/?op=getobj;from=books;id=82,questionable/manual review,low,No explicit reusable-license or public-domain evidence on catalog page,,,1614
84,Optical Physics and Quantum Electronics | Physics Library,https://physicslibrary.org/?op=getobj;from=books;id=84,questionable/manual review,low,No explicit reusable-license or public-domain evidence on catalog page,,https://aux.physicslibrary.org/files/books/84/AopH.pdf | https://aux.physicslibrary.org/files/books/84/Aophcnt.pdf | https://aux.physicslibrary.org/files/books/84/Aopqosc.pdf | https://aux.physicslibrary.org/files/books/84/Aopterf.pdf | https://aux.physicslibrary.org/files/books/84/Atphbuk.pdf,1886
90,Photonic Crystals: Molding the Flow of Light | Physics Library,https://physicslibrary.org/?op=getobj;from=books;id=90,questionable/manual review,low,No explicit reusable-license or public-domain evidence on catalog page," downloads at: http://www.freebookcentre.net/physics-books-download/gotoweb.php?id=535 Rights: Open access: http://www.freebookcentre.net/physics-books-download/gotoweb.php?id=535 Copyright@2008 by Princeton University Press http://ab-initio.mit.edu/book/photonic-crystals-book.pdf Download: Aphxtlb.pdf Links: Physics Classification : 00. (GENERAL) 02. (Mathematical methods in physics) 03. (Quantum mechanics, field theories, and special relativity ) 03.65.Fd (Algebraic methods ) ISBN #:",https://aux.physicslibrary.org/files/books/90/Aphxtlb.pdf,1666
91,A Concise Course in Algebraic Topology | Physics Library,https://physicslibrary.org/?op=getobj;from=books;id=91,questionable/manual review,low,No explicit reusable-license or public-domain evidence on catalog page,"'' A review of this and other books by the same author can be downloaded as a PDF at http://math.vassar.edu/faculty/McCleary/May.review.pdf Rights: currently open, revised version Copyright@1999, The University of Chicago, http://www.math.uchicago.edu/~may/CONCISE/ConciseRevised.pdf Download: Atjpmay.pdf Links: Physics Classification : 00. (GENERAL) 02. (Mathematical methods in physics) 03. (Quantum mechanics, field theories, and special relativity ) ISBN #:",https://aux.physicslibrary.org/files/books/91/Atjpmay.pdf,3391
94,A K-Theory and NonCommutative Geometry: Cyclic Cohomology for Hopf algebras | Physics Library,https://physicslibrary.org/?op=getobj;from=books;id=94,questionable/manual review,low,No explicit reusable-license or public-domain evidence on catalog page,,https://aux.physicslibrary.org/files/books/94/Akthng.pdf,1576
95,A Lecture Course in Geometric Algebra | Physics Library,https://physicslibrary.org/?op=getobj;from=books;id=95,questionable/manual review,low,No explicit reusable-license or public-domain evidence on catalog page,"os Questions A Complete set of the overheads accompanying the course is also available."" Free download online at: http://www.mrao.cam.ac.uk/~clifford/ptIIIcourse/course99/ Rights: Copyright: ""You are welcome to download and print the following documents. Please consult the authors if you wish to make multiple copies."" Free download online at: http://www.mrao.cam.ac.uk/~clifford/ptIIIcourse/course99/ Links: Physics Classification : 00. (GENERAL) 02. (Mathematical methods in physics) 03. (Quantum ",,2119
96,Lecture on Operator K-Theory and the Atiyah-Singer Index Theorem | Physics Library,https://physicslibrary.org/?op=getobj;from=books;id=96,questionable/manual review,low,No explicit reusable-license or public-domain evidence on catalog page,,https://aux.physicslibrary.org/files/books/96/Aopktbk.pdf,1630
99,A series of Lecture Notes on the K-Theory of Operator Algebras | Physics Library,https://physicslibrary.org/?op=getobj;from=books;id=99,questionable/manual review,low,No explicit reusable-license or public-domain evidence on catalog page,,https://aux.physicslibrary.org/files/books/99/Akthop2.pdf,1950
101,Abstract Algebra On Line --including Galois theory | Physics Library,https://physicslibrary.org/?op=getobj;from=books;id=101,questionable/manual review,low,No explicit reusable-license or public-domain evidence on catalog page,"roblems for groups and Galois theory on line at: http://www.math.niu.edu/~beachy/abstract_algebra/review.pdf Rights: Open: for private study use only (no additional reproduction). Copyright@2000 by John A. Beachy and William D. Blair, with open use by students as stated on line at: http://www.math.niu.edu/~beachy/aaol/contents.html#index http://www.math.niu.edu/~beachy/abstract_algebra/guide/guide.pdf Download: Galois1.pdf Links: Physics Classification : 00. (GENERAL) 02. (Mathematical methods i || tml#index and problems for groups and Galois theory on line at: http://www.math.niu.edu/~beachy/abstract_algebra/review.pdf Rights: Open: for private study use only (no additional reproduction). Copyright@2000 by John A. Beachy and William D. Blair, with open use by students as stated on line at: http://www.math.niu.edu/~beachy/aaol/contents.html#index http://www.math.niu.edu/~beachy/abstract_algebra/guide/guide.pdf Download: Galois1.pdf Links: Physics Classification : 00. (GENERAL) 02. (Mathema",https://aux.physicslibrary.org/files/books/101/Galois1.pdf,1885
105,Abstract Algebra: A Study Guide for Beginners --including Supplement Lecture Notes. | Physics Library,https://physicslibrary.org/?op=getobj;from=books;id=105,questionable/manual review,low,No explicit reusable-license or public-domain evidence on catalog page,"s, Groups, Polynomials , commutative rings, Fields and Solutions in 6 chapters and six sections of solutions, Bibliography and Index. Includes: ""Supplement Lecture Notes"". Rights: Copyright@ 2000 by John A. Beachy and William D. Blair http://www.math.niu.edu/~beachy/abstract_algebra/supplement.pdf http://www.math.niu.edu/~beachy/abstract_algebra_2ed/guide/guide.pdf Permission is granted to copy this document in electronic form, or to print it for personal use, under these conditions: it must be  || t@ 2000 by John A. Beachy and William D. Blair http://www.math.niu.edu/~beachy/abstract_algebra/supplement.pdf http://www.math.niu.edu/~beachy/abstract_algebra_2ed/guide/guide.pdf Permission is granted to copy this document in electronic form, or to print it for personal use, under these conditions: it must be reproduced in whole; it must not be modified in any way; it must not be used as part of another publication."" http://www.math.niu.edu/beachy/abstract algebra/ Download: Abalgd2.pdf Links:  || du/~beachy/abstract_algebra_2ed/guide/guide.pdf Permission is granted to copy this document in electronic form, or to print it for personal use, under these conditions: it must be reproduced in whole; it must not be modified in any way; it must not be used as part of another publication."" http://www.math.niu.edu/beachy/abstract algebra/ Download: Abalgd2.pdf Links: Physics Classification : 00. (GENERAL) 02. (Mathematical methods in physics) 03. (Quantum mechanics, field theories, and special rel",https://aux.physicslibrary.org/files/books/105/Abalgd2.pdf,2060
111,Advanced Calculus (revised edition) | Physics Library,https://physicslibrary.org/?op=getobj;from=books;id=111,CC,high,Explicit Creative Commons marker on book page,"e use at: http://www.math.harvard.edu/~shlomo/docs/Advanced_Calculus.pdf Rights: Open access: http://www.math.harvard.edu/people/SternbergShlomo.html This book is licensed under a Creative Commons License. ""Free downloads online available only for private use."" Links: Physics Classification : 00. (GENERAL) 02. (Mathematical methods in physics) ISBN #: || ed by: bci1 Comments: 560 pages, year 2004 Abstract: A solid, comprehensive textbook of advanced calculus including physical applications to Classical Mechanics. Free download for private use at: http://www.math.harvard.edu/~shlomo/docs/Advanced_Calculus.pdf Rights: Open access: http://www.math.harvard.edu/people/SternbergShlomo.html This book is licensed under a Creative Commons License. ""Free downloads online available only for private use."" Links: Physics Classification : 00. (GENERAL) 02. (M || .pdf Rights: Open access: http://www.math.harvard.edu/people/SternbergShlomo.html This book is licensed under a Creative Commons License. ""Free downloads online available only for private use."" Links: Physics Classification : 00. (GENERAL) 02. (Mathematical methods in physics) ISBN #: || wnload for private use at: http://www.math.harvard.edu/~shlomo/docs/Advanced_Calculus.pdf Rights: Open access: http://www.math.harvard.edu/people/SternbergShlomo.html This book is licensed under a Creative Commons License. ""Free downloads online available only for private use."" Links: Physics Classification : 00. (GENERAL) 02. (Mathematical methods in physics) ISBN #: || www.math.harvard.edu/~shlomo/docs/Advanced_Calculus.pdf Rights: Open access: http://www.math.harvard.edu/people/SternbergShlomo.html This book is licensed under a Creative Commons License. ""Free downloads online available only for private use."" Links: Physics Classification : 00. (GENERAL) 02. (Mathematical methods in physics) ISBN #:",,1418
115,Algebraic Topology | Physics Library,https://physicslibrary.org/?op=getobj;from=books;id=115,questionable/manual review,low,No explicit reusable-license or public-domain evidence on catalog page,,https://aux.physicslibrary.org/files/books/115/ATbook550pp.pdf,1694
128,A Spectroscopy textbook | Physics Library,https://physicslibrary.org/?op=getobj;from=books;id=128,questionable/manual review,low,No explicit reusable-license or public-domain evidence on catalog page,,https://aux.physicslibrary.org/files/books/128/Aspecbk.pdf,2216
131,Algebraic K-theory | Physics Library,https://physicslibrary.org/?op=getobj;from=books;id=131,questionable/manual review,low,No explicit reusable-license or public-domain evidence on catalog page,,https://aux.physicslibrary.org/files/books/131/At2bas.pdf,1653
136,Algebraic Topology-2002 | Physics Library,https://physicslibrary.org/?op=getobj;from=books;id=136,questionable/manual review,low,No explicit reusable-license or public-domain evidence on catalog page,,https://aux.physicslibrary.org/files/books/136/Athachr.pdf,1200
137,Algebra: Abstract and Concrete | Physics Library,https://physicslibrary.org/?op=getobj;from=books;id=137,questionable/manual review,low,No explicit reusable-license or public-domain evidence on catalog page,,https://aux.physicslibrary.org/files/books/137/Algac.pdf,1559
138,"A Systemic, Mathematical Approach to Learning Organization and Team Learning: Lectures | Physics Library",https://physicslibrary.org/?op=getobj;from=books;id=138,questionable/manual review,low,No explicit reusable-license or public-domain evidence on catalog page,,https://aux.physicslibrary.org/files/books/138/Asysmic.pdf,6062
139,Prigogine's Thermodynamic Emergence and Continuous Topological Evolution and Continuous Topological Evolution | Physics Library,https://physicslibrary.org/?op=getobj;from=books;id=139,questionable/manual review,low,No explicit reusable-license or public-domain evidence on catalog page,,https://aux.physicslibrary.org/files/books/139/Atme.pdf,3468
141,An elementary theory of the category of sets | Physics Library,https://physicslibrary.org/?op=getobj;from=books;id=141,questionable/manual review,low,No explicit reusable-license or public-domain evidence on catalog page,,https://aux.physicslibrary.org/files/books/141/Acatlwf.pdf,1398
142,An Introduction to Probability and Random Processes | Physics Library,https://physicslibrary.org/?op=getobj;from=books;id=142,questionable/manual review,low,No explicit reusable-license or public-domain evidence on catalog page,"pplications of functional analysis :: Applications in probability theory and statistics) Rights: http://www.ellerman.org/Davids-Stuff/Maths/Rota-Baclawski-Prob-Theory-79.pdf Open: Copyright@1979 by Kenneth Baclawski and Gian-Carlo Rota Free downloads Download: Rota-Baclawski-Prob-Theory-79.pdf Links: Physics Classification : 00. (GENERAL) 02. (Mathematical methods in physics) 03. (Quantum mechanics, field theories, and special relativity ) 03.65.Fd (Algebraic methods ) ISBN #:",https://aux.physicslibrary.org/files/books/142/Rota-Baclawski-Prob-Theory-79.pdf,2022
144,Chebyshev and Fourier Spectral Methods- 2nd edition | Physics Library,https://physicslibrary.org/?op=getobj;from=books;id=144,U.S. public domain,medium,Explicit public-domain marker; jurisdiction/source still worth confirming,"ce textbook. Free on line download at: http://www-personal.umich.edu/~jpboyd/aaabook_9500may00.pdf Rights: ""The copyrights for versions of this site from 1993 are dedicated to the public domain, as of January 1, 2008. This is a complete, and irrevocable, dedication of those copyrights."" http://www-personal.umich.edu/~jpboyd/aaabook_9500may00.pdf http://onlinebooks.library.upenn.edu/licenses.html http://onlinebooks.library.upenn.edu/webbin/book/browse? Download: AchebFT.pdf Links: Physics Classif ||  It contains 23 chapters and six appendices. A very valuable reference textbook. Free on line download at: http://www-personal.umich.edu/~jpboyd/aaabook_9500may00.pdf Rights: ""The copyrights for versions of this site from 1993 are dedicated to the public domain, as of January 1, 2008. This is a complete, and irrevocable, dedication of those copyrights."" http://www-personal.umich.edu/~jpboyd/aaabook_9500may00.pdf http://onlinebooks.library.upenn.edu/licenses.html http://onlinebooks.library.upenn. || pdf Rights: ""The copyrights for versions of this site from 1993 are dedicated to the public domain, as of January 1, 2008. This is a complete, and irrevocable, dedication of those copyrights."" http://www-personal.umich.edu/~jpboyd/aaabook_9500may00.pdf http://onlinebooks.library.upenn.edu/licenses.html http://onlinebooks.library.upenn.edu/webbin/book/browse? Download: AchebFT.pdf Links: Physics Classification : 00. (GENERAL) 02. (Mathematical methods in physics) 03. (Quantum mechanics, field the || ary 1, 2008. This is a complete, and irrevocable, dedication of those copyrights."" http://www-personal.umich.edu/~jpboyd/aaabook_9500may00.pdf http://onlinebooks.library.upenn.edu/licenses.html http://onlinebooks.library.upenn.edu/webbin/book/browse? Download: AchebFT.pdf Links: Physics Classification : 00. (GENERAL) 02. (Mathematical methods in physics) 03. (Quantum mechanics, field theories, and special relativity ) ISBN #:",https://aux.physicslibrary.org/files/books/144/AchebFT.pdf,1782
145,"An update of : ""Functorial Semantics of Algebraic Theories."" | Physics Library",https://physicslibrary.org/?op=getobj;from=books;id=145,questionable/manual review,low,No explicit reusable-license or public-domain evidence on catalog page,"les/5/tr5.dvi Rights: Open: originally published as: William F. Lawvere's Ph.D. thesis, Columbia University, 1963; and in Reports of the Midwest Category Seminar II, 1968, 41-61, ""Copyright@Springer-Verlag, and used by permission."" http://www.tac.mta.ca/tac/reprints/articles/ Download: Afsemlw.htm Links: Physics Classification : 00. (GENERAL) 02. (Mathematical methods in physics) 03. (Quantum mechanics, field theories, and special relativity ) ISBN #: || published as: William F. Lawvere's Ph.D. thesis, Columbia University, 1963; and in Reports of the Midwest Category Seminar II, 1968, 41-61, ""Copyright@Springer-Verlag, and used by permission."" http://www.tac.mta.ca/tac/reprints/articles/ Download: Afsemlw.htm Links: Physics Classification : 00. (GENERAL) 02. (Mathematical methods in physics) 03. (Quantum mechanics, field theories, and special relativity ) ISBN #:",,2009
148,Current Topics in Complex Algebraic Geometry | Physics Library,https://physicslibrary.org/?op=getobj;from=books;id=148,questionable/manual review,low,No explicit reusable-license or public-domain evidence on catalog page,,https://aux.physicslibrary.org/files/books/148/AGeomcorti.pdf,3342
149,Grothendieck Theory of Dessins d'Enfants (The) (London Mathematical Society Lecture Note Series) | Physics Library,https://physicslibrary.org/?op=getobj;from=books;id=149,questionable/manual review,low,No explicit reusable-license or public-domain evidence on catalog page," Esquisse, Konstruktive Galoistheorie, Leningrad Math, Nikolai Adrianov, Scott Wolpert: http://www.ams.org/tran/2000-352-07/S0002-9947-00-02347-3/S0002-9947-00-02347-3.pdf Rights: Copyright @ Cambridge University Press 1994 http://www.ams.org/tran/2000-352-07/S0002-9947-00-02347-3/S0002-9947-00-02347-3.pdf http://planetmath.org/?op=getobj&from=objects&id=10995 Download: AfgmodGrTichm.pdf Afndgtich.mht S0002-9947-00-02347-3.pdf Links: Physics Classification : 00. (GENERAL) 02. (Mathematical metho",https://aux.physicslibrary.org/files/books/149/AfgmodGrTichm.pdf | https://aux.physicslibrary.org/files/books/149/S0002-9947-00-02347-3.pdf,4197
150,Groupoid Representations | Physics Library,https://physicslibrary.org/?op=getobj;from=books;id=150,questionable/manual review,low,No explicit reusable-license or public-domain evidence on catalog page,"(research) M. Buneci, Groupoid Representations: ""Reprezentari de Grupoizi""., Editura Mirton, Timishoara, 2003. http://www.utgjiu.ro/math/mbuneci/preprint.html Rights: Open access: Copyright@2001-2008 Madalina R. Buneci http://www.utgjiu.ro/math/mbuneci/preprint.html Download: Ambunpr.htm Links: Physics Classification : 00. (GENERAL) 02. (Mathematical methods in physics) 03. (Quantum mechanics, field theories, and special relativity )",,6504
151,Graph Theory | Physics Library,https://physicslibrary.org/?op=getobj;from=books;id=151,questionable/manual review,low,No explicit reusable-license or public-domain evidence on catalog page,,,1344
152,Elementary Topology. Problem Textbook | Physics Library,https://physicslibrary.org/?op=getobj;from=books;id=152,questionable/manual review,low,No explicit reusable-license or public-domain evidence on catalog page,,,1307
155,Dynamical Systems (I) | Physics Library,https://physicslibrary.org/?op=getobj;from=books;id=155,questionable/manual review,low,No explicit reusable-license or public-domain evidence on catalog page,,,1459
156,Graph Theory with Applications | Physics Library,https://physicslibrary.org/?op=getobj;from=books;id=156,U.S. public domain,medium,Explicit public-domain marker; jurisdiction/source still worth confirming,"hat belong to the authors or the publishers. Please also note that each author and publisher has their own terms and conditions in the forms of free / open documentation licenses, public domain or other specific ones. You are allowed to view, download and with a very few exceptions, print the books for your own private use at no charge. "" http://www.ecp6.jussieu.fr/pageperso/bondy/books/gtwa/pdf/GTWA.pdf http://www.freetechbooks.com/graph-theory-with-applications-t559.html Open Copyright @ 1962  ||  Appendix III: Some Interesting Graphs Appendix IV: Unsolved Problems Appendix V: Suggestions for Further Reading Glossary of Symbols Index. 22 Mb free downloads. Rights: Verbatim Copyright statement by author J. A. Bondy who wrote: ""The text Graph Theory with Applications by U.S.R. Murty and myself has been out of print for some time. Professor Murty and I are currently preparing a new introduction to the subject, with the tentative title Graph Theory. In the meantime, we are making available p ||  your own private use at no charge. "" http://www.ecp6.jussieu.fr/pageperso/bondy/books/gtwa/pdf/GTWA.pdf http://www.freetechbooks.com/graph-theory-with-applications-t559.html Open Copyright @ 1962 by Morton Hamermesh Download: Graftwap.pdf Links: Physics Classification : 00. (GENERAL) 02. (Mathematical methods in physics) ISBN #: || e forms of free / open documentation licenses, public domain or other specific ones. You are allowed to view, download and with a very few exceptions, print the books for your own private use at no charge. "" http://www.ecp6.jussieu.fr/pageperso/bondy/books/gtwa/pdf/GTWA.pdf http://www.freetechbooks.com/graph-theory-with-applications-t559.html Open Copyright @ 1962 by Morton Hamermesh Download: Graftwap.pdf Links: Physics Classification : 00. (GENERAL) 02. (Mathematical methods in physics) ISBN # || websites that belong to the authors or the publishers. Please also note that each author and publisher has their own terms and conditions in the forms of free / open documentation licenses, public domain or other specific ones. You are allowed to view, download and with a very few exceptions, print the books for your own private use at no charge. "" http://www.ecp6.jussieu.fr/pageperso/bondy/books/gtwa/pdf/GTWA.pdf http://www.freetechbooks.com/graph-theory-with-applications-t559.html Open Copyrig",https://aux.physicslibrary.org/files/books/156/Graftwap.pdf,2947
157,Grassmann Algebra | Physics Library,https://physicslibrary.org/?op=getobj;from=books;id=157,questionable/manual review,low,No explicit reusable-license or public-domain evidence on catalog page,"k Downloads Snapshots Information Legalese About Book: Grassmann Algebra Grassmann Algebra Authors: John M Browne Uploaded by: bci1 Comments: PDF free download --subject to stated copyright permissions, over 1Mb text in 13 Chapters w. Appendices, Software, 2007-2k8 Abstract: Contains also Clifford Algebra and matrix representations in addition to powerful Mathematica(TM)-based software for concrete/specific applications listed next. Bibliography and Grassmann's Biography also included Author's A || /book/index.htm http://www.grassmannalgebra.info/grassmannalgebra/book/index.htm#Software http://www.grassmannalgebra.info/index.htm Rights: Open access only for individual study: Copyright @ John M Browne 2007 http://www.grassmannalgebra.info/grassmannalgebra/book/index.htm http://www.grassmannalgebra.info/index.htm ''Copyright agreement: All the chapters you see available here are of course protected by copyright. It is a condition of your accessing the files that you agree to use them for you || Open access only for individual study: Copyright @ John M Browne 2007 http://www.grassmannalgebra.info/grassmannalgebra/book/index.htm http://www.grassmannalgebra.info/index.htm ''Copyright agreement: All the chapters you see available here are of course protected by copyright. It is a condition of your accessing the files that you agree to use them for your own individual private study only. They may not otherwise be copied or distributed in any way in whole or in part without the permission of || nnalgebra.info/grassmannalgebra/book/index.htm http://www.grassmannalgebra.info/index.htm ''Copyright agreement: All the chapters you see available here are of course protected by copyright. It is a condition of your accessing the files that you agree to use them for your own individual private study only. They may not otherwise be copied or distributed in any way in whole or in part without the permission of the author. You may reference or quote small sections of the work as long as due acknow || s Snapshots Information Legalese About Book: Grassmann Algebra Grassmann Algebra Authors: John M Browne Uploaded by: bci1 Comments: PDF free download --subject to stated copyright permissions, over 1Mb text in 13 Chapters w. Appendices, Software, 2007-2k8 Abstract: Contains also Clifford Algebra and matrix representations in addition to powerful Mathematica(TM)-based software for concrete/specific applications listed next. Bibliography and Grassmann's Biography also included Author's Abstract an || cessing the files that you agree to use them for your own individual private study only. They may not otherwise be copied or distributed in any way in whole or in part without the permission of the author. You may reference or quote small sections of the work as long as due acknowledgment is made.'' John M Browne Download: Agrsman.pdf Links: Physics Classification : 00. (GENERAL) 02. (Mathematical methods in physics) 03. (Quantum mechanics, field theories, and special relativity ) ISBN #:",https://aux.physicslibrary.org/files/books/157/Agrsman.pdf,8205
159,Effective Hamiltonians and Averaging for Hamiltonian Dynamics- I | Physics Library,https://physicslibrary.org/?op=getobj;from=books;id=159,questionable/manual review,low,No explicit reusable-license or public-domain evidence on catalog page,,,1520
161,Mathematics of Modality | Physics Library,https://physicslibrary.org/?op=getobj;from=books;id=161,do-not-publish,high,Restrictive rights/use language detected,"mic Publishers. ""The McKinsey Axiom is Not Canonical"" originally appeared in The Journal of Symbolic Logic, vol. 56, 554-562. Copyright@1991 by The Association for Symbolic Logic. All Rights Reserved. This reproduction by special permission.), and concludes with: ""Elementary Logics are Canonical and Pseudo-Equational"". Rights: Open access: for individual study only. Copyright@1993 by Center for the Study of Language and Information Leland Stanford Junior University http://sul-derivatives.stanfor || nts the Metamathematics of Modal Logic (""Metamathematics of Modal Logic"" originally appeared in Reports on Mathematical Logic, vol. 6, 41-78 (Part I), and vol. 7, 21-52 (Part II). Copyright@1976 by the Jagiellonian University of Cracow. Reprinted by permission), as well as several related topics: Semantic Analysis of Orthologic (""Semantic Analysis of Orthologic"" originally appeared in the Journal of Philosophical Logic, vol. 3, 19-35. Copyright@1974 by D. Reidel Publishing Company, Dordrecht.);  || n), as well as several related topics: Semantic Analysis of Orthologic (""Semantic Analysis of Orthologic"" originally appeared in the Journal of Philosophical Logic, vol. 3, 19-35. Copyright@1974 by D. Reidel Publishing Company, Dordrecht.); Orthomodularity is Not Elementary (""Orthomodularity is Not Elementary"" originally appeared in The Journal of Symbolic Logic, vol. 49, 401-404. Copyright@1984by The Association for Symbolic Logic. AllRights Reserved. This reproduction by special permission.);  || del Publishing Company, Dordrecht.); Orthomodularity is Not Elementary (""Orthomodularity is Not Elementary"" originally appeared in The Journal of Symbolic Logic, vol. 49, 401-404. Copyright@1984by The Association for Symbolic Logic. AllRights Reserved. This reproduction by special permission.); Grothendieck Topology as Geometric Modality(""Grothendieck Topology as Geometric Modality"" originally appeared in Zeitsckrift fur Mathematische Logik und Grundlagen der Mathematik, vol. 27, 495-529. Copyri || ogy as Geometric Modality(""Grothendieck Topology as Geometric Modality"" originally appeared in Zeitsckrift fur Mathematische Logik und Grundlagen der Mathematik, vol. 27, 495-529. Copyright@1981VEB Deutscher Verlag der Wissenschaften Berlin. Reprinted by permission.);""An Abstract Setting for Henkin Proofs"" originally appeared in Topoi, vol. 3, 37-41. Copyright@1984 by D. Reidel Publishing Company, Dordrecht-Holland. Reprinted bypermission of Kluwer Academic Publishers. ""The McKinsey Axiom is Not || 5-529. Copyright@1981VEB Deutscher Verlag der Wissenschaften Berlin. Reprinted by permission.);""An Abstract Setting for Henkin Proofs"" originally appeared in Topoi, vol. 3, 37-41. Copyright@1984 by D. Reidel Publishing Company, Dordrecht-Holland. Reprinted bypermission of Kluwer Academic Publishers. ""The McKinsey Axiom is Not Canonical"" originally appeared in The Journal of Symbolic Logic, vol. 56, 554-562. Copyright@1991 by The Association for Symbolic Logic. All Rights Reserved. This reproduct || drecht-Holland. Reprinted bypermission of Kluwer Academic Publishers. ""The McKinsey Axiom is Not Canonical"" originally appeared in The Journal of Symbolic Logic, vol. 56, 554-562. Copyright@1991 by The Association for Symbolic Logic. All Rights Reserved. This reproduction by special permission.), and concludes with: ""Elementary Logics are Canonical and Pseudo-Equational"". Rights: Open access: for individual study only. Copyright@1993 by Center for the Study of Language and Information Leland Sta || s Reserved. This reproduction by special permission.), and concludes with: ""Elementary Logics are Canonical and Pseudo-Equational"". Rights: Open access: for individual study only. Copyright@1993 by Center for the Study of Language and Information Leland Stanford Junior University http://sul-derivatives.stanford.edu/derivative?CSNID=00003783&mediaType=application/pdf Download: Ametmod.pdf Links: Physics Classification : 00. (GENERAL) 02. (Mathematical methods in physics) 03. (Quantum mechanics, f || c"" originally appeared in Reports on Mathematical Logic, vol. 6, 41-78 (Part I), and vol. 7, 21-52 (Part II). Copyright@1976 by the Jagiellonian University of Cracow. Reprinted by permission), as well as several related topics: Semantic Analysis of Orthologic (""Semantic Analysis of Orthologic"" originally appeared in the Journal of Philosophical Logic, vol. 3, 19-35. Copyright@1974 by D. Reidel Publishing Company, Dordrecht.); Orthomodularity is Not Elementary (""Orthomodularity is Not Elementary"" || tary"" originally appeared in The Journal of Symbolic Logic, vol. 49, 401-404. Copyright@1984by The Association for Symbolic Logic. AllRights Reserved. This reproduction by special permission.); Grothendieck Topology as Geometric Modality(""Grothendieck Topology as Geometric Modality"" originally appeared in Zeitsckrift fur Mathematische Logik und Grundlagen der Mathematik, vol. 27, 495-529. Copyright@1981VEB Deutscher Verlag der Wissenschaften Berlin. Reprinted by permission.);""An Abstract Setting",https://aux.physicslibrary.org/files/books/161/Ametmod.pdf,2817
164,Practical Foundations of Mathematics: computer science algebra | Physics Library,https://physicslibrary.org/?op=getobj;from=books;id=164,questionable/manual review,low,No explicit reusable-license or public-domain evidence on catalog page,"html/index.html http://www.freetechbooks.com/practical-foundations-of-mathematics-t359 Rights: http://www.freetechbooks.com/practical-foundations-of-mathematics-t359.html verbatim Copyright statement :""All the books listed in this site are freely available, as they are hosted on websites that belong to the authors or the publishers."" Download: pctquants.mht prcmcomp.mht prctfibre prctfmatbib.mht quantifs.htm Links: Physics Classification : 00. (GENERAL) 02. (Mathematical methods in physics) 03. ",,2391
166,Presenting Quantum Schur Algebras as Quotients of the Quantized Universal Enveloping Algebra of U(gl_2) | Physics Library,https://physicslibrary.org/?op=getobj;from=books;id=166,questionable/manual review,low,No explicit reusable-license or public-domain evidence on catalog page,,https://aux.physicslibrary.org/files/books/166/FundamentalFormulasOfPhysics.tex,2250
167,Nonabelian Algebraic Topology vol. 1 | Physics Library,https://physicslibrary.org/?op=getobj;from=books;id=167,questionable/manual review,low,No explicit reusable-license or public-domain evidence on catalog page,"topy theory of crossed complexes, as well as the concept of a cubical omega-groupoid with connection."" Rights: Open access: http://www.bangor.ac.uk/~mas010/nonab-t/partI010604.pdf Copyright@ 2004 R. Brown/R. Sivera http://www.bangor.ac.uk/~mas010/nonab-t/partI010604.pdf http://www.bangor.ac.uk/~mas010/nonab-a-t.html http://arxiv.org/PS_cache/math/pdf/0407/0407275v2.pdf http://arxiv.org/abs/math.AT/0407275 http://arxiv.org/PS_cache/math/pdf/0702/0702677v1.pdf Download: Anatv1.pdf Links: Physics C",https://aux.physicslibrary.org/files/books/167/Anatv1.pdf,2572
168,"Introduction to Groups, Invariants and Particles | Physics Library",https://physicslibrary.org/?op=getobj;from=books;id=168,questionable/manual review,low,No explicit reusable-license or public-domain evidence on catalog page,,https://aux.physicslibrary.org/files/books/168/Agroups.pdf,1610
169,"Second Joint Meeting of AMS, DMV, and OMG | Physics Library",https://physicslibrary.org/?op=getobj;from=books;id=169,questionable/manual review,low,No explicit reusable-license or public-domain evidence on catalog page,,https://aux.physicslibrary.org/files/books/169/ABooklet.pdf,1482
170,"Seminar on Triples and Categorical Homology Theory, Lecture Notes in Mathematics, Volume 80 | Physics Library",https://physicslibrary.org/?op=getobj;from=books;id=170,questionable/manual review,low,No explicit reusable-license or public-domain evidence on catalog page,"olume 80"", Springer-Verlag, 1969. Republished in: Reprints in Theory and Applications of Categories, No. 18 (2008) pp. 1-303. Downloads available. Note conditions in statement of: CopyrightÃƒÂƒÃ‚Â‚ÃƒÂ‚Ã‚Â©by The Editors of Theory and Applications of Categories http://www.tac.mta.ca/tac/reprints/articles/18/tr18.pdf http://www.tac.mta.ca/tac/reprints/articles/18/tr18.ps http://www.tac.mta.ca/tac/reprints/articles/18/tr18abs.html Download: AHomTh.pdf Links: Physics Classification : 00. (GENERAL) 0",https://aux.physicslibrary.org/files/books/170/AHomTh.pdf,2238
171,"Seminars on Algebraic Geometry, vol.1 (Seminaires en Ge'ometrie Alge'brique du Bois Marie - 4, Tome 1, Expose' 1) | Physics Library",https://physicslibrary.org/?op=getobj;from=books;id=171,questionable/manual review,low,No explicit reusable-license or public-domain evidence on catalog page,sMathematiques/ http://smf.emath.fr/Publications/DocumentsMathematiques/2003/3/html/smf_doc-math_3.html http://planetmath.org/?op=getobj&from=objects&id=10995 Rights: Open access: Copyrights@ 1969 and 2009 by Alexander Grothendieck http://modular.fas.harvard.edu/sga/sga/pdf/index.html http://modular.fas.harvard.edu/sga/sga/pdf/sga1.pdf http://modular.fas.harvard.edu/sga/sga/pdf/index http://smf.emath.fr/Publications/DocumentsMathematiques/ http://smf.emath.fr/Publications/DocumentsMathematiques/,https://aux.physicslibrary.org/files/books/171/sga1.pdf,3584
172,Solution Manual: An Introduction to Algebraic Topology (JJR) | Physics Library,https://physicslibrary.org/?op=getobj;from=books;id=172,questionable/manual review,low,No explicit reusable-license or public-domain evidence on catalog page,ometric and analytical origins of various concepts in algebraic topology). http://akhtarmath.files.wordpress.com/2008/05/rotman_algebraictopology_13052008.pdf Rights: Open access: Copyright@2008 by MOHAMMAD EHTISHAM AKHTAR http://akhtarmath.files.wordpress.com/2008/05/rotman_algebraictopology_13052008.pdf Download: ATrotman.pdf Links: Physics Classification : 02. (Mathematical methods in physics),https://aux.physicslibrary.org/files/books/172/ATrotman.pdf,2037
173,Molecular Physics | Physics Library,https://physicslibrary.org/?op=getobj;from=books;id=173,questionable/manual review,low,No explicit reusable-license or public-domain evidence on catalog page,", argon THE NATURE AND SIZE OF AN ELECTRON 67 Kaufmann's , velocity , electrical mass THE CHEMISTRY OF THE MODEL ATOM 86 valency electrons , chlorine , electrolysis Rights: Not in copyright at present: The internet archives Download: Molecular_physics.pdf Links: Physics Classification : 00. (GENERAL) 02. (Mathematical methods in physics) 03. (Quantum mechanics, field theories, and special relativity ) 03.65.Fd (Algebraic methods )",https://aux.physicslibrary.org/files/books/173/Molecular_physics.pdf,1853
175,"Catalogue of scientific papers, 1800-1900 : subject index (1908) | Physics Library",https://physicslibrary.org/?op=getobj;from=books;id=175,questionable/manual review,low,No explicit reusable-license or public-domain evidence on catalog page,"physics and mathematics; pure mathematics. 1908.--II. Mechanics. 1909.--III. Physics: pt.1 Generalities, heat, light, sound. pt.2 Electricity and magnetism. 1912-14 Rights: NOT_IN_COPYRIGHT: The Internet archive Download: royalpbs.pdf Links: Physics Classification : 00. (GENERAL) 02. (Mathematical methods in physics)",https://aux.physicslibrary.org/files/books/175/royalpbs.pdf,1379
176,"An elementary treatise on Fourier's series and spherical, cylindrical, and ellipsoidal harmonics with applications to problems in mathematical physics | Physics Library",https://physicslibrary.org/?op=getobj;from=books;id=176,questionable/manual review,low,No explicit reusable-license or public-domain evidence on catalog page,"ace equation amd ellipsoidal harmonics in mathematical physics. Numerous problems with solutions. free downloads at: http://www.archive.org/details/cu31924004042077 Rights: NOT in Copyright: The Internet archive Download: Fourier.pdf Links: Physics Classification : 00. (GENERAL) 02. (Mathematical methods in physics) 03. (Quantum mechanics, field theories, and special relativity )",https://aux.physicslibrary.org/files/books/176/Fourier.pdf,1633
177,Works of Sir Isaac Newton--Isaaci Newtoni Opera quae exstant omnia | Physics Library,https://physicslibrary.org/?op=getobj;from=books;id=177,questionable/manual review,low,No explicit reusable-license or public-domain evidence on catalog page,"RATIONS . 58 VI MINOR WORKS .59 VII CHRONOLOGICAL, THEOLOGICAL and MISCELLANEOUS WORKS 61 VIII REPORTS ON COINAGE, c 68 IX WORKS EDITED BY NEWTON 69 X MEMOIRS, c 70 Rights: Not in copyright: The Internet archives http://www.archive.org/details/bibliographyofwo00grayrich Download: Newtnbib.pdf Links: Physics Classification : 00. (GENERAL) 02. (Mathematical methods in physics)",https://aux.physicslibrary.org/files/books/177/Newtnbib.pdf,2053
178,Physical Review Contents :1917 | Physics Library,https://physicslibrary.org/?op=getobj;from=books;id=178,questionable/manual review,low,No explicit reusable-license or public-domain evidence on catalog page,"aded by: bci1 Comments: 590 pages, 1917, APS Abstract: Physical Review Contents : Vols. for 1903- include Proceedings of the American Physical Society. Rights: Open access: Not in copyright The Internet archive Download: Physrev.pdf Links: Physics Classification : 00. (GENERAL) 02. (Mathematical methods in physics) 03. (Quantum mechanics, field theories, and special relativity )",https://aux.physicslibrary.org/files/books/178/Physrev.pdf,1169
179,"Roentgen rays: memoirs by Roentgen, Stokes, and J. J. Thomson | Physics Library",https://physicslibrary.org/?op=getobj;from=books;id=179,questionable/manual review,low,No explicit reusable-license or public-domain evidence on catalog page,"al Effect of X-Rays 39 cathodic rays , J. J. Thomson , Becquerel Electrified Particle Moving in Magnetic Field 69 Rontgen , University of Rochester , CHARLES WRIGHT Rights: Not in copyright: Open access: The Internet archives http://books.google.com/books?id=ifE5AAAAMAAJ&oe=UTF-8 Download: Xrays.pdf Links: Physics Classification : 00. (GENERAL) 02. (Mathematical methods in physics) 03. (Quantum mechanics, field theories, and special relativity ) 03.65.Fd (Algebraic methods )",https://aux.physicslibrary.org/files/books/179/Xrays.pdf,3170
180,Understanding Calculus | Physics Library,https://physicslibrary.org/?op=getobj;from=books;id=180,questionable/manual review,low,No explicit reusable-license or public-domain evidence on catalog page,"e many engineering applications aimed at developing the student's scientific approach towards problem solving."" Rights: Open access: http://www.understandingcalculus.com/index.php Copyright - UnderstandingCalculus.com Web Design by Online-Web-Software.com Developers of Event Registration Software Download: Calcs.htm Links: Physics Classification : 00. (GENERAL) ISBN #:",,1348
181,Vector Bundles and K-Theory: A Preprinted Preview | Physics Library,https://physicslibrary.org/?op=getobj;from=books;id=181,questionable/manual review,low,No explicit reusable-license or public-domain evidence on catalog page,"gs to do is to extend the proof of Bott periodicity from the complex case to the real case, following the argument in Atiyah's book, using Clifford algebras."" Rights: Open access: Copyright @ Allan Hatcher, 2003, 2008 http://www.math.cornell.edu/~hatcher/VBKT/VBpage.html http://www.math.cornell.edu/~hatcher/VBKT/VB.pdf Download: AHatchVBKt.pdf Links: Physics Classification : 00. (GENERAL) 02. (Mathematical methods in physics)",https://aux.physicslibrary.org/files/books/181/AHatchVBKt.pdf,2729
182,Free High School Science Texts: A Textbook for High School Students Studying Physics | Physics Library,https://physicslibrary.org/?op=getobj;from=books;id=182,GFDL,medium,Book-local GFDL/GNU licensing language detected,"ocument linked from Wikipedia. Rights: Copyright@2003 \Free High School Science Texts"" Permission is granted to copy, distribute and/or modify this document under the terms of the GNU Free Documentation License, Version 1.2 or any later version published by the Free Software Foundation; with no Invariant Sections, no Front-Cover Texts, and no Back-Cover Texts. A copy of the license is included in the section entitled \GNU Free Documentation License"". Download: Fhsstphysics.pdf Links: Physics Cla || on published by the Free Software Foundation; with no Invariant Sections, no Front-Cover Texts, and no Back-Cover Texts. A copy of the license is included in the section entitled \GNU Free Documentation License"". Download: Fhsstphysics.pdf Links: Physics Classification : 00. (GENERAL) || dex Very simple, readable with nice graphics/ figures/clear illustrations for high school physics students as a 2.5 Mb standalone printable document linked from Wikipedia. Rights: Copyright@2003 \Free High School Science Texts"" Permission is granted to copy, distribute and/or modify this document under the terms of the GNU Free Documentation License, Version 1.2 or any later version published by the Free Software Foundation; with no Invariant Sections, no Front-Cover Texts, and no Back-Cover Tex || gures/clear illustrations for high school physics students as a 2.5 Mb standalone printable document linked from Wikipedia. Rights: Copyright@2003 \Free High School Science Texts"" Permission is granted to copy, distribute and/or modify this document under the terms of the GNU Free Documentation License, Version 1.2 or any later version published by the Free Software Foundation; with no Invariant Sections, no Front-Cover Texts, and no Back-Cover Texts. A copy of the license is included in the sec || ipedia. Rights: Copyright@2003 \Free High School Science Texts"" Permission is granted to copy, distribute and/or modify this document under the terms of the GNU Free Documentation License, Version 1.2 or any later version published by the Free Software Foundation; with no Invariant Sections, no Front-Cover Texts, and no Back-Cover Texts. A copy of the license is included in the section entitled \GNU Free Documentation License"". Download: Fhsstphysics.pdf Links: Physics Classification : 00. (GENE || ation License, Version 1.2 or any later version published by the Free Software Foundation; with no Invariant Sections, no Front-Cover Texts, and no Back-Cover Texts. A copy of the license is included in the section entitled \GNU Free Documentation License"". Download: Fhsstphysics.pdf Links: Physics Classification : 00. (GENERAL) || e Software Foundation; with no Invariant Sections, no Front-Cover Texts, and no Back-Cover Texts. A copy of the license is included in the section entitled \GNU Free Documentation License"". Download: Fhsstphysics.pdf Links: Physics Classification : 00. (GENERAL)",https://aux.physicslibrary.org/files/books/182/Fhsstphysics.pdf,2002
183,Algebraic Groups and Discontinuous Subgroups | Physics Library,https://physicslibrary.org/?op=getobj;from=books;id=183,questionable/manual review,low,No explicit reusable-license or public-domain evidence on catalog page,"ous Subgroups Authors: Armand Borel and George D. Mostow Uploaded by: bci1 Comments: 426pp, 1966,Publisher: AMS: 7 files 27.38mb Abstract: Outline and contents: ""Frontmatter Title Copyright Contents: 1. Algebraic Groups, Arithmetic Groups 2. Arithmetic Properties of Algebraic Groups. Adele Groups 3. Automorphic Functions and Decomposition 4. Bounded Symmetric Domains, Holomorphic Automorphic Forms, Moduli 5. Quotients of Symmetric Spaces. Deformations Index Rights: Open access to downloadung ind",https://aux.physicslibrary.org/files/books/183/algarithgroups.pdf,1491
184,Geometric Asymptotics (Revised Edition) | Physics Library,https://physicslibrary.org/?op=getobj;from=books;id=184,questionable/manual review,low,No explicit reusable-license or public-domain evidence on catalog page,"symptotic solutions is a key chapter. (Free on line download at http://www.ams.org/online_bks/surv14/surv14-chII.pdf ). Rights: Open access: Free download for individual use only. Copyright @1977 by AMS, Statement quote: ""Download Individual Chapters - FREE (12 files - 30mb)"" at: http://www.ams.org/online_bks/surv14/surv14-chII.pdf http://www.ams.org/online_bks/surv14/ Download: diffopsasymp.pdf Links: Physics Classification : 00. (GENERAL) 02. (Mathematical methods in physics) ISBN #:",https://aux.physicslibrary.org/files/books/184/diffopsasymp.pdf,1700
187,Geometric Models for Noncommutative Algebra | Physics Library,https://physicslibrary.org/?op=getobj;from=books;id=187,questionable/manual review,low,No explicit reusable-license or public-domain evidence on catalog page,"ociated to affine algebraic varieties, differentiable manifolds, topological spaces, and measure spaces.""\\ The following are the `highlights' from this `free' book (with authors' copyrights!): \\ ""I Universal Enveloping Algebras 1 Algebraic Constructions. 1.1 Universal Enveloping Algebras. 1.2 Lie Algebra Deformations. 1.3 Symmetrization. 1.4 The Graded Algebra of U(g). \\\ 2 The Poincare'e-Birkhoff-Witt Theorem : II. Poisson Geometry. 3.3 Poisson Manifolds. 3.4 Structure Functions and Canonica || 0.5 Weyl Algebra Bundles, p.153. 21 Deformation Quantization p.155. 21.5 Classification of Deformation Quantizations, p.161. References, p.163. Index. Rights: Open access: authors copyright, free downloads http://www.math.ist.utl.pt/~acannas/Books/models_final.pdf Download: Noncomalgebs.pdf Links: Physics Classification : 00. (GENERAL) 02. (Mathematical methods in physics) 03. (Quantum mechanics, field theories, and special relativity ) ISBN #:",https://aux.physicslibrary.org/files/books/187/Noncomalgebs.pdf,4054
188,Classification of the Finite Simple Groups | Physics Library,https://physicslibrary.org/?op=getobj;from=books;id=188,do-not-publish,high,Restrictive rights/use language detected,"ciety, P. O. Box 6248, Providence, Rhode Island 02940-6248. Requests can also be made by e-mail to reprint-permission@ams.org. Copyright@1994 by the American Mathematical Society. All rights reserved. Reprinted with corrections, 2000. The American Mathematical Society retains all rights except those granted to the United States Government. Visit the AMS home page at URL: http://www.ams.org/ "" Download: ams_org.htm Links: Physics Classification : 00. (GENERAL) 02. (Mathematical methods in physics || ://www.ams.org/online_bks/surv40-1/surv40-1-master.pdf http://www.ams.org/online_bks/online_subject.html http://www.ams.org/online_bks/surv401/ American Mathematical Society, 1994 Copyright@ 2008 by American Mathematical Society ""Copying and reprinting. Individual readers of this publication, and nonprofit libraries acting for them, are permitted to make fair use of the material, such as to copy a chapter for use in teaching or research. Permission is granted to quote brief passages from this pu ||  Assistant to the Publisher, American Mathematical Society, P. O. Box 6248, Providence, Rhode Island 02940-6248. Requests can also be made by e-mail to reprint-permission@ams.org. Copyright@1994 by the American Mathematical Society. All rights reserved. Reprinted with corrections, 2000. The American Mathematical Society retains all rights except those granted to the United States Government. Visit the AMS home page at URL: http://www.ams.org/ "" Download: ams_org.htm Links: Physics Classification || al readers of this publication, and nonprofit libraries acting for them, are permitted to make fair use of the material, such as to copy a chapter for use in teaching or research. Permission is granted to quote brief passages from this publication in reviews, provided the customary acknowledgment of the source is given. Republication, systematic copying, or multiple reproduction of any material in this publication is permitted only under license from the American Mathematical Society. Requests f || ication, systematic copying, or multiple reproduction of any material in this publication is permitted only under license from the American Mathematical Society. Requests for such permission should be addressed to the Assistant to the Publisher, American Mathematical Society, P. O. Box 6248, Providence, Rhode Island 02940-6248. Requests can also be made by e-mail to reprint-permission@ams.org. Copyright@1994 by the American Mathematical Society. All rights reserved. Reprinted with corrections, 2 ||  be addressed to the Assistant to the Publisher, American Mathematical Society, P. O. Box 6248, Providence, Rhode Island 02940-6248. Requests can also be made by e-mail to reprint-permission@ams.org. Copyright@1994 by the American Mathematical Society. All rights reserved. Reprinted with corrections, 2000. The American Mathematical Society retains all rights except those granted to the United States Government. Visit the AMS home page at URL: http://www.ams.org/ "" Download: ams_org.htm Links: Ph || ovided the customary acknowledgment of the source is given. Republication, systematic copying, or multiple reproduction of any material in this publication is permitted only under license from the American Mathematical Society. Requests for such permission should be addressed to the Assistant to the Publisher, American Mathematical Society, P. O. Box 6248, Providence, Rhode Island 02940-6248. Requests can also be made by e-mail to reprint-permission@ams.org. Copyright@1994 by the American Mathem || n is granted to quote brief passages from this publication in reviews, provided the customary acknowledgment of the source is given. Republication, systematic copying, or multiple reproduction of any material in this publication is permitted only under license from the American Mathematical Society. Requests for such permission should be addressed to the Assistant to the Publisher, American Mathematical Society, P. O. Box 6248, Providence, Rhode Island 02940-6248. Requests can also be made by e-",,2928
189,Abstract Harmonic Analysis.Structure of Non-locallycompact Abelian Groups and Representations | Physics Library,https://physicslibrary.org/?op=getobj;from=books;id=189,questionable/manual review,low,No explicit reusable-license or public-domain evidence on catalog page,,https://aux.physicslibrary.org/files/books/189/AbsFokzn.pdf,1558
190,Notes on Basic 3-Manifold Topology | Physics Library,https://physicslibrary.org/?op=getobj;from=books;id=190,questionable/manual review,low,No explicit reusable-license or public-domain evidence on catalog page,,https://aux.physicslibrary.org/files/books/190/3MHatcher.pdf,1343
191,Spectral Sequences in Algebraic Topology | Physics Library,https://physicslibrary.org/?op=getobj;from=books;id=191,questionable/manual review,low,No explicit reusable-license or public-domain evidence on catalog page,,https://aux.physicslibrary.org/files/books/191/SSch2.pdf | https://aux.physicslibrary.org/files/books/191/SSch3.pdf | https://aux.physicslibrary.org/files/books/191/SSeqch1.pdf,1766
192,Notes on Introductory Point-Set Topology | Physics Library,https://physicslibrary.org/?op=getobj;from=books;id=192,questionable/manual review,low,No explicit reusable-license or public-domain evidence on catalog page,,https://aux.physicslibrary.org/files/books/192/IntrTopgNts.pdf,1244
193,"Seminaires en Geometrie Algebrique 3 - tome 2 - Groupes de type Multiplicatif, et Structure des Schemas en Groupes Generaux | Physics Library",https://physicslibrary.org/?op=getobj;from=books;id=193,questionable/manual review,low,No explicit reusable-license or public-domain evidence on catalog page,,,1653
200,"Seminaires en Geometrie Algebrique du Bois-Marie, 1966-1967, SGA6 | Physics Library",https://physicslibrary.org/?op=getobj;from=books;id=200,questionable/manual review,low,No explicit reusable-license or public-domain evidence on catalog page,,https://aux.physicslibrary.org/files/books/200/sga6.pdf,1415
201,"Seminaires en Geometrie Algebrique du Bois-Marie, 1962-1964, SGA3 | Physics Library",https://physicslibrary.org/?op=getobj;from=books;id=201,questionable/manual review,low,No explicit reusable-license or public-domain evidence on catalog page,,https://aux.physicslibrary.org/files/books/201/sga3-1.pdf | https://aux.physicslibrary.org/files/books/201/sga3-2.pdf | https://aux.physicslibrary.org/files/books/201/sga3-3.pdf | https://aux.physicslibrary.org/files/books/201/SGA5.pdf,1672
205,Taming Wild extensions: Hopf Algebras and Local Galois- Module Theory | Physics Library,https://physicslibrary.org/?op=getobj;from=books;id=205,questionable/manual review,low,No explicit reusable-license or public-domain evidence on catalog page,"related to Hopf algebras. It concludes with a discussion on the question: Which is the correct Galois structure ? Rights: Open access: http://nyjm.albany.edu:8000/~lc802/mono.html Copyright@2000 by American Mathematical Society Download: HopfGalbuk.htm Links: Physics Classification : 00. (GENERAL) 02. (Mathematical methods in physics) 03. (Quantum mechanics, field theories, and special relativity ) 03.65.Fd (Algebraic methods ) ISBN #:",,2272
206,"PlanetPhysics.org Book on April 25, 2009 | Physics Library",https://physicslibrary.org/?op=getobj;from=books;id=206,questionable/manual review,low,No explicit reusable-license or public-domain evidence on catalog page,"s: various Uploaded by: bci1 Comments: PPhysics book in PDF format, unzipped Abstract: PlanetPhysics.org Book of all PDF file entries as of April 25, 2009 Rights: Open acces: GNUL license terms in 2009 at PlanetPhysics.org : http://planetphysics.org/ Download: frontpage.html Links: Physics Classification : 00. (GENERAL) 02. (Mathematical methods in physics) 03. (Quantum mechanics, field theories, and special relativity ) 03.65.Fd (Algebraic methods ) ISBN #:",,1265
207,PM Book volume 1 PDF file | Physics Library,https://physicslibrary.org/?op=getobj;from=books;id=207,questionable/manual review,low,No explicit reusable-license or public-domain evidence on catalog page,,https://aux.physicslibrary.org/files/books/207/APMvol1.pdf | https://aux.physicslibrary.org/files/books/207/PMfemtex.tex,2690
208,PM Book volume 2 PDF file | Physics Library,https://physicslibrary.org/?op=getobj;from=books;id=208,questionable/manual review,low,No explicit reusable-license or public-domain evidence on catalog page,"tage book in Pdf nicely-edited format. Please see contributing authors' list in the entry on vol. 1 of the same PM book for years 2004/2005. Rights: Open access: GNU license, 2005 Copyright@2005 by Joe Corneli and Aaron Krowne Download: AEncPMvol2.pdf PMfemtex.tex Links: Physics Classification : 00. (GENERAL) 02. (Mathematical methods in physics) ||  year 2005 vintage book in Pdf nicely-edited format. Please see contributing authors' list in the entry on vol. 1 of the same PM book for years 2004/2005. Rights: Open access: GNU license, 2005 Copyright@2005 by Joe Corneli and Aaron Krowne Download: AEncPMvol2.pdf PMfemtex.tex Links: Physics Classification : 00. (GENERAL) 02. (Mathematical methods in physics)",https://aux.physicslibrary.org/files/books/208/AEncPMvol2.pdf | https://aux.physicslibrary.org/files/books/208/PMfemtex.tex,1390
209,PlanetMah Free Encyclopedia | Physics Library,https://physicslibrary.org/?op=getobj;from=books;id=209,GFDL,medium,Book-local GFDL/GNU licensing language detected,"seph Corneli, Aaron Krowne, and Ross Moore. Copyright2001-2005 PlanetMath.org authors. Permission is granted to copy, distribute and/or modify this document under the terms of the GNU Free Documentation Licence, Version 1.1 or any later version published by the Free Software Foundation; with no Invariant Sections, with one Front-Cover Text being math available to people around the world.and with no Back-Cover Texts. A copy of the license is included in the section entitled ""GNU Free Documentatio || ariant Sections, with one Front-Cover Text being math available to people around the world.and with no Back-Cover Texts. A copy of the license is included in the section entitled ""GNU Free Documentation Licence"". GNU Free Documentation License, Version 1.2, November 2002 Copyright@2000,2001,2002 Free Software Foundation, Inc. 59 Temple Place, Suite 330, Boston, MA 02111-1307 USA Everyone is permitted to copy and distribute verbatim copies of this license document, but changing it is not allowed. || over Text being math available to people around the world.and with no Back-Cover Texts. A copy of the license is included in the section entitled ""GNU Free Documentation Licence"". GNU Free Documentation License, Version 1.2, November 2002 Copyright@2000,2001,2002 Free Software Foundation, Inc. 59 Temple Place, Suite 330, Boston, MA 02111-1307 USA Everyone is permitted to copy and distribute verbatim copies of this license document, but changing it is not allowed. Download: APMbook-keep.pdf PMfem || atics in natural sciences 8. mathematics in social sciences Miscellaneous 1. mathematics vocabulary 2. mathematics education 3. biographies on PlanetMath Rights: Open access: GNUL Copyright @2003-2005 Joseph Corneli, Aaron Krowne, and Ross Moore. Copyright2001-2005 PlanetMath.org authors. Permission is granted to copy, distribute and/or modify this document under the terms of the GNU Free Documentation Licence, Version 1.1 or any later version published by the Free Software Foundation; with no I || aneous 1. mathematics vocabulary 2. mathematics education 3. biographies on PlanetMath Rights: Open access: GNUL Copyright @2003-2005 Joseph Corneli, Aaron Krowne, and Ross Moore. Copyright2001-2005 PlanetMath.org authors. Permission is granted to copy, distribute and/or modify this document under the terms of the GNU Free Documentation Licence, Version 1.1 or any later version published by the Free Software Foundation; with no Invariant Sections, with one Front-Cover Text being math available t || nd with no Back-Cover Texts. A copy of the license is included in the section entitled ""GNU Free Documentation Licence"". GNU Free Documentation License, Version 1.2, November 2002 Copyright@2000,2001,2002 Free Software Foundation, Inc. 59 Temple Place, Suite 330, Boston, MA 02111-1307 USA Everyone is permitted to copy and distribute verbatim copies of this license document, but changing it is not allowed. Download: APMbook-keep.pdf PMfemtex.tex Links: Physics Classification : 00. (GENERAL) 02. ( || tics education 3. biographies on PlanetMath Rights: Open access: GNUL Copyright @2003-2005 Joseph Corneli, Aaron Krowne, and Ross Moore. Copyright2001-2005 PlanetMath.org authors. Permission is granted to copy, distribute and/or modify this document under the terms of the GNU Free Documentation Licence, Version 1.1 or any later version published by the Free Software Foundation; with no Invariant Sections, with one Front-Cover Text being math available to people around the world.and with no Back- ||  by the Free Software Foundation; with no Invariant Sections, with one Front-Cover Text being math available to people around the world.and with no Back-Cover Texts. A copy of the license is included in the section entitled ""GNU Free Documentation Licence"". GNU Free Documentation License, Version 1.2, November 2002 Copyright@2000,2001,2002 Free Software Foundation, Inc. 59 Temple Place, Suite 330, Boston, MA 02111-1307 USA Everyone is permitted to copy and distribute verbatim copies of this lice || ailable to people around the world.and with no Back-Cover Texts. A copy of the license is included in the section entitled ""GNU Free Documentation Licence"". GNU Free Documentation License, Version 1.2, November 2002 Copyright@2000,2001,2002 Free Software Foundation, Inc. 59 Temple Place, Suite 330, Boston, MA 02111-1307 USA Everyone is permitted to copy and distribute verbatim copies of this license document, but changing it is not allowed. Download: APMbook-keep.pdf PMfemtex.tex Links: Physics  ||  Copyright@2000,2001,2002 Free Software Foundation, Inc. 59 Temple Place, Suite 330, Boston, MA 02111-1307 USA Everyone is permitted to copy and distribute verbatim copies of this license document, but changing it is not allowed. Download: APMbook-keep.pdf PMfemtex.tex Links: Physics Classification : 00. (GENERAL) 02. (Mathematical methods in physics)",https://aux.physicslibrary.org/files/books/209/APMbook-keep.pdf | https://aux.physicslibrary.org/files/books/209/PMfemtex.tex,3146
211,DNA | Physics Library,https://physicslibrary.org/?op=getobj;from=books;id=211,questionable/manual review,low,No explicit reusable-license or public-domain evidence on catalog page,"l structure, genetics, biotechnology, interactions with proteins, history of DNA helical structure discovery, X-ray diffraction patterns of DNA structures/forms: an overview. GNUL licensed by Wikipedia 2009 with listed contributors. Rights: Open access: http://en.wikipedia.org/w/index.php?title=Special:Book/download/&collection_id=e41fb0cba39c7247&writer=rl&return_to=DNA GNUL Links: Physics Classification : 00. (GENERAL) 02. (Mathematical methods in physics) 03. (Quantum mechanics, field theorie",,1425
212,2D-FT NMRI and Spectroscopy | Physics Library,https://physicslibrary.org/?op=getobj;from=books;id=212,questionable/manual review,low,No explicit reusable-license or public-domain evidence on catalog page,"load, April 20, 2009 Abstract: A review of 2D-FT NMRI and Spectroscopy techniques, principles and apllications. Document exchanged from wikimedia by author Bci2/bci1 under the GNU license provisions for free publications exchange. Rights: Open access: http://en.wikipedia.org/wiki/User:Bci2/2D-FT_NMRI_and_Spectroscopy GNU License Download: 2DFTNMRISfpd.pdf Links: Physics Classification : 02. (Mathematical methods in physics) 03. (Quantum mechanics, field theories, and special relativity ) 87.64.H || ia by author Bci2/bci1 under the GNU license provisions for free publications exchange. Rights: Open access: http://en.wikipedia.org/wiki/User:Bci2/2D-FT_NMRI_and_Spectroscopy GNU License Download: 2DFTNMRISfpd.pdf Links: Physics Classification : 02. (Mathematical methods in physics) 03. (Quantum mechanics, field theories, and special relativity ) 87.64.Hd (EPR and NMR spectroscopy) 03.65.Fd (Algebraic methods )",https://aux.physicslibrary.org/files/books/212/2DFTNMRISfpd.pdf,1433
213,DNA Molecular Models and Dynamics | Physics Library,https://physicslibrary.org/?op=getobj;from=books;id=213,questionable/manual review,low,No explicit reusable-license or public-domain evidence on catalog page,"ng and dynamics with databases and structural determination resources. http://en.wikipedia.org/wiki/DNA_Dynamics Rights: open access: http://en.wikipedia.org/wiki/DNA_Dynamics GNU license Download: Dnaokdyn.pdf MolecModDNAOkfdp.pdf Links: Physics Classification : 03. (Quantum mechanics, field theories, and special relativity ) 03.65.Fd (Algebraic methods )",https://aux.physicslibrary.org/files/books/213/Dnaokdyn.pdf | https://aux.physicslibrary.org/files/books/213/MolecModDNAOkfdp.pdf,1248
215,Abstract Algebra | Physics Library,https://physicslibrary.org/?op=getobj;from=books;id=215,questionable/manual review,low,No explicit reusable-license or public-domain evidence on catalog page," Abstract Algebra Abstract Algebra Authors: Thomas Collection Uploaded by: bci1 Comments: 512 kb , May 2009 Abstract: An introduction to Abstract Algebra. Rights: Open access: GNU licence Download: AbstrAlgwibuk.pdf Links: Physics Classification : 00. (GENERAL)",https://aux.physicslibrary.org/files/books/215/AbstrAlgwibuk.pdf,951
217,"DNA, Nanotechnology and Biotechnology | Physics Library",https://physicslibrary.org/?op=getobj;from=books;id=217,GFDL,medium,Book-local GFDL/GNU licensing language detected,"pedia.org/wiki/User:Bci2/Books/DNA3 GNU license: Copyright@2009 by I.C. Baianu et al.: Permission is granted to copy, distribute and/or modify this document under the terms of the GNU Free Documentation License, Version 1.2 or any later version published by the Free Software Foundation; with no Invariant Sections, no Front-Cover Texts, and no Back-Cover Texts. A copy of the license is included in the section entitled ""GNU Free Documentation License"", in the attached PDF file. Download: DNA3bukBc || on published by the Free Software Foundation; with no Invariant Sections, no Front-Cover Texts, and no Back-Cover Texts. A copy of the license is included in the section entitled ""GNU Free Documentation License"", in the attached PDF file. Download: DNA3bukBci2.pdf Links: Physics Classification : 00. (GENERAL) 02. (Mathematical methods in physics) 03. (Quantum mechanics, field theories, and special relativity ) 03.65.Fd (Algebraic methods ) || nload either from here or the origine server.) http://en.wikipedia.org/wiki/User:Bci2/Books/DNA3 Rights: Open access:http://en.wikipedia.org/wiki/User:Bci2/Books/DNA3 GNU license: Copyright@2009 by I.C. Baianu et al.: Permission is granted to copy, distribute and/or modify this document under the terms of the GNU Free Documentation License, Version 1.2 or any later version published by the Free Software Foundation; with no Invariant Sections, no Front-Cover Texts, and no Back-Cover Texts. A copy || server.) http://en.wikipedia.org/wiki/User:Bci2/Books/DNA3 Rights: Open access:http://en.wikipedia.org/wiki/User:Bci2/Books/DNA3 GNU license: Copyright@2009 by I.C. Baianu et al.: Permission is granted to copy, distribute and/or modify this document under the terms of the GNU Free Documentation License, Version 1.2 or any later version published by the Free Software Foundation; with no Invariant Sections, no Front-Cover Texts, and no Back-Cover Texts. A copy of the license is included in the sec || es to download either from here or the origine server.) http://en.wikipedia.org/wiki/User:Bci2/Books/DNA3 Rights: Open access:http://en.wikipedia.org/wiki/User:Bci2/Books/DNA3 GNU license: Copyright@2009 by I.C. Baianu et al.: Permission is granted to copy, distribute and/or modify this document under the terms of the GNU Free Documentation License, Version 1.2 or any later version published by the Free Software Foundation; with no Invariant Sections, no Front-Cover Texts, and no Back-Cover Text || 2/Books/DNA3 GNU license: Copyright@2009 by I.C. Baianu et al.: Permission is granted to copy, distribute and/or modify this document under the terms of the GNU Free Documentation License, Version 1.2 or any later version published by the Free Software Foundation; with no Invariant Sections, no Front-Cover Texts, and no Back-Cover Texts. A copy of the license is included in the section entitled ""GNU Free Documentation License"", in the attached PDF file. Download: DNA3bukBci2.pdf Links: Physics C || ation License, Version 1.2 or any later version published by the Free Software Foundation; with no Invariant Sections, no Front-Cover Texts, and no Back-Cover Texts. A copy of the license is included in the section entitled ""GNU Free Documentation License"", in the attached PDF file. Download: DNA3bukBci2.pdf Links: Physics Classification : 00. (GENERAL) 02. (Mathematical methods in physics) 03. (Quantum mechanics, field theories, and special relativity ) 03.65.Fd (Algebraic methods ) || e Software Foundation; with no Invariant Sections, no Front-Cover Texts, and no Back-Cover Texts. A copy of the license is included in the section entitled ""GNU Free Documentation License"", in the attached PDF file. Download: DNA3bukBci2.pdf Links: Physics Classification : 00. (GENERAL) 02. (Mathematical methods in physics) 03. (Quantum mechanics, field theories, and special relativity ) 03.65.Fd (Algebraic methods )",https://aux.physicslibrary.org/files/books/217/DNA3bukBci2.pdf,1961
218,DNA Structure and Dynamics | Physics Library,https://physicslibrary.org/?op=getobj;from=books;id=218,questionable/manual review,low,No explicit reusable-license or public-domain evidence on catalog page,"Mb, 116 pages, May 23 , 2009 Abstract: A contributed, extensive review of DNA structure and dynamics, as well as diffraction and spectroscopic techniques. Rights: Open access: GNU license Download: Wk10vol2p120.pdf Wk10vol3p132.pdf Wk11v1a115p.doc Wk9vol1p116C.pdf Links: Physics Classification : 00. (GENERAL) 02. (Mathematical methods in physics) 03. (Quantum mechanics, field theories, and special relativity ) 03.65.Fd (Algebraic methods )",https://aux.physicslibrary.org/files/books/218/Wk10vol2p120.pdf | https://aux.physicslibrary.org/files/books/218/Wk10vol3p132.pdf | https://aux.physicslibrary.org/files/books/218/Wk9vol1p116C.pdf,1279
220,DNA Molecular Dynamics and Spectroscopy | Physics Library,https://physicslibrary.org/?op=getobj;from=books;id=220,questionable/manual review,low,No explicit reusable-license or public-domain evidence on catalog page,"ations of DNA structure and dynamics. Rights: Open access: http://en.wikipedia.org/wiki/Special:Book/rendering/?return_to=DNA+Dynamics&collection_id=3e7e33a1362e6086&writer=rl GNU License Download: DNAsdvxip113.pdf Links: Physics Classification : 00. (GENERAL) 02. (Mathematical methods in physics) 03. (Quantum mechanics, field theories, and special relativity ) 03.65.Fd (Algebraic methods )",https://aux.physicslibrary.org/files/books/220/DNAsdvxip113.pdf,1436
221,DNA Dynamics | Physics Library,https://physicslibrary.org/?op=getobj;from=books;id=221,questionable/manual review,low,No explicit reusable-license or public-domain evidence on catalog page,"ations of DNA structure and dynamics. Rights: Open access: http://en.wikipedia.org/wiki/Special:Book/rendering/?return_to=DNA+Dynamics&collection_id=3e7e33a1362e6086&writer=rl GNU License Download: DNADynamicsOK7.pdf Links: Physics Classification : 00. (GENERAL) 02. (Mathematical methods in physics) 03. (Quantum mechanics, field theories, and special relativity ) 03.65.Fd (Algebraic methods )",https://aux.physicslibrary.org/files/books/221/DNADynamicsOK7.pdf,1356
222,"Biochemistry, Biophysics and Molecular Structures of Nucleic Acids | Physics Library",https://physicslibrary.org/?op=getobj;from=books;id=222,questionable/manual review,low,No explicit reusable-license or public-domain evidence on catalog page,"access:http://en.wikipedia.org/w/index.php?title=Special:Book/download/&collection_id=6f93c1a338e879b9&writer=rl&return_to=User%3ABci2%2FBooks%2FBiochemNucleicAcH GNUL License and copyright specified in PDF document Download: BiophysChemNAsicb.pdf Links: Physics Classification : 00. (GENERAL) 02. (Mathematical methods in physics) 03. (Quantum mechanics, field theories, and special relativity ) 03.65.Fd (Algebraic methods ) ISBN #: || ights: Open access:http://en.wikipedia.org/w/index.php?title=Special:Book/download/&collection_id=6f93c1a338e879b9&writer=rl&return_to=User%3ABci2%2FBooks%2FBiochemNucleicAcH GNUL License and copyright specified in PDF document Download: BiophysChemNAsicb.pdf Links: Physics Classification : 00. (GENERAL) 02. (Mathematical methods in physics) 03. (Quantum mechanics, field theories, and special relativity ) 03.65.Fd (Algebraic methods ) ISBN #:",https://aux.physicslibrary.org/files/books/222/BiophysChemNAsicb.pdf,1567
223,Fundamentals of Physics with empahsis on Nuclear Physics | Physics Library,https://physicslibrary.org/?op=getobj;from=books;id=223,questionable/manual review,low,No explicit reusable-license or public-domain evidence on catalog page,"Physics1 Rights: Open access:http://en.wikipedia.org/w/index.php?title=Special:Book/download/&collection_id=611c5f3fecfde34b&writer=rl&return_to=User%3ABci2%2FBooks%2FPhysics1 GNU license Download: PhysNuclphys196p.pdf Links: Physics Classification : 00. (GENERAL) 02. (Mathematical methods in physics) 20. (NUCLEAR PHYSICS) 20-XX (NUCLEAR PHYSICS) 03. (Quantum mechanics, field theories, and special relativity ) 03.65.Fd (Algebraic methods ) ISBN #:",https://aux.physicslibrary.org/files/books/223/PhysNuclphys196p.pdf,1767
224,Introductory Nuclear Physics | Physics Library,https://physicslibrary.org/?op=getobj;from=books;id=224,questionable/manual review,low,No explicit reusable-license or public-domain evidence on catalog page,,https://aux.physicslibrary.org/files/books/224/L1BasicPrps.pdf | https://aux.physicslibrary.org/files/books/224/L2NuclearModels.pdf | https://aux.physicslibrary.org/files/books/224/L3NuclearForce.pdf | https://aux.physicslibrary.org/files/books/224/L4NuclearDecay.pdf | https://aux.physicslibrary.org/files/books/224/L5FissionFusion.pdf | https://aux.physicslibrary.org/files/books/224/L6Particlesquarks.pdf | https://aux.physicslibrary.org/files/books/224/L7StandardModel.pdf,1516
225,Computational Physics II | Physics Library,https://physicslibrary.org/?op=getobj;from=books;id=225,questionable/manual review,low,No explicit reusable-license or public-domain evidence on catalog page,,,1572
226,Mathematical biophysics of the central nervous system | Physics Library,https://physicslibrary.org/?op=getobj;from=books;id=226,questionable/manual review,low,No explicit reusable-license or public-domain evidence on catalog page,"early, basic book covering the foundations of the mathematical biophysics of the central nervous system. Rights: Open access: http://www.archive.org/details/mathematicalbiop00hous Copyright@1945 by The Principia Press Download: mathematicalbioCNSLandahl144p9Mb.pdf Links: Physics Classification : 00. (GENERAL) 02. (Mathematical methods in physics)",https://aux.physicslibrary.org/files/books/226/mathematicalbioCNSLandahl144p9Mb.pdf,1340
227,Algebraic Quantum Field Theory (AQFT) | Physics Library,https://physicslibrary.org/?op=getobj;from=books;id=227,questionable/manual review,low,No explicit reusable-license or public-domain evidence on catalog page,,https://aux.physicslibrary.org/files/books/227/AQFTarXiv.pdf,2353
228,Local Quantum Field Theories | Physics Library,https://physicslibrary.org/?op=getobj;from=books;id=228,questionable/manual review,low,No explicit reusable-license or public-domain evidence on catalog page,,https://aux.physicslibrary.org/files/books/228/LQFT.pdf,1306
229,Logic: An Overview | Physics Library,https://physicslibrary.org/?op=getobj;from=books;id=229,questionable/manual review,low,No explicit reusable-license or public-domain evidence on catalog page,uzzy Logics. Rights: Open access: http://en.wikipedia.org/w/index.php?title=Special:Book/download/&collection_id=dbf2fac707df1bd3&writer=rl&return_to=Wikipedia%3ABooks%2FLogic GNU license Download: Logicsbuk.pdf Links: Physics Classification : 00. (GENERAL) 02. (Mathematical methods in physics) ISBN #:,https://aux.physicslibrary.org/files/books/229/Logicsbuk.pdf,1256
230,"Spectroscopy: Principles, Techniques and Applications | Physics Library",https://physicslibrary.org/?op=getobj;from=books;id=230,questionable/manual review,low,No explicit reusable-license or public-domain evidence on catalog page,"d by: bci1 Comments: 170 pages, May 27, 2009, 6.1 Mb PDF Abstract: A contributed overview of spectroscopy principles, theory, techniques and applications. Rights: Open access: GNU License http://en.wikipedia.org/w/index.php?title=Special:Book/download/&collection_id=855d77d140447be0&writer=rl&return_to=User%3ABci2%2FBooks%2FSpectroscopy Download: SpectroscopyOvrview.pdf SpectroscopyRev2.pdf Links: Physics Classification : 00. (GENERAL) 02. (Mathematical methods in physics) 03. (Quantum mechanics",https://aux.physicslibrary.org/files/books/230/SpectroscopyOvrview.pdf | https://aux.physicslibrary.org/files/books/230/SpectroscopyRev2.pdf,1496
231,Interactomics and Complex Systems Biology | Physics Library,https://physicslibrary.org/?op=getobj;from=books;id=231,questionable/manual review,low,No explicit reusable-license or public-domain evidence on catalog page,"act: An overview of Interactomics, Genomics, Proteomics, protein-protein interactions, metabolic pathways, metabolic networks and Complex Systems Biology. Rights: Open access: GNU License http://en.wikipedia.org/wiki/User:Bci2/Books/Interactomics Download: Interactomics137p.pdf Links: Physics Classification : 00. (GENERAL) 02. (Mathematical methods in physics) 03. (Quantum mechanics, field theories, and special relativity ) 03.65.Fd (Algebraic methods )",https://aux.physicslibrary.org/files/books/231/Interactomics137p.pdf,1395
232,DNA Basics | Physics Library,https://physicslibrary.org/?op=getobj;from=books;id=232,questionable/manual review,low,No explicit reusable-license or public-domain evidence on catalog page,"DF file download Abstract: A short book covering DNA basics/fundamental concepts: DNA structures, molecular models, dynamics, spectroscopy and technologies Rights: Open acess: GNU License http://en.wikipedia.org/w/index.php?title=Special:Book/download/&collection_id=0746e8a7641e3cf5&writer=rl&return_to=User%3ABci2%2FBooks%2FDNABasics http://en.wikipedia.org/wiki/User:Bci2/Books/DNABasics Download: DNABasicsb128p.pdf Links: Physics Classification : 00. (GENERAL) 02. (Mathematical methods in physi",https://aux.physicslibrary.org/files/books/232/DNABasicsb128p.pdf,1437
234,"Metatheories: Metalogics, Algebraic Logics, Many-Valued Logics and Metamathematics | Physics Library",https://physicslibrary.org/?op=getobj;from=books;id=234,questionable/manual review,low,No explicit reusable-license or public-domain evidence on catalog page,"stract: A concise overview of metahteories, MV-logics, algebraic logic, metalogics and metamathematics. Rights: Open access: http://en.wikipedia.org/wiki/User:Bci2/Books/Meta1 GNU License Download: Meta1 Metatheories2MV.pdf Links: Physics Classification : 00. (GENERAL) 02. (Mathematical methods in physics) 02.10.-vxx (Logic, set theory, and algebra) 02.90.+p (Other topics in mathematical methods in physics )",https://aux.physicslibrary.org/files/books/234/Metatheories2MV.pdf,1486
235,Computational Dynamics | Physics Library,https://physicslibrary.org/?op=getobj;from=books;id=235,questionable/manual review,low,No explicit reusable-license or public-domain evidence on catalog page,"ol, Stochastic control, System dynamics, System analysis, Takens' theorem Exponential dichotomy Lionard's theorem ;Dynamics Systems and Molecular Dynamics Rights: open access: GNU License http://en.wikipedia.org/w/index.php?title=Special:Book/download/&collection_id=21df95cd95f2ca3c&writer=rl&return_to=User%3ABci2%2FBooks%2FDynamics Download: ComputationalDynamicsbuk157p.pdf Links: Physics Classification : 00. (GENERAL) 05.10.Ln (Monte Carlo methods ) 02. (Mathematical methods in physics) 05.10.",https://aux.physicslibrary.org/files/books/235/ComputationalDynamicsbuk157p.pdf,2307
236,Medical Biophysics of the Heart: Cardiological Biophysics and Physiology | Physics Library,https://physicslibrary.org/?op=getobj;from=books;id=236,questionable/manual review,low,No explicit reusable-license or public-domain evidence on catalog page,Open access: http://en.wikipedia.org/w/index.php?title=Special:Book/download/&collection_id=2120a5e656ca7fbc&writer=rl&return_to=User%3ABci2%2FBooks%2FMedicalDiagnosticsCardio GNU License Download: CardioDiagnosticsBuk.pdf Links: Physics Classification : 87.18.-hxx (Multicellular phenomena) 87.90.+y (Other topics in biological and medical physics ) 02. (Mathematical methods in physics),https://aux.physicslibrary.org/files/books/236/CardioDiagnosticsBuk.pdf,1793
237,LaTeX Manual Book | Physics Library,https://physicslibrary.org/?op=getobj;from=books;id=237,GFDL,medium,Book-local GFDL/GNU licensing language detected,"ikimedia.org/wikibooks/en/2/2d/LaTeX.pdf Copyright@2005--2008 Wikibooks contributors. ""Permission is granted to copy, distribute and/or modify this document under the terms of the GNU Free Documentation License, Version 1.2 or any later version published by the Free Software Foundation; with no Invariant Sections, no Front-Cover Texts, and no Back-Cover Texts. A copy of the license is included in the section entitled \GNU Free Documentation License"". GNU License Download: LaTeX.pdf Links: Physic || on published by the Free Software Foundation; with no Invariant Sections, no Front-Cover Texts, and no Back-Cover Texts. A copy of the license is included in the section entitled \GNU Free Documentation License"". GNU License Download: LaTeX.pdf Links: Physics Classification : 00. (GENERAL) || nd mathematical physics/general physics editor: ""from absolute beginners to advanced LaTeX/TeX"" users. Rights: Open access: http://upload.wikimedia.org/wikibooks/en/2/2d/LaTeX.pdf Copyright@2005--2008 Wikibooks contributors. ""Permission is granted to copy, distribute and/or modify this document under the terms of the GNU Free Documentation License, Version 1.2 or any later version published by the Free Software Foundation; with no Invariant Sections, no Front-Cover Texts, and no Back-Cover Texts || : ""from absolute beginners to advanced LaTeX/TeX"" users. Rights: Open access: http://upload.wikimedia.org/wikibooks/en/2/2d/LaTeX.pdf Copyright@2005--2008 Wikibooks contributors. ""Permission is granted to copy, distribute and/or modify this document under the terms of the GNU Free Documentation License, Version 1.2 or any later version published by the Free Software Foundation; with no Invariant Sections, no Front-Cover Texts, and no Back-Cover Texts. A copy of the license is included in the sec || en/2/2d/LaTeX.pdf Copyright@2005--2008 Wikibooks contributors. ""Permission is granted to copy, distribute and/or modify this document under the terms of the GNU Free Documentation License, Version 1.2 or any later version published by the Free Software Foundation; with no Invariant Sections, no Front-Cover Texts, and no Back-Cover Texts. A copy of the license is included in the section entitled \GNU Free Documentation License"". GNU License Download: LaTeX.pdf Links: Physics Classification : 00.  || ation License, Version 1.2 or any later version published by the Free Software Foundation; with no Invariant Sections, no Front-Cover Texts, and no Back-Cover Texts. A copy of the license is included in the section entitled \GNU Free Documentation License"". GNU License Download: LaTeX.pdf Links: Physics Classification : 00. (GENERAL) || e Software Foundation; with no Invariant Sections, no Front-Cover Texts, and no Back-Cover Texts. A copy of the license is included in the section entitled \GNU Free Documentation License"". GNU License Download: LaTeX.pdf Links: Physics Classification : 00. (GENERAL) || ndation; with no Invariant Sections, no Front-Cover Texts, and no Back-Cover Texts. A copy of the license is included in the section entitled \GNU Free Documentation License"". GNU License Download: LaTeX.pdf Links: Physics Classification : 00. (GENERAL)",https://aux.physicslibrary.org/files/books/237/LaTeX.pdf,1623
240,An Introduction to Control Systems | Physics Library,https://physicslibrary.org/?op=getobj;from=books;id=240,questionable/manual review,low,No explicit reusable-license or public-domain evidence on catalog page,".2Mb PDF, introductory text, 2008 Abstract: An introduction textbook to Control Systems. Rights: Open access: http://upload.wikimedia.org/wikibooks/en/e/e4/Control_Systems.pdf GNU License Download: ControlSystems.pdf Links: Physics Classification : 00. (GENERAL) 02. (Mathematical methods in physics)",https://aux.physicslibrary.org/files/books/240/ControlSystems.pdf,1193
241,Special Relativity textbook | Physics Library,https://physicslibrary.org/?op=getobj;from=books;id=241,GFDL,medium,Book-local GFDL/GNU licensing language detected,"b/Special_relativity.pdf GNU License Copyright@2009 Bci2 and bci1 Copyright Statement: Permission is granted to copy, distribute and/or modify this document under the terms of the GNU Free Documentation License, Version 1.2 or any later version ;published by the Free Software Foundation, with no Invariant Sections, no Front-Cover Texts, and no Back- Cover Texts. A copy of the license is included in the section entitled ""GNU Free Documentation License"". Edited by Bci2, with all contributors liste ||  ;published by the Free Software Foundation, with no Invariant Sections, no Front-Cover Texts, and no Back- Cover Texts. A copy of the license is included in the section entitled ""GNU Free Documentation License"". Edited by Bci2, with all contributors listed before the License statement. Download: SR.pdf SR.pdf.1 Links: Physics Classification : 00. (GENERAL) 02. (Mathematical methods in physics) 03.30.+p (Special relativity) 03. (Quantum mechanics, field theories, and special relativity ) || tory and known paradoxes. http://aux.planetphysics.org/files/books/241/SR.pdf Rights: Open access: http://upload.wikimedia.org/wikibooks/en/3/3b/Special_relativity.pdf GNU License Copyright@2009 Bci2 and bci1 Copyright Statement: Permission is granted to copy, distribute and/or modify this document under the terms of the GNU Free Documentation License, Version 1.2 or any later version ;published by the Free Software Foundation, with no Invariant Sections, no Front-Cover Texts, and no Back- Cover || p://aux.planetphysics.org/files/books/241/SR.pdf Rights: Open access: http://upload.wikimedia.org/wikibooks/en/3/3b/Special_relativity.pdf GNU License Copyright@2009 Bci2 and bci1 Copyright Statement: Permission is granted to copy, distribute and/or modify this document under the terms of the GNU Free Documentation License, Version 1.2 or any later version ;published by the Free Software Foundation, with no Invariant Sections, no Front-Cover Texts, and no Back- Cover Texts. A copy of the license || .org/files/books/241/SR.pdf Rights: Open access: http://upload.wikimedia.org/wikibooks/en/3/3b/Special_relativity.pdf GNU License Copyright@2009 Bci2 and bci1 Copyright Statement: Permission is granted to copy, distribute and/or modify this document under the terms of the GNU Free Documentation License, Version 1.2 or any later version ;published by the Free Software Foundation, with no Invariant Sections, no Front-Cover Texts, and no Back- Cover Texts. A copy of the license is included in the s || les, history and known paradoxes. http://aux.planetphysics.org/files/books/241/SR.pdf Rights: Open access: http://upload.wikimedia.org/wikibooks/en/3/3b/Special_relativity.pdf GNU License Copyright@2009 Bci2 and bci1 Copyright Statement: Permission is granted to copy, distribute and/or modify this document under the terms of the GNU Free Documentation License, Version 1.2 or any later version ;published by the Free Software Foundation, with no Invariant Sections, no Front-Cover Texts, and no Bac || f GNU License Copyright@2009 Bci2 and bci1 Copyright Statement: Permission is granted to copy, distribute and/or modify this document under the terms of the GNU Free Documentation License, Version 1.2 or any later version ;published by the Free Software Foundation, with no Invariant Sections, no Front-Cover Texts, and no Back- Cover Texts. A copy of the license is included in the section entitled ""GNU Free Documentation License"". Edited by Bci2, with all contributors listed before the License st || ion License, Version 1.2 or any later version ;published by the Free Software Foundation, with no Invariant Sections, no Front-Cover Texts, and no Back- Cover Texts. A copy of the license is included in the section entitled ""GNU Free Documentation License"". Edited by Bci2, with all contributors listed before the License statement. Download: SR.pdf SR.pdf.1 Links: Physics Classification : 00. (GENERAL) 02. (Mathematical methods in physics) 03.30.+p (Special relativity) 03. (Quantum mechanics, fie ||  Software Foundation, with no Invariant Sections, no Front-Cover Texts, and no Back- Cover Texts. A copy of the license is included in the section entitled ""GNU Free Documentation License"". Edited by Bci2, with all contributors listed before the License statement. Download: SR.pdf SR.pdf.1 Links: Physics Classification : 00. (GENERAL) 02. (Mathematical methods in physics) 03.30.+p (Special relativity) 03. (Quantum mechanics, field theories, and special relativity ) || exts, and no Back- Cover Texts. A copy of the license is included in the section entitled ""GNU Free Documentation License"". Edited by Bci2, with all contributors listed before the License statement. Download: SR.pdf SR.pdf.1 Links: Physics Classification : 00. (GENERAL) 02. (Mathematical methods in physics) 03.30.+p (Special relativity) 03. (Quantum mechanics, field theories, and special relativity )",https://aux.physicslibrary.org/files/books/241/SR.pdf,1898
242,Complex Systems Theory | Physics Library,https://physicslibrary.org/?op=getobj;from=books;id=242,GFDL,medium,Book-local GFDL/GNU licensing language detected,"ci2%2FBooks%2FComplexity GNU License Copyright@2009 Bci2 and bci1 Copyright Statement: Permission is granted to copy, distribute and/or modify this document under the terms of the GNU Free Documentation License, Version 1.2 or any later version ;published by the Free Software Foundation, with no Invariant Sections, no Front-Cover Texts, and no Back- Cover Texts. A copy of the license is included in the section entitled ""GNU Free Documentation License"". Edited by Bci2, with all contributors liste ||  ;published by the Free Software Foundation, with no Invariant Sections, no Front-Cover Texts, and no Back- Cover Texts. A copy of the license is included in the section entitled ""GNU Free Documentation License"". Edited by Bci2, with all contributors listed before the License statement. Download: ComplexityBci2_sboxCODE.rtf Links: Physics Classification : 00. (GENERAL) 02. (Mathematical methods in physics) || ghts: Open access: http://en.wikipedia.org/w/index.php?title=Special:Book/download/&collection_id=7a3ad8650fba34e5&writer=rl&return_to=User%3ABci2%2FBooks%2FComplexity GNU License Copyright@2009 Bci2 and bci1 Copyright Statement: Permission is granted to copy, distribute and/or modify this document under the terms of the GNU Free Documentation License, Version 1.2 or any later version ;published by the Free Software Foundation, with no Invariant Sections, no Front-Cover Texts, and no Back- Cover || wikipedia.org/w/index.php?title=Special:Book/download/&collection_id=7a3ad8650fba34e5&writer=rl&return_to=User%3ABci2%2FBooks%2FComplexity GNU License Copyright@2009 Bci2 and bci1 Copyright Statement: Permission is granted to copy, distribute and/or modify this document under the terms of the GNU Free Documentation License, Version 1.2 or any later version ;published by the Free Software Foundation, with no Invariant Sections, no Front-Cover Texts, and no Back- Cover Texts. A copy of the license || .php?title=Special:Book/download/&collection_id=7a3ad8650fba34e5&writer=rl&return_to=User%3ABci2%2FBooks%2FComplexity GNU License Copyright@2009 Bci2 and bci1 Copyright Statement: Permission is granted to copy, distribute and/or modify this document under the terms of the GNU Free Documentation License, Version 1.2 or any later version ;published by the Free Software Foundation, with no Invariant Sections, no Front-Cover Texts, and no Back- Cover Texts. A copy of the license is included in the s || tems. Rights: Open access: http://en.wikipedia.org/w/index.php?title=Special:Book/download/&collection_id=7a3ad8650fba34e5&writer=rl&return_to=User%3ABci2%2FBooks%2FComplexity GNU License Copyright@2009 Bci2 and bci1 Copyright Statement: Permission is granted to copy, distribute and/or modify this document under the terms of the GNU Free Documentation License, Version 1.2 or any later version ;published by the Free Software Foundation, with no Invariant Sections, no Front-Cover Texts, and no Bac || y GNU License Copyright@2009 Bci2 and bci1 Copyright Statement: Permission is granted to copy, distribute and/or modify this document under the terms of the GNU Free Documentation License, Version 1.2 or any later version ;published by the Free Software Foundation, with no Invariant Sections, no Front-Cover Texts, and no Back- Cover Texts. A copy of the license is included in the section entitled ""GNU Free Documentation License"". Edited by Bci2, with all contributors listed before the License st || ion License, Version 1.2 or any later version ;published by the Free Software Foundation, with no Invariant Sections, no Front-Cover Texts, and no Back- Cover Texts. A copy of the license is included in the section entitled ""GNU Free Documentation License"". Edited by Bci2, with all contributors listed before the License statement. Download: ComplexityBci2_sboxCODE.rtf Links: Physics Classification : 00. (GENERAL) 02. (Mathematical methods in physics) ||  Software Foundation, with no Invariant Sections, no Front-Cover Texts, and no Back- Cover Texts. A copy of the license is included in the section entitled ""GNU Free Documentation License"". Edited by Bci2, with all contributors listed before the License statement. Download: ComplexityBci2_sboxCODE.rtf Links: Physics Classification : 00. (GENERAL) 02. (Mathematical methods in physics) || exts, and no Back- Cover Texts. A copy of the license is included in the section entitled ""GNU Free Documentation License"". Edited by Bci2, with all contributors listed before the License statement. Download: ComplexityBci2_sboxCODE.rtf Links: Physics Classification : 00. (GENERAL) 02. (Mathematical methods in physics)",,1783
248,Biodynamics and Complex Systems Theory | Physics Library,https://physicslibrary.org/?op=getobj;from=books;id=248,GFDL,medium,Book-local GFDL/GNU licensing language detected,"ci2%2FBooks%2FComplexity GNU license Copyright@2009 Bci2 and bci1 Copyright Statement: Permission is granted to copy, distribute and/or modify this document under the terms of the GNU Free Documentation License, Version 1.2 or any later version ;published by the Free Software Foundation, with no Invariant Sections, no Front-Cover Texts, and no Back- Cover Texts. A copy of the license is included in the section entitled ""GNU Free Documentation License"". Edited by Bci2, with all contributors liste ||  ;published by the Free Software Foundation, with no Invariant Sections, no Front-Cover Texts, and no Back- Cover Texts. A copy of the license is included in the section entitled ""GNU Free Documentation License"". Edited by Bci2, with all contributors listed before the License statement. Download: ComplextityBiodynamics231p.pdf Complxbiodynsp227.pdf Links: Physics Classification : 00. (GENERAL) 87.10.+e (General theory and mathematical aspects) 87. (Biological and medical physics) 02. (Mathematic || ghts: Open access: http://en.wikipedia.org/w/index.php?title=Special:Book/download/&collection_id=f947c4f70006a410&writer=rl&return_to=User%3ABci2%2FBooks%2FComplexity GNU license Copyright@2009 Bci2 and bci1 Copyright Statement: Permission is granted to copy, distribute and/or modify this document under the terms of the GNU Free Documentation License, Version 1.2 or any later version ;published by the Free Software Foundation, with no Invariant Sections, no Front-Cover Texts, and no Back- Cover || wikipedia.org/w/index.php?title=Special:Book/download/&collection_id=f947c4f70006a410&writer=rl&return_to=User%3ABci2%2FBooks%2FComplexity GNU license Copyright@2009 Bci2 and bci1 Copyright Statement: Permission is granted to copy, distribute and/or modify this document under the terms of the GNU Free Documentation License, Version 1.2 or any later version ;published by the Free Software Foundation, with no Invariant Sections, no Front-Cover Texts, and no Back- Cover Texts. A copy of the license || .php?title=Special:Book/download/&collection_id=f947c4f70006a410&writer=rl&return_to=User%3ABci2%2FBooks%2FComplexity GNU license Copyright@2009 Bci2 and bci1 Copyright Statement: Permission is granted to copy, distribute and/or modify this document under the terms of the GNU Free Documentation License, Version 1.2 or any later version ;published by the Free Software Foundation, with no Invariant Sections, no Front-Cover Texts, and no Back- Cover Texts. A copy of the license is included in the s || p.pdf Rights: Open access: http://en.wikipedia.org/w/index.php?title=Special:Book/download/&collection_id=f947c4f70006a410&writer=rl&return_to=User%3ABci2%2FBooks%2FComplexity GNU license Copyright@2009 Bci2 and bci1 Copyright Statement: Permission is granted to copy, distribute and/or modify this document under the terms of the GNU Free Documentation License, Version 1.2 or any later version ;published by the Free Software Foundation, with no Invariant Sections, no Front-Cover Texts, and no Bac || y GNU license Copyright@2009 Bci2 and bci1 Copyright Statement: Permission is granted to copy, distribute and/or modify this document under the terms of the GNU Free Documentation License, Version 1.2 or any later version ;published by the Free Software Foundation, with no Invariant Sections, no Front-Cover Texts, and no Back- Cover Texts. A copy of the license is included in the section entitled ""GNU Free Documentation License"". Edited by Bci2, with all contributors listed before the License st || ion License, Version 1.2 or any later version ;published by the Free Software Foundation, with no Invariant Sections, no Front-Cover Texts, and no Back- Cover Texts. A copy of the license is included in the section entitled ""GNU Free Documentation License"". Edited by Bci2, with all contributors listed before the License statement. Download: ComplextityBiodynamics231p.pdf Complxbiodynsp227.pdf Links: Physics Classification : 00. (GENERAL) 87.10.+e (General theory and mathematical aspects) 87. (Bi ||  Software Foundation, with no Invariant Sections, no Front-Cover Texts, and no Back- Cover Texts. A copy of the license is included in the section entitled ""GNU Free Documentation License"". Edited by Bci2, with all contributors listed before the License statement. Download: ComplextityBiodynamics231p.pdf Complxbiodynsp227.pdf Links: Physics Classification : 00. (GENERAL) 87.10.+e (General theory and mathematical aspects) 87. (Biological and medical physics) 02. (Mathematical methods in physics) || exts, and no Back- Cover Texts. A copy of the license is included in the section entitled ""GNU Free Documentation License"". Edited by Bci2, with all contributors listed before the License statement. Download: ComplextityBiodynamics231p.pdf Complxbiodynsp227.pdf Links: Physics Classification : 00. (GENERAL) 87.10.+e (General theory and mathematical aspects) 87. (Biological and medical physics) 02. (Mathematical methods in physics)",https://aux.physicslibrary.org/files/books/248/ComplextityBiodynamics231p.pdf | https://aux.physicslibrary.org/files/books/248/Complxbiodynsp227.pdf,2385
249,"Nonabelian Algebraic Topology:Filtered Spaces, Crossed Complexes, Cubical Homotopy Groupoids | Physics Library",https://physicslibrary.org/?op=getobj;from=books;id=249,questionable/manual review,low,No explicit reusable-license or public-domain evidence on catalog page,"10/pdffiles/EMSTracts_vol15.pdf Rights: Free downloads of the 516 -page beta version only were available in 2009 at: http://www.bangor.ac.uk/~mas010/pdffiles/rbrsbookb-e040609.pdf Copyright@2007--2010 by Ronald Brown, Philip J. Higgins and Rafael Sivera, ISBN 978-3-03719-083-8 COPYRIGHT NOTICE ""This book is copyright. Subject to statutory exception, and the provision of relevant collective licensing arrangements, no reproduction may take place of any part without the written permission of the au || ilable in 2009 at: http://www.bangor.ac.uk/~mas010/pdffiles/rbrsbookb-e040609.pdf Copyright@2007--2010 by Ronald Brown, Philip J. Higgins and Rafael Sivera, ISBN 978-3-03719-083-8 COPYRIGHT NOTICE ""This book is copyright. Subject to statutory exception, and the provision of relevant collective licensing arrangements, no reproduction may take place of any part without the written permission of the authors or their agents."" Download: Nonabelianalgebraictopologygen.mht NonAbTop_rbrsbuk0609.pdf Ronn || angor.ac.uk/~mas010/pdffiles/rbrsbookb-e040609.pdf Copyright@2007--2010 by Ronald Brown, Philip J. Higgins and Rafael Sivera, ISBN 978-3-03719-083-8 COPYRIGHT NOTICE ""This book is copyright. Subject to statutory exception, and the provision of relevant collective licensing arrangements, no reproduction may take place of any part without the written permission of the authors or their agents."" Download: Nonabelianalgebraictopologygen.mht NonAbTop_rbrsbuk0609.pdf RonnieBrownbuk_vol15.pdf Links: Phy || e,ISBN 978-3-03719-083-8; see announcement and the authors' Book Abstract in the EMS Tracts in Mathematics, Vol. 15, attached PDF file--"" RonnieBrownbuk_vol15.pdf "" (uploaded with permission from Professor Ronald Brown). Ronald Brown, Bangor University, UK,Philip J. Higgins, Durham University, UK Rafael Sivera, University of Valencia, Spain. Nonabelian Algebraic Topology: Filtered Spaces, Crossed Complexes, Cubical Homotopy Groupoids 2010. EMS Tracts in Mathematics, Vol. 15, 2010, 17 x 24 cm. Ap ||  book is copyright. Subject to statutory exception, and the provision of relevant collective licensing arrangements, no reproduction may take place of any part without the written permission of the authors or their agents."" Download: Nonabelianalgebraictopologygen.mht NonAbTop_rbrsbuk0609.pdf RonnieBrownbuk_vol15.pdf Links: Physics Classification : 00. (GENERAL) 02. (Mathematical methods in physics) 03. (Quantum mechanics, field theories, and special relativity ) 03.65.Fd (Algebraic methods ) IS || Rafael Sivera, ISBN 978-3-03719-083-8 COPYRIGHT NOTICE ""This book is copyright. Subject to statutory exception, and the provision of relevant collective licensing arrangements, no reproduction may take place of any part without the written permission of the authors or their agents."" Download: Nonabelianalgebraictopologygen.mht NonAbTop_rbrsbuk0609.pdf RonnieBrownbuk_vol15.pdf Links: Physics Classification : 00. (GENERAL) 02. (Mathematical methods in physics) 03. (Quantum mechanics, field theorie",https://aux.physicslibrary.org/files/books/249/NonAbTop_rbrsbuk0609.pdf | https://aux.physicslibrary.org/files/books/249/RonnieBrownbuk_vol15.pdf,6279
250,Molecular Modeling and Dynamics | Physics Library,https://physicslibrary.org/?op=getobj;from=books;id=250,GFDL,medium,Book-local GFDL/GNU licensing language detected,"ks%2FMolecular+Modeling+and+Dynamics Copyright@2009 Bci2 and bci1 Copyright Statement: Permission is granted to copy, distribute and/or modify this document under the terms of the GNU Free Documentation License, Version 1.2 or any later version ;published by the Free Software Foundation, with no Invariant Sections, no Front-Cover Texts, and no Back- Cover Texts. A copy of the license is included in the section entitled ""GNU Free Documentation License"". Edited by Bci2, with all contributors liste ||  ;published by the Free Software Foundation, with no Invariant Sections, no Front-Cover Texts, and no Back- Cover Texts. A copy of the license is included in the section entitled ""GNU Free Documentation License"". Edited by Bci2, with all contributors listed before the License statement. Download: MolecModelDynApl247p.pdf MolecModelDynAppl230p.pdf Links: Physics Classification : 00. (GENERAL) 02. (Mathematical methods in physics) 03. (Quantum mechanics, field theories, and special relativity ) 03 || _Dynamics http://en.wikipedia.org/w/index.php?title=Special:Book/download/&collection_id=9172795b40593e17&writer=rl&return_to=User%3ABci2%2FBooks%2FMolecular+Modeling+and+Dynamics Copyright@2009 Bci2 and bci1 Copyright Statement: Permission is granted to copy, distribute and/or modify this document under the terms of the GNU Free Documentation License, Version 1.2 or any later version ;published by the Free Software Foundation, with no Invariant Sections, no Front-Cover Texts, and no Back- Cover || .org/w/index.php?title=Special:Book/download/&collection_id=9172795b40593e17&writer=rl&return_to=User%3ABci2%2FBooks%2FMolecular+Modeling+and+Dynamics Copyright@2009 Bci2 and bci1 Copyright Statement: Permission is granted to copy, distribute and/or modify this document under the terms of the GNU Free Documentation License, Version 1.2 or any later version ;published by the Free Software Foundation, with no Invariant Sections, no Front-Cover Texts, and no Back- Cover Texts. A copy of the license || e=Special:Book/download/&collection_id=9172795b40593e17&writer=rl&return_to=User%3ABci2%2FBooks%2FMolecular+Modeling+and+Dynamics Copyright@2009 Bci2 and bci1 Copyright Statement: Permission is granted to copy, distribute and/or modify this document under the terms of the GNU Free Documentation License, Version 1.2 or any later version ;published by the Free Software Foundation, with no Invariant Sections, no Front-Cover Texts, and no Back- Cover Texts. A copy of the license is included in the s || pological dynamics Protein folding Protein-protein interactions DNA Dynamics ""http://en.wikipedia.org/wiki/User:xxx/Books/Molecular_Modeling_and_Dynamics"" Rights: Open access: GNU License specs. at: http://en.wikipedia.org/wiki/Books/Molecular_Modeling_and_Dynamics http://en.wikipedia.org/w/index.php?title=Special:Book/download/&collection_id=9172795b40593e17&writer=rl&return_to=User%3ABci2%2FBooks%2FMolecular+Modeling+and+Dynamics Copyright@2009 Bci2 and bci1 Copyright Statement: Permission is  || +and+Dynamics Copyright@2009 Bci2 and bci1 Copyright Statement: Permission is granted to copy, distribute and/or modify this document under the terms of the GNU Free Documentation License, Version 1.2 or any later version ;published by the Free Software Foundation, with no Invariant Sections, no Front-Cover Texts, and no Back- Cover Texts. A copy of the license is included in the section entitled ""GNU Free Documentation License"". Edited by Bci2, with all contributors listed before the License st || ion License, Version 1.2 or any later version ;published by the Free Software Foundation, with no Invariant Sections, no Front-Cover Texts, and no Back- Cover Texts. A copy of the license is included in the section entitled ""GNU Free Documentation License"". Edited by Bci2, with all contributors listed before the License statement. Download: MolecModelDynApl247p.pdf MolecModelDynAppl230p.pdf Links: Physics Classification : 00. (GENERAL) 02. (Mathematical methods in physics) 03. (Quantum mechanics ||  Software Foundation, with no Invariant Sections, no Front-Cover Texts, and no Back- Cover Texts. A copy of the license is included in the section entitled ""GNU Free Documentation License"". Edited by Bci2, with all contributors listed before the License statement. Download: MolecModelDynApl247p.pdf MolecModelDynAppl230p.pdf Links: Physics Classification : 00. (GENERAL) 02. (Mathematical methods in physics) 03. (Quantum mechanics, field theories, and special relativity ) 03.65.Fd (Algebraic metho || exts, and no Back- Cover Texts. A copy of the license is included in the section entitled ""GNU Free Documentation License"". Edited by Bci2, with all contributors listed before the License statement. Download: MolecModelDynApl247p.pdf MolecModelDynAppl230p.pdf Links: Physics Classification : 00. (GENERAL) 02. (Mathematical methods in physics) 03. (Quantum mechanics, field theories, and special relativity ) 03.65.Fd (Algebraic methods )",https://aux.physicslibrary.org/files/books/250/MolecModelDynApl247p.pdf | https://aux.physicslibrary.org/files/books/250/MolecModelDynAppl230p.pdf,3517
251,Algebraic Mathematics and Logic | Physics Library,https://physicslibrary.org/?op=getobj;from=books;id=251,GFDL,medium,Book-local GFDL/GNU licensing language detected,"%3ABci2%2FBooks%2FAlgebraGNU License Copyright@2009 Bci2 and bci1 Copyright Statement: Permission is granted to copy, distribute and/or modify this document under the terms of the GNU Free Documentation License, Version 1.2 or any later version ;published by the Free Software Foundation, with no Invariant Sections, no Front-Cover Texts, and no Back- Cover Texts. A copy of the license is included in the section entitled ""GNU Free Documentation License"". Edited by Bci2, with all contributors liste ||  ;published by the Free Software Foundation, with no Invariant Sections, no Front-Cover Texts, and no Back- Cover Texts. A copy of the license is included in the section entitled ""GNU Free Documentation License"". Edited by Bci2, with all contributors listed before the License statement. Download: AlgebraicLogicMathematics.pdf AlgLogicMath258p.pdf Links: Physics Classification : 00. (GENERAL) 02. (Mathematical methods in physics) 03. (Quantum mechanics, field theories, and special relativity ) 03 || . Rights: Open access: http://en.wikipedia.org/w/index.php?title=Special:Book/download/&collection_id=23d856aa7f4a8e78&writer=rl&return_to=User%3ABci2%2FBooks%2FAlgebraGNU License Copyright@2009 Bci2 and bci1 Copyright Statement: Permission is granted to copy, distribute and/or modify this document under the terms of the GNU Free Documentation License, Version 1.2 or any later version ;published by the Free Software Foundation, with no Invariant Sections, no Front-Cover Texts, and no Back- Cover || /en.wikipedia.org/w/index.php?title=Special:Book/download/&collection_id=23d856aa7f4a8e78&writer=rl&return_to=User%3ABci2%2FBooks%2FAlgebraGNU License Copyright@2009 Bci2 and bci1 Copyright Statement: Permission is granted to copy, distribute and/or modify this document under the terms of the GNU Free Documentation License, Version 1.2 or any later version ;published by the Free Software Foundation, with no Invariant Sections, no Front-Cover Texts, and no Back- Cover Texts. A copy of the license || ndex.php?title=Special:Book/download/&collection_id=23d856aa7f4a8e78&writer=rl&return_to=User%3ABci2%2FBooks%2FAlgebraGNU License Copyright@2009 Bci2 and bci1 Copyright Statement: Permission is granted to copy, distribute and/or modify this document under the terms of the GNU Free Documentation License, Version 1.2 or any later version ;published by the Free Software Foundation, with no Invariant Sections, no Front-Cover Texts, and no Back- Cover Texts. A copy of the license is included in the s || al logic. Rights: Open access: http://en.wikipedia.org/w/index.php?title=Special:Book/download/&collection_id=23d856aa7f4a8e78&writer=rl&return_to=User%3ABci2%2FBooks%2FAlgebraGNU License Copyright@2009 Bci2 and bci1 Copyright Statement: Permission is granted to copy, distribute and/or modify this document under the terms of the GNU Free Documentation License, Version 1.2 or any later version ;published by the Free Software Foundation, with no Invariant Sections, no Front-Cover Texts, and no Bac || raGNU License Copyright@2009 Bci2 and bci1 Copyright Statement: Permission is granted to copy, distribute and/or modify this document under the terms of the GNU Free Documentation License, Version 1.2 or any later version ;published by the Free Software Foundation, with no Invariant Sections, no Front-Cover Texts, and no Back- Cover Texts. A copy of the license is included in the section entitled ""GNU Free Documentation License"". Edited by Bci2, with all contributors listed before the License st || ion License, Version 1.2 or any later version ;published by the Free Software Foundation, with no Invariant Sections, no Front-Cover Texts, and no Back- Cover Texts. A copy of the license is included in the section entitled ""GNU Free Documentation License"". Edited by Bci2, with all contributors listed before the License statement. Download: AlgebraicLogicMathematics.pdf AlgLogicMath258p.pdf Links: Physics Classification : 00. (GENERAL) 02. (Mathematical methods in physics) 03. (Quantum mechanics ||  Software Foundation, with no Invariant Sections, no Front-Cover Texts, and no Back- Cover Texts. A copy of the license is included in the section entitled ""GNU Free Documentation License"". Edited by Bci2, with all contributors listed before the License statement. Download: AlgebraicLogicMathematics.pdf AlgLogicMath258p.pdf Links: Physics Classification : 00. (GENERAL) 02. (Mathematical methods in physics) 03. (Quantum mechanics, field theories, and special relativity ) 03.65.Fd (Algebraic metho || exts, and no Back- Cover Texts. A copy of the license is included in the section entitled ""GNU Free Documentation License"". Edited by Bci2, with all contributors listed before the License statement. Download: AlgebraicLogicMathematics.pdf AlgLogicMath258p.pdf Links: Physics Classification : 00. (GENERAL) 02. (Mathematical methods in physics) 03. (Quantum mechanics, field theories, and special relativity ) 03.65.Fd (Algebraic methods )",https://aux.physicslibrary.org/files/books/251/AlgebraicLogicMathematics.pdf | https://aux.physicslibrary.org/files/books/251/AlgLogicMath258p.pdf,2311
252,Seven Lectures on the Universal Algebraic Geometry | Physics Library,https://physicslibrary.org/?op=getobj;from=books;id=252,questionable/manual review,low,No explicit reusable-license or public-domain evidence on catalog page,,https://aux.physicslibrary.org/files/books/252/UnivAlgGeometry.pdf,1851
253,Algebraic Mathematics and Logics | Physics Library,https://physicslibrary.org/?op=getobj;from=books;id=253,GFDL,medium,Book-local GFDL/GNU licensing language detected,"urn_to=User%3ABci2%2FBooks%2FAlgebra Copyright@2009 Bci2 and bci1 Copyright Statement: Permission is granted to copy, distribute and/or modify this document under the terms of the GNU Free Documentation License, Version 1.2 or any later version ;published by the Free Software Foundation, with no Invariant Sections, no Front-Cover Texts, and no Back- Cover Texts. A copy of the license is included in the section entitled ""GNU Free Documentation License"". Edited by Bci2, with all contributors liste ||  ;published by the Free Software Foundation, with no Invariant Sections, no Front-Cover Texts, and no Back- Cover Texts. A copy of the license is included in the section entitled ""GNU Free Documentation License"". Edited by Bci2, with all contributors listed before the License statement. Download: AlgebraicMathematics360p.pdf AlgebrLMaths390p.pdf Links: Physics Classification : 00. (GENERAL) 02. (Mathematical methods in physics) 03. (Quantum mechanics, field theories, and special relativity ) 03. || .org/wiki/User:Bci2/Books/Algebra http://en.wikipedia.org/w/index.php?title=Special:Book/download/&collection_id=a2c1f558583bfd6d&writer=rl&return_to=User%3ABci2%2FBooks%2FAlgebra Copyright@2009 Bci2 and bci1 Copyright Statement: Permission is granted to copy, distribute and/or modify this document under the terms of the GNU Free Documentation License, Version 1.2 or any later version ;published by the Free Software Foundation, with no Invariant Sections, no Front-Cover Texts, and no Back- Cover || ebra http://en.wikipedia.org/w/index.php?title=Special:Book/download/&collection_id=a2c1f558583bfd6d&writer=rl&return_to=User%3ABci2%2FBooks%2FAlgebra Copyright@2009 Bci2 and bci1 Copyright Statement: Permission is granted to copy, distribute and/or modify this document under the terms of the GNU Free Documentation License, Version 1.2 or any later version ;published by the Free Software Foundation, with no Invariant Sections, no Front-Cover Texts, and no Back- Cover Texts. A copy of the license || dia.org/w/index.php?title=Special:Book/download/&collection_id=a2c1f558583bfd6d&writer=rl&return_to=User%3ABci2%2FBooks%2FAlgebra Copyright@2009 Bci2 and bci1 Copyright Statement: Permission is granted to copy, distribute and/or modify this document under the terms of the GNU Free Documentation License, Version 1.2 or any later version ;published by the Free Software Foundation, with no Invariant Sections, no Front-Cover Texts, and no Back- Cover Texts. A copy of the license is included in the s || tant publications in mathematics Higher Dimensional Algebras (HDA) Higher-dimensional algebra Higher category theory Duality (mathematics) Metamathematics Rights: Open access: GNU License http://en.wikipedia.org/wiki/User:Bci2/Books/Algebra http://en.wikipedia.org/w/index.php?title=Special:Book/download/&collection_id=a2c1f558583bfd6d&writer=rl&return_to=User%3ABci2%2FBooks%2FAlgebra Copyright@2009 Bci2 and bci1 Copyright Statement: Permission is granted to copy, distribute and/or modify this do || oks%2FAlgebra Copyright@2009 Bci2 and bci1 Copyright Statement: Permission is granted to copy, distribute and/or modify this document under the terms of the GNU Free Documentation License, Version 1.2 or any later version ;published by the Free Software Foundation, with no Invariant Sections, no Front-Cover Texts, and no Back- Cover Texts. A copy of the license is included in the section entitled ""GNU Free Documentation License"". Edited by Bci2, with all contributors listed before the License st || ion License, Version 1.2 or any later version ;published by the Free Software Foundation, with no Invariant Sections, no Front-Cover Texts, and no Back- Cover Texts. A copy of the license is included in the section entitled ""GNU Free Documentation License"". Edited by Bci2, with all contributors listed before the License statement. Download: AlgebraicMathematics360p.pdf AlgebrLMaths390p.pdf Links: Physics Classification : 00. (GENERAL) 02. (Mathematical methods in physics) 03. (Quantum mechanics, ||  Software Foundation, with no Invariant Sections, no Front-Cover Texts, and no Back- Cover Texts. A copy of the license is included in the section entitled ""GNU Free Documentation License"". Edited by Bci2, with all contributors listed before the License statement. Download: AlgebraicMathematics360p.pdf AlgebrLMaths390p.pdf Links: Physics Classification : 00. (GENERAL) 02. (Mathematical methods in physics) 03. (Quantum mechanics, field theories, and special relativity ) 03.65.Fd (Algebraic method || exts, and no Back- Cover Texts. A copy of the license is included in the section entitled ""GNU Free Documentation License"". Edited by Bci2, with all contributors listed before the License statement. Download: AlgebraicMathematics360p.pdf AlgebrLMaths390p.pdf Links: Physics Classification : 00. (GENERAL) 02. (Mathematical methods in physics) 03. (Quantum mechanics, field theories, and special relativity ) 03.65.Fd (Algebraic methods )",https://aux.physicslibrary.org/files/books/253/AlgebraicMathematics360p.pdf | https://aux.physicslibrary.org/files/books/253/AlgebrLMaths390p.pdf,4266
254,"Quantum Algebra, Quantum Logic, Algebraic Logic and Algebraic Mathematics | Physics Library",https://physicslibrary.org/?op=getobj;from=books;id=254,GFDL,medium,Book-local GFDL/GNU licensing language detected,"urn_to=User%3ABci2%2FBooks%2FAlgebra Copyright@2009 Bci2 and bci1 Copyright Statement: Permission is granted to copy, distribute and/or modify this document under the terms of the GNU Free Documentation License, Version 1.2 or any later version ;published by the Free Software Foundation, with no Invariant Sections, no Front-Cover Texts, and no Back- Cover Texts. A copy of the license is included in the section entitled ""GNU Free Documentation License"". Edited by Bci2, with all contributors liste ||  ;published by the Free Software Foundation, with no Invariant Sections, no Front-Cover Texts, and no Back- Cover Texts. A copy of the license is included in the section entitled ""GNU Free Documentation License"". Edited by Bci2, with all contributors listed before the License statement. Download: AlgLogicQLQAlgMath451p.pdf GMoisil.pdf Links: Physics Classification : 00. (GENERAL) 02. (Mathematical methods in physics) 03. (Quantum mechanics, field theories, and special relativity ) 03.65.Fd (Alge ||  Rights: Open access: GNU License http://en.wikipedia.org/w/index.php?title=Special:Book/download/&collection_id=02ce8edf70761eef&writer=rl&return_to=User%3ABci2%2FBooks%2FAlgebra Copyright@2009 Bci2 and bci1 Copyright Statement: Permission is granted to copy, distribute and/or modify this document under the terms of the GNU Free Documentation License, Version 1.2 or any later version ;published by the Free Software Foundation, with no Invariant Sections, no Front-Cover Texts, and no Back- Cover || ense http://en.wikipedia.org/w/index.php?title=Special:Book/download/&collection_id=02ce8edf70761eef&writer=rl&return_to=User%3ABci2%2FBooks%2FAlgebra Copyright@2009 Bci2 and bci1 Copyright Statement: Permission is granted to copy, distribute and/or modify this document under the terms of the GNU Free Documentation License, Version 1.2 or any later version ;published by the Free Software Foundation, with no Invariant Sections, no Front-Cover Texts, and no Back- Cover Texts. A copy of the license || dia.org/w/index.php?title=Special:Book/download/&collection_id=02ce8edf70761eef&writer=rl&return_to=User%3ABci2%2FBooks%2FAlgebra Copyright@2009 Bci2 and bci1 Copyright Statement: Permission is granted to copy, distribute and/or modify this document under the terms of the GNU Free Documentation License, Version 1.2 or any later version ;published by the Free Software Foundation, with no Invariant Sections, no Front-Cover Texts, and no Back- Cover Texts. A copy of the license is included in the s || PDF free download, Preprint Abstract: A contributed book on the fundamentals of quantum algebra, quantum logic, algebraic logic and algebraic mathematics. Rights: Open access: GNU License http://en.wikipedia.org/w/index.php?title=Special:Book/download/&collection_id=02ce8edf70761eef&writer=rl&return_to=User%3ABci2%2FBooks%2FAlgebra Copyright@2009 Bci2 and bci1 Copyright Statement: Permission is granted to copy, distribute and/or modify this document under the terms of the GNU Free Documentation  || oks%2FAlgebra Copyright@2009 Bci2 and bci1 Copyright Statement: Permission is granted to copy, distribute and/or modify this document under the terms of the GNU Free Documentation License, Version 1.2 or any later version ;published by the Free Software Foundation, with no Invariant Sections, no Front-Cover Texts, and no Back- Cover Texts. A copy of the license is included in the section entitled ""GNU Free Documentation License"". Edited by Bci2, with all contributors listed before the License st || ion License, Version 1.2 or any later version ;published by the Free Software Foundation, with no Invariant Sections, no Front-Cover Texts, and no Back- Cover Texts. A copy of the license is included in the section entitled ""GNU Free Documentation License"". Edited by Bci2, with all contributors listed before the License statement. Download: AlgLogicQLQAlgMath451p.pdf GMoisil.pdf Links: Physics Classification : 00. (GENERAL) 02. (Mathematical methods in physics) 03. (Quantum mechanics, field theo ||  Software Foundation, with no Invariant Sections, no Front-Cover Texts, and no Back- Cover Texts. A copy of the license is included in the section entitled ""GNU Free Documentation License"". Edited by Bci2, with all contributors listed before the License statement. Download: AlgLogicQLQAlgMath451p.pdf GMoisil.pdf Links: Physics Classification : 00. (GENERAL) 02. (Mathematical methods in physics) 03. (Quantum mechanics, field theories, and special relativity ) 03.65.Fd (Algebraic methods ) || exts, and no Back- Cover Texts. A copy of the license is included in the section entitled ""GNU Free Documentation License"". Edited by Bci2, with all contributors listed before the License statement. Download: AlgLogicQLQAlgMath451p.pdf GMoisil.pdf Links: Physics Classification : 00. (GENERAL) 02. (Mathematical methods in physics) 03. (Quantum mechanics, field theories, and special relativity ) 03.65.Fd (Algebraic methods )",https://aux.physicslibrary.org/files/books/254/AlgLogicQLQAlgMath451p.pdf | https://aux.physicslibrary.org/files/books/254/GMoisil.pdf,2109
255,"Quantum Logic, Algebraic Logic, Quantum Algebra and Quantum Computers: Abelian and Non-Abelian Structures | Physics Library",https://physicslibrary.org/?op=getobj;from=books;id=255,GFDL,medium,Book-local GFDL/GNU licensing language detected,"%2FQuantum+Logic+and+Quantum+Algebra Copyright@2009 Bci2 and bci1 Copyright Statement: Permission is granted to copy, distribute and/or modify this document under the terms of the GNU Free Documentation License, Version 1.2 or any later version ;published by the Free Software Foundation, with no Invariant Sections, no Front-Cover Texts, and no Back- Cover Texts. A copy of the license is included in the section entitled ""GNU Free Documentation License"". Edited by Bci2, with all contributors liste ||  ;published by the Free Software Foundation, with no Invariant Sections, no Front-Cover Texts, and no Back- Cover Texts. A copy of the license is included in the section entitled ""GNU Free Documentation License"". Edited by Bci2, with all contributors listed before the License statement. Download: Cstaralgebra.pdf QAlgCompAmaths459p.pdf QAQTALQLQC456p14Mb.pdf QLAlgComp411p.pdf Links: Physics Classification : 00. (GENERAL) 02. (Mathematical methods in physics) 03. (Quantum mechanics, field theorie || Algebra http://en.wikipedia.org/w/index.php?title=Special:Book/download/&collection_id=ee3f5c34a88058a4&writer=rl&return_to=User%3ABci2%2FBooks%2FQuantum+Logic+and+Quantum+Algebra Copyright@2009 Bci2 and bci1 Copyright Statement: Permission is granted to copy, distribute and/or modify this document under the terms of the GNU Free Documentation License, Version 1.2 or any later version ;published by the Free Software Foundation, with no Invariant Sections, no Front-Cover Texts, and no Back- Cover || rg/w/index.php?title=Special:Book/download/&collection_id=ee3f5c34a88058a4&writer=rl&return_to=User%3ABci2%2FBooks%2FQuantum+Logic+and+Quantum+Algebra Copyright@2009 Bci2 and bci1 Copyright Statement: Permission is granted to copy, distribute and/or modify this document under the terms of the GNU Free Documentation License, Version 1.2 or any later version ;published by the Free Software Foundation, with no Invariant Sections, no Front-Cover Texts, and no Back- Cover Texts. A copy of the license || Special:Book/download/&collection_id=ee3f5c34a88058a4&writer=rl&return_to=User%3ABci2%2FBooks%2FQuantum+Logic+and+Quantum+Algebra Copyright@2009 Bci2 and bci1 Copyright Statement: Permission is granted to copy, distribute and/or modify this document under the terms of the GNU Free Documentation License, Version 1.2 or any later version ;published by the Free Software Foundation, with no Invariant Sections, no Front-Cover Texts, and no Back- Cover Texts. A copy of the license is included in the s || sional algebra Higher category theory Duality (mathematics) Metamathematics http://en.wikipedia.org/wiki/User:Bci2/Books/Quantum_Logic_and_Quantum_Algebra Rights: Open access: GNU License http://en.wikipedia.org/wiki/User:Bci2/Books/Quantum_Algebra,_Logics,_Algebraic_Mathematics_and_Geometry http://en.wikipedia.org/w/index.php?title=Special:Book/download/&collection_id=5e2ad25214ff00d7&writer=rl&return_to=User%3ABci2%2FBooks%2FQuantum+Logic+and+Quantum+Algebra http://en.wikipedia.org/w/index.php || antum+Algebra Copyright@2009 Bci2 and bci1 Copyright Statement: Permission is granted to copy, distribute and/or modify this document under the terms of the GNU Free Documentation License, Version 1.2 or any later version ;published by the Free Software Foundation, with no Invariant Sections, no Front-Cover Texts, and no Back- Cover Texts. A copy of the license is included in the section entitled ""GNU Free Documentation License"". Edited by Bci2, with all contributors listed before the License st || ion License, Version 1.2 or any later version ;published by the Free Software Foundation, with no Invariant Sections, no Front-Cover Texts, and no Back- Cover Texts. A copy of the license is included in the section entitled ""GNU Free Documentation License"". Edited by Bci2, with all contributors listed before the License statement. Download: Cstaralgebra.pdf QAlgCompAmaths459p.pdf QAQTALQLQC456p14Mb.pdf QLAlgComp411p.pdf Links: Physics Classification : 00. (GENERAL) 02. (Mathematical methods in p ||  Software Foundation, with no Invariant Sections, no Front-Cover Texts, and no Back- Cover Texts. A copy of the license is included in the section entitled ""GNU Free Documentation License"". Edited by Bci2, with all contributors listed before the License statement. Download: Cstaralgebra.pdf QAlgCompAmaths459p.pdf QAQTALQLQC456p14Mb.pdf QLAlgComp411p.pdf Links: Physics Classification : 00. (GENERAL) 02. (Mathematical methods in physics) 03. (Quantum mechanics, field theories, and special relativi || exts, and no Back- Cover Texts. A copy of the license is included in the section entitled ""GNU Free Documentation License"". Edited by Bci2, with all contributors listed before the License statement. Download: Cstaralgebra.pdf QAlgCompAmaths459p.pdf QAQTALQLQC456p14Mb.pdf QLAlgComp411p.pdf Links: Physics Classification : 00. (GENERAL) 02. (Mathematical methods in physics) 03. (Quantum mechanics, field theories, and special relativity ) 03.65.Fd (Algebraic methods )",https://aux.physicslibrary.org/files/books/255/Cstaralgebra.pdf | https://aux.physicslibrary.org/files/books/255/QAlgCompAmaths459p.pdf | https://aux.physicslibrary.org/files/books/255/QAQTALQLQC456p14Mb.pdf | https://aux.physicslibrary.org/files/books/255/QLAlgComp411p.pdf,4890
256,Lectures on Noncommutative Geometry (NCG) | Physics Library,https://physicslibrary.org/?op=getobj;from=books;id=256,questionable/manual review,low,No explicit reusable-license or public-domain evidence on catalog page,"tative Chern--Weil theory 19. Chern character in K--theory 20. Formally smooth algebras 21. Serre functors and duality 22. Geometry over an operad"" Two related files under the GNU license are added that focus on the potential physical applications of NCG. Rights: Open access: http://arxiv.org/PS_cache/math/pdf/0506/0506603v1.pdf Download: NCGLects124p.pdf NonComGeom.pdf NoncomQFT.pdf Links: Physics Classification : 00. (GENERAL) 02. (Mathematical methods in physics) 03. (Quantum mechanics, field",https://aux.physicslibrary.org/files/books/256/NCGLects124p.pdf | https://aux.physicslibrary.org/files/books/256/NonComGeom.pdf | https://aux.physicslibrary.org/files/books/256/NoncomQFT.pdf,2067
257,Noncommutative Geometry | Physics Library,https://physicslibrary.org/?op=getobj;from=books;id=257,questionable/manual review,low,No explicit reusable-license or public-domain evidence on catalog page,,https://aux.physicslibrary.org/files/books/257/NonComGeom.pdf,1262
258,Arithmetic Noncommutative Geometry | Physics Library,https://physicslibrary.org/?op=getobj;from=books;id=258,questionable/manual review,low,No explicit reusable-license or public-domain evidence on catalog page,,https://aux.physicslibrary.org/files/books/258/NCGarithm2k4.pdf,2498
259,Quantum Algebraic Topology (QAT) | Physics Library,https://physicslibrary.org/?op=getobj;from=books;id=259,GFDL,medium,Book-local GFDL/GNU licensing language detected,"2FBooks%2FQuantum+Algebraic+Topology Copyright@2009 Bci2 and bci1 Copyright Statement: Permission is granted to copy, distribute and/or modify this document under the terms of the GNU Free Documentation License, Version 1.2 or any later version ;published by the Free Software Foundation, with no Invariant Sections, no Front-Cover Texts, and no Back- Cover Texts. A copy of the license is included in the section entitled ""GNU Free Documentation License"". Edited by Bci2, with all contributors liste ||  ;published by the Free Software Foundation, with no Invariant Sections, no Front-Cover Texts, and no Back- Cover Texts. A copy of the license is included in the section entitled ""GNU Free Documentation License"". Edited by Bci2, with all contributors listed before the License statement. Download: QATQMQLAL434p.pdf Links: Physics Classification : 00. (GENERAL) 02. (Mathematical methods in physics) 03. (Quantum mechanics, field theories, and special relativity ) 03.65.Fd (Algebraic methods ) || : Open access: http://en.wikipedia.org/w/index.php?title=Special:Book/download/&collection_id=8c73ead39040cbbd&writer=rl&return_to=User%3ABci2%2FBooks%2FQuantum+Algebraic+Topology Copyright@2009 Bci2 and bci1 Copyright Statement: Permission is granted to copy, distribute and/or modify this document under the terms of the GNU Free Documentation License, Version 1.2 or any later version ;published by the Free Software Foundation, with no Invariant Sections, no Front-Cover Texts, and no Back- Cover || pedia.org/w/index.php?title=Special:Book/download/&collection_id=8c73ead39040cbbd&writer=rl&return_to=User%3ABci2%2FBooks%2FQuantum+Algebraic+Topology Copyright@2009 Bci2 and bci1 Copyright Statement: Permission is granted to copy, distribute and/or modify this document under the terms of the GNU Free Documentation License, Version 1.2 or any later version ;published by the Free Software Foundation, with no Invariant Sections, no Front-Cover Texts, and no Back- Cover Texts. A copy of the license || ?title=Special:Book/download/&collection_id=8c73ead39040cbbd&writer=rl&return_to=User%3ABci2%2FBooks%2FQuantum+Algebraic+Topology Copyright@2009 Bci2 and bci1 Copyright Statement: Permission is granted to copy, distribute and/or modify this document under the terms of the GNU Free Documentation License, Version 1.2 or any later version ;published by the Free Software Foundation, with no Invariant Sections, no Front-Cover Texts, and no Back- Cover Texts. A copy of the license is included in the s || raic+Topology Copyright@2009 Bci2 and bci1 Copyright Statement: Permission is granted to copy, distribute and/or modify this document under the terms of the GNU Free Documentation License, Version 1.2 or any later version ;published by the Free Software Foundation, with no Invariant Sections, no Front-Cover Texts, and no Back- Cover Texts. A copy of the license is included in the section entitled ""GNU Free Documentation License"". Edited by Bci2, with all contributors listed before the License st || ion License, Version 1.2 or any later version ;published by the Free Software Foundation, with no Invariant Sections, no Front-Cover Texts, and no Back- Cover Texts. A copy of the license is included in the section entitled ""GNU Free Documentation License"". Edited by Bci2, with all contributors listed before the License statement. Download: QATQMQLAL434p.pdf Links: Physics Classification : 00. (GENERAL) 02. (Mathematical methods in physics) 03. (Quantum mechanics, field theories, and special rel ||  Software Foundation, with no Invariant Sections, no Front-Cover Texts, and no Back- Cover Texts. A copy of the license is included in the section entitled ""GNU Free Documentation License"". Edited by Bci2, with all contributors listed before the License statement. Download: QATQMQLAL434p.pdf Links: Physics Classification : 00. (GENERAL) 02. (Mathematical methods in physics) 03. (Quantum mechanics, field theories, and special relativity ) 03.65.Fd (Algebraic methods ) || exts, and no Back- Cover Texts. A copy of the license is included in the section entitled ""GNU Free Documentation License"". Edited by Bci2, with all contributors listed before the License statement. Download: QATQMQLAL434p.pdf Links: Physics Classification : 00. (GENERAL) 02. (Mathematical methods in physics) 03. (Quantum mechanics, field theories, and special relativity ) 03.65.Fd (Algebraic methods )",https://aux.physicslibrary.org/files/books/259/QATQMQLAL434p.pdf,3880
260,Algebraic Quantum Topology | Physics Library,https://physicslibrary.org/?op=getobj;from=books;id=260,GFDL,medium,Book-local GFDL/GNU licensing language detected,"2FBooks%2FQuantum+Algebraic+Topology Copyright@2009 Bci2 and bci1 Copyright Statement: Permission is granted to copy, distribute and/or modify this document under the terms of the GNU Free Documentation License, Version 1.2 or any later version ;published by the Free Software Foundation, with no Invariant Sections, no Front-Cover Texts, and no Back- Cover Texts. A copy of the license is included in the section entitled ""GNU Free Documentation License"". Edited by Bci2, with all contributors liste ||  ;published by the Free Software Foundation, with no Invariant Sections, no Front-Cover Texts, and no Back- Cover Texts. A copy of the license is included in the section entitled ""GNU Free Documentation License"". Edited by Bci2, with all contributors listed before the License statement. Download: AQT14p443Mb8p8oK.pdf AQTv3p384.pdf AQTv4p418nu.pdf AQTv6p458Mb11.pdf Links: Physics Classification : 00. (GENERAL) 02. (Mathematical methods in physics) 03. (Quantum mechanics, field theories, and speci || s: GNU License http://en.wikipedia.org/w/index.php?title=Special:Book/download/&collection_id=8cfe303d8edcf4b7&writer=rl&return_to=User%3ABci2%2FBooks%2FQuantum+Algebraic+Topology Copyright@2009 Bci2 and bci1 Copyright Statement: Permission is granted to copy, distribute and/or modify this document under the terms of the GNU Free Documentation License, Version 1.2 or any later version ;published by the Free Software Foundation, with no Invariant Sections, no Front-Cover Texts, and no Back- Cover || pedia.org/w/index.php?title=Special:Book/download/&collection_id=8cfe303d8edcf4b7&writer=rl&return_to=User%3ABci2%2FBooks%2FQuantum+Algebraic+Topology Copyright@2009 Bci2 and bci1 Copyright Statement: Permission is granted to copy, distribute and/or modify this document under the terms of the GNU Free Documentation License, Version 1.2 or any later version ;published by the Free Software Foundation, with no Invariant Sections, no Front-Cover Texts, and no Back- Cover Texts. A copy of the license || ?title=Special:Book/download/&collection_id=8cfe303d8edcf4b7&writer=rl&return_to=User%3ABci2%2FBooks%2FQuantum+Algebraic+Topology Copyright@2009 Bci2 and bci1 Copyright Statement: Permission is granted to copy, distribute and/or modify this document under the terms of the GNU Free Documentation License, Version 1.2 or any later version ;published by the Free Software Foundation, with no Invariant Sections, no Front-Cover Texts, and no Back- Cover Texts. A copy of the license is included in the s ||  PDF Uploaded by: bci1 Comments: 380 pages, June 17, 2009; updates, 458 pages, free 11Mb PDF download Abstract: Fundamentals of Algebraic Quantum Topology Rights: Open access: GNU License http://en.wikipedia.org/w/index.php?title=Special:Book/download/&collection_id=8cfe303d8edcf4b7&writer=rl&return_to=User%3ABci2%2FBooks%2FQuantum+Algebraic+Topology Copyright@2009 Bci2 and bci1 Copyright Statement: Permission is granted to copy, distribute and/or modify this document under the terms of the GNU  || raic+Topology Copyright@2009 Bci2 and bci1 Copyright Statement: Permission is granted to copy, distribute and/or modify this document under the terms of the GNU Free Documentation License, Version 1.2 or any later version ;published by the Free Software Foundation, with no Invariant Sections, no Front-Cover Texts, and no Back- Cover Texts. A copy of the license is included in the section entitled ""GNU Free Documentation License"". Edited by Bci2, with all contributors listed before the License st || ion License, Version 1.2 or any later version ;published by the Free Software Foundation, with no Invariant Sections, no Front-Cover Texts, and no Back- Cover Texts. A copy of the license is included in the section entitled ""GNU Free Documentation License"". Edited by Bci2, with all contributors listed before the License statement. Download: AQT14p443Mb8p8oK.pdf AQTv3p384.pdf AQTv4p418nu.pdf AQTv6p458Mb11.pdf Links: Physics Classification : 00. (GENERAL) 02. (Mathematical methods in physics) 03.  ||  Software Foundation, with no Invariant Sections, no Front-Cover Texts, and no Back- Cover Texts. A copy of the license is included in the section entitled ""GNU Free Documentation License"". Edited by Bci2, with all contributors listed before the License statement. Download: AQT14p443Mb8p8oK.pdf AQTv3p384.pdf AQTv4p418nu.pdf AQTv6p458Mb11.pdf Links: Physics Classification : 00. (GENERAL) 02. (Mathematical methods in physics) 03. (Quantum mechanics, field theories, and special relativity ) 03.65.F || exts, and no Back- Cover Texts. A copy of the license is included in the section entitled ""GNU Free Documentation License"". Edited by Bci2, with all contributors listed before the License statement. Download: AQT14p443Mb8p8oK.pdf AQTv3p384.pdf AQTv4p418nu.pdf AQTv6p458Mb11.pdf Links: Physics Classification : 00. (GENERAL) 02. (Mathematical methods in physics) 03. (Quantum mechanics, field theories, and special relativity ) 03.65.Fd (Algebraic methods )",https://aux.physicslibrary.org/files/books/260/AQT14p443Mb8p8oK.pdf | https://aux.physicslibrary.org/files/books/260/AQTv3p384.pdf | https://aux.physicslibrary.org/files/books/260/AQTv4p418nu.pdf | https://aux.physicslibrary.org/files/books/260/AQTv6p458Mb11.pdf,1904
261,"DNA Molecular Modeling vol.2, v.Wk4 | Physics Library",https://physicslibrary.org/?op=getobj;from=books;id=261,GFDL,medium,Book-local GFDL/GNU licensing language detected,"&return_to=User%3ABci2%2FBooks%2FWk4 Copyright@2009 Bci2 and bci1 Copyright Statement: Permission is granted to copy, distribute and/or modify this document under the terms of the GNU Free Documentation License, Version 1.2 or any later version ;published by the Free Software Foundation, with no Invariant Sections, no Front-Cover Texts, and no Back- Cover Texts. A copy of the license is included in the section entitled ""GNU Free Documentation License"". Edited by Bci2, with all contributors liste ||  ;published by the Free Software Foundation, with no Invariant Sections, no Front-Cover Texts, and no Back- Cover Texts. A copy of the license is included in the section entitled ""GNU Free Documentation License"". Edited by Bci2, with all contributors listed before the License statement. Download: AdvDNAtechs448p34Mbconts.rtf DNAmolmdlnvol2p73Mb20.pdf Links: Physics Classification : 00. (GENERAL) 02. (Mathematical methods in physics) 03. (Quantum mechanics, field theories, and special relativity  || ikipedia.org/wiki/User:Bci2/Books/Wk4 http://en.wikipedia.org/w/index.php?title=Special:Book/download/&collection_id=b87d132d385b6254&writer=rl&return_to=User%3ABci2%2FBooks%2FWk4 Copyright@2009 Bci2 and bci1 Copyright Statement: Permission is granted to copy, distribute and/or modify this document under the terms of the GNU Free Documentation License, Version 1.2 or any later version ;published by the Free Software Foundation, with no Invariant Sections, no Front-Cover Texts, and no Back- Cover || ooks/Wk4 http://en.wikipedia.org/w/index.php?title=Special:Book/download/&collection_id=b87d132d385b6254&writer=rl&return_to=User%3ABci2%2FBooks%2FWk4 Copyright@2009 Bci2 and bci1 Copyright Statement: Permission is granted to copy, distribute and/or modify this document under the terms of the GNU Free Documentation License, Version 1.2 or any later version ;published by the Free Software Foundation, with no Invariant Sections, no Front-Cover Texts, and no Back- Cover Texts. A copy of the license || kipedia.org/w/index.php?title=Special:Book/download/&collection_id=b87d132d385b6254&writer=rl&return_to=User%3ABci2%2FBooks%2FWk4 Copyright@2009 Bci2 and bci1 Copyright Statement: Permission is granted to copy, distribute and/or modify this document under the terms of the GNU Free Documentation License, Version 1.2 or any later version ;published by the Free Software Foundation, with no Invariant Sections, no Front-Cover Texts, and no Back- Cover Texts. A copy of the license is included in the s || hemical imaging, FT-NIR, FT-IR, 2D-FT NMRI and Spectroscopy, AFM, sequencing, DNA arrays, DNA nanotechnology, etc. Free downloadable 34 Mb PDF produced with mwlib and GNDUL public license software. 1000+ contributors with different backgrounds and expertise, edited into a coherent textbook. Rights: Open access: GNU License User:Bci2/Books/Wk4 http://en.wikipedia.org/wiki/User:Bci2/Books/Wk4 http://en.wikipedia.org/w/index.php?title=Special:Book/download/&collection_id=b87d132d385b6254&writer=rl& || b PDF produced with mwlib and GNDUL public license software. 1000+ contributors with different backgrounds and expertise, edited into a coherent textbook. Rights: Open access: GNU License User:Bci2/Books/Wk4 http://en.wikipedia.org/wiki/User:Bci2/Books/Wk4 http://en.wikipedia.org/w/index.php?title=Special:Book/download/&collection_id=b87d132d385b6254&writer=rl&return_to=User%3ABci2%2FBooks%2FWk4 Copyright@2009 Bci2 and bci1 Copyright Statement: Permission is granted to copy, distribute and/or mo || 2FBooks%2FWk4 Copyright@2009 Bci2 and bci1 Copyright Statement: Permission is granted to copy, distribute and/or modify this document under the terms of the GNU Free Documentation License, Version 1.2 or any later version ;published by the Free Software Foundation, with no Invariant Sections, no Front-Cover Texts, and no Back- Cover Texts. A copy of the license is included in the section entitled ""GNU Free Documentation License"". Edited by Bci2, with all contributors listed before the License st || ion License, Version 1.2 or any later version ;published by the Free Software Foundation, with no Invariant Sections, no Front-Cover Texts, and no Back- Cover Texts. A copy of the license is included in the section entitled ""GNU Free Documentation License"". Edited by Bci2, with all contributors listed before the License statement. Download: AdvDNAtechs448p34Mbconts.rtf DNAmolmdlnvol2p73Mb20.pdf Links: Physics Classification : 00. (GENERAL) 02. (Mathematical methods in physics) 03. (Quantum mecha ||  Software Foundation, with no Invariant Sections, no Front-Cover Texts, and no Back- Cover Texts. A copy of the license is included in the section entitled ""GNU Free Documentation License"". Edited by Bci2, with all contributors listed before the License statement. Download: AdvDNAtechs448p34Mbconts.rtf DNAmolmdlnvol2p73Mb20.pdf Links: Physics Classification : 00. (GENERAL) 02. (Mathematical methods in physics) 03. (Quantum mechanics, field theories, and special relativity ) 03.65.Fd (Algebraic m",https://aux.physicslibrary.org/files/books/261/DNAmolmdlnvol2p73Mb20.pdf,2346
262,Advanced DNA Techniques v.1 | Physics Library,https://physicslibrary.org/?op=getobj;from=books;id=262,GFDL,medium,Book-local GFDL/GNU licensing language detected,"&return_to=User%3ABci2%2FBooks%2FWk4 Copyright@2009 Bci2 and bci1 Copyright Statement: Permission is granted to copy, distribute and/or modify this document under the terms of the GNU Free Documentation License, Version 1.2 or any later version ;published by the Free Software Foundation, with no Invariant Sections, no Front-Cover Texts, and no Back- Cover Texts. A copy of the license is included in the section entitled ""GNU Free Documentation License"". Edited by Bci2, with all contributors liste ||  ;published by the Free Software Foundation, with no Invariant Sections, no Front-Cover Texts, and no Back- Cover Texts. A copy of the license is included in the section entitled ""GNU Free Documentation License"". Edited by Bci2, with all contributors listed before the License statement. Download: AdvDNAtechs448p34Mbconts.rtf Links: Physics Classification : 00. (GENERAL) 02. (Mathematical methods in physics) 03. (Quantum mechanics, field theories, and special relativity ) 03.65.Fd (Algebraic meth || ikipedia.org/wiki/User:Bci2/Books/Wk4 http://en.wikipedia.org/w/index.php?title=Special:Book/download/&collection_id=b87d132d385b6254&writer=rl&return_to=User%3ABci2%2FBooks%2FWk4 Copyright@2009 Bci2 and bci1 Copyright Statement: Permission is granted to copy, distribute and/or modify this document under the terms of the GNU Free Documentation License, Version 1.2 or any later version ;published by the Free Software Foundation, with no Invariant Sections, no Front-Cover Texts, and no Back- Cover || ooks/Wk4 http://en.wikipedia.org/w/index.php?title=Special:Book/download/&collection_id=b87d132d385b6254&writer=rl&return_to=User%3ABci2%2FBooks%2FWk4 Copyright@2009 Bci2 and bci1 Copyright Statement: Permission is granted to copy, distribute and/or modify this document under the terms of the GNU Free Documentation License, Version 1.2 or any later version ;published by the Free Software Foundation, with no Invariant Sections, no Front-Cover Texts, and no Back- Cover Texts. A copy of the license || kipedia.org/w/index.php?title=Special:Book/download/&collection_id=b87d132d385b6254&writer=rl&return_to=User%3ABci2%2FBooks%2FWk4 Copyright@2009 Bci2 and bci1 Copyright Statement: Permission is granted to copy, distribute and/or modify this document under the terms of the GNU Free Documentation License, Version 1.2 or any later version ;published by the Free Software Foundation, with no Invariant Sections, no Front-Cover Texts, and no Back- Cover Texts. A copy of the license is included in the s || hemical imaging, FT-NIR, FT-IR, 2D-FT NMRI and Spectroscopy, AFM, sequencing, DNA arrays, DNA nanotechnology, etc. Free downloadable 34 Mb PDF produced with mwlib and GNDUL public license software. 1000+ contributors with different backgrounds and expertise, edited into a coherent textbook. Rights: Open access: GNU License User:Bci2/Books/Wk4 http://en.wikipedia.org/wiki/User:Bci2/Books/Wk4 http://en.wikipedia.org/w/index.php?title=Special:Book/download/&collection_id=b87d132d385b6254&writer=rl& || b PDF produced with mwlib and GNDUL public license software. 1000+ contributors with different backgrounds and expertise, edited into a coherent textbook. Rights: Open access: GNU License User:Bci2/Books/Wk4 http://en.wikipedia.org/wiki/User:Bci2/Books/Wk4 http://en.wikipedia.org/w/index.php?title=Special:Book/download/&collection_id=b87d132d385b6254&writer=rl&return_to=User%3ABci2%2FBooks%2FWk4 Copyright@2009 Bci2 and bci1 Copyright Statement: Permission is granted to copy, distribute and/or mo || 2FBooks%2FWk4 Copyright@2009 Bci2 and bci1 Copyright Statement: Permission is granted to copy, distribute and/or modify this document under the terms of the GNU Free Documentation License, Version 1.2 or any later version ;published by the Free Software Foundation, with no Invariant Sections, no Front-Cover Texts, and no Back- Cover Texts. A copy of the license is included in the section entitled ""GNU Free Documentation License"". Edited by Bci2, with all contributors listed before the License st || ion License, Version 1.2 or any later version ;published by the Free Software Foundation, with no Invariant Sections, no Front-Cover Texts, and no Back- Cover Texts. A copy of the license is included in the section entitled ""GNU Free Documentation License"". Edited by Bci2, with all contributors listed before the License statement. Download: AdvDNAtechs448p34Mbconts.rtf Links: Physics Classification : 00. (GENERAL) 02. (Mathematical methods in physics) 03. (Quantum mechanics, field theories, and  ||  Software Foundation, with no Invariant Sections, no Front-Cover Texts, and no Back- Cover Texts. A copy of the license is included in the section entitled ""GNU Free Documentation License"". Edited by Bci2, with all contributors listed before the License statement. Download: AdvDNAtechs448p34Mbconts.rtf Links: Physics Classification : 00. (GENERAL) 02. (Mathematical methods in physics) 03. (Quantum mechanics, field theories, and special relativity ) 03.65.Fd (Algebraic methods )",,2321
263,Advanced DNA Techniques v5 | Physics Library,https://physicslibrary.org/?op=getobj;from=books;id=263,GFDL,medium,Book-local GFDL/GNU licensing language detected,"&return_to=User%3ABci2%2FBooks%2FWk4 Copyright@2009 Bci2 and bci1 Copyright Statement: Permission is granted to copy, distribute and/or modify this document under the terms of the GNU Free Documentation License, Version 1.2 or any later version ;published by the Free Software Foundation, with no Invariant Sections, no Front-Cover Texts, and no Back- Cover Texts. A copy of the license is included in the section entitled ""GNU Free Documentation License"". Edited by Bci2, with all contributors liste ||  ;published by the Free Software Foundation, with no Invariant Sections, no Front-Cover Texts, and no Back- Cover Texts. A copy of the license is included in the section entitled ""GNU Free Documentation License"". Edited by Bci2, with all contributors listed before the License statement. Download: AdvDNATechs248p34Mb.pdf AdvDNAtechsconts448p34MB.docx Links: Physics Classification : 00. (GENERAL) 02. (Mathematical methods in physics) 03. (Quantum mechanics, field theories, and special relativity ) || ikipedia.org/wiki/User:Bci2/Books/Wk4 http://en.wikipedia.org/w/index.php?title=Special:Book/download/&collection_id=b87d132d385b6254&writer=rl&return_to=User%3ABci2%2FBooks%2FWk4 Copyright@2009 Bci2 and bci1 Copyright Statement: Permission is granted to copy, distribute and/or modify this document under the terms of the GNU Free Documentation License, Version 1.2 or any later version ;published by the Free Software Foundation, with no Invariant Sections, no Front-Cover Texts, and no Back- Cover || ooks/Wk4 http://en.wikipedia.org/w/index.php?title=Special:Book/download/&collection_id=b87d132d385b6254&writer=rl&return_to=User%3ABci2%2FBooks%2FWk4 Copyright@2009 Bci2 and bci1 Copyright Statement: Permission is granted to copy, distribute and/or modify this document under the terms of the GNU Free Documentation License, Version 1.2 or any later version ;published by the Free Software Foundation, with no Invariant Sections, no Front-Cover Texts, and no Back- Cover Texts. A copy of the license || kipedia.org/w/index.php?title=Special:Book/download/&collection_id=b87d132d385b6254&writer=rl&return_to=User%3ABci2%2FBooks%2FWk4 Copyright@2009 Bci2 and bci1 Copyright Statement: Permission is granted to copy, distribute and/or modify this document under the terms of the GNU Free Documentation License, Version 1.2 or any later version ;published by the Free Software Foundation, with no Invariant Sections, no Front-Cover Texts, and no Back- Cover Texts. A copy of the license is included in the s || hemical imaging, FT-NIR, FT-IR, 2D-FT NMRI and Spectroscopy, AFM, sequencing, DNA arrays, DNA nanotechnology, etc. Free downloadable 34 Mb PDF produced with mwlib and GNDUL public license software. 1000+ contributors with different backgrounds and expertise, edited into a coherent textbook. Rights: Open access: GNU License User:Bci2/Books/Wk4 http://en.wikipedia.org/wiki/User:Bci2/Books/Wk4 http://en.wikipedia.org/w/index.php?title=Special:Book/download/&collection_id=b87d132d385b6254&writer=rl& || b PDF produced with mwlib and GNDUL public license software. 1000+ contributors with different backgrounds and expertise, edited into a coherent textbook. Rights: Open access: GNU License User:Bci2/Books/Wk4 http://en.wikipedia.org/wiki/User:Bci2/Books/Wk4 http://en.wikipedia.org/w/index.php?title=Special:Book/download/&collection_id=b87d132d385b6254&writer=rl&return_to=User%3ABci2%2FBooks%2FWk4 Copyright@2009 Bci2 and bci1 Copyright Statement: Permission is granted to copy, distribute and/or mo || 2FBooks%2FWk4 Copyright@2009 Bci2 and bci1 Copyright Statement: Permission is granted to copy, distribute and/or modify this document under the terms of the GNU Free Documentation License, Version 1.2 or any later version ;published by the Free Software Foundation, with no Invariant Sections, no Front-Cover Texts, and no Back- Cover Texts. A copy of the license is included in the section entitled ""GNU Free Documentation License"". Edited by Bci2, with all contributors listed before the License st || ion License, Version 1.2 or any later version ;published by the Free Software Foundation, with no Invariant Sections, no Front-Cover Texts, and no Back- Cover Texts. A copy of the license is included in the section entitled ""GNU Free Documentation License"". Edited by Bci2, with all contributors listed before the License statement. Download: AdvDNATechs248p34Mb.pdf AdvDNAtechsconts448p34MB.docx Links: Physics Classification : 00. (GENERAL) 02. (Mathematical methods in physics) 03. (Quantum mechan ||  Software Foundation, with no Invariant Sections, no Front-Cover Texts, and no Back- Cover Texts. A copy of the license is included in the section entitled ""GNU Free Documentation License"". Edited by Bci2, with all contributors listed before the License statement. Download: AdvDNATechs248p34Mb.pdf AdvDNAtechsconts448p34MB.docx Links: Physics Classification : 00. (GENERAL) 02. (Mathematical methods in physics) 03. (Quantum mechanics, field theories, and special relativity ) 03.65.Fd (Algebraic me",https://aux.physicslibrary.org/files/books/263/AdvDNATechs248p34Mb.pdf,2343
265,"DNA Molecular Modeling Techniques vol.3, v.Wk5 | Physics Library",https://physicslibrary.org/?op=getobj;from=books;id=265,GFDL,medium,Book-local GFDL/GNU licensing language detected,"&return_to=User%3ABci2%2FBooks%2FWk5 Copyright@2009 Bci2 and bci1 Copyright Statement: Permission is granted to copy, distribute and/or modify this document under the terms of the GNU Free Documentation License, Version 1.2 or any later version ;published by the Free Software Foundation, with no Invariant Sections, no Front-Cover Texts, and no Back- Cover Texts. A copy of the license is included in the section entitled ""GNU Free Documentation License"". Edited by Bci2, with all contributors liste ||  ;published by the Free Software Foundation, with no Invariant Sections, no Front-Cover Texts, and no Back- Cover Texts. A copy of the license is included in the section entitled ""GNU Free Documentation License"". Edited by Bci2, with all contributors listed before the License statement. Download: DNAMolModWk5v2_vol2p182Mb34Bci2.pdf Links: Physics Classification : 00. (GENERAL) 02. (Mathematical methods in physics) 03. (Quantum mechanics, field theories, and special relativity ) 03.65.Fd (Algebra || ies. Rights: Open access: GNU License http://en.wikipedia.org/w/index.php?title=Special:Book/download/&collection_id=31bc6ccb0b463430&writer=rl&return_to=User%3ABci2%2FBooks%2FWk5 Copyright@2009 Bci2 and bci1 Copyright Statement: Permission is granted to copy, distribute and/or modify this document under the terms of the GNU Free Documentation License, Version 1.2 or any later version ;published by the Free Software Foundation, with no Invariant Sections, no Front-Cover Texts, and no Back- Cover ||  License http://en.wikipedia.org/w/index.php?title=Special:Book/download/&collection_id=31bc6ccb0b463430&writer=rl&return_to=User%3ABci2%2FBooks%2FWk5 Copyright@2009 Bci2 and bci1 Copyright Statement: Permission is granted to copy, distribute and/or modify this document under the terms of the GNU Free Documentation License, Version 1.2 or any later version ;published by the Free Software Foundation, with no Invariant Sections, no Front-Cover Texts, and no Back- Cover Texts. A copy of the license || kipedia.org/w/index.php?title=Special:Book/download/&collection_id=31bc6ccb0b463430&writer=rl&return_to=User%3ABci2%2FBooks%2FWk5 Copyright@2009 Bci2 and bci1 Copyright Statement: Permission is granted to copy, distribute and/or modify this document under the terms of the GNU Free Documentation License, Version 1.2 or any later version ;published by the Free Software Foundation, with no Invariant Sections, no Front-Cover Texts, and no Back- Cover Texts. A copy of the license is included in the s ||  17, 2009, free PDF downloads Abstract: A book presenting DNA molecular structures and dynamics, as well as the techniques and facilities for DNA studies. Rights: Open access: GNU License http://en.wikipedia.org/w/index.php?title=Special:Book/download/&collection_id=31bc6ccb0b463430&writer=rl&return_to=User%3ABci2%2FBooks%2FWk5 Copyright@2009 Bci2 and bci1 Copyright Statement: Permission is granted to copy, distribute and/or modify this document under the terms of the GNU Free Documentation Lice || 2FBooks%2FWk5 Copyright@2009 Bci2 and bci1 Copyright Statement: Permission is granted to copy, distribute and/or modify this document under the terms of the GNU Free Documentation License, Version 1.2 or any later version ;published by the Free Software Foundation, with no Invariant Sections, no Front-Cover Texts, and no Back- Cover Texts. A copy of the license is included in the section entitled ""GNU Free Documentation License"". Edited by Bci2, with all contributors listed before the License st || ion License, Version 1.2 or any later version ;published by the Free Software Foundation, with no Invariant Sections, no Front-Cover Texts, and no Back- Cover Texts. A copy of the license is included in the section entitled ""GNU Free Documentation License"". Edited by Bci2, with all contributors listed before the License statement. Download: DNAMolModWk5v2_vol2p182Mb34Bci2.pdf Links: Physics Classification : 00. (GENERAL) 02. (Mathematical methods in physics) 03. (Quantum mechanics, field theorie ||  Software Foundation, with no Invariant Sections, no Front-Cover Texts, and no Back- Cover Texts. A copy of the license is included in the section entitled ""GNU Free Documentation License"". Edited by Bci2, with all contributors listed before the License statement. Download: DNAMolModWk5v2_vol2p182Mb34Bci2.pdf Links: Physics Classification : 00. (GENERAL) 02. (Mathematical methods in physics) 03. (Quantum mechanics, field theories, and special relativity ) 03.65.Fd (Algebraic methods ) || exts, and no Back- Cover Texts. A copy of the license is included in the section entitled ""GNU Free Documentation License"". Edited by Bci2, with all contributors listed before the License statement. Download: DNAMolModWk5v2_vol2p182Mb34Bci2.pdf Links: Physics Classification : 00. (GENERAL) 02. (Mathematical methods in physics) 03. (Quantum mechanics, field theories, and special relativity ) 03.65.Fd (Algebraic methods )",https://aux.physicslibrary.org/files/books/265/DNAMolModWk5v2_vol2p182Mb34Bci2.pdf,1991
266,"Algebraic Topology, Category Theory and Higher Dimensional Algebra (v.2 and 3.) | Physics Library",https://physicslibrary.org/?op=getobj;from=books;id=266,GFDL,medium,Book-local GFDL/GNU licensing language detected,"sp2#Fundamental_Concepts_and_Results Copyright@2009 Bci2 and bci1 Copyright Statement: Permission is granted to copy, distribute and/or modify this document under the terms of the GNU Free Documentation License, Version 1.2 or any later version ;published by the Free Software Foundation, with no Invariant Sections, no Front-Cover Texts, and no Back- Cover Texts. A copy of the license is included in the section entitled ""GNU Free Documentation License"". Edited by Bci2, with all contributors liste ||  ;published by the Free Software Foundation, with no Invariant Sections, no Front-Cover Texts, and no Back- Cover Texts. A copy of the license is included in the section entitled ""GNU Free Documentation License"". Edited by Bci2, with all contributors listed before the License statement. Download: AlgebraicTopologyv2p263Mb5p5.pdf AlgebrTopol481pMb10.pdf ATcontents.rtf Links: Physics Classification : 00. (GENERAL) 02. (Mathematical methods in physics) 03. (Quantum mechanics, field theories, and sp || ownload/&collection_id=6756be839fd5edae&writer=rl&return_to=User%3ABci2%2FSubpage%2FBooksp2 http://en.wikipedia.org/wiki/User:Bci2/Subpage/Booksp2#Fundamental_Concepts_and_Results Copyright@2009 Bci2 and bci1 Copyright Statement: Permission is granted to copy, distribute and/or modify this document under the terms of the GNU Free Documentation License, Version 1.2 or any later version ;published by the Free Software Foundation, with no Invariant Sections, no Front-Cover Texts, and no Back- Cover || 839fd5edae&writer=rl&return_to=User%3ABci2%2FSubpage%2FBooksp2 http://en.wikipedia.org/wiki/User:Bci2/Subpage/Booksp2#Fundamental_Concepts_and_Results Copyright@2009 Bci2 and bci1 Copyright Statement: Permission is granted to copy, distribute and/or modify this document under the terms of the GNU Free Documentation License, Version 1.2 or any later version ;published by the Free Software Foundation, with no Invariant Sections, no Front-Cover Texts, and no Back- Cover Texts. A copy of the license || return_to=User%3ABci2%2FSubpage%2FBooksp2 http://en.wikipedia.org/wiki/User:Bci2/Subpage/Booksp2#Fundamental_Concepts_and_Results Copyright@2009 Bci2 and bci1 Copyright Statement: Permission is granted to copy, distribute and/or modify this document under the terms of the GNU Free Documentation License, Version 1.2 or any later version ;published by the Free Software Foundation, with no Invariant Sections, no Front-Cover Texts, and no Back- Cover Texts. A copy of the license is included in the s || 485 pages, 10 Mb PDF file- free download Abstract: Fundamental concepts and results in Algebraic Topology, Category Theory and Higher Dimensional Algebra. Rights: Open access: GNU License http://en.wikipedia.org/w/index.php?title=Special:Book/download/&collection_id=6756be839fd5edae&writer=rl&return_to=User%3ABci2%2FSubpage%2FBooksp2 http://en.wikipedia.org/wiki/User:Bci2/Subpage/Booksp2#Fundamental_Concepts_and_Results Copyright@2009 Bci2 and bci1 Copyright Statement: Permission is granted to c || s_and_Results Copyright@2009 Bci2 and bci1 Copyright Statement: Permission is granted to copy, distribute and/or modify this document under the terms of the GNU Free Documentation License, Version 1.2 or any later version ;published by the Free Software Foundation, with no Invariant Sections, no Front-Cover Texts, and no Back- Cover Texts. A copy of the license is included in the section entitled ""GNU Free Documentation License"". Edited by Bci2, with all contributors listed before the License st || ion License, Version 1.2 or any later version ;published by the Free Software Foundation, with no Invariant Sections, no Front-Cover Texts, and no Back- Cover Texts. A copy of the license is included in the section entitled ""GNU Free Documentation License"". Edited by Bci2, with all contributors listed before the License statement. Download: AlgebraicTopologyv2p263Mb5p5.pdf AlgebrTopol481pMb10.pdf ATcontents.rtf Links: Physics Classification : 00. (GENERAL) 02. (Mathematical methods in physics) 0 ||  Software Foundation, with no Invariant Sections, no Front-Cover Texts, and no Back- Cover Texts. A copy of the license is included in the section entitled ""GNU Free Documentation License"". Edited by Bci2, with all contributors listed before the License statement. Download: AlgebraicTopologyv2p263Mb5p5.pdf AlgebrTopol481pMb10.pdf ATcontents.rtf Links: Physics Classification : 00. (GENERAL) 02. (Mathematical methods in physics) 03. (Quantum mechanics, field theories, and special relativity ) 03.6 || exts, and no Back- Cover Texts. A copy of the license is included in the section entitled ""GNU Free Documentation License"". Edited by Bci2, with all contributors listed before the License statement. Download: AlgebraicTopologyv2p263Mb5p5.pdf AlgebrTopol481pMb10.pdf ATcontents.rtf Links: Physics Classification : 00. (GENERAL) 02. (Mathematical methods in physics) 03. (Quantum mechanics, field theories, and special relativity ) 03.65.Fd (Algebraic methods )",https://aux.physicslibrary.org/files/books/266/AlgebraicTopologyv2p263Mb5p5.pdf | https://aux.physicslibrary.org/files/books/266/AlgebrTopol481pMb10.pdf,2223
267,"Logic, Metalogics, Relational Logic, Relation Theory, MV-Logic, Algebraic Logic, Quantum Logics and Relational Quantum Theories | Physics Library",https://physicslibrary.org/?op=getobj;from=books;id=267,GFDL,medium,Book-local GFDL/GNU licensing language detected,"o=User%3ABci2%2FBooks%2FLogicaMetaQL Copyright@2009 Bci2 and bci1 Copyright Statement: Permission is granted to copy, distribute and/or modify this document under the terms of the GNU Free Documentation License, Version 1.2 or any later version ;published by the Free Software Foundation, with no Invariant Sections, no Front-Cover Texts, and no Back- Cover Texts. A copy of the license is included in the section entitled ""GNU Free Documentation License"". Edited by Bci2, with all contributors liste ||  ;published by the Free Software Foundation, with no Invariant Sections, no Front-Cover Texts, and no Back- Cover Texts. A copy of the license is included in the section entitled ""GNU Free Documentation License"". Edited by Bci2, with all contributors listed before the License statement. Download: ALQLQTQCAM477p10Mb.pdf LogicMetaRelAlgQLRelQT175pMb5.pdf LogicMetaRelLogicQLQT295pMB6.pdf LogicMetaRelQLQAMV354p7Mb.pdf Links: Physics Classification : 00. (GENERAL) 02. (Mathematical methods in physics || User:Bci2/Books/LogicaMetaQL http://en.wikipedia.org/w/index.php?title=Special:Book/download/&collection_id=a9f93e65e9592746&writer=rl&return_to=User%3ABci2%2FBooks%2FLogicaMetaQL Copyright@2009 Bci2 and bci1 Copyright Statement: Permission is granted to copy, distribute and/or modify this document under the terms of the GNU Free Documentation License, Version 1.2 or any later version ;published by the Free Software Foundation, with no Invariant Sections, no Front-Cover Texts, and no Back- Cover || http://en.wikipedia.org/w/index.php?title=Special:Book/download/&collection_id=a9f93e65e9592746&writer=rl&return_to=User%3ABci2%2FBooks%2FLogicaMetaQL Copyright@2009 Bci2 and bci1 Copyright Statement: Permission is granted to copy, distribute and/or modify this document under the terms of the GNU Free Documentation License, Version 1.2 or any later version ;published by the Free Software Foundation, with no Invariant Sections, no Front-Cover Texts, and no Back- Cover Texts. A copy of the license || rg/w/index.php?title=Special:Book/download/&collection_id=a9f93e65e9592746&writer=rl&return_to=User%3ABci2%2FBooks%2FLogicaMetaQL Copyright@2009 Bci2 and bci1 Copyright Statement: Permission is granted to copy, distribute and/or modify this document under the terms of the GNU Free Documentation License, Version 1.2 or any later version ;published by the Free Software Foundation, with no Invariant Sections, no Front-Cover Texts, and no Back- Cover Texts. A copy of the license is included in the s ||  relational biology, relational quantum theories. http://en.wikipedia.org/wiki/User:Bci2/Books/Quantum_Algebra,_Logics,_Algebraic_Mathematics_and_Geometry Rights: Open access: GNU License http://en.wikipedia.org/wiki/User:Bci2/Books/LogicaMetaQL http://en.wikipedia.org/w/index.php?title=Special:Book/download/&collection_id=a9f93e65e9592746&writer=rl&return_to=User%3ABci2%2FBooks%2FLogicaMetaQL Copyright@2009 Bci2 and bci1 Copyright Statement: Permission is granted to copy, distribute and/or modi || FLogicaMetaQL Copyright@2009 Bci2 and bci1 Copyright Statement: Permission is granted to copy, distribute and/or modify this document under the terms of the GNU Free Documentation License, Version 1.2 or any later version ;published by the Free Software Foundation, with no Invariant Sections, no Front-Cover Texts, and no Back- Cover Texts. A copy of the license is included in the section entitled ""GNU Free Documentation License"". Edited by Bci2, with all contributors listed before the License st || ion License, Version 1.2 or any later version ;published by the Free Software Foundation, with no Invariant Sections, no Front-Cover Texts, and no Back- Cover Texts. A copy of the license is included in the section entitled ""GNU Free Documentation License"". Edited by Bci2, with all contributors listed before the License statement. Download: ALQLQTQCAM477p10Mb.pdf LogicMetaRelAlgQLRelQT175pMb5.pdf LogicMetaRelLogicQLQT295pMB6.pdf LogicMetaRelQLQAMV354p7Mb.pdf Links: Physics Classification : 00. ( ||  Software Foundation, with no Invariant Sections, no Front-Cover Texts, and no Back- Cover Texts. A copy of the license is included in the section entitled ""GNU Free Documentation License"". Edited by Bci2, with all contributors listed before the License statement. Download: ALQLQTQCAM477p10Mb.pdf LogicMetaRelAlgQLRelQT175pMb5.pdf LogicMetaRelLogicQLQT295pMB6.pdf LogicMetaRelQLQAMV354p7Mb.pdf Links: Physics Classification : 00. (GENERAL) 02. (Mathematical methods in physics) 03. (Quantum mechanic || exts, and no Back- Cover Texts. A copy of the license is included in the section entitled ""GNU Free Documentation License"". Edited by Bci2, with all contributors listed before the License statement. Download: ALQLQTQCAM477p10Mb.pdf LogicMetaRelAlgQLRelQT175pMb5.pdf LogicMetaRelLogicQLQT295pMB6.pdf LogicMetaRelQLQAMV354p7Mb.pdf Links: Physics Classification : 00. (GENERAL) 02. (Mathematical methods in physics) 03. (Quantum mechanics, field theories, and special relativity ) 03.65.Fd (Algebraic me",https://aux.physicslibrary.org/files/books/267/ALQLQTQCAM477p10Mb.pdf | https://aux.physicslibrary.org/files/books/267/LogicMetaRelAlgQLRelQT175pMb5.pdf | https://aux.physicslibrary.org/files/books/267/LogicMetaRelLogicQLQT295pMB6.pdf | https://aux.physicslibrary.org/files/books/267/LogicMetaRelQLQAMV354p7Mb.pdf,2585
268,Basic Physics of Nuclear Medicine | Physics Library,https://physicslibrary.org/?op=getobj;from=books;id=268,questionable/manual review,low,No explicit reusable-license or public-domain evidence on catalog page,,https://aux.physicslibrary.org/files/books/268/BasicPhysicsof_Nuclear_Medicinep109Mb4.pdf,1614
269,Algorithms | Physics Library,https://physicslibrary.org/?op=getobj;from=books;id=269,U.S. public domain,medium,Explicit public-domain marker; jurisdiction/source still worth confirming," 2004--2006, Wikibooks contributors. This book is published by Wikibooks contributors. Permission is granted to copy, distribute and/or modify this document under the terms of the GNU Free Documentation License, Version 1.2 or any later version published by the Free Software Foundation; with no Invariant Sections, no Front-Cover Texts, and no Back-Cover Texts. A copy of the license is included in the section entitled ""GNU Free Documentation License. All images are released under GFDL compatible  || on published by the Free Software Foundation; with no Invariant Sections, no Front-Cover Texts, and no Back-Cover Texts. A copy of the license is included in the section entitled ""GNU Free Documentation License. All images are released under GFDL compatible licenses or released into the public domain. All rights reserved to their respective authors. Principal authors: Macneil Shonle (C); Matthew Wilson (C); Martin Krischik (C). Jyasskin (C),Gkhan "" GNU License http://upload.wikimedia.org/wikiped || t Sections, no Front-Cover Texts, and no Back-Cover Texts. A copy of the license is included in the section entitled ""GNU Free Documentation License. All images are released under GFDL compatible licenses or released into the public domain. All rights reserved to their respective authors. Principal authors: Macneil Shonle (C); Matthew Wilson (C); Martin Krischik (C). Jyasskin (C),Gkhan "" GNU License http://upload.wikimedia.org/wikipedia/commons/8/81/Algorithms.pdf Download: Algorithms_wikibooks6 || Cover Texts. A copy of the license is included in the section entitled ""GNU Free Documentation License. All images are released under GFDL compatible licenses or released into the public domain. All rights reserved to their respective authors. Principal authors: Macneil Shonle (C); Matthew Wilson (C); Martin Krischik (C). Jyasskin (C),Gkhan "" GNU License http://upload.wikimedia.org/wikipedia/commons/8/81/Algorithms.pdf Download: Algorithms_wikibooks69pMb1.pdf Links: Physics Classification : 00.  || copy of the license is included in the section entitled ""GNU Free Documentation License. All images are released under GFDL compatible licenses or released into the public domain. All rights reserved to their respective authors. Principal authors: Macneil Shonle (C); Matthew Wilson (C); Martin Krischik (C). Jyasskin (C),Gkhan "" GNU License http://upload.wikimedia.org/wikipedia/commons/8/81/Algorithms.pdf Download: Algorithms_wikibooks69pMb1.pdf Links: Physics Classification : 00. (GENERAL) 02. ( || at in depth. This book is written so it can be read from ""cover to cover"" in the length of a semester, where sections marked with an asteris may be skipped."" Rights: Open access: ""Copyright 2004--2006, Wikibooks contributors. This book is published by Wikibooks contributors. Permission is granted to copy, distribute and/or modify this document under the terms of the GNU Free Documentation License, Version 1.2 or any later version published by the Free Software Foundation; with no Invariant Secti || ester, where sections marked with an asteris may be skipped."" Rights: Open access: ""Copyright 2004--2006, Wikibooks contributors. This book is published by Wikibooks contributors. Permission is granted to copy, distribute and/or modify this document under the terms of the GNU Free Documentation License, Version 1.2 or any later version published by the Free Software Foundation; with no Invariant Sections, no Front-Cover Texts, and no Back-Cover Texts. A copy of the license is included in the sec || contributors. This book is published by Wikibooks contributors. Permission is granted to copy, distribute and/or modify this document under the terms of the GNU Free Documentation License, Version 1.2 or any later version published by the Free Software Foundation; with no Invariant Sections, no Front-Cover Texts, and no Back-Cover Texts. A copy of the license is included in the section entitled ""GNU Free Documentation License. All images are released under GFDL compatible licenses or released in || ation License, Version 1.2 or any later version published by the Free Software Foundation; with no Invariant Sections, no Front-Cover Texts, and no Back-Cover Texts. A copy of the license is included in the section entitled ""GNU Free Documentation License. All images are released under GFDL compatible licenses or released into the public domain. All rights reserved to their respective authors. Principal authors: Macneil Shonle (C); Matthew Wilson (C); Martin Krischik (C). Jyasskin (C),Gkhan "" GN || e Software Foundation; with no Invariant Sections, no Front-Cover Texts, and no Back-Cover Texts. A copy of the license is included in the section entitled ""GNU Free Documentation License. All images are released under GFDL compatible licenses or released into the public domain. All rights reserved to their respective authors. Principal authors: Macneil Shonle (C); Matthew Wilson (C); Martin Krischik (C). Jyasskin (C),Gkhan "" GNU License http://upload.wikimedia.org/wikipedia/commons/8/81/Algorit",https://aux.physicslibrary.org/files/books/269/Algorithms_wikibooks69pMb1.pdf,2788
270,Advanced Physical Techniques and Applications | Physics Library,https://physicslibrary.org/?op=getobj;from=books;id=270,GFDL,medium,Book-local GFDL/GNU licensing language detected,"rl&return_to=User%3ABci2%2FSandboxp2 Copyright@2009 Bci2 and bci1 Copyright Statement: Permission is granted to copy, distribute and/or modify this document under the terms of the GNU Free Documentation License, Version 1.2 or any later version ;published by the Free Software Foundation, with no Invariant Sections, no Front-Cover Texts, and no Back- Cover Texts. A copy of the license is included in the section entitled ""GNU Free Documentation License"". Edited by Bci2, with all contributors liste ||  ;published by the Free Software Foundation, with no Invariant Sections, no Front-Cover Texts, and no Back- Cover Texts. A copy of the license is included in the section entitled ""GNU Free Documentation License"". Edited by Bci2, with all contributors listed before the License statement. Download: AdvTechApps439pMb28.pdf AdvXrayNeutr1conts.txt XrayNeutronList.pdf Links: Physics Classification : 00. (GENERAL) 02. (Mathematical methods in physics) 03. (Quantum mechanics, field theories, and special || icine. Rights: Open access: GNU License http://en.wikipedia.org/w/index.php?title=Special:Book/download/&collection_id=757c0296e51abe98&writer=rl&return_to=User%3ABci2%2FSandboxp2 Copyright@2009 Bci2 and bci1 Copyright Statement: Permission is granted to copy, distribute and/or modify this document under the terms of the GNU Free Documentation License, Version 1.2 or any later version ;published by the Free Software Foundation, with no Invariant Sections, no Front-Cover Texts, and no Back- Cover || NU License http://en.wikipedia.org/w/index.php?title=Special:Book/download/&collection_id=757c0296e51abe98&writer=rl&return_to=User%3ABci2%2FSandboxp2 Copyright@2009 Bci2 and bci1 Copyright Statement: Permission is granted to copy, distribute and/or modify this document under the terms of the GNU Free Documentation License, Version 1.2 or any later version ;published by the Free Software Foundation, with no Invariant Sections, no Front-Cover Texts, and no Back- Cover Texts. A copy of the license || wikipedia.org/w/index.php?title=Special:Book/download/&collection_id=757c0296e51abe98&writer=rl&return_to=User%3ABci2%2FSandboxp2 Copyright@2009 Bci2 and bci1 Copyright Statement: Permission is granted to copy, distribute and/or modify this document under the terms of the GNU Free Documentation License, Version 1.2 or any later version ;published by the Free Software Foundation, with no Invariant Sections, no Front-Cover Texts, and no Back- Cover Texts. A copy of the license is included in the s || ies of advanced physical and chemical techniques with applications in chemistry, condensed matter physics, nanotechnology, molecular biology and medicine. Rights: Open access: GNU License http://en.wikipedia.org/w/index.php?title=Special:Book/download/&collection_id=757c0296e51abe98&writer=rl&return_to=User%3ABci2%2FSandboxp2 Copyright@2009 Bci2 and bci1 Copyright Statement: Permission is granted to copy, distribute and/or modify this document under the terms of the GNU Free Documentation Licens || 2%2FSandboxp2 Copyright@2009 Bci2 and bci1 Copyright Statement: Permission is granted to copy, distribute and/or modify this document under the terms of the GNU Free Documentation License, Version 1.2 or any later version ;published by the Free Software Foundation, with no Invariant Sections, no Front-Cover Texts, and no Back- Cover Texts. A copy of the license is included in the section entitled ""GNU Free Documentation License"". Edited by Bci2, with all contributors listed before the License st || ion License, Version 1.2 or any later version ;published by the Free Software Foundation, with no Invariant Sections, no Front-Cover Texts, and no Back- Cover Texts. A copy of the license is included in the section entitled ""GNU Free Documentation License"". Edited by Bci2, with all contributors listed before the License statement. Download: AdvTechApps439pMb28.pdf AdvXrayNeutr1conts.txt XrayNeutronList.pdf Links: Physics Classification : 00. (GENERAL) 02. (Mathematical methods in physics) 03. (Q ||  Software Foundation, with no Invariant Sections, no Front-Cover Texts, and no Back- Cover Texts. A copy of the license is included in the section entitled ""GNU Free Documentation License"". Edited by Bci2, with all contributors listed before the License statement. Download: AdvTechApps439pMb28.pdf AdvXrayNeutr1conts.txt XrayNeutronList.pdf Links: Physics Classification : 00. (GENERAL) 02. (Mathematical methods in physics) 03. (Quantum mechanics, field theories, and special relativity ) 03.65.Fd  || exts, and no Back- Cover Texts. A copy of the license is included in the section entitled ""GNU Free Documentation License"". Edited by Bci2, with all contributors listed before the License statement. Download: AdvTechApps439pMb28.pdf AdvXrayNeutr1conts.txt XrayNeutronList.pdf Links: Physics Classification : 00. (GENERAL) 02. (Mathematical methods in physics) 03. (Quantum mechanics, field theories, and special relativity ) 03.65.Fd (Algebraic methods )",https://aux.physicslibrary.org/files/books/270/AdvTechApps439pMb28.pdf | https://aux.physicslibrary.org/files/books/270/XrayNeutronList.pdf,2080
271,"Algebraic Topology, Category Theory and Higher Dimensional Algebra (v.1 and 2.) | Physics Library",https://physicslibrary.org/?op=getobj;from=books;id=271,GFDL,medium,Book-local GFDL/GNU licensing language detected,"3ABci2%2FBooks%2FAlgebraicTopologyv1 Copyright@2009 Bci2 and bci1 Copyright Statement: Permission is granted to copy, distribute and/or modify this document under the terms of the GNU Free Documentation License, Version 1.2 or any later version ;published by the Free Software Foundation, with no Invariant Sections, no Front-Cover Texts, and no Back- Cover Texts. A copy of the license is included in the section entitled ""GNU Free Documentation License"". Edited by Bci2, with all contributors liste ||  ;published by the Free Software Foundation, with no Invariant Sections, no Front-Cover Texts, and no Back- Cover Texts. A copy of the license is included in the section entitled ""GNU Free Documentation License"". Edited by Bci2, with all contributors listed before the License statement. Download: AT423p13MBconts.rtf ATCTQThdap455MB20.pdf Links: Physics Classification : 00. (GENERAL) 02. (Mathematical methods in physics) 03. (Quantum mechanics, field theories, and special relativity ) 03.65.Fd (A || n access: GNU License http://en.wikipedia.org/w/index.php?title=Special:Book/download/&collection_id=cf4b8c777451cc8e&writer=rl&return_to=User%3ABci2%2FBooks%2FAlgebraicTopologyv1 Copyright@2009 Bci2 and bci1 Copyright Statement: Permission is granted to copy, distribute and/or modify this document under the terms of the GNU Free Documentation License, Version 1.2 or any later version ;published by the Free Software Foundation, with no Invariant Sections, no Front-Cover Texts, and no Back- Cover || en.wikipedia.org/w/index.php?title=Special:Book/download/&collection_id=cf4b8c777451cc8e&writer=rl&return_to=User%3ABci2%2FBooks%2FAlgebraicTopologyv1 Copyright@2009 Bci2 and bci1 Copyright Statement: Permission is granted to copy, distribute and/or modify this document under the terms of the GNU Free Documentation License, Version 1.2 or any later version ;published by the Free Software Foundation, with no Invariant Sections, no Front-Cover Texts, and no Back- Cover Texts. A copy of the license || dex.php?title=Special:Book/download/&collection_id=cf4b8c777451cc8e&writer=rl&return_to=User%3ABci2%2FBooks%2FAlgebraicTopologyv1 Copyright@2009 Bci2 and bci1 Copyright Statement: Permission is granted to copy, distribute and/or modify this document under the terms of the GNU Free Documentation License, Version 1.2 or any later version ;published by the Free Software Foundation, with no Invariant Sections, no Front-Cover Texts, and no Back- Cover Texts. A copy of the license is included in the s || This contributed book presents the fundamental concepts of Algebraic Topology, Category Theory, Higher Dimensional Algebra and Algebraic Quantum Topology. Rights: Open access: GNU License http://en.wikipedia.org/w/index.php?title=Special:Book/download/&collection_id=cf4b8c777451cc8e&writer=rl&return_to=User%3ABci2%2FBooks%2FAlgebraicTopologyv1 Copyright@2009 Bci2 and bci1 Copyright Statement: Permission is granted to copy, distribute and/or modify this document under the terms of the GNU Free Do || aicTopologyv1 Copyright@2009 Bci2 and bci1 Copyright Statement: Permission is granted to copy, distribute and/or modify this document under the terms of the GNU Free Documentation License, Version 1.2 or any later version ;published by the Free Software Foundation, with no Invariant Sections, no Front-Cover Texts, and no Back- Cover Texts. A copy of the license is included in the section entitled ""GNU Free Documentation License"". Edited by Bci2, with all contributors listed before the License st || ion License, Version 1.2 or any later version ;published by the Free Software Foundation, with no Invariant Sections, no Front-Cover Texts, and no Back- Cover Texts. A copy of the license is included in the section entitled ""GNU Free Documentation License"". Edited by Bci2, with all contributors listed before the License statement. Download: AT423p13MBconts.rtf ATCTQThdap455MB20.pdf Links: Physics Classification : 00. (GENERAL) 02. (Mathematical methods in physics) 03. (Quantum mechanics, field t ||  Software Foundation, with no Invariant Sections, no Front-Cover Texts, and no Back- Cover Texts. A copy of the license is included in the section entitled ""GNU Free Documentation License"". Edited by Bci2, with all contributors listed before the License statement. Download: AT423p13MBconts.rtf ATCTQThdap455MB20.pdf Links: Physics Classification : 00. (GENERAL) 02. (Mathematical methods in physics) 03. (Quantum mechanics, field theories, and special relativity ) 03.65.Fd (Algebraic methods ) || exts, and no Back- Cover Texts. A copy of the license is included in the section entitled ""GNU Free Documentation License"". Edited by Bci2, with all contributors listed before the License statement. Download: AT423p13MBconts.rtf ATCTQThdap455MB20.pdf Links: Physics Classification : 00. (GENERAL) 02. (Mathematical methods in physics) 03. (Quantum mechanics, field theories, and special relativity ) 03.65.Fd (Algebraic methods )",https://aux.physicslibrary.org/files/books/271/ATCTQThdap455MB20.pdf,2144
272,Algebraic Topology: Results and Applications in Quantum Physics | Physics Library,https://physicslibrary.org/?op=getobj;from=books;id=272,GFDL,medium,Book-local GFDL/GNU licensing language detected,"3ABci2%2FBooks%2FAlgebraicTopologyv1 Copyright@2009 Bci2 and bci1 Copyright Statement: Permission is granted to copy, distribute and/or modify this document under the terms of the GNU Free Documentation License, Version 1.2 or any later version ;published by the Free Software Foundation, with no Invariant Sections, no Front-Cover Texts, and no Back- Cover Texts. A copy of the license is included in the section entitled ""GNU Free Documentation License"". Edited by Bci2, with all contributors liste ||  ;published by the Free Software Foundation, with no Invariant Sections, no Front-Cover Texts, and no Back- Cover Texts. A copy of the license is included in the section entitled ""GNU Free Documentation License"". Edited by Bci2, with all contributors listed before the License statement. Download: AlgebraicTopology504pMb15.pdf ATCTHDAQ504pMb14.pdf ATctHDAQAT572pMb18.pdf ATCThdAQT504p15Mb.rtf Links: Physics Classification : 00. (GENERAL) 02. (Mathematical methods in physics) 03. (Quantum mechanics || n access: GNU License http://en.wikipedia.org/w/index.php?title=Special:Book/download/&collection_id=d04ba9f060bff6bf&writer=rl&return_to=User%3ABci2%2FBooks%2FAlgebraicTopologyv1 Copyright@2009 Bci2 and bci1 Copyright Statement: Permission is granted to copy, distribute and/or modify this document under the terms of the GNU Free Documentation License, Version 1.2 or any later version ;published by the Free Software Foundation, with no Invariant Sections, no Front-Cover Texts, and no Back- Cover || en.wikipedia.org/w/index.php?title=Special:Book/download/&collection_id=d04ba9f060bff6bf&writer=rl&return_to=User%3ABci2%2FBooks%2FAlgebraicTopologyv1 Copyright@2009 Bci2 and bci1 Copyright Statement: Permission is granted to copy, distribute and/or modify this document under the terms of the GNU Free Documentation License, Version 1.2 or any later version ;published by the Free Software Foundation, with no Invariant Sections, no Front-Cover Texts, and no Back- Cover Texts. A copy of the license || dex.php?title=Special:Book/download/&collection_id=d04ba9f060bff6bf&writer=rl&return_to=User%3ABci2%2FBooks%2FAlgebraicTopologyv1 Copyright@2009 Bci2 and bci1 Copyright Statement: Permission is granted to copy, distribute and/or modify this document under the terms of the GNU Free Documentation License, Version 1.2 or any later version ;published by the Free Software Foundation, with no Invariant Sections, no Front-Cover Texts, and no Back- Cover Texts. A copy of the license is included in the s || a, Algebraic Topology, Category Theory and Higher Dimensional Algebra with results and applications to algebraic quantum topology and theoretical physics. Rights: Open access: GNU License http://en.wikipedia.org/w/index.php?title=Special:Book/download/&collection_id=d04ba9f060bff6bf&writer=rl&return_to=User%3ABci2%2FBooks%2FAlgebraicTopologyv1 Copyright@2009 Bci2 and bci1 Copyright Statement: Permission is granted to copy, distribute and/or modify this document under the terms of the GNU Free Do || aicTopologyv1 Copyright@2009 Bci2 and bci1 Copyright Statement: Permission is granted to copy, distribute and/or modify this document under the terms of the GNU Free Documentation License, Version 1.2 or any later version ;published by the Free Software Foundation, with no Invariant Sections, no Front-Cover Texts, and no Back- Cover Texts. A copy of the license is included in the section entitled ""GNU Free Documentation License"". Edited by Bci2, with all contributors listed before the License st || ion License, Version 1.2 or any later version ;published by the Free Software Foundation, with no Invariant Sections, no Front-Cover Texts, and no Back- Cover Texts. A copy of the license is included in the section entitled ""GNU Free Documentation License"". Edited by Bci2, with all contributors listed before the License statement. Download: AlgebraicTopology504pMb15.pdf ATCTHDAQ504pMb14.pdf ATctHDAQAT572pMb18.pdf ATCThdAQT504p15Mb.rtf Links: Physics Classification : 00. (GENERAL) 02. (Mathematic ||  Software Foundation, with no Invariant Sections, no Front-Cover Texts, and no Back- Cover Texts. A copy of the license is included in the section entitled ""GNU Free Documentation License"". Edited by Bci2, with all contributors listed before the License statement. Download: AlgebraicTopology504pMb15.pdf ATCTHDAQ504pMb14.pdf ATctHDAQAT572pMb18.pdf ATCThdAQT504p15Mb.rtf Links: Physics Classification : 00. (GENERAL) 02. (Mathematical methods in physics) 03. (Quantum mechanics, field theories, and s || exts, and no Back- Cover Texts. A copy of the license is included in the section entitled ""GNU Free Documentation License"". Edited by Bci2, with all contributors listed before the License statement. Download: AlgebraicTopology504pMb15.pdf ATCTHDAQ504pMb14.pdf ATctHDAQAT572pMb18.pdf ATCThdAQT504p15Mb.rtf Links: Physics Classification : 00. (GENERAL) 02. (Mathematical methods in physics) 03. (Quantum mechanics, field theories, and special relativity ) 03.65.Fd (Algebraic methods )",https://aux.physicslibrary.org/files/books/272/AlgebraicTopology504pMb15.pdf | https://aux.physicslibrary.org/files/books/272/ATCTHDAQ504pMb14.pdf | https://aux.physicslibrary.org/files/books/272/ATctHDAQAT572pMb18.pdf,2222
273,"Symmetry Breaking, Goldstone Bosons and Algebraic Quantum Topology | Physics Library",https://physicslibrary.org/?op=getobj;from=books;id=273,GFDL,medium,Book-local GFDL/GNU licensing language detected,"_to=User2%3ABci2%2FSymmetry+Breaking Copyright@2009 Bci2 and bci1 Copyright Statement: Permission is granted to copy, distribute and/or modify this document under the terms of the GNU Free Documentation License, Version 1.2 or any later version ;published by the Free Software Foundation, with no Invariant Sections, no Front-Cover Texts, and no Back- Cover Texts. A copy of the license is included in the section entitled ""GNU Free Documentation License"". Edited by Bci2, with all contributors liste ||  ;published by the Free Software Foundation, with no Invariant Sections, no Front-Cover Texts, and no Back- Cover Texts. A copy of the license is included in the section entitled ""GNU Free Documentation License"". Edited by Bci2, with all contributors listed before the License statement. Download: SymmetryBrATQ720p22Mb.pdf SymmetryBrknAQT649p20Mb.pdf Links: Physics Classification : 00. (GENERAL) 02. (Mathematical methods in physics) 03. (Quantum mechanics, field theories, and special relativity ) || i/User2:Bci2/Symmetry_Breaking http://en.wikipedia.org/w/index.php?title=Special:Book/download/&collection_id=fdddd54f633afd0f&writer=rl&return_to=User2%3ABci2%2FSymmetry+Breaking Copyright@2009 Bci2 and bci1 Copyright Statement: Permission is granted to copy, distribute and/or modify this document under the terms of the GNU Free Documentation License, Version 1.2 or any later version ;published by the Free Software Foundation, with no Invariant Sections, no Front-Cover Texts, and no Back- Cover || g http://en.wikipedia.org/w/index.php?title=Special:Book/download/&collection_id=fdddd54f633afd0f&writer=rl&return_to=User2%3ABci2%2FSymmetry+Breaking Copyright@2009 Bci2 and bci1 Copyright Statement: Permission is granted to copy, distribute and/or modify this document under the terms of the GNU Free Documentation License, Version 1.2 or any later version ;published by the Free Software Foundation, with no Invariant Sections, no Front-Cover Texts, and no Back- Cover Texts. A copy of the license || .org/w/index.php?title=Special:Book/download/&collection_id=fdddd54f633afd0f&writer=rl&return_to=User2%3ABci2%2FSymmetry+Breaking Copyright@2009 Bci2 and bci1 Copyright Statement: Permission is granted to copy, distribute and/or modify this document under the terms of the GNU Free Documentation License, Version 1.2 or any later version ;published by the Free Software Foundation, with no Invariant Sections, no Front-Cover Texts, and no Back- Cover Texts. A copy of the license is included in the s || ommutative Geometry relevant to Quantum Physics, Algebraic Quantum Topology and Quantum Gravity. http://en.wikipedia.org/wiki/User2:Bci2/Symmetry_Breaking Rights: Open access: GNU License http://en.wikipedia.org/wiki/User2:Bci2/Symmetry_Breaking http://en.wikipedia.org/w/index.php?title=Special:Book/download/&collection_id=fdddd54f633afd0f&writer=rl&return_to=User2%3ABci2%2FSymmetry+Breaking Copyright@2009 Bci2 and bci1 Copyright Statement: Permission is granted to copy, distribute and/or modify || etry+Breaking Copyright@2009 Bci2 and bci1 Copyright Statement: Permission is granted to copy, distribute and/or modify this document under the terms of the GNU Free Documentation License, Version 1.2 or any later version ;published by the Free Software Foundation, with no Invariant Sections, no Front-Cover Texts, and no Back- Cover Texts. A copy of the license is included in the section entitled ""GNU Free Documentation License"". Edited by Bci2, with all contributors listed before the License st || ion License, Version 1.2 or any later version ;published by the Free Software Foundation, with no Invariant Sections, no Front-Cover Texts, and no Back- Cover Texts. A copy of the license is included in the section entitled ""GNU Free Documentation License"". Edited by Bci2, with all contributors listed before the License statement. Download: SymmetryBrATQ720p22Mb.pdf SymmetryBrknAQT649p20Mb.pdf Links: Physics Classification : 00. (GENERAL) 02. (Mathematical methods in physics) 03. (Quantum mechan ||  Software Foundation, with no Invariant Sections, no Front-Cover Texts, and no Back- Cover Texts. A copy of the license is included in the section entitled ""GNU Free Documentation License"". Edited by Bci2, with all contributors listed before the License statement. Download: SymmetryBrATQ720p22Mb.pdf SymmetryBrknAQT649p20Mb.pdf Links: Physics Classification : 00. (GENERAL) 02. (Mathematical methods in physics) 03. (Quantum mechanics, field theories, and special relativity ) 03.65.Fd (Algebraic me || exts, and no Back- Cover Texts. A copy of the license is included in the section entitled ""GNU Free Documentation License"". Edited by Bci2, with all contributors listed before the License statement. Download: SymmetryBrATQ720p22Mb.pdf SymmetryBrknAQT649p20Mb.pdf Links: Physics Classification : 00. (GENERAL) 02. (Mathematical methods in physics) 03. (Quantum mechanics, field theories, and special relativity ) 03.65.Fd (Algebraic methods )",https://aux.physicslibrary.org/files/books/273/SymmetryBrATQ720p22Mb.pdf | https://aux.physicslibrary.org/files/books/273/SymmetryBrknAQT649p20Mb.pdf,2431
274,Mathematical and Experimental Biophysics: An Introduction. Topics and related science areas | Physics Library,https://physicslibrary.org/?op=getobj;from=books;id=274,GFDL,medium,Book-local GFDL/GNU licensing language detected,"ser%3ABci2%2FMathematical+Biophysics Copyright@2009 Bci2 and bci1 Copyright Statement: Permission is granted to copy, distribute and/or modify this document under the terms of the GNU Free Documentation License, Version 1.2 or any later version ;published by the Free Software Foundation, with no Invariant Sections, no Front-Cover Texts, and no Back- Cover Texts. A copy of the license is included in the section entitled ""GNU Free Documentation License"". Edited by Bci2, with all contributors liste ||  ;published by the Free Software Foundation, with no Invariant Sections, no Front-Cover Texts, and no Back- Cover Texts. A copy of the license is included in the section entitled ""GNU Free Documentation License"". Edited by Bci2, with all contributors listed before the License statement. Download: BooksOKwik.rtf MathBiophysv2p387Mb33.pdf MathExperimBiophysics347p35Mb.pdf Links: Physics Classification : 00. (GENERAL) 02. (Mathematical methods in physics) || 2/Mathematical_Biophysics http://en.wikipedia.org/w/index.php?title=Special:Book/download/&collection_id=61c13b7078f8b024&writer=rl&return_to=User%3ABci2%2FMathematical+Biophysics Copyright@2009 Bci2 and bci1 Copyright Statement: Permission is granted to copy, distribute and/or modify this document under the terms of the GNU Free Documentation License, Version 1.2 or any later version ;published by the Free Software Foundation, with no Invariant Sections, no Front-Cover Texts, and no Back- Cover || p://en.wikipedia.org/w/index.php?title=Special:Book/download/&collection_id=61c13b7078f8b024&writer=rl&return_to=User%3ABci2%2FMathematical+Biophysics Copyright@2009 Bci2 and bci1 Copyright Statement: Permission is granted to copy, distribute and/or modify this document under the terms of the GNU Free Documentation License, Version 1.2 or any later version ;published by the Free Software Foundation, with no Invariant Sections, no Front-Cover Texts, and no Back- Cover Texts. A copy of the license || w/index.php?title=Special:Book/download/&collection_id=61c13b7078f8b024&writer=rl&return_to=User%3ABci2%2FMathematical+Biophysics Copyright@2009 Bci2 and bci1 Copyright Statement: Permission is granted to copy, distribute and/or modify this document under the terms of the GNU Free Documentation License, Version 1.2 or any later version ;published by the Free Software Foundation, with no Invariant Sections, no Front-Cover Texts, and no Back- Cover Texts. A copy of the license is included in the s || al+Biophysics Copyright@2009 Bci2 and bci1 Copyright Statement: Permission is granted to copy, distribute and/or modify this document under the terms of the GNU Free Documentation License, Version 1.2 or any later version ;published by the Free Software Foundation, with no Invariant Sections, no Front-Cover Texts, and no Back- Cover Texts. A copy of the license is included in the section entitled ""GNU Free Documentation License"". Edited by Bci2, with all contributors listed before the License st || ion License, Version 1.2 or any later version ;published by the Free Software Foundation, with no Invariant Sections, no Front-Cover Texts, and no Back- Cover Texts. A copy of the license is included in the section entitled ""GNU Free Documentation License"". Edited by Bci2, with all contributors listed before the License statement. Download: BooksOKwik.rtf MathBiophysv2p387Mb33.pdf MathExperimBiophysics347p35Mb.pdf Links: Physics Classification : 00. (GENERAL) 02. (Mathematical methods in physics ||  Software Foundation, with no Invariant Sections, no Front-Cover Texts, and no Back- Cover Texts. A copy of the license is included in the section entitled ""GNU Free Documentation License"". Edited by Bci2, with all contributors listed before the License statement. Download: BooksOKwik.rtf MathBiophysv2p387Mb33.pdf MathExperimBiophysics347p35Mb.pdf Links: Physics Classification : 00. (GENERAL) 02. (Mathematical methods in physics) || exts, and no Back- Cover Texts. A copy of the license is included in the section entitled ""GNU Free Documentation License"". Edited by Bci2, with all contributors listed before the License statement. Download: BooksOKwik.rtf MathBiophysv2p387Mb33.pdf MathExperimBiophysics347p35Mb.pdf Links: Physics Classification : 00. (GENERAL) 02. (Mathematical methods in physics)",https://aux.physicslibrary.org/files/books/274/MathBiophysv2p387Mb33.pdf | https://aux.physicslibrary.org/files/books/274/MathExperimBiophysics347p35Mb.pdf,2493
275,"Biophysical Chemistry and Theoretical Biophysics: Principles, Theory and Applications | Physics Library",https://physicslibrary.org/?op=getobj;from=books;id=275,questionable/manual review,low,No explicit reusable-license or public-domain evidence on catalog page,"contributed book presents the theoretical and experimental biophysical chemistry, mathematical, logical and physical foundations of biophysical chemistry. Rights: Open access: GNU License http://en.wikipedia.org/w/index.php?title=Special:Book/download/&collection_id=74602868995df7bf&writer=rl&return_to=User%3ABci2%2FBooks%2FBiophysical+Chemistry+and+Theoretical+Biophysics Download: BiophysChemTh466p38MbConts.rtf BiophyThChem466pMb38.pdf Links: Physics Classification : 00. (GENERAL) 02. (Mathemat",https://aux.physicslibrary.org/files/books/275/BiophyThChem466pMb38.pdf,1745
276,"Complexity and Dynamics: Complexity Theories, Dynamical Systems and Applications to Biology, Psychology and Sociology | Physics Library",https://physicslibrary.org/?op=getobj;from=books;id=276,GFDL,medium,Book-local GFDL/GNU licensing language detected,"er%3ABci2%2FBooks%2FChaotic+Dynamics Copyright@2009 Bci2 and bci1 Copyright Statement: Permission is granted to copy, distribute and/or modify this document under the terms of the GNU Free Documentation License, Version 1.2 or any later version ;published by the Free Software Foundation, with no Invariant Sections, no Front-Cover Texts, and no Back- Cover Texts. A copy of the license is included in the section entitled ""GNU Free Documentation License"". Edited by Bci2, with all contributors liste ||  ;published by the Free Software Foundation, with no Invariant Sections, no Front-Cover Texts, and no Back- Cover Texts. A copy of the license is included in the section entitled ""GNU Free Documentation License"". Edited by Bci2, with all contributors listed before the License statement. Download: ComplexChaosThconts.rtf ComplexChaosThe391p16Mb.pdf ComplexityThChaosDyn491p.pdf Links: Physics Classification : 00. (GENERAL) 02. (Mathematical methods in physics) 03. (Quantum mechanics, field theorie || 2/Books/Chaotic_Dynamics http://en.wikipedia.org/w/index.php?title=Special:Book/download/&collection_id=670cffd2fe3ed6d5&writer=rl&return_to=User%3ABci2%2FBooks%2FChaotic+Dynamics Copyright@2009 Bci2 and bci1 Copyright Statement: Permission is granted to copy, distribute and/or modify this document under the terms of the GNU Free Documentation License, Version 1.2 or any later version ;published by the Free Software Foundation, with no Invariant Sections, no Front-Cover Texts, and no Back- Cover || ://en.wikipedia.org/w/index.php?title=Special:Book/download/&collection_id=670cffd2fe3ed6d5&writer=rl&return_to=User%3ABci2%2FBooks%2FChaotic+Dynamics Copyright@2009 Bci2 and bci1 Copyright Statement: Permission is granted to copy, distribute and/or modify this document under the terms of the GNU Free Documentation License, Version 1.2 or any later version ;published by the Free Software Foundation, with no Invariant Sections, no Front-Cover Texts, and no Back- Cover Texts. A copy of the license || /index.php?title=Special:Book/download/&collection_id=670cffd2fe3ed6d5&writer=rl&return_to=User%3ABci2%2FBooks%2FChaotic+Dynamics Copyright@2009 Bci2 and bci1 Copyright Statement: Permission is granted to copy, distribute and/or modify this document under the terms of the GNU Free Documentation License, Version 1.2 or any later version ;published by the Free Software Foundation, with no Invariant Sections, no Front-Cover Texts, and no Back- Cover Texts. A copy of the license is included in the s || 2009, Abstract: Fundamental concept s and applications of complexity theories to complex dynamics in biological systems. human consciousness and sociology. Rights: Open acess: GNU License http://en.wikipedia.org/wiki/User:Bci2/Books/Chaotic_Dynamics http://en.wikipedia.org/w/index.php?title=Special:Book/download/&collection_id=670cffd2fe3ed6d5&writer=rl&return_to=User%3ABci2%2FBooks%2FChaotic+Dynamics Copyright@2009 Bci2 and bci1 Copyright Statement: Permission is granted to copy, distribute and || otic+Dynamics Copyright@2009 Bci2 and bci1 Copyright Statement: Permission is granted to copy, distribute and/or modify this document under the terms of the GNU Free Documentation License, Version 1.2 or any later version ;published by the Free Software Foundation, with no Invariant Sections, no Front-Cover Texts, and no Back- Cover Texts. A copy of the license is included in the section entitled ""GNU Free Documentation License"". Edited by Bci2, with all contributors listed before the License st || ion License, Version 1.2 or any later version ;published by the Free Software Foundation, with no Invariant Sections, no Front-Cover Texts, and no Back- Cover Texts. A copy of the license is included in the section entitled ""GNU Free Documentation License"". Edited by Bci2, with all contributors listed before the License statement. Download: ComplexChaosThconts.rtf ComplexChaosThe391p16Mb.pdf ComplexityThChaosDyn491p.pdf Links: Physics Classification : 00. (GENERAL) 02. (Mathematical methods in p ||  Software Foundation, with no Invariant Sections, no Front-Cover Texts, and no Back- Cover Texts. A copy of the license is included in the section entitled ""GNU Free Documentation License"". Edited by Bci2, with all contributors listed before the License statement. Download: ComplexChaosThconts.rtf ComplexChaosThe391p16Mb.pdf ComplexityThChaosDyn491p.pdf Links: Physics Classification : 00. (GENERAL) 02. (Mathematical methods in physics) 03. (Quantum mechanics, field theories, and special relativi || exts, and no Back- Cover Texts. A copy of the license is included in the section entitled ""GNU Free Documentation License"". Edited by Bci2, with all contributors listed before the License statement. Download: ComplexChaosThconts.rtf ComplexChaosThe391p16Mb.pdf ComplexityThChaosDyn491p.pdf Links: Physics Classification : 00. (GENERAL) 02. (Mathematical methods in physics) 03. (Quantum mechanics, field theories, and special relativity ) 03.65.Fd (Algebraic methods )",https://aux.physicslibrary.org/files/books/276/ComplexChaosThe391p16Mb.pdf | https://aux.physicslibrary.org/files/books/276/ComplexityThChaosDyn491p.pdf,2368
277,Spectroscopy | Physics Library,https://physicslibrary.org/?op=getobj;from=books;id=277,questionable/manual review,low,No explicit reusable-license or public-domain evidence on catalog page,"ation Legalese About Book: Spectroscopy Spectroscopy Authors: vip6 Uploaded by: vip6 Comments: June 23, 2009, Abstract: Basic concepts of spectroscopy and applications Rights: GNU license Download: wiki_spectroscopy_val.pdf Links: Physics Classification : 00. (GENERAL) 03. (Quantum mechanics, field theories, and special relativity )",https://aux.physicslibrary.org/files/books/277/wiki_spectroscopy_val.pdf,994
278,Supercomplex Systems | Physics Library,https://physicslibrary.org/?op=getobj;from=books;id=278,GFDL,medium,Book-local GFDL/GNU licensing language detected," Bci2- with several contributors listed before the License Statement by bci1 and Bci2: Permission is granted to copy, distribute and/or modify this document under the terms of the GNU Free Documentation License, Version 1.2 or any later version ;published by the Free Software Foundation, with no Invariant Sections, no Front-Cover Texts, and no Back- Cover Texts. A copy of the license is included in the section entitled ""GNU Free Documentation License"". Edited by Bci2, with all contributors liste ||  ;published by the Free Software Foundation, with no Invariant Sections, no Front-Cover Texts, and no Back- Cover Texts. A copy of the license is included in the section entitled ""GNU Free Documentation License"". Edited by Bci2, with all contributors listed before the License statement. Download: ComplexChaosThconts.rtf Supercomplexsysts314pMb20.pdf Links: Physics Classification : 00. (GENERAL) 02. (Mathematical methods in physics) || file Abstract: This contributed book presents concepts related to emergenc of complexity and evolution of supercomplex systems such as organisms. Rights: Open access: GNU license, Copyright@2009 Bci2 and bci1, Edited and originated by Bci2- with several contributors listed before the License Statement by bci1 and Bci2: Permission is granted to copy, distribute and/or modify this document under the terms of the GNU Free Documentation License, Version 1.2 or any later version ;published by the Fre || sms. Rights: Open access: GNU license, Copyright@2009 Bci2 and bci1, Edited and originated by Bci2- with several contributors listed before the License Statement by bci1 and Bci2: Permission is granted to copy, distribute and/or modify this document under the terms of the GNU Free Documentation License, Version 1.2 or any later version ;published by the Free Software Foundation, with no Invariant Sections, no Front-Cover Texts, and no Back- Cover Texts. A copy of the license is included in the s || rintable file Abstract: This contributed book presents concepts related to emergenc of complexity and evolution of supercomplex systems such as organisms. Rights: Open access: GNU license, Copyright@2009 Bci2 and bci1, Edited and originated by Bci2- with several contributors listed before the License Statement by bci1 and Bci2: Permission is granted to copy, distribute and/or modify this document under the terms of the GNU Free Documentation License, Version 1.2 or any later version ;published b ||  supercomplex systems such as organisms. Rights: Open access: GNU license, Copyright@2009 Bci2 and bci1, Edited and originated by Bci2- with several contributors listed before the License Statement by bci1 and Bci2: Permission is granted to copy, distribute and/or modify this document under the terms of the GNU Free Documentation License, Version 1.2 or any later version ;published by the Free Software Foundation, with no Invariant Sections, no Front-Cover Texts, and no Back- Cover Texts. A copy || tributors listed before the License Statement by bci1 and Bci2: Permission is granted to copy, distribute and/or modify this document under the terms of the GNU Free Documentation License, Version 1.2 or any later version ;published by the Free Software Foundation, with no Invariant Sections, no Front-Cover Texts, and no Back- Cover Texts. A copy of the license is included in the section entitled ""GNU Free Documentation License"". Edited by Bci2, with all contributors listed before the License st || ion License, Version 1.2 or any later version ;published by the Free Software Foundation, with no Invariant Sections, no Front-Cover Texts, and no Back- Cover Texts. A copy of the license is included in the section entitled ""GNU Free Documentation License"". Edited by Bci2, with all contributors listed before the License statement. Download: ComplexChaosThconts.rtf Supercomplexsysts314pMb20.pdf Links: Physics Classification : 00. (GENERAL) 02. (Mathematical methods in physics) ||  Software Foundation, with no Invariant Sections, no Front-Cover Texts, and no Back- Cover Texts. A copy of the license is included in the section entitled ""GNU Free Documentation License"". Edited by Bci2, with all contributors listed before the License statement. Download: ComplexChaosThconts.rtf Supercomplexsysts314pMb20.pdf Links: Physics Classification : 00. (GENERAL) 02. (Mathematical methods in physics) || exts, and no Back- Cover Texts. A copy of the license is included in the section entitled ""GNU Free Documentation License"". Edited by Bci2, with all contributors listed before the License statement. Download: ComplexChaosThconts.rtf Supercomplexsysts314pMb20.pdf Links: Physics Classification : 00. (GENERAL) 02. (Mathematical methods in physics)",https://aux.physicslibrary.org/files/books/278/Supercomplexsysts314pMb20.pdf,1758
279,Ultracomplex Systems | Physics Library,https://physicslibrary.org/?op=getobj;from=books;id=279,GFDL,medium,Book-local GFDL/GNU licensing language detected," Bci2- with several contributors listed before the License Statement by bci1 and Bci2: Permission is granted to copy, distribute and/or modify this document under the terms of the GNU Free Documentation License, Version 1.2 or any later version ;published by the Free Software Foundation, with no Invariant Sections, no Front-Cover Texts, and no Back- Cover Texts. A copy of the license is included in the section entitled ""GNU Free Documentation License"". Edited by Bci2, with all contributors liste ||  ;published by the Free Software Foundation, with no Invariant Sections, no Front-Cover Texts, and no Back- Cover Texts. A copy of the license is included in the section entitled ""GNU Free Documentation License"". Edited by Bci2, with all contributors listed before the License statement. Download: HumanConsciousnessConts.rtf HumanMind446pMb20.pdf Links: Physics Classification : 00. (GENERAL) 02. (Mathematical methods in physics) 03. (Quantum mechanics, field theories, and special relativity ) 03. ||  discusses various aspects of ultracomplex systems, different approaches, theories and mathematical models, including artificial intelligence, AI. Rights: Open access: GNU license Copyright@2009 Bci2 and bci1, Edited and originated by Bci2- with several contributors listed before the License Statement by bci1 and Bci2: Permission is granted to copy, distribute and/or modify this document under the terms of the GNU Free Documentation License, Version 1.2 or any later version ;published by the Fre || , AI. Rights: Open access: GNU license Copyright@2009 Bci2 and bci1, Edited and originated by Bci2- with several contributors listed before the License Statement by bci1 and Bci2: Permission is granted to copy, distribute and/or modify this document under the terms of the GNU Free Documentation License, Version 1.2 or any later version ;published by the Free Software Foundation, with no Invariant Sections, no Front-Cover Texts, and no Back- Cover Texts. A copy of the license is included in the s || ted book discusses various aspects of ultracomplex systems, different approaches, theories and mathematical models, including artificial intelligence, AI. Rights: Open access: GNU license Copyright@2009 Bci2 and bci1, Edited and originated by Bci2- with several contributors listed before the License Statement by bci1 and Bci2: Permission is granted to copy, distribute and/or modify this document under the terms of the GNU Free Documentation License, Version 1.2 or any later version ;published by || s, including artificial intelligence, AI. Rights: Open access: GNU license Copyright@2009 Bci2 and bci1, Edited and originated by Bci2- with several contributors listed before the License Statement by bci1 and Bci2: Permission is granted to copy, distribute and/or modify this document under the terms of the GNU Free Documentation License, Version 1.2 or any later version ;published by the Free Software Foundation, with no Invariant Sections, no Front-Cover Texts, and no Back- Cover Texts. A copy || tributors listed before the License Statement by bci1 and Bci2: Permission is granted to copy, distribute and/or modify this document under the terms of the GNU Free Documentation License, Version 1.2 or any later version ;published by the Free Software Foundation, with no Invariant Sections, no Front-Cover Texts, and no Back- Cover Texts. A copy of the license is included in the section entitled ""GNU Free Documentation License"". Edited by Bci2, with all contributors listed before the License st || ion License, Version 1.2 or any later version ;published by the Free Software Foundation, with no Invariant Sections, no Front-Cover Texts, and no Back- Cover Texts. A copy of the license is included in the section entitled ""GNU Free Documentation License"". Edited by Bci2, with all contributors listed before the License statement. Download: HumanConsciousnessConts.rtf HumanMind446pMb20.pdf Links: Physics Classification : 00. (GENERAL) 02. (Mathematical methods in physics) 03. (Quantum mechanics, ||  Software Foundation, with no Invariant Sections, no Front-Cover Texts, and no Back- Cover Texts. A copy of the license is included in the section entitled ""GNU Free Documentation License"". Edited by Bci2, with all contributors listed before the License statement. Download: HumanConsciousnessConts.rtf HumanMind446pMb20.pdf Links: Physics Classification : 00. (GENERAL) 02. (Mathematical methods in physics) 03. (Quantum mechanics, field theories, and special relativity ) 03.65.Fd (Algebraic method || exts, and no Back- Cover Texts. A copy of the license is included in the section entitled ""GNU Free Documentation License"". Edited by Bci2, with all contributors listed before the License statement. Download: HumanConsciousnessConts.rtf HumanMind446pMb20.pdf Links: Physics Classification : 00. (GENERAL) 02. (Mathematical methods in physics) 03. (Quantum mechanics, field theories, and special relativity ) 03.65.Fd (Algebraic methods )",https://aux.physicslibrary.org/files/books/279/HumanMind446pMb20.pdf,1888
280,Mathematical Biophysicists: A Partial List with Related Fields and Concepts | Physics Library,https://physicslibrary.org/?op=getobj;from=books;id=280,GFDL,medium,Book-local GFDL/GNU licensing language detected," Bci2- with several contributors listed before the License Statement by bci1 and Bci2: Permission is granted to copy, distribute and/or modify this document under the terms of the GNU Free Documentation License, Version 1.2 or any later version ;published by the Free Software Foundation, with no Invariant Sections, no Front-Cover Texts, and no Back- Cover Texts. A copy of the license is included in the section entitled ""GNU Free Documentation License"". Edited by Bci2, with all contributors liste ||  ;published by the Free Software Foundation, with no Invariant Sections, no Front-Cover Texts, and no Back- Cover Texts. A copy of the license is included in the section entitled ""GNU Free Documentation License"". Edited by Bci2, with all contributors listed before the License statement. Download: MathBiophysicistsv5p172Mb7Ok.pdf MathBiophysicistsv6p173Mb7Ok.pdf MathBiophysicsts346pMb15.pdf MathemBiophys170p7Mb.pdf Links: Physics Classification : 00. (GENERAL) 02. (Mathematical methods in physics || pts. http://en.wikipedia.org/wiki/User:Bci2/Books/MathematicalBiophysicists Rights: Open access: GNU License http://en.wikipedia.org/wiki/User:Bci2/Books/MathematicalBiophysicists Copyright@2009 Bci2 and bci1, Edited and originated by Bci2- with several contributors listed before the License Statement by bci1 and Bci2: Permission is granted to copy, distribute and/or modify this document under the terms of the GNU Free Documentation License, Version 1.2 or any later version ;published by the Fre || r:Bci2/Books/MathematicalBiophysicists Copyright@2009 Bci2 and bci1, Edited and originated by Bci2- with several contributors listed before the License Statement by bci1 and Bci2: Permission is granted to copy, distribute and/or modify this document under the terms of the GNU Free Documentation License, Version 1.2 or any later version ;published by the Free Software Foundation, with no Invariant Sections, no Front-Cover Texts, and no Back- Cover Texts. A copy of the license is included in the s || icists (mostly USA and UK) including also overviews of related fields and concepts. http://en.wikipedia.org/wiki/User:Bci2/Books/MathematicalBiophysicists Rights: Open access: GNU License http://en.wikipedia.org/wiki/User:Bci2/Books/MathematicalBiophysicists Copyright@2009 Bci2 and bci1, Edited and originated by Bci2- with several contributors listed before the License Statement by bci1 and Bci2: Permission is granted to copy, distribute and/or modify this document under the terms of the GNU Fre || nse http://en.wikipedia.org/wiki/User:Bci2/Books/MathematicalBiophysicists Copyright@2009 Bci2 and bci1, Edited and originated by Bci2- with several contributors listed before the License Statement by bci1 and Bci2: Permission is granted to copy, distribute and/or modify this document under the terms of the GNU Free Documentation License, Version 1.2 or any later version ;published by the Free Software Foundation, with no Invariant Sections, no Front-Cover Texts, and no Back- Cover Texts. A copy || tributors listed before the License Statement by bci1 and Bci2: Permission is granted to copy, distribute and/or modify this document under the terms of the GNU Free Documentation License, Version 1.2 or any later version ;published by the Free Software Foundation, with no Invariant Sections, no Front-Cover Texts, and no Back- Cover Texts. A copy of the license is included in the section entitled ""GNU Free Documentation License"". Edited by Bci2, with all contributors listed before the License st || ion License, Version 1.2 or any later version ;published by the Free Software Foundation, with no Invariant Sections, no Front-Cover Texts, and no Back- Cover Texts. A copy of the license is included in the section entitled ""GNU Free Documentation License"". Edited by Bci2, with all contributors listed before the License statement. Download: MathBiophysicistsv5p172Mb7Ok.pdf MathBiophysicistsv6p173Mb7Ok.pdf MathBiophysicsts346pMb15.pdf MathemBiophys170p7Mb.pdf Links: Physics Classification : 00. ( ||  Software Foundation, with no Invariant Sections, no Front-Cover Texts, and no Back- Cover Texts. A copy of the license is included in the section entitled ""GNU Free Documentation License"". Edited by Bci2, with all contributors listed before the License statement. Download: MathBiophysicistsv5p172Mb7Ok.pdf MathBiophysicistsv6p173Mb7Ok.pdf MathBiophysicsts346pMb15.pdf MathemBiophys170p7Mb.pdf Links: Physics Classification : 00. (GENERAL) 02. (Mathematical methods in physics) 03. (Quantum mechanic || exts, and no Back- Cover Texts. A copy of the license is included in the section entitled ""GNU Free Documentation License"". Edited by Bci2, with all contributors listed before the License statement. Download: MathBiophysicistsv5p172Mb7Ok.pdf MathBiophysicistsv6p173Mb7Ok.pdf MathBiophysicsts346pMb15.pdf MathemBiophys170p7Mb.pdf Links: Physics Classification : 00. (GENERAL) 02. (Mathematical methods in physics) 03. (Quantum mechanics, field theories, and special relativity ) 03.65.Fd (Algebraic me",https://aux.physicslibrary.org/files/books/280/MathBiophysicistsv5p172Mb7Ok.pdf | https://aux.physicslibrary.org/files/books/280/MathBiophysicistsv6p173Mb7Ok.pdf | https://aux.physicslibrary.org/files/books/280/MathBiophysicsts346pMb15.pdf | https://aux.physicslibrary.org/files/books/280/MathemBiophys170p7Mb.pdf,2315
282,Erwin Schroedinger and Life Itself ? | Physics Library,https://physicslibrary.org/?op=getobj;from=books;id=282,GFDL,medium,Book-local GFDL/GNU licensing language detected," Bci2- with several contributors listed before the License Statement by bci1 and Bci2: Permission is granted to copy, distribute and/or modify this document under the terms of the GNU Free Documentation License, Version 1.2 or any later version ;published by the Free Software Foundation, with no Invariant Sections, no Front-Cover Texts, and no Back- Cover Texts. A copy of the license is included in the section entitled ""GNU Free Documentation License"". Edited by Bci2, with all contributors liste ||  ;published by the Free Software Foundation, with no Invariant Sections, no Front-Cover Texts, and no Back- Cover Texts. A copy of the license is included in the section entitled ""GNU Free Documentation License"". Edited by Bci2, with all contributors listed before the License statement. Download: EschrodLife279pMb26.pdf Links: Physics Classification : 00. (GENERAL) 02. (Mathematical methods in physics) 03. (Quantum mechanics, field theories, and special relativity ) 03.65.Fd (Algebraic methods ) || nd discussion of Schroedinger's puzzle over the quantum basis of Life and living systems. Rights: Open access: GNU license http://en.wikipedia.org/wiki/User:Bci2/Books/Schrodinger Copyright@2009 Bci2 and bci1, Edited and originated by Bci2- with several contributors listed before the License Statement by bci1 and Bci2: Permission is granted to copy, distribute and/or modify this document under the terms of the GNU Free Documentation License, Version 1.2 or any later version ;published by the Fre || a.org/wiki/User:Bci2/Books/Schrodinger Copyright@2009 Bci2 and bci1, Edited and originated by Bci2- with several contributors listed before the License Statement by bci1 and Bci2: Permission is granted to copy, distribute and/or modify this document under the terms of the GNU Free Documentation License, Version 1.2 or any later version ;published by the Free Software Foundation, with no Invariant Sections, no Front-Cover Texts, and no Back- Cover Texts. A copy of the license is included in the s || ree, printable download, June 25, 2009 Abstract: A presentation and discussion of Schroedinger's puzzle over the quantum basis of Life and living systems. Rights: Open access: GNU license http://en.wikipedia.org/wiki/User:Bci2/Books/Schrodinger Copyright@2009 Bci2 and bci1, Edited and originated by Bci2- with several contributors listed before the License Statement by bci1 and Bci2: Permission is granted to copy, distribute and/or modify this document under the terms of the GNU Free Documentatio || cess: GNU license http://en.wikipedia.org/wiki/User:Bci2/Books/Schrodinger Copyright@2009 Bci2 and bci1, Edited and originated by Bci2- with several contributors listed before the License Statement by bci1 and Bci2: Permission is granted to copy, distribute and/or modify this document under the terms of the GNU Free Documentation License, Version 1.2 or any later version ;published by the Free Software Foundation, with no Invariant Sections, no Front-Cover Texts, and no Back- Cover Texts. A copy || tributors listed before the License Statement by bci1 and Bci2: Permission is granted to copy, distribute and/or modify this document under the terms of the GNU Free Documentation License, Version 1.2 or any later version ;published by the Free Software Foundation, with no Invariant Sections, no Front-Cover Texts, and no Back- Cover Texts. A copy of the license is included in the section entitled ""GNU Free Documentation License"". Edited by Bci2, with all contributors listed before the License st || ion License, Version 1.2 or any later version ;published by the Free Software Foundation, with no Invariant Sections, no Front-Cover Texts, and no Back- Cover Texts. A copy of the license is included in the section entitled ""GNU Free Documentation License"". Edited by Bci2, with all contributors listed before the License statement. Download: EschrodLife279pMb26.pdf Links: Physics Classification : 00. (GENERAL) 02. (Mathematical methods in physics) 03. (Quantum mechanics, field theories, and speci ||  Software Foundation, with no Invariant Sections, no Front-Cover Texts, and no Back- Cover Texts. A copy of the license is included in the section entitled ""GNU Free Documentation License"". Edited by Bci2, with all contributors listed before the License statement. Download: EschrodLife279pMb26.pdf Links: Physics Classification : 00. (GENERAL) 02. (Mathematical methods in physics) 03. (Quantum mechanics, field theories, and special relativity ) 03.65.Fd (Algebraic methods ) || exts, and no Back- Cover Texts. A copy of the license is included in the section entitled ""GNU Free Documentation License"". Edited by Bci2, with all contributors listed before the License statement. Download: EschrodLife279pMb26.pdf Links: Physics Classification : 00. (GENERAL) 02. (Mathematical methods in physics) 03. (Quantum mechanics, field theories, and special relativity ) 03.65.Fd (Algebraic methods )",https://aux.physicslibrary.org/files/books/282/EschrodLife279pMb26.pdf,1934
283,An Introduction to X-ray and Neutron Scattering | Physics Library,https://physicslibrary.org/?op=getobj;from=books;id=283,GFDL,medium,Book-local GFDL/GNU licensing language detected," Bci2- with several contributors listed before the License Statement by bci1 and Bci2: Permission is granted to copy, distribute and/or modify this document under the terms of the GNU Free Documentation License, Version 1.2 or any later version ;published by the Free Software Foundation, with no Invariant Sections, no Front-Cover Texts, and no Back- Cover Texts. A copy of the license is included in the section entitled ""GNU Free Documentation License"". Edited by Bci2, with all contributors liste ||  ;published by the Free Software Foundation, with no Invariant Sections, no Front-Cover Texts, and no Back- Cover Texts. A copy of the license is included in the section entitled ""GNU Free Documentation License"". Edited by Bci2, with all contributors listed before the License statement. Download: AXrayNeutrScatp123.pdf Links: Physics Classification : 00. (GENERAL) 02. (Mathematical methods in physics) 03. (Quantum mechanics, field theories, and special relativity ) 03.65.Fd (Algebraic methods ) ||  the attached PDF Uploaded by: bci1 Comments: 130 pages, 4Mb PDF free, printable download Abstract: An introduction to X-ray and neutron scattering Rights: Open access GNU License Copyright@2009 Bci2 and bci1, Edited and originated by Bci2- with several contributors listed before the License Statement by bci1 and Bci2: Permission is granted to copy, distribute and/or modify this document under the terms of the GNU Free Documentation License, Version 1.2 or any later version ;published by the Fre || tering Rights: Open access GNU License Copyright@2009 Bci2 and bci1, Edited and originated by Bci2- with several contributors listed before the License Statement by bci1 and Bci2: Permission is granted to copy, distribute and/or modify this document under the terms of the GNU Free Documentation License, Version 1.2 or any later version ;published by the Free Software Foundation, with no Invariant Sections, no Front-Cover Texts, and no Back- Cover Texts. A copy of the license is included in the s || isted in the attached PDF Uploaded by: bci1 Comments: 130 pages, 4Mb PDF free, printable download Abstract: An introduction to X-ray and neutron scattering Rights: Open access GNU License Copyright@2009 Bci2 and bci1, Edited and originated by Bci2- with several contributors listed before the License Statement by bci1 and Bci2: Permission is granted to copy, distribute and/or modify this document under the terms of the GNU Free Documentation License, Version 1.2 or any later version ;published by || troduction to X-ray and neutron scattering Rights: Open access GNU License Copyright@2009 Bci2 and bci1, Edited and originated by Bci2- with several contributors listed before the License Statement by bci1 and Bci2: Permission is granted to copy, distribute and/or modify this document under the terms of the GNU Free Documentation License, Version 1.2 or any later version ;published by the Free Software Foundation, with no Invariant Sections, no Front-Cover Texts, and no Back- Cover Texts. A copy || tributors listed before the License Statement by bci1 and Bci2: Permission is granted to copy, distribute and/or modify this document under the terms of the GNU Free Documentation License, Version 1.2 or any later version ;published by the Free Software Foundation, with no Invariant Sections, no Front-Cover Texts, and no Back- Cover Texts. A copy of the license is included in the section entitled ""GNU Free Documentation License"". Edited by Bci2, with all contributors listed before the License st || ion License, Version 1.2 or any later version ;published by the Free Software Foundation, with no Invariant Sections, no Front-Cover Texts, and no Back- Cover Texts. A copy of the license is included in the section entitled ""GNU Free Documentation License"". Edited by Bci2, with all contributors listed before the License statement. Download: AXrayNeutrScatp123.pdf Links: Physics Classification : 00. (GENERAL) 02. (Mathematical methods in physics) 03. (Quantum mechanics, field theories, and specia ||  Software Foundation, with no Invariant Sections, no Front-Cover Texts, and no Back- Cover Texts. A copy of the license is included in the section entitled ""GNU Free Documentation License"". Edited by Bci2, with all contributors listed before the License statement. Download: AXrayNeutrScatp123.pdf Links: Physics Classification : 00. (GENERAL) 02. (Mathematical methods in physics) 03. (Quantum mechanics, field theories, and special relativity ) 03.65.Fd (Algebraic methods ) || exts, and no Back- Cover Texts. A copy of the license is included in the section entitled ""GNU Free Documentation License"". Edited by Bci2, with all contributors listed before the License statement. Download: AXrayNeutrScatp123.pdf Links: Physics Classification : 00. (GENERAL) 02. (Mathematical methods in physics) 03. (Quantum mechanics, field theories, and special relativity ) 03.65.Fd (Algebraic methods )",https://aux.physicslibrary.org/files/books/283/AXrayNeutrScatp123.pdf,1834
284,Relativity Theories: Basic concepts and theories | Physics Library,https://physicslibrary.org/?op=getobj;from=books;id=284,GFDL,medium,Book-local GFDL/GNU licensing language detected," Bci2- with several contributors listed before the License Statement by bci1 and Bci2: Permission is granted to copy, distribute and/or modify this document under the terms of the GNU Free Documentation License, Version 1.2 or any later version ;published by the Free Software Foundation, with no Invariant Sections, no Front-Cover Texts, and no Back- Cover Texts. A copy of the license is included in the section entitled ""GNU Free Documentation License"". Edited by Bci2, with all contributors liste ||  ;published by the Free Software Foundation, with no Invariant Sections, no Front-Cover Texts, and no Back- Cover Texts. A copy of the license is included in the section entitled ""GNU Free Documentation License"". Edited by Bci2, with all contributors listed before the License statement. Download: RelativityTh330p.pdf Links: Physics Classification : 00. (GENERAL) 02. (Mathematical methods in physics) 03. (Quantum mechanics, field theories, and special relativity ) 03.65.Fd (Algebraic methods ) || e download Abstract: An introduction to relativity theories with numerous illustrations. Rights: Open access: GNU License http://en.wikipedia.org/wiki/User:Bci2/Books/E-Relativity Copyright@2009 Bci2 and bci1, Edited and originated by Bci2- with several contributors listed before the License Statement by bci1 and Bci2: Permission is granted to copy, distribute and/or modify this document under the terms of the GNU Free Documentation License, Version 1.2 or any later version ;published by the Fre || .org/wiki/User:Bci2/Books/E-Relativity Copyright@2009 Bci2 and bci1, Edited and originated by Bci2- with several contributors listed before the License Statement by bci1 and Bci2: Permission is granted to copy, distribute and/or modify this document under the terms of the GNU Free Documentation License, Version 1.2 or any later version ;published by the Free Software Foundation, with no Invariant Sections, no Front-Cover Texts, and no Back- Cover Texts. A copy of the license is included in the s ||  PDF Uploaded by: bci1 Comments: 330 pages, 8Mb PDF free, printable download Abstract: An introduction to relativity theories with numerous illustrations. Rights: Open access: GNU License http://en.wikipedia.org/wiki/User:Bci2/Books/E-Relativity Copyright@2009 Bci2 and bci1, Edited and originated by Bci2- with several contributors listed before the License Statement by bci1 and Bci2: Permission is granted to copy, distribute and/or modify this document under the terms of the GNU Free Documentati || ess: GNU License http://en.wikipedia.org/wiki/User:Bci2/Books/E-Relativity Copyright@2009 Bci2 and bci1, Edited and originated by Bci2- with several contributors listed before the License Statement by bci1 and Bci2: Permission is granted to copy, distribute and/or modify this document under the terms of the GNU Free Documentation License, Version 1.2 or any later version ;published by the Free Software Foundation, with no Invariant Sections, no Front-Cover Texts, and no Back- Cover Texts. A copy || tributors listed before the License Statement by bci1 and Bci2: Permission is granted to copy, distribute and/or modify this document under the terms of the GNU Free Documentation License, Version 1.2 or any later version ;published by the Free Software Foundation, with no Invariant Sections, no Front-Cover Texts, and no Back- Cover Texts. A copy of the license is included in the section entitled ""GNU Free Documentation License"". Edited by Bci2, with all contributors listed before the License st || ion License, Version 1.2 or any later version ;published by the Free Software Foundation, with no Invariant Sections, no Front-Cover Texts, and no Back- Cover Texts. A copy of the license is included in the section entitled ""GNU Free Documentation License"". Edited by Bci2, with all contributors listed before the License statement. Download: RelativityTh330p.pdf Links: Physics Classification : 00. (GENERAL) 02. (Mathematical methods in physics) 03. (Quantum mechanics, field theories, and special  ||  Software Foundation, with no Invariant Sections, no Front-Cover Texts, and no Back- Cover Texts. A copy of the license is included in the section entitled ""GNU Free Documentation License"". Edited by Bci2, with all contributors listed before the License statement. Download: RelativityTh330p.pdf Links: Physics Classification : 00. (GENERAL) 02. (Mathematical methods in physics) 03. (Quantum mechanics, field theories, and special relativity ) 03.65.Fd (Algebraic methods ) || exts, and no Back- Cover Texts. A copy of the license is included in the section entitled ""GNU Free Documentation License"". Edited by Bci2, with all contributors listed before the License statement. Download: RelativityTh330p.pdf Links: Physics Classification : 00. (GENERAL) 02. (Mathematical methods in physics) 03. (Quantum mechanics, field theories, and special relativity ) 03.65.Fd (Algebraic methods )",https://aux.physicslibrary.org/files/books/284/RelativityTh330p.pdf,1914
285,"""The Society for Mathematical Biology"", Related Publications, Scientists and Research Areas | Physics Library",https://physicslibrary.org/?op=getobj;from=books;id=285,GFDL,medium,Book-local GFDL/GNU licensing language detected," Bci2- with several contributors listed before the License Statement by bci1 and Bci2: Permission is granted to copy, distribute and/or modify this document under the terms of the GNU Free Documentation License, Version 1.2 or any later version ;published by the Free Software Foundation, with no Invariant Sections, no Front-Cover Texts, and no Back- Cover Texts. A copy of the license is included in the section entitled ""GNU Free Documentation License"". Edited by Bci2, with all contributors liste ||  ;published by the Free Software Foundation, with no Invariant Sections, no Front-Cover Texts, and no Back- Cover Texts. A copy of the license is included in the section entitled ""GNU Free Documentation License"". Edited by Bci2, with all contributors listed before the License statement. Download: SMBbooknu227pMb9.pdf SMBbuk233pMb9v7.pdf SMBnuOK3up.pdf Links: Physics Classification : 00. (GENERAL) 02. (Mathematical methods in physics) 03. (Quantum mechanics, field theories, and special relativity || iophysics, quantum theory and quantum biology Rights: Open access: GNUL : http://en.wikipedia.org/wiki/User:Bci2/Books/SMB#SMB:_Related_Scientists_and_Research_Areas_in_USA_and_EU Copyright@2009 Bci2 and bci1, Edited and originated by Bci2- with several contributors listed before the License Statement by bci1 and Bci2: Permission is granted to copy, distribute and/or modify this document under the terms of the GNU Free Documentation License, Version 1.2 or any later version ;published by the Fre || tists_and_Research_Areas_in_USA_and_EU Copyright@2009 Bci2 and bci1, Edited and originated by Bci2- with several contributors listed before the License Statement by bci1 and Bci2: Permission is granted to copy, distribute and/or modify this document under the terms of the GNU Free Documentation License, Version 1.2 or any later version ;published by the Free Software Foundation, with no Invariant Sections, no Front-Cover Texts, and no Back- Cover Texts. A copy of the license is included in the s || er:Bci2/Books/SMB#SMB:_Related_Scientists_and_Research_Areas_in_USA_and_EU Copyright@2009 Bci2 and bci1, Edited and originated by Bci2- with several contributors listed before the License Statement by bci1 and Bci2: Permission is granted to copy, distribute and/or modify this document under the terms of the GNU Free Documentation License, Version 1.2 or any later version ;published by the Free Software Foundation, with no Invariant Sections, no Front-Cover Texts, and no Back- Cover Texts. A copy || tributors listed before the License Statement by bci1 and Bci2: Permission is granted to copy, distribute and/or modify this document under the terms of the GNU Free Documentation License, Version 1.2 or any later version ;published by the Free Software Foundation, with no Invariant Sections, no Front-Cover Texts, and no Back- Cover Texts. A copy of the license is included in the section entitled ""GNU Free Documentation License"". Edited by Bci2, with all contributors listed before the License st || ion License, Version 1.2 or any later version ;published by the Free Software Foundation, with no Invariant Sections, no Front-Cover Texts, and no Back- Cover Texts. A copy of the license is included in the section entitled ""GNU Free Documentation License"". Edited by Bci2, with all contributors listed before the License statement. Download: SMBbooknu227pMb9.pdf SMBbuk233pMb9v7.pdf SMBnuOK3up.pdf Links: Physics Classification : 00. (GENERAL) 02. (Mathematical methods in physics) 03. (Quantum mech ||  Software Foundation, with no Invariant Sections, no Front-Cover Texts, and no Back- Cover Texts. A copy of the license is included in the section entitled ""GNU Free Documentation License"". Edited by Bci2, with all contributors listed before the License statement. Download: SMBbooknu227pMb9.pdf SMBbuk233pMb9v7.pdf SMBnuOK3up.pdf Links: Physics Classification : 00. (GENERAL) 02. (Mathematical methods in physics) 03. (Quantum mechanics, field theories, and special relativity ) 03.65.Fd (Algebraic  || exts, and no Back- Cover Texts. A copy of the license is included in the section entitled ""GNU Free Documentation License"". Edited by Bci2, with all contributors listed before the License statement. Download: SMBbooknu227pMb9.pdf SMBbuk233pMb9v7.pdf SMBnuOK3up.pdf Links: Physics Classification : 00. (GENERAL) 02. (Mathematical methods in physics) 03. (Quantum mechanics, field theories, and special relativity ) 03.65.Fd (Algebraic methods )",https://aux.physicslibrary.org/files/books/285/SMBbooknu227pMb9.pdf | https://aux.physicslibrary.org/files/books/285/SMBbuk233pMb9v7.pdf | https://aux.physicslibrary.org/files/books/285/SMBnuOK3up.pdf,2298
287,Quantum Theories : Volume 1 | Physics Library,https://physicslibrary.org/?op=getobj;from=books;id=287,GFDL,medium,Book-local GFDL/GNU licensing language detected," Bci2- with several contributors listed before the License Statement by bci1 and Bci2: Permission is granted to copy, distribute and/or modify this document under the terms of the GNU Free Documentation License, Version 1.2 or any later version ;published by the Free Software Foundation, with no Invariant Sections, no Front-Cover Texts, and no Back- Cover Texts. A copy of the license is included in the section entitled ""GNU Free Documentation License"". Edited by Bci2, with all contributors liste ||  ;published by the Free Software Foundation, with no Invariant Sections, no Front-Cover Texts, and no Back- Cover Texts. A copy of the license is included in the section entitled ""GNU Free Documentation License"". Edited by Bci2, with all contributors listed before the License statement. Download: QTcontsVol2.rtf QTheoriesV1p356Mb10.pdf QTQATvol1p381Mb10.pdf Links: Physics Classification : 00. (GENERAL) 02. (Mathematical methods in physics) 03. (Quantum mechanics, field theories, and special rela || Rights: Open access: GNUL: http://en.wikipedia.org/w/index.php?title=Special:Book/download/&collection_id=a9675b8634ecdbe2&writer=rl&return_to=User%3ABci2%2FBooks%2FQuantumTheoryB Copyright@2009 Bci2 and bci1, Edited and originated by Bci2- with several contributors listed before the License Statement by bci1 and Bci2: Permission is granted to copy, distribute and/or modify this document under the terms of the GNU Free Documentation License, Version 1.2 or any later version ;published by the Fre || o=User%3ABci2%2FBooks%2FQuantumTheoryB Copyright@2009 Bci2 and bci1, Edited and originated by Bci2- with several contributors listed before the License Statement by bci1 and Bci2: Permission is granted to copy, distribute and/or modify this document under the terms of the GNU Free Documentation License, Version 1.2 or any later version ;published by the Free Software Foundation, with no Invariant Sections, no Front-Cover Texts, and no Back- Cover Texts. A copy of the license is included in the s || =a9675b8634ecdbe2&writer=rl&return_to=User%3ABci2%2FBooks%2FQuantumTheoryB Copyright@2009 Bci2 and bci1, Edited and originated by Bci2- with several contributors listed before the License Statement by bci1 and Bci2: Permission is granted to copy, distribute and/or modify this document under the terms of the GNU Free Documentation License, Version 1.2 or any later version ;published by the Free Software Foundation, with no Invariant Sections, no Front-Cover Texts, and no Back- Cover Texts. A copy || tributors listed before the License Statement by bci1 and Bci2: Permission is granted to copy, distribute and/or modify this document under the terms of the GNU Free Documentation License, Version 1.2 or any later version ;published by the Free Software Foundation, with no Invariant Sections, no Front-Cover Texts, and no Back- Cover Texts. A copy of the license is included in the section entitled ""GNU Free Documentation License"". Edited by Bci2, with all contributors listed before the License st || ion License, Version 1.2 or any later version ;published by the Free Software Foundation, with no Invariant Sections, no Front-Cover Texts, and no Back- Cover Texts. A copy of the license is included in the section entitled ""GNU Free Documentation License"". Edited by Bci2, with all contributors listed before the License statement. Download: QTcontsVol2.rtf QTheoriesV1p356Mb10.pdf QTQATvol1p381Mb10.pdf Links: Physics Classification : 00. (GENERAL) 02. (Mathematical methods in physics) 03. (Quantu ||  Software Foundation, with no Invariant Sections, no Front-Cover Texts, and no Back- Cover Texts. A copy of the license is included in the section entitled ""GNU Free Documentation License"". Edited by Bci2, with all contributors listed before the License statement. Download: QTcontsVol2.rtf QTheoriesV1p356Mb10.pdf QTQATvol1p381Mb10.pdf Links: Physics Classification : 00. (GENERAL) 02. (Mathematical methods in physics) 03. (Quantum mechanics, field theories, and special relativity ) 03.65.Fd (Alge || exts, and no Back- Cover Texts. A copy of the license is included in the section entitled ""GNU Free Documentation License"". Edited by Bci2, with all contributors listed before the License statement. Download: QTcontsVol2.rtf QTheoriesV1p356Mb10.pdf QTQATvol1p381Mb10.pdf Links: Physics Classification : 00. (GENERAL) 02. (Mathematical methods in physics) 03. (Quantum mechanics, field theories, and special relativity ) 03.65.Fd (Algebraic methods ) ISBN #:",https://aux.physicslibrary.org/files/books/287/QTheoriesV1p356Mb10.pdf | https://aux.physicslibrary.org/files/books/287/QTQATvol1p381Mb10.pdf,2242
288,"Quantum Theories: Volume 2- Standard Model, Quantum Gravity, Supergravity and Non-standard Models | Physics Library",https://physicslibrary.org/?op=getobj;from=books;id=288,GFDL,medium,Book-local GFDL/GNU licensing language detected," Bci2- with several contributors listed before the License Statement by bci1 and Bci2: Permission is granted to copy, distribute and/or modify this document under the terms of the GNU Free Documentation License, Version 1.2 or any later version ;published by the Free Software Foundation, with no Invariant Sections, no Front-Cover Texts, and no Back- Cover Texts. A copy of the license is included in the section entitled ""GNU Free Documentation License"". Edited by Bci2, with all contributors liste ||  ;published by the Free Software Foundation, with no Invariant Sections, no Front-Cover Texts, and no Back- Cover Texts. A copy of the license is included in the section entitled ""GNU Free Documentation License"". Edited by Bci2, with all contributors listed before the License statement. Download: QTcontsVol1and2.rtf QTheQGvol2p291Mb12.pdf Links: Physics Classification : 00. (GENERAL) 02. (Mathematical methods in physics) 03. (Quantum mechanics, field theories, and special relativity ) 03.65.Fd ( || #Beyond_the_Standard_Model http://en.wikipedia.org/w/index.php?title=Special:Book/download/&collection_id=b07d0e735f0ba659&writer=rl&return_to=User%3ABci2%2FBooks%2FQuantumTheoryG Copyright@2009 Bci2 and bci1, Edited and originated by Bci2- with several contributors listed before the License Statement by bci1 and Bci2: Permission is granted to copy, distribute and/or modify this document under the terms of the GNU Free Documentation License, Version 1.2 or any later version ;published by the Fre || o=User%3ABci2%2FBooks%2FQuantumTheoryG Copyright@2009 Bci2 and bci1, Edited and originated by Bci2- with several contributors listed before the License Statement by bci1 and Bci2: Permission is granted to copy, distribute and/or modify this document under the terms of the GNU Free Documentation License, Version 1.2 or any later version ;published by the Free Software Foundation, with no Invariant Sections, no Front-Cover Texts, and no Back- Cover Texts. A copy of the license is included in the s ||  Nuclear Physics, particle accelerators, Standard Model, Quantum Gravity theories and Non-Standard Models, with several tables and numerous illustrations. Rights: Open access: GNU License: http://en.wikipedia.org/wiki/User:Bci2/Books/QuantumTheoryG#Beyond_the_Standard_Model http://en.wikipedia.org/w/index.php?title=Special:Book/download/&collection_id=b07d0e735f0ba659&writer=rl&return_to=User%3ABci2%2FBooks%2FQuantumTheoryG Copyright@2009 Bci2 and bci1, Edited and originated by Bci2- with severa || =b07d0e735f0ba659&writer=rl&return_to=User%3ABci2%2FBooks%2FQuantumTheoryG Copyright@2009 Bci2 and bci1, Edited and originated by Bci2- with several contributors listed before the License Statement by bci1 and Bci2: Permission is granted to copy, distribute and/or modify this document under the terms of the GNU Free Documentation License, Version 1.2 or any later version ;published by the Free Software Foundation, with no Invariant Sections, no Front-Cover Texts, and no Back- Cover Texts. A copy || tributors listed before the License Statement by bci1 and Bci2: Permission is granted to copy, distribute and/or modify this document under the terms of the GNU Free Documentation License, Version 1.2 or any later version ;published by the Free Software Foundation, with no Invariant Sections, no Front-Cover Texts, and no Back- Cover Texts. A copy of the license is included in the section entitled ""GNU Free Documentation License"". Edited by Bci2, with all contributors listed before the License st || ion License, Version 1.2 or any later version ;published by the Free Software Foundation, with no Invariant Sections, no Front-Cover Texts, and no Back- Cover Texts. A copy of the license is included in the section entitled ""GNU Free Documentation License"". Edited by Bci2, with all contributors listed before the License statement. Download: QTcontsVol1and2.rtf QTheQGvol2p291Mb12.pdf Links: Physics Classification : 00. (GENERAL) 02. (Mathematical methods in physics) 03. (Quantum mechanics, field  ||  Software Foundation, with no Invariant Sections, no Front-Cover Texts, and no Back- Cover Texts. A copy of the license is included in the section entitled ""GNU Free Documentation License"". Edited by Bci2, with all contributors listed before the License statement. Download: QTcontsVol1and2.rtf QTheQGvol2p291Mb12.pdf Links: Physics Classification : 00. (GENERAL) 02. (Mathematical methods in physics) 03. (Quantum mechanics, field theories, and special relativity ) 03.65.Fd (Algebraic methods ) || exts, and no Back- Cover Texts. A copy of the license is included in the section entitled ""GNU Free Documentation License"". Edited by Bci2, with all contributors listed before the License statement. Download: QTcontsVol1and2.rtf QTheQGvol2p291Mb12.pdf Links: Physics Classification : 00. (GENERAL) 02. (Mathematical methods in physics) 03. (Quantum mechanics, field theories, and special relativity ) 03.65.Fd (Algebraic methods )",https://aux.physicslibrary.org/files/books/288/QTheQGvol2p291Mb12.pdf,2409
289,"Symmetry, Quantum Groups, Groupoids and Categories | Physics Library",https://physicslibrary.org/?op=getobj;from=books;id=289,GFDL,medium,Book-local GFDL/GNU licensing language detected," Bci2- with several contributors listed before the License Statement by bci1 and Bci2: Permission is granted to copy, distribute and/or modify this document under the terms of the GNU Free Documentation License, Version 1.2 or any later version ;published by the Free Software Foundation, with no Invariant Sections, no Front-Cover Texts, and no Back- Cover Texts. A copy of the license is included in the section entitled ""GNU Free Documentation License"". Edited by Bci2, with all contributors liste ||  ;published by the Free Software Foundation, with no Invariant Sections, no Front-Cover Texts, and no Back- Cover Texts. A copy of the license is included in the section entitled ""GNU Free Documentation License"". Edited by Bci2, with all contributors listed before the License statement. Download: QATGLcontsall.rtf Symmetry_Breaking SymQGroupsGpdCats.pdf Links: Physics Classification : 00. (GENERAL) 02. (Mathematical methods in physics) 03. (Quantum mechanics, field theories, and special relativi || ncepts, quantum groups, quantum groupoids and categories in relation to quantum theories/ Rights: Open access: GNU License http://en.wikipedia.org/wiki/User:Bci2/Symmetry_Breaking Copyright@2009 Bci2 and bci1, Edited and originated by Bci2- with several contributors listed before the License Statement by bci1 and Bci2: Permission is granted to copy, distribute and/or modify this document under the terms of the GNU Free Documentation License, Version 1.2 or any later version ;published by the Fre || a.org/wiki/User:Bci2/Symmetry_Breaking Copyright@2009 Bci2 and bci1, Edited and originated by Bci2- with several contributors listed before the License Statement by bci1 and Bci2: Permission is granted to copy, distribute and/or modify this document under the terms of the GNU Free Documentation License, Version 1.2 or any later version ;published by the Free Software Foundation, with no Invariant Sections, no Front-Cover Texts, and no Back- Cover Texts. A copy of the license is included in the s || 6 pages, 23 Mb, July 11, 2009 Abstract: An outline of symmetry concepts, quantum groups, quantum groupoids and categories in relation to quantum theories/ Rights: Open access: GNU License http://en.wikipedia.org/wiki/User:Bci2/Symmetry_Breaking Copyright@2009 Bci2 and bci1, Edited and originated by Bci2- with several contributors listed before the License Statement by bci1 and Bci2: Permission is granted to copy, distribute and/or modify this document under the terms of the GNU Free Documentatio || cess: GNU License http://en.wikipedia.org/wiki/User:Bci2/Symmetry_Breaking Copyright@2009 Bci2 and bci1, Edited and originated by Bci2- with several contributors listed before the License Statement by bci1 and Bci2: Permission is granted to copy, distribute and/or modify this document under the terms of the GNU Free Documentation License, Version 1.2 or any later version ;published by the Free Software Foundation, with no Invariant Sections, no Front-Cover Texts, and no Back- Cover Texts. A copy || tributors listed before the License Statement by bci1 and Bci2: Permission is granted to copy, distribute and/or modify this document under the terms of the GNU Free Documentation License, Version 1.2 or any later version ;published by the Free Software Foundation, with no Invariant Sections, no Front-Cover Texts, and no Back- Cover Texts. A copy of the license is included in the section entitled ""GNU Free Documentation License"". Edited by Bci2, with all contributors listed before the License st || ion License, Version 1.2 or any later version ;published by the Free Software Foundation, with no Invariant Sections, no Front-Cover Texts, and no Back- Cover Texts. A copy of the license is included in the section entitled ""GNU Free Documentation License"". Edited by Bci2, with all contributors listed before the License statement. Download: QATGLcontsall.rtf Symmetry_Breaking SymQGroupsGpdCats.pdf Links: Physics Classification : 00. (GENERAL) 02. (Mathematical methods in physics) 03. (Quantum me ||  Software Foundation, with no Invariant Sections, no Front-Cover Texts, and no Back- Cover Texts. A copy of the license is included in the section entitled ""GNU Free Documentation License"". Edited by Bci2, with all contributors listed before the License statement. Download: QATGLcontsall.rtf Symmetry_Breaking SymQGroupsGpdCats.pdf Links: Physics Classification : 00. (GENERAL) 02. (Mathematical methods in physics) 03. (Quantum mechanics, field theories, and special relativity ) 03.65.Fd (Algebrai || exts, and no Back- Cover Texts. A copy of the license is included in the section entitled ""GNU Free Documentation License"". Edited by Bci2, with all contributors listed before the License statement. Download: QATGLcontsall.rtf Symmetry_Breaking SymQGroupsGpdCats.pdf Links: Physics Classification : 00. (GENERAL) 02. (Mathematical methods in physics) 03. (Quantum mechanics, field theories, and special relativity ) 03.65.Fd (Algebraic methods )",https://aux.physicslibrary.org/files/books/289/SymQGroupsGpdCats.pdf,1983
290,"Nuclear Magnetic Resonance (NMR): Principles,Techniques and Applications | Physics Library",https://physicslibrary.org/?op=getobj;from=books;id=290,GFDL,medium,Book-local GFDL/GNU licensing language detected," Bci2- with several contributors listed before the License Statement by bci1 and Bci2: Permission is granted to copy, distribute and/or modify this document under the terms of the GNU Free Documentation License, Version 1.2 or any later version ;published by the Free Software Foundation, with no Invariant Sections, no Front-Cover Texts, and no Back- Cover Texts. A copy of the license is included in the section entitled ""GNU Free Documentation License"". Edited by Bci2, with all contributors liste ||  ;published by the Free Software Foundation, with no Invariant Sections, no Front-Cover Texts, and no Back- Cover Texts. A copy of the license is included in the section entitled ""GNU Free Documentation License"". Edited by Bci2, with all contributors listed before the License statement. Download: NMRptaBuk.pdf NMRptamsb138pMb6.pdf NMRptms111p5Mb.pdf Links: Physics Classification : 00. (GENERAL) 02. (Mathematical methods in physics) 03. (Quantum mechanics, field theories, and special relativity ) || bstract: Principles,techniques, applications and biographies of Nuclear Magnetic Resonance (NMR). Rights: Open access: GNU License http://en.wikipedia.org/wiki/User:Bci2/Books/NMR Copyright@2009 Bci2 and bci1, Edited and originated by Bci2- with several contributors listed before the License Statement by bci1 and Bci2: Permission is granted to copy, distribute and/or modify this document under the terms of the GNU Free Documentation License, Version 1.2 or any later version ;published by the Fre || wikipedia.org/wiki/User:Bci2/Books/NMR Copyright@2009 Bci2 and bci1, Edited and originated by Bci2- with several contributors listed before the License Statement by bci1 and Bci2: Permission is granted to copy, distribute and/or modify this document under the terms of the GNU Free Documentation License, Version 1.2 or any later version ;published by the Free Software Foundation, with no Invariant Sections, no Front-Cover Texts, and no Back- Cover Texts. A copy of the license is included in the s || F; 14 July 2009; v.1:103 pages, 4 Mb Free PDF downloads Abstract: Principles,techniques, applications and biographies of Nuclear Magnetic Resonance (NMR). Rights: Open access: GNU License http://en.wikipedia.org/wiki/User:Bci2/Books/NMR Copyright@2009 Bci2 and bci1, Edited and originated by Bci2- with several contributors listed before the License Statement by bci1 and Bci2: Permission is granted to copy, distribute and/or modify this document under the terms of the GNU Free Documentation Licens ||  Open access: GNU License http://en.wikipedia.org/wiki/User:Bci2/Books/NMR Copyright@2009 Bci2 and bci1, Edited and originated by Bci2- with several contributors listed before the License Statement by bci1 and Bci2: Permission is granted to copy, distribute and/or modify this document under the terms of the GNU Free Documentation License, Version 1.2 or any later version ;published by the Free Software Foundation, with no Invariant Sections, no Front-Cover Texts, and no Back- Cover Texts. A copy || tributors listed before the License Statement by bci1 and Bci2: Permission is granted to copy, distribute and/or modify this document under the terms of the GNU Free Documentation License, Version 1.2 or any later version ;published by the Free Software Foundation, with no Invariant Sections, no Front-Cover Texts, and no Back- Cover Texts. A copy of the license is included in the section entitled ""GNU Free Documentation License"". Edited by Bci2, with all contributors listed before the License st || ion License, Version 1.2 or any later version ;published by the Free Software Foundation, with no Invariant Sections, no Front-Cover Texts, and no Back- Cover Texts. A copy of the license is included in the section entitled ""GNU Free Documentation License"". Edited by Bci2, with all contributors listed before the License statement. Download: NMRptaBuk.pdf NMRptamsb138pMb6.pdf NMRptms111p5Mb.pdf Links: Physics Classification : 00. (GENERAL) 02. (Mathematical methods in physics) 03. (Quantum mechan ||  Software Foundation, with no Invariant Sections, no Front-Cover Texts, and no Back- Cover Texts. A copy of the license is included in the section entitled ""GNU Free Documentation License"". Edited by Bci2, with all contributors listed before the License statement. Download: NMRptaBuk.pdf NMRptamsb138pMb6.pdf NMRptms111p5Mb.pdf Links: Physics Classification : 00. (GENERAL) 02. (Mathematical methods in physics) 03. (Quantum mechanics, field theories, and special relativity ) 03.65.Fd (Algebraic me || exts, and no Back- Cover Texts. A copy of the license is included in the section entitled ""GNU Free Documentation License"". Edited by Bci2, with all contributors listed before the License statement. Download: NMRptaBuk.pdf NMRptamsb138pMb6.pdf NMRptms111p5Mb.pdf Links: Physics Classification : 00. (GENERAL) 02. (Mathematical methods in physics) 03. (Quantum mechanics, field theories, and special relativity ) 03.65.Fd (Algebraic methods )",https://aux.physicslibrary.org/files/books/290/NMRptaBuk.pdf | https://aux.physicslibrary.org/files/books/290/NMRptamsb138pMb6.pdf | https://aux.physicslibrary.org/files/books/290/NMRptms111p5Mb.pdf,2089
291,Complex Systems Theory: Fundamentals | Physics Library,https://physicslibrary.org/?op=getobj;from=books;id=291,GFDL,medium,Book-local GFDL/GNU licensing language detected," Bci2- with several contributors listed before the License Statement by bci1 and Bci2: Permission is granted to copy, distribute and/or modify this document under the terms of the GNU Free Documentation License, Version 1.2 or any later version ;published by the Free Software Foundation, with no Invariant Sections, no Front-Cover Texts, and no Back- Cover Texts. A copy of the license is included in the section entitled ""GNU Free Documentation License"". Edited by Bci2, with all contributors liste ||  ;published by the Free Software Foundation, with no Invariant Sections, no Front-Cover Texts, and no Back- Cover Texts. A copy of the license is included in the section entitled ""GNU Free Documentation License"". Edited by Bci2, with all contributors listed before the License statement. Download: ComplexityTh121p.pdf Links: Physics Classification : 00. (GENERAL) 02. (Mathematical methods in physics) 03. (Quantum mechanics, field theories, and special relativity ) 03.65.Fd (Algebraic methods ) || ploaded by: bci1 Comments: 121 pages, v.01, August 13th, 2009 Abstract: Fundamentals of complexity theory,emergent systems and complex biological systems Rights: Open: GNU License Copyright@2009 Bci2 and bci1, Edited and originated by Bci2- with several contributors listed before the License Statement by bci1 and Bci2: Permission is granted to copy, distribute and/or modify this document under the terms of the GNU Free Documentation License, Version 1.2 or any later version ;published by the Fre || ical systems Rights: Open: GNU License Copyright@2009 Bci2 and bci1, Edited and originated by Bci2- with several contributors listed before the License Statement by bci1 and Bci2: Permission is granted to copy, distribute and/or modify this document under the terms of the GNU Free Documentation License, Version 1.2 or any later version ;published by the Free Software Foundation, with no Invariant Sections, no Front-Cover Texts, and no Back- Cover Texts. A copy of the license is included in the s || ed PDF Uploaded by: bci1 Comments: 121 pages, v.01, August 13th, 2009 Abstract: Fundamentals of complexity theory,emergent systems and complex biological systems Rights: Open: GNU License Copyright@2009 Bci2 and bci1, Edited and originated by Bci2- with several contributors listed before the License Statement by bci1 and Bci2: Permission is granted to copy, distribute and/or modify this document under the terms of the GNU Free Documentation License, Version 1.2 or any later version ;published by || ,emergent systems and complex biological systems Rights: Open: GNU License Copyright@2009 Bci2 and bci1, Edited and originated by Bci2- with several contributors listed before the License Statement by bci1 and Bci2: Permission is granted to copy, distribute and/or modify this document under the terms of the GNU Free Documentation License, Version 1.2 or any later version ;published by the Free Software Foundation, with no Invariant Sections, no Front-Cover Texts, and no Back- Cover Texts. A copy || tributors listed before the License Statement by bci1 and Bci2: Permission is granted to copy, distribute and/or modify this document under the terms of the GNU Free Documentation License, Version 1.2 or any later version ;published by the Free Software Foundation, with no Invariant Sections, no Front-Cover Texts, and no Back- Cover Texts. A copy of the license is included in the section entitled ""GNU Free Documentation License"". Edited by Bci2, with all contributors listed before the License st || ion License, Version 1.2 or any later version ;published by the Free Software Foundation, with no Invariant Sections, no Front-Cover Texts, and no Back- Cover Texts. A copy of the license is included in the section entitled ""GNU Free Documentation License"". Edited by Bci2, with all contributors listed before the License statement. Download: ComplexityTh121p.pdf Links: Physics Classification : 00. (GENERAL) 02. (Mathematical methods in physics) 03. (Quantum mechanics, field theories, and special  ||  Software Foundation, with no Invariant Sections, no Front-Cover Texts, and no Back- Cover Texts. A copy of the license is included in the section entitled ""GNU Free Documentation License"". Edited by Bci2, with all contributors listed before the License statement. Download: ComplexityTh121p.pdf Links: Physics Classification : 00. (GENERAL) 02. (Mathematical methods in physics) 03. (Quantum mechanics, field theories, and special relativity ) 03.65.Fd (Algebraic methods ) || exts, and no Back- Cover Texts. A copy of the license is included in the section entitled ""GNU Free Documentation License"". Edited by Bci2, with all contributors listed before the License statement. Download: ComplexityTh121p.pdf Links: Physics Classification : 00. (GENERAL) 02. (Mathematical methods in physics) 03. (Quantum mechanics, field theories, and special relativity ) 03.65.Fd (Algebraic methods )",https://aux.physicslibrary.org/files/books/291/ComplexityTh121p.pdf,1818
292,NIC Series Volume 36: From Computational Biophysics to Systems Biology (CBSB07) | Physics Library,https://physicslibrary.org/?op=getobj;from=books;id=292,questionable/manual review,low,No explicit reusable-license or public-domain evidence on catalog page,,https://aux.physicslibrary.org/files/books/292/ComputeBiophys_nicservol36.pdf | https://aux.physicslibrary.org/files/books/292/QMMProteinsroitberg.pdf,9621
293,Quantum Theory and Logic | Physics Library,https://physicslibrary.org/?op=getobj;from=books;id=293,CC,high,Explicit Creative Commons marker on book page,"ugust 16, 2009 Abstract: From fundamental to advanced level presentation of quantum physics, quantum logics, quantum information and quantum computers Rights: Open access: GNU and Creative Commons Attribution-ShareAlike Licenses http://en.wikipedia.org/wiki/Special:PrefixIndex/User:Bci2/ Copyright@2009 Bci2 and bci1, Edited and originated by Bci2- with several contributors listed before the License Statement by bci1 and Bci2: Permission is granted to copy, distribute and/or modify this document  ||  Bci2- with several contributors listed before the License Statement by bci1 and Bci2: Permission is granted to copy, distribute and/or modify this document under the terms of the GNU Free Documentation License, Version 1.2 or any later version ;published by the Free Software Foundation, with no Invariant Sections, no Front-Cover Texts, and no Back- Cover Texts. A copy of the license is included in the section entitled ""GNU Free Documentation License"". Edited by Bci2, with all contributors liste ||  ;published by the Free Software Foundation, with no Invariant Sections, no Front-Cover Texts, and no Back- Cover Texts. A copy of the license is included in the section entitled ""GNU Free Documentation License"". Edited by Bci2, with all contributors listed before the License statement. Download: ALAQFT454p8Mb.pdf AlgebraicTopolp6kb118.pdf ALQFTQATp297.pdf ALQLAQFTp480.pdf ATctHDAQAT572pMb18.pdf Links: Physics Classification : 00. (GENERAL) 02. (Mathematical methods in physics) 03. (Quantum mech || quantum information and quantum computers Rights: Open access: GNU and Creative Commons Attribution-ShareAlike Licenses http://en.wikipedia.org/wiki/Special:PrefixIndex/User:Bci2/ Copyright@2009 Bci2 and bci1, Edited and originated by Bci2- with several contributors listed before the License Statement by bci1 and Bci2: Permission is granted to copy, distribute and/or modify this document under the terms of the GNU Free Documentation License, Version 1.2 or any later version ;published by the Fre || rg/wiki/Special:PrefixIndex/User:Bci2/ Copyright@2009 Bci2 and bci1, Edited and originated by Bci2- with several contributors listed before the License Statement by bci1 and Bci2: Permission is granted to copy, distribute and/or modify this document under the terms of the GNU Free Documentation License, Version 1.2 or any later version ;published by the Free Software Foundation, with no Invariant Sections, no Front-Cover Texts, and no Back- Cover Texts. A copy of the license is included in the s || l to advanced level presentation of quantum physics, quantum logics, quantum information and quantum computers Rights: Open access: GNU and Creative Commons Attribution-ShareAlike Licenses http://en.wikipedia.org/wiki/Special:PrefixIndex/User:Bci2/ Copyright@2009 Bci2 and bci1, Edited and originated by Bci2- with several contributors listed before the License Statement by bci1 and Bci2: Permission is granted to copy, distribute and/or modify this document under the terms of the GNU Free Document || Alike Licenses http://en.wikipedia.org/wiki/Special:PrefixIndex/User:Bci2/ Copyright@2009 Bci2 and bci1, Edited and originated by Bci2- with several contributors listed before the License Statement by bci1 and Bci2: Permission is granted to copy, distribute and/or modify this document under the terms of the GNU Free Documentation License, Version 1.2 or any later version ;published by the Free Software Foundation, with no Invariant Sections, no Front-Cover Texts, and no Back- Cover Texts. A copy || tributors listed before the License Statement by bci1 and Bci2: Permission is granted to copy, distribute and/or modify this document under the terms of the GNU Free Documentation License, Version 1.2 or any later version ;published by the Free Software Foundation, with no Invariant Sections, no Front-Cover Texts, and no Back- Cover Texts. A copy of the license is included in the section entitled ""GNU Free Documentation License"". Edited by Bci2, with all contributors listed before the License st || ion License, Version 1.2 or any later version ;published by the Free Software Foundation, with no Invariant Sections, no Front-Cover Texts, and no Back- Cover Texts. A copy of the license is included in the section entitled ""GNU Free Documentation License"". Edited by Bci2, with all contributors listed before the License statement. Download: ALAQFT454p8Mb.pdf AlgebraicTopolp6kb118.pdf ALQFTQATp297.pdf ALQLAQFTp480.pdf ATctHDAQAT572pMb18.pdf Links: Physics Classification : 00. (GENERAL) 02. (Mathe ||  Software Foundation, with no Invariant Sections, no Front-Cover Texts, and no Back- Cover Texts. A copy of the license is included in the section entitled ""GNU Free Documentation License"". Edited by Bci2, with all contributors listed before the License statement. Download: ALAQFT454p8Mb.pdf AlgebraicTopolp6kb118.pdf ALQFTQATp297.pdf ALQLAQFTp480.pdf ATctHDAQAT572pMb18.pdf Links: Physics Classification : 00. (GENERAL) 02. (Mathematical methods in physics) 03. (Quantum mechanics, field theories, ",https://aux.physicslibrary.org/files/books/293/ALAQFT454p8Mb.pdf | https://aux.physicslibrary.org/files/books/293/AlgebraicTopolp6kb118.pdf | https://aux.physicslibrary.org/files/books/293/ALQFTQATp297.pdf | https://aux.physicslibrary.org/files/books/293/ALQLAQFTp480.pdf | https://aux.physicslibrary.org/files/books/293/ATctHDAQAT572pMb18.pdf,2033
294,"Spectroscopy Principles, Techniques and Applications | Physics Library",https://physicslibrary.org/?op=getobj;from=books;id=294,CC,high,Explicit Creative Commons marker on book page,"by: bci1 Comments: 348 pages, August 16 , 2009 Abstract: Fundamentals of Spectroscopy and their applications to various fields, including biomedicine. Rights: Open access: GNU and Creative Commons Attribution-ShareAlike Licenses http://en.wikipedia.org/wiki/Special:PrefixIndex/User:Bci2/ Copyright@2009 Bci2 and bci1, Edited and originated by Bci2- with several contributors listed before the License Statement by bci1 and Bci2: Permission is granted to copy, distribute and/or modify this document  ||  Bci2- with several contributors listed before the License Statement by bci1 and Bci2: Permission is granted to copy, distribute and/or modify this document under the terms of the GNU Free Documentation License, Version 1.2 or any later version ;published by the Free Software Foundation, with no Invariant Sections, no Front-Cover Texts, and no Back- Cover Texts. A copy of the license is included in the section entitled ""GNU Free Documentation License"". Edited by Bci2, with all contributors liste ||  ;published by the Free Software Foundation, with no Invariant Sections, no Front-Cover Texts, and no Back- Cover Texts. A copy of the license is included in the section entitled ""GNU Free Documentation License"". Edited by Bci2, with all contributors listed before the License statement. Download: SpectroscetAppls348pMb22.pdf Links: Physics Classification : 00. (GENERAL) 02. (Mathematical methods in physics) 03. (Quantum mechanics, field theories, and special relativity ) 03.65.Fd (Algebraic meth || to various fields, including biomedicine. Rights: Open access: GNU and Creative Commons Attribution-ShareAlike Licenses http://en.wikipedia.org/wiki/Special:PrefixIndex/User:Bci2/ Copyright@2009 Bci2 and bci1, Edited and originated by Bci2- with several contributors listed before the License Statement by bci1 and Bci2: Permission is granted to copy, distribute and/or modify this document under the terms of the GNU Free Documentation License, Version 1.2 or any later version ;published by the Fre || rg/wiki/Special:PrefixIndex/User:Bci2/ Copyright@2009 Bci2 and bci1, Edited and originated by Bci2- with several contributors listed before the License Statement by bci1 and Bci2: Permission is granted to copy, distribute and/or modify this document under the terms of the GNU Free Documentation License, Version 1.2 or any later version ;published by the Free Software Foundation, with no Invariant Sections, no Front-Cover Texts, and no Back- Cover Texts. A copy of the license is included in the s || , 2009 Abstract: Fundamentals of Spectroscopy and their applications to various fields, including biomedicine. Rights: Open access: GNU and Creative Commons Attribution-ShareAlike Licenses http://en.wikipedia.org/wiki/Special:PrefixIndex/User:Bci2/ Copyright@2009 Bci2 and bci1, Edited and originated by Bci2- with several contributors listed before the License Statement by bci1 and Bci2: Permission is granted to copy, distribute and/or modify this document under the terms of the GNU Free Document || Alike Licenses http://en.wikipedia.org/wiki/Special:PrefixIndex/User:Bci2/ Copyright@2009 Bci2 and bci1, Edited and originated by Bci2- with several contributors listed before the License Statement by bci1 and Bci2: Permission is granted to copy, distribute and/or modify this document under the terms of the GNU Free Documentation License, Version 1.2 or any later version ;published by the Free Software Foundation, with no Invariant Sections, no Front-Cover Texts, and no Back- Cover Texts. A copy || tributors listed before the License Statement by bci1 and Bci2: Permission is granted to copy, distribute and/or modify this document under the terms of the GNU Free Documentation License, Version 1.2 or any later version ;published by the Free Software Foundation, with no Invariant Sections, no Front-Cover Texts, and no Back- Cover Texts. A copy of the license is included in the section entitled ""GNU Free Documentation License"". Edited by Bci2, with all contributors listed before the License st || ion License, Version 1.2 or any later version ;published by the Free Software Foundation, with no Invariant Sections, no Front-Cover Texts, and no Back- Cover Texts. A copy of the license is included in the section entitled ""GNU Free Documentation License"". Edited by Bci2, with all contributors listed before the License statement. Download: SpectroscetAppls348pMb22.pdf Links: Physics Classification : 00. (GENERAL) 02. (Mathematical methods in physics) 03. (Quantum mechanics, field theories, and  ||  Software Foundation, with no Invariant Sections, no Front-Cover Texts, and no Back- Cover Texts. A copy of the license is included in the section entitled ""GNU Free Documentation License"". Edited by Bci2, with all contributors listed before the License statement. Download: SpectroscetAppls348pMb22.pdf Links: Physics Classification : 00. (GENERAL) 02. (Mathematical methods in physics) 03. (Quantum mechanics, field theories, and special relativity ) 03.65.Fd (Algebraic methods )",https://aux.physicslibrary.org/files/books/294/SpectroscetAppls348pMb22.pdf,2007
295,Quantum Mechanics I | Physics Library,https://physicslibrary.org/?op=getobj;from=books;id=295,questionable/manual review,low,No explicit reusable-license or public-domain evidence on catalog page,,https://aux.physicslibrary.org/files/books/295/QMechsI.pdf,1830
296,ADVANCED QUANTUM MECHANICS: II | Physics Library,https://physicslibrary.org/?op=getobj;from=books;id=296,questionable/manual review,low,No explicit reusable-license or public-domain evidence on catalog page,,,3918
297,Fundamentals of Model Theory | Physics Library,https://physicslibrary.org/?op=getobj;from=books;id=297,questionable/manual review,low,No explicit reusable-license or public-domain evidence on catalog page,,,1503
298,Mathematical Tools for Physics | Physics Library,https://physicslibrary.org/?op=getobj;from=books;id=298,questionable/manual review,low,No explicit reusable-license or public-domain evidence on catalog page," tools that are useful in physics applications and theory. From basic mathematics to operatory theory, tensors, differential equations, Fourier analysis and distributions. Rights: Copyright 2003, James Nearing ""Permission to copy for individual or classroom use is granted"" QA 37.2 Rev. Dec, 2008 Open access: www.physics.miami.edu/nearing/mathmethods/ http://www.physics.miami.edu/~nearing/mathmethods/mathematical_methods-two.pdf Download: MathToPhysics.pdf Links: Physics Classification : 00. (GEN || cs applications and theory. From basic mathematics to operatory theory, tensors, differential equations, Fourier analysis and distributions. Rights: Copyright 2003, James Nearing ""Permission to copy for individual or classroom use is granted"" QA 37.2 Rev. Dec, 2008 Open access: www.physics.miami.edu/nearing/mathmethods/ http://www.physics.miami.edu/~nearing/mathmethods/mathematical_methods-two.pdf Download: MathToPhysics.pdf Links: Physics Classification : 00. (GENERAL) 02. (Mathematical methods",https://aux.physicslibrary.org/files/books/298/MathToPhysics.pdf,1487
299,Abstract Harmonic Analysis. Structure of Non-locally compact Abelian Group Representations | Physics Library,https://physicslibrary.org/?op=getobj;from=books;id=299,questionable/manual review,low,No explicit reusable-license or public-domain evidence on catalog page,,https://aux.physicslibrary.org/files/books/299/AbstrHarmonicNonAbelReps.pdf,1351
301,P(F)4 Euclidian Quantum Field Theory | Physics Library,https://physicslibrary.org/?op=getobj;from=books;id=301,questionable/manual review,low,No explicit reusable-license or public-domain evidence on catalog page,,https://aux.physicslibrary.org/files/books/301/AlgebraicTopolp6kb118.pdf | https://aux.physicslibrary.org/files/books/301/Bukfoukzon.zip,1191
305,An Introduction to Lie Groups and Symplectic Geometry | Physics Library,https://physicslibrary.org/?op=getobj;from=books;id=305,questionable/manual review,low,No explicit reusable-license or public-domain evidence on catalog page,,https://aux.physicslibrary.org/files/books/305/AlgebraicTopolp6kb118.pdf | https://aux.physicslibrary.org/files/books/305/LieGrSimplgeom.pdf,1210
306,Advanced Quantum Field Theory | Physics Library,https://physicslibrary.org/?op=getobj;from=books;id=306,questionable/manual review,low,No explicit reusable-license or public-domain evidence on catalog page,,https://aux.physicslibrary.org/files/books/306/AdvQFTlezioni99.pdf,1183
307,Emergence of Ultracomplexity | Physics Library,https://physicslibrary.org/?op=getobj;from=books;id=307,questionable/manual review,low,No explicit reusable-license or public-domain evidence on catalog page,"Uploaded by: bci1 Comments: 98 pages, 2009. UICS proceedings Abstract: Fundamentals of ultracomplexity theory. Emergence of consciousness and human societies. Rights: Open access: Copyright@2010 by bci1 et al. Download: uics2009_submission_31[1].pdf Links: Physics Classification : 00. (GENERAL) 02. (Mathematical methods in physics)",https://aux.physicslibrary.org/files/books/307/uics2009_submission_31[1].pdf,1115
308,"Quantum Gravity, the Standard Model and Particle Accelerators | Physics Library",https://physicslibrary.org/?op=getobj;from=books;id=308,GFDL,medium,Book-local GFDL/GNU licensing language detected," Bci2- with several contributors listed before the License Statement by bci1 and Bci2: Permission is granted to copy, distribute and/or modify this document under the terms of the GNU Free Documentation License, Version 1.2 or any later version ;published by the Free Software Foundation, with no Invariant Sections, no Front-Cover Texts, and no Back- Cover Texts. A copy of the license is included in the section entitled ""GNU Free Documentation License"". Edited by Bci2, with all contributors liste ||  ;published by the Free Software Foundation, with no Invariant Sections, no Front-Cover Texts, and no Back- Cover Texts. A copy of the license is included in the section entitled ""GNU Free Documentation License"". Edited by Bci2, with all contributors listed before the License statement. Download: QuantGravSusy.pdf Links: Physics Classification : 00. (GENERAL) 02. (Mathematical methods in physics) 03. (Quantum mechanics, field theories, and special relativity ) 03.65.Fd (Algebraic methods ) || cess: GNU License document http://en.wikipedia.org/w/index.php?title=Special:Book/download/&collection_id=de02436f75449c0a&writer=rl&return_to=User%3ABci2%2FBooks%2FQuantumTheoryG Copyright@2009 Bci2 and bci1, Edited and originated by Bci2- with several contributors listed before the License Statement by bci1 and Bci2: Permission is granted to copy, distribute and/or modify this document under the terms of the GNU Free Documentation License, Version 1.2 or any later version ;published by the Fre || o=User%3ABci2%2FBooks%2FQuantumTheoryG Copyright@2009 Bci2 and bci1, Edited and originated by Bci2- with several contributors listed before the License Statement by bci1 and Bci2: Permission is granted to copy, distribute and/or modify this document under the terms of the GNU Free Documentation License, Version 1.2 or any later version ;published by the Free Software Foundation, with no Invariant Sections, no Front-Cover Texts, and no Back- Cover Texts. A copy of the license is included in the s || Topological order 217 Neutrino oscillations 223 Large Hadron Collider 234 Higgs boson 245 Groupoid 251 Algebroid 256 References Article Sources and Contributors 257 Image Sources, Licenses and Contributors 263 Rights: Open access: GNU License document http://en.wikipedia.org/w/index.php?title=Special:Book/download/&collection_id=de02436f75449c0a&writer=rl&return_to=User%3ABci2%2FBooks%2FQuantumTheoryG Copyright@2009 Bci2 and bci1, Edited and originated by Bci2- with several contributors listed b || adron Collider 234 Higgs boson 245 Groupoid 251 Algebroid 256 References Article Sources and Contributors 257 Image Sources, Licenses and Contributors 263 Rights: Open access: GNU License document http://en.wikipedia.org/w/index.php?title=Special:Book/download/&collection_id=de02436f75449c0a&writer=rl&return_to=User%3ABci2%2FBooks%2FQuantumTheoryG Copyright@2009 Bci2 and bci1, Edited and originated by Bci2- with several contributors listed before the License Statement by bci1 and Bci2: Permissio || =de02436f75449c0a&writer=rl&return_to=User%3ABci2%2FBooks%2FQuantumTheoryG Copyright@2009 Bci2 and bci1, Edited and originated by Bci2- with several contributors listed before the License Statement by bci1 and Bci2: Permission is granted to copy, distribute and/or modify this document under the terms of the GNU Free Documentation License, Version 1.2 or any later version ;published by the Free Software Foundation, with no Invariant Sections, no Front-Cover Texts, and no Back- Cover Texts. A copy || tributors listed before the License Statement by bci1 and Bci2: Permission is granted to copy, distribute and/or modify this document under the terms of the GNU Free Documentation License, Version 1.2 or any later version ;published by the Free Software Foundation, with no Invariant Sections, no Front-Cover Texts, and no Back- Cover Texts. A copy of the license is included in the section entitled ""GNU Free Documentation License"". Edited by Bci2, with all contributors listed before the License st || ion License, Version 1.2 or any later version ;published by the Free Software Foundation, with no Invariant Sections, no Front-Cover Texts, and no Back- Cover Texts. A copy of the license is included in the section entitled ""GNU Free Documentation License"". Edited by Bci2, with all contributors listed before the License statement. Download: QuantGravSusy.pdf Links: Physics Classification : 00. (GENERAL) 02. (Mathematical methods in physics) 03. (Quantum mechanics, field theories, and special rel ||  Software Foundation, with no Invariant Sections, no Front-Cover Texts, and no Back- Cover Texts. A copy of the license is included in the section entitled ""GNU Free Documentation License"". Edited by Bci2, with all contributors listed before the License statement. Download: QuantGravSusy.pdf Links: Physics Classification : 00. (GENERAL) 02. (Mathematical methods in physics) 03. (Quantum mechanics, field theories, and special relativity ) 03.65.Fd (Algebraic methods )",https://aux.physicslibrary.org/files/books/308/QuantGravSusy.pdf,3913
309,"Algebraic Topology, Quantum Physics, Category Theory and Higher Dimensional Algebra | Physics Library",https://physicslibrary.org/?op=getobj;from=books;id=309,CC,high,Explicit Creative Commons marker on book page,":Bci2/Books/AlgebraicTopologyv1#Algebraic_Topology.2C_Category_Theory_and_Higher_Dimensional_Algebra-Results_and_Applications_to_Quantum_Physics Rights: open access: GNU License / Creative Commons Attribution-Share Alike 3.0 http://en.wikipedia.org/wiki/User:Bci2/Books/AlgebraicTopologyv1#Algebraic_Topology.2C_Category_Theory_and_Higher_Dimensional_Algebra-Results_and_Applications_to_Quantum_Physics http://en.wikipedia.org/w/index.php?title=Special:Book/download/&collection_id=6e829d124c5461d2&w ||  Bci2- with several contributors listed before the License Statement by bci1 and Bci2: Permission is granted to copy, distribute and/or modify this document under the terms of the GNU Free Documentation License, Version 1.2 or any later version ;published by the Free Software Foundation, with no Invariant Sections, no Front-Cover Texts, and no Back- Cover Texts. A copy of the license is included in the section entitled ""GNU Free Documentation License"". Edited by Bci2, with all contributors liste ||  ;published by the Free Software Foundation, with no Invariant Sections, no Front-Cover Texts, and no Back- Cover Texts. A copy of the license is included in the section entitled ""GNU Free Documentation License"". Edited by Bci2, with all contributors listed before the License statement. Download: AlgebraicTopol_687p2k9s10.pdf Links: Physics Classification : 00. (GENERAL) 02. (Mathematical methods in physics) 03. (Quantum mechanics, field theories, and special relativity ) 03.65.Fd (Algebraic met || ns_to_Quantum_Physics http://en.wikipedia.org/w/index.php?title=Special:Book/download/&collection_id=6e829d124c5461d2&writer=rl&return_to=User%3ABci2%2FBooks%2FAlgebraicTopologyv1 Copyright@2009 Bci2 and bci1, Edited and originated by Bci2- with several contributors listed before the License Statement by bci1 and Bci2: Permission is granted to copy, distribute and/or modify this document under the terms of the GNU Free Documentation License, Version 1.2 or any later version ;published by the Fre || r%3ABci2%2FBooks%2FAlgebraicTopologyv1 Copyright@2009 Bci2 and bci1, Edited and originated by Bci2- with several contributors listed before the License Statement by bci1 and Bci2: Permission is granted to copy, distribute and/or modify this document under the terms of the GNU Free Documentation License, Version 1.2 or any later version ;published by the Free Software Foundation, with no Invariant Sections, no Front-Cover Texts, and no Back- Cover Texts. A copy of the license is included in the s || e Popescu 643 Nicolas Rashevsky 649 Robert Rosen 654 Jean- Pierre Serre 658 J. H. C. Whitehead 662 Edward Witten 665 References Article Sources and Contributors 668 Image Sources, Licenses and Contributors 677 Article Licenses License 680 http://en.wikipedia.org/wiki/User:Bci2/Books/AlgebraicTopologyv1#Algebraic_Topology.2C_Category_Theory_and_Higher_Dimensional_Algebra-Results_and_Applications_to_Quantum_Physics Rights: open access: GNU License / Creative Commons Attribution-Share Alike 3.0 htt || bert Rosen 654 Jean- Pierre Serre 658 J. H. C. Whitehead 662 Edward Witten 665 References Article Sources and Contributors 668 Image Sources, Licenses and Contributors 677 Article Licenses License 680 http://en.wikipedia.org/wiki/User:Bci2/Books/AlgebraicTopologyv1#Algebraic_Topology.2C_Category_Theory_and_Higher_Dimensional_Algebra-Results_and_Applications_to_Quantum_Physics Rights: open access: GNU License / Creative Commons Attribution-Share Alike 3.0 http://en.wikipedia.org/wiki/User:Bci2/Bo || n 654 Jean- Pierre Serre 658 J. H. C. Whitehead 662 Edward Witten 665 References Article Sources and Contributors 668 Image Sources, Licenses and Contributors 677 Article Licenses License 680 http://en.wikipedia.org/wiki/User:Bci2/Books/AlgebraicTopologyv1#Algebraic_Topology.2C_Category_Theory_and_Higher_Dimensional_Algebra-Results_and_Applications_to_Quantum_Physics Rights: open access: GNU License / Creative Commons Attribution-Share Alike 3.0 http://en.wikipedia.org/wiki/User:Bci2/Books/Algeb || /wiki/User:Bci2/Books/AlgebraicTopologyv1#Algebraic_Topology.2C_Category_Theory_and_Higher_Dimensional_Algebra-Results_and_Applications_to_Quantum_Physics Rights: open access: GNU License / Creative Commons Attribution-Share Alike 3.0 http://en.wikipedia.org/wiki/User:Bci2/Books/AlgebraicTopologyv1#Algebraic_Topology.2C_Category_Theory_and_Higher_Dimensional_Algebra-Results_and_Applications_to_Quantum_Physics http://en.wikipedia.org/w/index.php?title=Special:Book/download/&collection_id=6e829d12 || 9d124c5461d2&writer=rl&return_to=User%3ABci2%2FBooks%2FAlgebraicTopologyv1 Copyright@2009 Bci2 and bci1, Edited and originated by Bci2- with several contributors listed before the License Statement by bci1 and Bci2: Permission is granted to copy, distribute and/or modify this document under the terms of the GNU Free Documentation License, Version 1.2 or any later version ;published by the Free Software Foundation, with no Invariant Sections, no Front-Cover Texts, and no Back- Cover Texts. A copy",https://aux.physicslibrary.org/files/books/309/AlgebraicTopol_687p2k9s10.pdf,6703
310,Notable Algebraic Topologists and Theorems | Physics Library,https://physicslibrary.org/?op=getobj;from=books;id=310,CC,high,Explicit Creative Commons marker on book page,"Mb PDF Abstract: A concise presentation of notable algebraic topologists' biographies, important algebraic topology theorems, and references/bibliography. Rights: Open access: GNU/Creative Commons Attribution-Share Alike 3.3. http://creativecommons.org/licenses/by-sa/3. 0/ http://en.wikipedia.org/wiki/User:Bci2/Subpage/BooksNotable Copyright@2009 Bci2 and bci1, Edited and originated by Bci2- with several contributors listed before the License Statement by bci1 and Bci2: Permission is granted to  ||  Bci2- with several contributors listed before the License Statement by bci1 and Bci2: Permission is granted to copy, distribute and/or modify this document under the terms of the GNU Free Documentation License, Version 1.2 or any later version ;published by the Free Software Foundation, with no Invariant Sections, no Front-Cover Texts, and no Back- Cover Texts. A copy of the license is included in the section entitled ""GNU Free Documentation License"". Edited by Bci2, with all contributors liste ||  ;published by the Free Software Foundation, with no Invariant Sections, no Front-Cover Texts, and no Back- Cover Texts. A copy of the license is included in the section entitled ""GNU Free Documentation License"". Edited by Bci2, with all contributors listed before the License statement. Download: AlgTopolNotables252pV3.pdf Links: Physics Classification : 00. (GENERAL) 02. (Mathematical methods in physics) ||  Rights: Open access: GNU/Creative Commons Attribution-Share Alike 3.3. http://creativecommons.org/licenses/by-sa/3. 0/ http://en.wikipedia.org/wiki/User:Bci2/Subpage/BooksNotable Copyright@2009 Bci2 and bci1, Edited and originated by Bci2- with several contributors listed before the License Statement by bci1 and Bci2: Permission is granted to copy, distribute and/or modify this document under the terms of the GNU Free Documentation License, Version 1.2 or any later version ;published by the Fre || rg/wiki/User:Bci2/Subpage/BooksNotable Copyright@2009 Bci2 and bci1, Edited and originated by Bci2- with several contributors listed before the License Statement by bci1 and Bci2: Permission is granted to copy, distribute and/or modify this document under the terms of the GNU Free Documentation License, Version 1.2 or any later version ;published by the Free Software Foundation, with no Invariant Sections, no Front-Cover Texts, and no Back- Cover Texts. A copy of the license is included in the s ||  biographies, important algebraic topology theorems, and references/bibliography. Rights: Open access: GNU/Creative Commons Attribution-Share Alike 3.3. http://creativecommons.org/licenses/by-sa/3. 0/ http://en.wikipedia.org/wiki/User:Bci2/Subpage/BooksNotable Copyright@2009 Bci2 and bci1, Edited and originated by Bci2- with several contributors listed before the License Statement by bci1 and Bci2: Permission is granted to copy, distribute and/or modify this document under the terms of the GNU F || es/by-sa/3. 0/ http://en.wikipedia.org/wiki/User:Bci2/Subpage/BooksNotable Copyright@2009 Bci2 and bci1, Edited and originated by Bci2- with several contributors listed before the License Statement by bci1 and Bci2: Permission is granted to copy, distribute and/or modify this document under the terms of the GNU Free Documentation License, Version 1.2 or any later version ;published by the Free Software Foundation, with no Invariant Sections, no Front-Cover Texts, and no Back- Cover Texts. A copy || tributors listed before the License Statement by bci1 and Bci2: Permission is granted to copy, distribute and/or modify this document under the terms of the GNU Free Documentation License, Version 1.2 or any later version ;published by the Free Software Foundation, with no Invariant Sections, no Front-Cover Texts, and no Back- Cover Texts. A copy of the license is included in the section entitled ""GNU Free Documentation License"". Edited by Bci2, with all contributors listed before the License st || ion License, Version 1.2 or any later version ;published by the Free Software Foundation, with no Invariant Sections, no Front-Cover Texts, and no Back- Cover Texts. A copy of the license is included in the section entitled ""GNU Free Documentation License"". Edited by Bci2, with all contributors listed before the License statement. Download: AlgTopolNotables252pV3.pdf Links: Physics Classification : 00. (GENERAL) 02. (Mathematical methods in physics) ||  Software Foundation, with no Invariant Sections, no Front-Cover Texts, and no Back- Cover Texts. A copy of the license is included in the section entitled ""GNU Free Documentation License"". Edited by Bci2, with all contributors listed before the License statement. Download: AlgTopolNotables252pV3.pdf Links: Physics Classification : 00. (GENERAL) 02. (Mathematical methods in physics)",https://aux.physicslibrary.org/files/books/310/AlgTopolNotables252pV3.pdf,1959
311,Symbolic Dynamics and Dynamical System Models | Physics Library,https://physicslibrary.org/?op=getobj;from=books;id=311,CC,high,Explicit Creative Commons marker on book page," Concludes with biographies of the major authors that contributed to these relatd fields, as well as a list of wiki contributors and licensing statements. Rights: Open access: GNU/Creative Commons Attribution-Share Alike 3.0 Unported http://creativecommons.org/licenses/by-sa/3.0/ Copyright@2009 Bci2 and bci1, Edited and originated by Bci2- with several contributors listed before the License Statement by bci1 and Bci2: Permission is granted to copy, distribute and/or modify this document under th ||  Bci2- with several contributors listed before the License Statement by bci1 and Bci2: Permission is granted to copy, distribute and/or modify this document under the terms of the GNU Free Documentation License, Version 1.2 or any later version ;published by the Free Software Foundation, with no Invariant Sections, no Front-Cover Texts, and no Back- Cover Texts. A copy of the license is included in the section entitled ""GNU Free Documentation License"". Edited by Bci2, with all contributors liste ||  ;published by the Free Software Foundation, with no Invariant Sections, no Front-Cover Texts, and no Back- Cover Texts. A copy of the license is included in the section entitled ""GNU Free Documentation License"". Edited by Bci2, with all contributors listed before the License statement. Download: SymbolicDynModelsV2_5Mbp148.pdf Links: Physics Classification : 00. (GENERAL) 02. (Mathematical methods in physics) || a list of wiki contributors and licensing statements. Rights: Open access: GNU/Creative Commons Attribution-Share Alike 3.0 Unported http://creativecommons.org/licenses/by-sa/3.0/ Copyright@2009 Bci2 and bci1, Edited and originated by Bci2- with several contributors listed before the License Statement by bci1 and Bci2: Permission is granted to copy, distribute and/or modify this document under the terms of the GNU Free Documentation License, Version 1.2 or any later version ;published by the Fre || reativecommons.org/licenses/by-sa/3.0/ Copyright@2009 Bci2 and bci1, Edited and originated by Bci2- with several contributors listed before the License Statement by bci1 and Bci2: Permission is granted to copy, distribute and/or modify this document under the terms of the GNU Free Documentation License, Version 1.2 or any later version ;published by the Free Software Foundation, with no Invariant Sections, no Front-Cover Texts, and no Back- Cover Texts. A copy of the license is included in the s ||  fields, as well as a list of wiki contributors and licensing statements. Rights: Open access: GNU/Creative Commons Attribution-Share Alike 3.0 Unported http://creativecommons.org/licenses/by-sa/3.0/ Copyright@2009 Bci2 and bci1, Edited and originated by Bci2- with several contributors listed before the License Statement by bci1 and Bci2: Permission is granted to copy, distribute and/or modify this document under the terms of the GNU Free Documentation License, Version 1.2 or any later version ; || on-Share Alike 3.0 Unported http://creativecommons.org/licenses/by-sa/3.0/ Copyright@2009 Bci2 and bci1, Edited and originated by Bci2- with several contributors listed before the License Statement by bci1 and Bci2: Permission is granted to copy, distribute and/or modify this document under the terms of the GNU Free Documentation License, Version 1.2 or any later version ;published by the Free Software Foundation, with no Invariant Sections, no Front-Cover Texts, and no Back- Cover Texts. A copy || tributors listed before the License Statement by bci1 and Bci2: Permission is granted to copy, distribute and/or modify this document under the terms of the GNU Free Documentation License, Version 1.2 or any later version ;published by the Free Software Foundation, with no Invariant Sections, no Front-Cover Texts, and no Back- Cover Texts. A copy of the license is included in the section entitled ""GNU Free Documentation License"". Edited by Bci2, with all contributors listed before the License st || ion License, Version 1.2 or any later version ;published by the Free Software Foundation, with no Invariant Sections, no Front-Cover Texts, and no Back- Cover Texts. A copy of the license is included in the section entitled ""GNU Free Documentation License"". Edited by Bci2, with all contributors listed before the License statement. Download: SymbolicDynModelsV2_5Mbp148.pdf Links: Physics Classification : 00. (GENERAL) 02. (Mathematical methods in physics) ||  Software Foundation, with no Invariant Sections, no Front-Cover Texts, and no Back- Cover Texts. A copy of the license is included in the section entitled ""GNU Free Documentation License"". Edited by Bci2, with all contributors listed before the License statement. Download: SymbolicDynModelsV2_5Mbp148.pdf Links: Physics Classification : 00. (GENERAL) 02. (Mathematical methods in physics)",https://aux.physicslibrary.org/files/books/311/SymbolicDynModelsV2_5Mbp148.pdf,2116
312,Spectroscopic Techniques: Principles and Applications | Physics Library,https://physicslibrary.org/?op=getobj;from=books;id=312,CC,high,Explicit Creative Commons marker on book page,"of spectroscopy, instruments, techniques, methodology and applications. A wide range of spectroscopic techniques at an introductory to intermediate level. Rights: Open Access: GNU/Creative Commons Attribution-Share Alike 3.0 Unported http://creativecommons.org/licenses/by-sa/3.0/ Copyright@2009 and 2010 Bci2 and bci1, Edited and originated by Bci2- with several contributors listed before the License Statement by bci1 and Bci2: Permission is granted to copy, distribute and/or modify this document ||  Bci2- with several contributors listed before the License Statement by bci1 and Bci2: Permission is granted to copy, distribute and/or modify this document under the terms of the GNU Free Documentation License, Version 1.2 or any later version ;published by the Free Software Foundation, with no Invariant Sections, no Front-Cover Texts, and no Back- Cover Texts. A copy of the license is included in the section entitled ""GNU Free Documentation License"". Edited by Bci2, with all contributors liste ||  ;published by the Free Software Foundation, with no Invariant Sections, no Front-Cover Texts, and no Back- Cover Texts. A copy of the license is included in the section entitled ""GNU Free Documentation License"". Edited by Bci2, with all contributors listed before the License statement. Download: SpectroscopyB.pdf Links: Physics Classification : 00. (GENERAL) 02. (Mathematical methods in physics) ||  techniques at an introductory to intermediate level. Rights: Open Access: GNU/Creative Commons Attribution-Share Alike 3.0 Unported http://creativecommons.org/licenses/by-sa/3.0/ Copyright@2009 and 2010 Bci2 and bci1, Edited and originated by Bci2- with several contributors listed before the License Statement by bci1 and Bci2: Permission is granted to copy, distribute and/or modify this document under the terms of the GNU Free Documentation License, Version 1.2 or any later version ;published b || mmons.org/licenses/by-sa/3.0/ Copyright@2009 and 2010 Bci2 and bci1, Edited and originated by Bci2- with several contributors listed before the License Statement by bci1 and Bci2: Permission is granted to copy, distribute and/or modify this document under the terms of the GNU Free Documentation License, Version 1.2 or any later version ;published by the Free Software Foundation, with no Invariant Sections, no Front-Cover Texts, and no Back- Cover Texts. A copy of the license is included in the s || nge of spectroscopic techniques at an introductory to intermediate level. Rights: Open Access: GNU/Creative Commons Attribution-Share Alike 3.0 Unported http://creativecommons.org/licenses/by-sa/3.0/ Copyright@2009 and 2010 Bci2 and bci1, Edited and originated by Bci2- with several contributors listed before the License Statement by bci1 and Bci2: Permission is granted to copy, distribute and/or modify this document under the terms of the GNU Free Documentation License, Version 1.2 or any later  || Alike 3.0 Unported http://creativecommons.org/licenses/by-sa/3.0/ Copyright@2009 and 2010 Bci2 and bci1, Edited and originated by Bci2- with several contributors listed before the License Statement by bci1 and Bci2: Permission is granted to copy, distribute and/or modify this document under the terms of the GNU Free Documentation License, Version 1.2 or any later version ;published by the Free Software Foundation, with no Invariant Sections, no Front-Cover Texts, and no Back- Cover Texts. A copy || tributors listed before the License Statement by bci1 and Bci2: Permission is granted to copy, distribute and/or modify this document under the terms of the GNU Free Documentation License, Version 1.2 or any later version ;published by the Free Software Foundation, with no Invariant Sections, no Front-Cover Texts, and no Back- Cover Texts. A copy of the license is included in the section entitled ""GNU Free Documentation License"". Edited by Bci2, with all contributors listed before the License st || ion License, Version 1.2 or any later version ;published by the Free Software Foundation, with no Invariant Sections, no Front-Cover Texts, and no Back- Cover Texts. A copy of the license is included in the section entitled ""GNU Free Documentation License"". Edited by Bci2, with all contributors listed before the License statement. Download: SpectroscopyB.pdf Links: Physics Classification : 00. (GENERAL) 02. (Mathematical methods in physics) ||  Software Foundation, with no Invariant Sections, no Front-Cover Texts, and no Back- Cover Texts. A copy of the license is included in the section entitled ""GNU Free Documentation License"". Edited by Bci2, with all contributors listed before the License statement. Download: SpectroscopyB.pdf Links: Physics Classification : 00. (GENERAL) 02. (Mathematical methods in physics)",https://aux.physicslibrary.org/files/books/312/SpectroscopyB.pdf,2041
313,Physical Interactions of Humans with Primates: Relevance to Primate Evolution | Physics Library,https://physicslibrary.org/?op=getobj;from=books;id=313,GFDL,medium,Book-local GFDL/GNU licensing language detected," Bci2- with several contributors listed before the License Statement by bci1 and Bci2: Permission is granted to copy, distribute and/or modify this document under the terms of the GNU Free Documentation License, Version 1.2 or any later version ;published by the Free Software Foundation, with no Invariant Sections, no Front-Cover Texts, and no Back- Cover Texts. A copy of the license is included in the section entitled ""GNU Free Documentation License"". Edited by Bci2, with all contributors liste ||  ;published by the Free Software Foundation, with no Invariant Sections, no Front-Cover Texts, and no Back- Cover Texts. A copy of the license is included in the section entitled ""GNU Free Documentation License"". Edited by Bci2, with all contributors listed before the License statement. Download: PhysicalIntsPrimates.pdf Links: Physics Classification : 00. (GENERAL) || e evolution leading to man. Also, the protection of gorillas and chimpanzees to prevent their extinction. Rights: Open access: GNU/Common access license as stated in uploaded PDF. Copyright@2009 Bci2 and bci1, Edited and originated by Bci2- with several contributors listed before the License Statement by bci1 and Bci2: Permission is granted to copy, distribute and/or modify this document under the terms of the GNU Free Documentation License, Version 1.2 or any later version ;published by the Fre || ess license as stated in uploaded PDF. Copyright@2009 Bci2 and bci1, Edited and originated by Bci2- with several contributors listed before the License Statement by bci1 and Bci2: Permission is granted to copy, distribute and/or modify this document under the terms of the GNU Free Documentation License, Version 1.2 or any later version ;published by the Free Software Foundation, with no Invariant Sections, no Front-Cover Texts, and no Back- Cover Texts. A copy of the license is included in the s || Africa. A concise outline of primate evolution leading to man. Also, the protection of gorillas and chimpanzees to prevent their extinction. Rights: Open access: GNU/Common access license as stated in uploaded PDF. Copyright@2009 Bci2 and bci1, Edited and originated by Bci2- with several contributors listed before the License Statement by bci1 and Bci2: Permission is granted to copy, distribute and/or modify this document under the terms of the GNU Free Documentation License, Version 1.2 or any  ||  Rights: Open access: GNU/Common access license as stated in uploaded PDF. Copyright@2009 Bci2 and bci1, Edited and originated by Bci2- with several contributors listed before the License Statement by bci1 and Bci2: Permission is granted to copy, distribute and/or modify this document under the terms of the GNU Free Documentation License, Version 1.2 or any later version ;published by the Free Software Foundation, with no Invariant Sections, no Front-Cover Texts, and no Back- Cover Texts. A copy || tributors listed before the License Statement by bci1 and Bci2: Permission is granted to copy, distribute and/or modify this document under the terms of the GNU Free Documentation License, Version 1.2 or any later version ;published by the Free Software Foundation, with no Invariant Sections, no Front-Cover Texts, and no Back- Cover Texts. A copy of the license is included in the section entitled ""GNU Free Documentation License"". Edited by Bci2, with all contributors listed before the License st || ion License, Version 1.2 or any later version ;published by the Free Software Foundation, with no Invariant Sections, no Front-Cover Texts, and no Back- Cover Texts. A copy of the license is included in the section entitled ""GNU Free Documentation License"". Edited by Bci2, with all contributors listed before the License statement. Download: PhysicalIntsPrimates.pdf Links: Physics Classification : 00. (GENERAL) ||  Software Foundation, with no Invariant Sections, no Front-Cover Texts, and no Back- Cover Texts. A copy of the license is included in the section entitled ""GNU Free Documentation License"". Edited by Bci2, with all contributors listed before the License statement. Download: PhysicalIntsPrimates.pdf Links: Physics Classification : 00. (GENERAL) || exts, and no Back- Cover Texts. A copy of the license is included in the section entitled ""GNU Free Documentation License"". Edited by Bci2, with all contributors listed before the License statement. Download: PhysicalIntsPrimates.pdf Links: Physics Classification : 00. (GENERAL)",https://aux.physicslibrary.org/files/books/313/PhysicalIntsPrimates.pdf,2050
314,"Vibrational-Rotational Spectroscopy, Fluorescence and Chemical-Hyperspectral Imaging | Physics Library",https://physicslibrary.org/?op=getobj;from=books;id=314,GFDL,medium,Book-local GFDL/GNU licensing language detected," Bci2- with several contributors listed before the License Statement by bci1 and Bci2: Permission is granted to copy, distribute and/or modify this document under the terms of the GNU Free Documentation License, Version 1.2 or any later version ;published by the Free Software Foundation, with no Invariant Sections, no Front-Cover Texts, and no Back- Cover Texts. A copy of the license is included in the section entitled ""GNU Free Documentation License"". Edited by Bci2, with all contributors liste ||  ;published by the Free Software Foundation, with no Invariant Sections, no Front-Cover Texts, and no Back- Cover Texts. A copy of the license is included in the section entitled ""GNU Free Documentation License"". Edited by Bci2, with all contributors listed before the License statement. Download: VCRS101pMb8.pdf VRCScarsV2Mb8p5.pdf Links: Physics Classification : 00. (GENERAL) || luding chemical-hyperspectral imaging and fluorescence correlation spectroscopy/imaging. Rights: GNU/Common License Open access as stated in the License statement of the PDF file: Copyright@2010 bci1 and Bci2, Edited and originated by Bci2- with several contributors listed before the License Statement by bci1 and Bci2: Permission is granted to copy, distribute and/or modify this document under the terms of the GNU Free Documentation License, Version 1.2 or any later version ;published by the Fre || the License statement of the PDF file: Copyright@2010 bci1 and Bci2, Edited and originated by Bci2- with several contributors listed before the License Statement by bci1 and Bci2: Permission is granted to copy, distribute and/or modify this document under the terms of the GNU Free Documentation License, Version 1.2 or any later version ;published by the Free Software Foundation, with no Invariant Sections, no Front-Cover Texts, and no Back- Cover Texts. A copy of the license is included in the s || chniques, from microwaves to near infrared, UV, X-rays and neutrons, including chemical-hyperspectral imaging and fluorescence correlation spectroscopy/imaging. Rights: GNU/Common License Open access as stated in the License statement of the PDF file: Copyright@2010 bci1 and Bci2, Edited and originated by Bci2- with several contributors listed before the License Statement by bci1 and Bci2: Permission is granted to copy, distribute and/or modify this document under the terms of the GNU Free Docum || rared, UV, X-rays and neutrons, including chemical-hyperspectral imaging and fluorescence correlation spectroscopy/imaging. Rights: GNU/Common License Open access as stated in the License statement of the PDF file: Copyright@2010 bci1 and Bci2, Edited and originated by Bci2- with several contributors listed before the License Statement by bci1 and Bci2: Permission is granted to copy, distribute and/or modify this document under the terms of the GNU Free Documentation License, Version 1.2 or any  || on License Open access as stated in the License statement of the PDF file: Copyright@2010 bci1 and Bci2, Edited and originated by Bci2- with several contributors listed before the License Statement by bci1 and Bci2: Permission is granted to copy, distribute and/or modify this document under the terms of the GNU Free Documentation License, Version 1.2 or any later version ;published by the Free Software Foundation, with no Invariant Sections, no Front-Cover Texts, and no Back- Cover Texts. A copy || tributors listed before the License Statement by bci1 and Bci2: Permission is granted to copy, distribute and/or modify this document under the terms of the GNU Free Documentation License, Version 1.2 or any later version ;published by the Free Software Foundation, with no Invariant Sections, no Front-Cover Texts, and no Back- Cover Texts. A copy of the license is included in the section entitled ""GNU Free Documentation License"". Edited by Bci2, with all contributors listed before the License st || ion License, Version 1.2 or any later version ;published by the Free Software Foundation, with no Invariant Sections, no Front-Cover Texts, and no Back- Cover Texts. A copy of the license is included in the section entitled ""GNU Free Documentation License"". Edited by Bci2, with all contributors listed before the License statement. Download: VCRS101pMb8.pdf VRCScarsV2Mb8p5.pdf Links: Physics Classification : 00. (GENERAL) ||  Software Foundation, with no Invariant Sections, no Front-Cover Texts, and no Back- Cover Texts. A copy of the license is included in the section entitled ""GNU Free Documentation License"". Edited by Bci2, with all contributors listed before the License statement. Download: VCRS101pMb8.pdf VRCScarsV2Mb8p5.pdf Links: Physics Classification : 00. (GENERAL)",https://aux.physicslibrary.org/files/books/314/VCRS101pMb8.pdf | https://aux.physicslibrary.org/files/books/314/VRCScarsV2Mb8p5.pdf,2035
315,Hyperspectral and Chemical Imaging: Micro- and Nano- spectroscopy | Physics Library,https://physicslibrary.org/?op=getobj;from=books;id=315,questionable/manual review,low,No explicit reusable-license or public-domain evidence on catalog page,"l imaging to fluorescence imaging, Raman imaging, and confocal imaging to X-ray imaging, principles, techniques and applications are emphasized. Rights: Open access: Common Access License statement included in the book Download: HyperspChemImagingBuk137p7Mb.pdf Links: Physics Classification : 00. (GENERAL) 63. (Lattice dynamics ) 63.22.+m (Phonons or vibrational states in low-dimensional structures and nanoscale materials) 63.50.+x (Vibrational states in disordered systems)",https://aux.physicslibrary.org/files/books/315/HyperspChemImagingBuk137p7Mb.pdf,1680
316,Spectroscopy | Physics Library,https://physicslibrary.org/?op=getobj;from=books;id=316,questionable/manual review,low,No explicit reusable-license or public-domain evidence on catalog page," by: vip6 Comments: 100 pages, Free 7Mb PDF downloads, 2009 Abstract: Fundamentals of spectroscopy with applications. Rights: Common Access License, stated at the end of the book, Copyright@2009 by V. I. Prisecaru et al., contributors. Download: Spectroscopy93p.pdf Links: Physics Classification : 00. (GENERAL) 63. (Lattice dynamics ) 63.22.+m (Phonons or vibrational states in low-dimensional structures and nanoscale materials) 63.50.+x (Vibrational states in disordered systems) || py Authors: vip6 et al. editors Uploaded by: vip6 Comments: 100 pages, Free 7Mb PDF downloads, 2009 Abstract: Fundamentals of spectroscopy with applications. Rights: Common Access License, stated at the end of the book, Copyright@2009 by V. I. Prisecaru et al., contributors. Download: Spectroscopy93p.pdf Links: Physics Classification : 00. (GENERAL) 63. (Lattice dynamics ) 63.22.+m (Phonons or vibrational states in low-dimensional structures and nanoscale materials) 63.50.+x (Vibrational states ",https://aux.physicslibrary.org/files/books/316/Spectroscopy93p.pdf,1232
317,Basic Relativity Textbook | Physics Library,https://physicslibrary.org/?op=getobj;from=books;id=317,GFDL,medium,Book-local GFDL/GNU licensing language detected," Bci2- with several contributors listed before the License Statement by bci1 and Bci2: Permission is granted to copy, distribute and/or modify this document under the terms of the GNU Free Documentation License, Version 1.2 or any later version ;published by the Free Software Foundation, with no Invariant Sections, no Front-Cover Texts, and no Back- Cover Texts. A copy of the license is included in the section entitled ""GNU Free Documentation License"". Edited by Bci2, with all contributors liste ||  ;published by the Free Software Foundation, with no Invariant Sections, no Front-Cover Texts, and no Back- Cover Texts. A copy of the license is included in the section entitled ""GNU Free Documentation License"". Edited by Bci2, with all contributors listed before the License statement. Download: BasicRelativityTheory.pdf E-Relativity Links: Physics Classification : 00. (GENERAL) || January 27 2010 Abstract: A basic textbook of relativity theories. Rights: GNU/Commmon License as stated on the last page http://en.wikipedia.org/wiki/User:Bci2/Books/E-Relativity Copyright@2010 bci1 and Bci2, Edited and originated by Bci2- with several contributors listed before the License Statement by bci1 and Bci2: Permission is granted to copy, distribute and/or modify this document under the terms of the GNU Free Documentation License, Version 1.2 or any later version ;published by the Fre || .org/wiki/User:Bci2/Books/E-Relativity Copyright@2010 bci1 and Bci2, Edited and originated by Bci2- with several contributors listed before the License Statement by bci1 and Bci2: Permission is granted to copy, distribute and/or modify this document under the terms of the GNU Free Documentation License, Version 1.2 or any later version ;published by the Free Software Foundation, with no Invariant Sections, no Front-Cover Texts, and no Back- Cover Texts. A copy of the license is included in the s || tbook Authors: Contributed book, edited by bci1 Uploaded by: bci1 Comments: 318 pages, 19Mb, January 27 2010 Abstract: A basic textbook of relativity theories. Rights: GNU/Commmon License as stated on the last page http://en.wikipedia.org/wiki/User:Bci2/Books/E-Relativity Copyright@2010 bci1 and Bci2, Edited and originated by Bci2- with several contributors listed before the License Statement by bci1 and Bci2: Permission is granted to copy, distribute and/or modify this document under the terms  || on the last page http://en.wikipedia.org/wiki/User:Bci2/Books/E-Relativity Copyright@2010 bci1 and Bci2, Edited and originated by Bci2- with several contributors listed before the License Statement by bci1 and Bci2: Permission is granted to copy, distribute and/or modify this document under the terms of the GNU Free Documentation License, Version 1.2 or any later version ;published by the Free Software Foundation, with no Invariant Sections, no Front-Cover Texts, and no Back- Cover Texts. A copy || tributors listed before the License Statement by bci1 and Bci2: Permission is granted to copy, distribute and/or modify this document under the terms of the GNU Free Documentation License, Version 1.2 or any later version ;published by the Free Software Foundation, with no Invariant Sections, no Front-Cover Texts, and no Back- Cover Texts. A copy of the license is included in the section entitled ""GNU Free Documentation License"". Edited by Bci2, with all contributors listed before the License st || ion License, Version 1.2 or any later version ;published by the Free Software Foundation, with no Invariant Sections, no Front-Cover Texts, and no Back- Cover Texts. A copy of the license is included in the section entitled ""GNU Free Documentation License"". Edited by Bci2, with all contributors listed before the License statement. Download: BasicRelativityTheory.pdf E-Relativity Links: Physics Classification : 00. (GENERAL) ||  Software Foundation, with no Invariant Sections, no Front-Cover Texts, and no Back- Cover Texts. A copy of the license is included in the section entitled ""GNU Free Documentation License"". Edited by Bci2, with all contributors listed before the License statement. Download: BasicRelativityTheory.pdf E-Relativity Links: Physics Classification : 00. (GENERAL) || exts, and no Back- Cover Texts. A copy of the license is included in the section entitled ""GNU Free Documentation License"". Edited by Bci2, with all contributors listed before the License statement. Download: BasicRelativityTheory.pdf E-Relativity Links: Physics Classification : 00. (GENERAL)",https://aux.physicslibrary.org/files/books/317/BasicRelativityTheory.pdf,1699
318,Higher Dimensional Algebra | Physics Library,https://physicslibrary.org/?op=getobj;from=books;id=318,GFDL,medium,Book-local GFDL/GNU licensing language detected," Bci2- with several contributors listed before the License Statement by bci1 and Bci2: Permission is granted to copy, distribute and/or modify this document under the terms of the GNU Free Documentation License, Version 1.2 or any later version ;published by the Free Software Foundation, with no Invariant Sections, no Front-Cover Texts, and no Back- Cover Texts. A copy of the license is included in the section entitled ""GNU Free Documentation License"". Edited by Bci2, with all contributors liste ||  ;published by the Free Software Foundation, with no Invariant Sections, no Front-Cover Texts, and no Back- Cover Texts. A copy of the license is included in the section entitled ""GNU Free Documentation License"". Edited by Bci2, with all contributors listed before the License statement. Download: HDAp42k10.pdf Higher_Dimensional_Algebra Links: Physics Classification : 00. (GENERAL) 02.40.Re (Algebraic topology) 02.40.Gh (Noncommutative geometry) 02.40.-kxx (Geometry, differential geometry, and t || ook, edited by bci1 Uploaded by: bci1 Comments: 42 pages, 1Mb, January 27, 2010, version 1 (v.01) Abstract: Fundamental concepts of higher dimensional algebra. Rights: GNU license Copyright@2010 by bci1 http://en.wikipedia.org/wiki/User:Bci2/Books/Higher_Dimensional_Algebra Copyright@2010 bci1 and Bci2, Edited and originated by Bci2- with several contributors listed before the License Statement by bci1 and Bci2: Permission is granted to copy, distribute and/or modify this document under the term || 1) Abstract: Fundamental concepts of higher dimensional algebra. Rights: GNU license Copyright@2010 by bci1 http://en.wikipedia.org/wiki/User:Bci2/Books/Higher_Dimensional_Algebra Copyright@2010 bci1 and Bci2, Edited and originated by Bci2- with several contributors listed before the License Statement by bci1 and Bci2: Permission is granted to copy, distribute and/or modify this document under the terms of the GNU Free Documentation License, Version 1.2 or any later version ;published by the Fre || :Bci2/Books/Higher_Dimensional_Algebra Copyright@2010 bci1 and Bci2, Edited and originated by Bci2- with several contributors listed before the License Statement by bci1 and Bci2: Permission is granted to copy, distribute and/or modify this document under the terms of the GNU Free Documentation License, Version 1.2 or any later version ;published by the Free Software Foundation, with no Invariant Sections, no Front-Cover Texts, and no Back- Cover Texts. A copy of the license is included in the s || ibuted book, edited by bci1 Uploaded by: bci1 Comments: 42 pages, 1Mb, January 27, 2010, version 1 (v.01) Abstract: Fundamental concepts of higher dimensional algebra. Rights: GNU license Copyright@2010 by bci1 http://en.wikipedia.org/wiki/User:Bci2/Books/Higher_Dimensional_Algebra Copyright@2010 bci1 and Bci2, Edited and originated by Bci2- with several contributors listed before the License Statement by bci1 and Bci2: Permission is granted to copy, distribute and/or modify this document under  || i1 http://en.wikipedia.org/wiki/User:Bci2/Books/Higher_Dimensional_Algebra Copyright@2010 bci1 and Bci2, Edited and originated by Bci2- with several contributors listed before the License Statement by bci1 and Bci2: Permission is granted to copy, distribute and/or modify this document under the terms of the GNU Free Documentation License, Version 1.2 or any later version ;published by the Free Software Foundation, with no Invariant Sections, no Front-Cover Texts, and no Back- Cover Texts. A copy || tributors listed before the License Statement by bci1 and Bci2: Permission is granted to copy, distribute and/or modify this document under the terms of the GNU Free Documentation License, Version 1.2 or any later version ;published by the Free Software Foundation, with no Invariant Sections, no Front-Cover Texts, and no Back- Cover Texts. A copy of the license is included in the section entitled ""GNU Free Documentation License"". Edited by Bci2, with all contributors listed before the License st || ion License, Version 1.2 or any later version ;published by the Free Software Foundation, with no Invariant Sections, no Front-Cover Texts, and no Back- Cover Texts. A copy of the license is included in the section entitled ""GNU Free Documentation License"". Edited by Bci2, with all contributors listed before the License statement. Download: HDAp42k10.pdf Higher_Dimensional_Algebra Links: Physics Classification : 00. (GENERAL) 02.40.Re (Algebraic topology) 02.40.Gh (Noncommutative geometry) 02.40 ||  Software Foundation, with no Invariant Sections, no Front-Cover Texts, and no Back- Cover Texts. A copy of the license is included in the section entitled ""GNU Free Documentation License"". Edited by Bci2, with all contributors listed before the License statement. Download: HDAp42k10.pdf Higher_Dimensional_Algebra Links: Physics Classification : 00. (GENERAL) 02.40.Re (Algebraic topology) 02.40.Gh (Noncommutative geometry) 02.40.-kxx (Geometry, differential geometry, and topology )",https://aux.physicslibrary.org/files/books/318/HDAp42k10.pdf,1859
319,Higher Dimensional Algebra v. 2 | Physics Library,https://physicslibrary.org/?op=getobj;from=books;id=319,CC,high,Explicit Creative Commons marker on book page,"ci1 Uploaded by: bci1 Comments: 111p, 3Mb, January 27, 2010, version 2, vol.2 Abstract: Algebraic topology concepts, Higher Dimensional Algebra and Higher Category Theory. Rights: Creative Commons Attribution/Share-Alike License 3.0 GNU License Copyright@2010 bci1 and Bci2, Edited and originated by Bci2- with several contributors listed before the License Statement by bci1 and Bci2: Permission is granted to copy, distribute and/or modify this document under the terms of the GNU Free Documentatio ||  Bci2- with several contributors listed before the License Statement by bci1 and Bci2: Permission is granted to copy, distribute and/or modify this document under the terms of the GNU Free Documentation License, Version 1.2 or any later version ;published by the Free Software Foundation, with no Invariant Sections, no Front-Cover Texts, and no Back- Cover Texts. A copy of the license is included in the section entitled ""GNU Free Documentation License"". Edited by Bci2, with all contributors liste ||  ;published by the Free Software Foundation, with no Invariant Sections, no Front-Cover Texts, and no Back- Cover Texts. A copy of the license is included in the section entitled ""GNU Free Documentation License"". Edited by Bci2, with all contributors listed before the License statement. Download: HDAv2p11Mb3.pdf Links: Physics Classification : 00. (GENERAL) 02. (Mathematical methods in physics) 03. (Quantum mechanics, field theories, and special relativity ) 03.65.Fd (Algebraic methods ) || ion 2, vol.2 Abstract: Algebraic topology concepts, Higher Dimensional Algebra and Higher Category Theory. Rights: Creative Commons Attribution/Share-Alike License 3.0 GNU License Copyright@2010 bci1 and Bci2, Edited and originated by Bci2- with several contributors listed before the License Statement by bci1 and Bci2: Permission is granted to copy, distribute and/or modify this document under the terms of the GNU Free Documentation License, Version 1.2 or any later version ;published by the Fre || on/Share-Alike License 3.0 GNU License Copyright@2010 bci1 and Bci2, Edited and originated by Bci2- with several contributors listed before the License Statement by bci1 and Bci2: Permission is granted to copy, distribute and/or modify this document under the terms of the GNU Free Documentation License, Version 1.2 or any later version ;published by the Free Software Foundation, with no Invariant Sections, no Front-Cover Texts, and no Back- Cover Texts. A copy of the license is included in the s || , January 27, 2010, version 2, vol.2 Abstract: Algebraic topology concepts, Higher Dimensional Algebra and Higher Category Theory. Rights: Creative Commons Attribution/Share-Alike License 3.0 GNU License Copyright@2010 bci1 and Bci2, Edited and originated by Bci2- with several contributors listed before the License Statement by bci1 and Bci2: Permission is granted to copy, distribute and/or modify this document under the terms of the GNU Free Documentation License, Version 1.2 or any later versi || 10, version 2, vol.2 Abstract: Algebraic topology concepts, Higher Dimensional Algebra and Higher Category Theory. Rights: Creative Commons Attribution/Share-Alike License 3.0 GNU License Copyright@2010 bci1 and Bci2, Edited and originated by Bci2- with several contributors listed before the License Statement by bci1 and Bci2: Permission is granted to copy, distribute and/or modify this document under the terms of the GNU Free Documentation License, Version 1.2 or any later version ;published by || . Rights: Creative Commons Attribution/Share-Alike License 3.0 GNU License Copyright@2010 bci1 and Bci2, Edited and originated by Bci2- with several contributors listed before the License Statement by bci1 and Bci2: Permission is granted to copy, distribute and/or modify this document under the terms of the GNU Free Documentation License, Version 1.2 or any later version ;published by the Free Software Foundation, with no Invariant Sections, no Front-Cover Texts, and no Back- Cover Texts. A copy || tributors listed before the License Statement by bci1 and Bci2: Permission is granted to copy, distribute and/or modify this document under the terms of the GNU Free Documentation License, Version 1.2 or any later version ;published by the Free Software Foundation, with no Invariant Sections, no Front-Cover Texts, and no Back- Cover Texts. A copy of the license is included in the section entitled ""GNU Free Documentation License"". Edited by Bci2, with all contributors listed before the License st || ion License, Version 1.2 or any later version ;published by the Free Software Foundation, with no Invariant Sections, no Front-Cover Texts, and no Back- Cover Texts. A copy of the license is included in the section entitled ""GNU Free Documentation License"". Edited by Bci2, with all contributors listed before the License statement. Download: HDAv2p11Mb3.pdf Links: Physics Classification : 00. (GENERAL) 02. (Mathematical methods in physics) 03. (Quantum mechanics, field theories, and special relat",https://aux.physicslibrary.org/files/books/319/HDAv2p11Mb3.pdf,1843
320,Higher Dimensional Algebra v. 5 | Physics Library,https://physicslibrary.org/?op=getobj;from=books;id=320,GFDL,medium,Book-local GFDL/GNU licensing language detected," Bci2- with several contributors listed before the License Statement by bci1 and Bci2: Permission is granted to copy, distribute and/or modify this document under the terms of the GNU Free Documentation License, Version 1.2 or any later version ;published by the Free Software Foundation, with no Invariant Sections, no Front-Cover Texts, and no Back- Cover Texts. A copy of the license is included in the section entitled ""GNU Free Documentation License"". Edited by Bci2, with all contributors liste ||  ;published by the Free Software Foundation, with no Invariant Sections, no Front-Cover Texts, and no Back- Cover Texts. A copy of the license is included in the section entitled ""GNU Free Documentation License"". Edited by Bci2, with all contributors listed before the License statement. Download: HDA5 HDA5p218Mb5.pdf Links: Physics Classification : 00. (GENERAL) 02.40.Re (Algebraic topology) 02.40.Gh (Noncommutative geometry) 02.40.-kxx (Geometry, differential geometry, and topology ) || ntermediate to advanced level textbook on Algebraic Topology, Higher Dimensional Algebra and Higher Category Theory. Rights: GNUL http://en.wikipedia.org/wiki/User:Bci2/Books/HDA5 Copyright@2010 bci1 and Bci2, Edited and originated by Bci2- with several contributors listed before the License Statement by bci1 and Bci2: Permission is granted to copy, distribute and/or modify this document under the terms of the GNU Free Documentation License, Version 1.2 or any later version ;published by the Fre || ikipedia.org/wiki/User:Bci2/Books/HDA5 Copyright@2010 bci1 and Bci2, Edited and originated by Bci2- with several contributors listed before the License Statement by bci1 and Bci2: Permission is granted to copy, distribute and/or modify this document under the terms of the GNU Free Documentation License, Version 1.2 or any later version ;published by the Free Software Foundation, with no Invariant Sections, no Front-Cover Texts, and no Back- Cover Texts. A copy of the license is included in the s || ory Theory. Rights: GNUL http://en.wikipedia.org/wiki/User:Bci2/Books/HDA5 Copyright@2010 bci1 and Bci2, Edited and originated by Bci2- with several contributors listed before the License Statement by bci1 and Bci2: Permission is granted to copy, distribute and/or modify this document under the terms of the GNU Free Documentation License, Version 1.2 or any later version ;published by the Free Software Foundation, with no Invariant Sections, no Front-Cover Texts, and no Back- Cover Texts. A copy || tributors listed before the License Statement by bci1 and Bci2: Permission is granted to copy, distribute and/or modify this document under the terms of the GNU Free Documentation License, Version 1.2 or any later version ;published by the Free Software Foundation, with no Invariant Sections, no Front-Cover Texts, and no Back- Cover Texts. A copy of the license is included in the section entitled ""GNU Free Documentation License"". Edited by Bci2, with all contributors listed before the License st || ion License, Version 1.2 or any later version ;published by the Free Software Foundation, with no Invariant Sections, no Front-Cover Texts, and no Back- Cover Texts. A copy of the license is included in the section entitled ""GNU Free Documentation License"". Edited by Bci2, with all contributors listed before the License statement. Download: HDA5 HDA5p218Mb5.pdf Links: Physics Classification : 00. (GENERAL) 02.40.Re (Algebraic topology) 02.40.Gh (Noncommutative geometry) 02.40.-kxx (Geometry, dif ||  Software Foundation, with no Invariant Sections, no Front-Cover Texts, and no Back- Cover Texts. A copy of the license is included in the section entitled ""GNU Free Documentation License"". Edited by Bci2, with all contributors listed before the License statement. Download: HDA5 HDA5p218Mb5.pdf Links: Physics Classification : 00. (GENERAL) 02.40.Re (Algebraic topology) 02.40.Gh (Noncommutative geometry) 02.40.-kxx (Geometry, differential geometry, and topology ) || exts, and no Back- Cover Texts. A copy of the license is included in the section entitled ""GNU Free Documentation License"". Edited by Bci2, with all contributors listed before the License statement. Download: HDA5 HDA5p218Mb5.pdf Links: Physics Classification : 00. (GENERAL) 02.40.Re (Algebraic topology) 02.40.Gh (Noncommutative geometry) 02.40.-kxx (Geometry, differential geometry, and topology )",https://aux.physicslibrary.org/files/books/320/HDA5p218Mb5.pdf,1845
321,Mathematical and Theoretical Biologists. Molecular Biologists: Their Biographies and Research: Vols.1 and 2 | Physics Library,https://physicslibrary.org/?op=getobj;from=books;id=321,GFDL,medium,Book-local GFDL/GNU licensing language detected," Bci2- with several contributors listed before the License Statement by bci1 and Bci2: Permission is granted to copy, distribute and/or modify this document under the terms of the GNU Free Documentation License, Version 1.2 or any later version ;published by the Free Software Foundation, with no Invariant Sections, no Front-Cover Texts, and no Back- Cover Texts. A copy of the license is included in the section entitled ""GNU Free Documentation License"". Edited by Bci2, with all contributors liste ||  ;published by the Free Software Foundation, with no Invariant Sections, no Front-Cover Texts, and no Back- Cover Texts. A copy of the license is included in the section entitled ""GNU Free Documentation License"". Edited by Bci2, with all contributors listed before the License statement. Download: AMathBiosNuOk_v11p.406k10Mb18.pdf Links: Physics Classification : 00. (GENERAL) 87.10.+e (General theory and mathematical aspects) 87. (Biological and medical physics) 02-XX (Mathematical methods in phy || ents: 406 pages, 25 Mb, February 7, 2010 Abstract: Introduction to Mathematical and Theoretical Biology. Biographies of notable mathematical biologists. Rights: Open access, GNUL, GFDL http://en.wikipedia.org/wiki/User:Bci2/Books/Mathematical_Biology Copyright@2010 bci1 and Bci2, Edited and originated by Bci2- with several contributors listed before the License Statement by bci1 and Bci2: Permission is granted to copy, distribute and/or modify this document under the terms of the GNU Free Docume || ematical and Theoretical Biology. Biographies of notable mathematical biologists. Rights: Open access, GNUL, GFDL http://en.wikipedia.org/wiki/User:Bci2/Books/Mathematical_Biology Copyright@2010 bci1 and Bci2, Edited and originated by Bci2- with several contributors listed before the License Statement by bci1 and Bci2: Permission is granted to copy, distribute and/or modify this document under the terms of the GNU Free Documentation License, Version 1.2 or any later version ;published by the Fre || i/User:Bci2/Books/Mathematical_Biology Copyright@2010 bci1 and Bci2, Edited and originated by Bci2- with several contributors listed before the License Statement by bci1 and Bci2: Permission is granted to copy, distribute and/or modify this document under the terms of the GNU Free Documentation License, Version 1.2 or any later version ;published by the Free Software Foundation, with no Invariant Sections, no Front-Cover Texts, and no Back- Cover Texts. A copy of the license is included in the s || UL, GFDL http://en.wikipedia.org/wiki/User:Bci2/Books/Mathematical_Biology Copyright@2010 bci1 and Bci2, Edited and originated by Bci2- with several contributors listed before the License Statement by bci1 and Bci2: Permission is granted to copy, distribute and/or modify this document under the terms of the GNU Free Documentation License, Version 1.2 or any later version ;published by the Free Software Foundation, with no Invariant Sections, no Front-Cover Texts, and no Back- Cover Texts. A copy || tributors listed before the License Statement by bci1 and Bci2: Permission is granted to copy, distribute and/or modify this document under the terms of the GNU Free Documentation License, Version 1.2 or any later version ;published by the Free Software Foundation, with no Invariant Sections, no Front-Cover Texts, and no Back- Cover Texts. A copy of the license is included in the section entitled ""GNU Free Documentation License"". Edited by Bci2, with all contributors listed before the License st || ion License, Version 1.2 or any later version ;published by the Free Software Foundation, with no Invariant Sections, no Front-Cover Texts, and no Back- Cover Texts. A copy of the license is included in the section entitled ""GNU Free Documentation License"". Edited by Bci2, with all contributors listed before the License statement. Download: AMathBiosNuOk_v11p.406k10Mb18.pdf Links: Physics Classification : 00. (GENERAL) 87.10.+e (General theory and mathematical aspects) 87. (Biological and medica ||  Software Foundation, with no Invariant Sections, no Front-Cover Texts, and no Back- Cover Texts. A copy of the license is included in the section entitled ""GNU Free Documentation License"". Edited by Bci2, with all contributors listed before the License statement. Download: AMathBiosNuOk_v11p.406k10Mb18.pdf Links: Physics Classification : 00. (GENERAL) 87.10.+e (General theory and mathematical aspects) 87. (Biological and medical physics) 02-XX (Mathematical methods in physics) 87.90.+y (Other t || exts, and no Back- Cover Texts. A copy of the license is included in the section entitled ""GNU Free Documentation License"". Edited by Bci2, with all contributors listed before the License statement. Download: AMathBiosNuOk_v11p.406k10Mb18.pdf Links: Physics Classification : 00. (GENERAL) 87.10.+e (General theory and mathematical aspects) 87. (Biological and medical physics) 02-XX (Mathematical methods in physics) 87.90.+y (Other topics in biological and medical physics ) 87.18.-hxx (Multicellula",https://aux.physicslibrary.org/files/books/321/AMathBiosNuOk_v11p.406k10Mb18.pdf,2518
322,Mathematical and Theoretical Biology: Vol.1 | Physics Library,https://physicslibrary.org/?op=getobj;from=books;id=322,GFDL,medium,Book-local GFDL/GNU licensing language detected," Bci2- with several contributors listed before the License Statement by bci1 and Bci2: Permission is granted to copy, distribute and/or modify this document under the terms of the GNU Free Documentation License, Version 1.2 or any later version ;published by the Free Software Foundation, with no Invariant Sections, no Front-Cover Texts, and no Back- Cover Texts. A copy of the license is included in the section entitled ""GNU Free Documentation License"". Edited by Bci2, with all contributors liste ||  ;published by the Free Software Foundation, with no Invariant Sections, no Front-Cover Texts, and no Back- Cover Texts. A copy of the license is included in the section entitled ""GNU Free Documentation License"". Edited by Bci2, with all contributors listed before the License statement. Download: AMathMolBiophys332p_Mb26v15.pdf MathematicalBiophysics Links: Physics Classification : 00. (GENERAL) 87.10.+e (General theory and mathematical aspects) 87. (Biological and medical physics) 02-XX (Mathem || Mathematical and Theoretical Biology, with Biographies of notable scientists in the field. http://en.wikipedia.org/wiki/User:Bci2/Books/MathematicalBiophysics Rights: Open aceess, GFDL, http://en.wikipedia.org/wiki/User:Bci2/Books/MathematicalBiophysics Copyright@2010 bci1 and Bci2, Edited and originated by Bci2- with several contributors listed before the License Statement by bci1 and Bci2: Permission is granted to copy, distribute and/or modify this document under the terms of the GNU Free Doc || ts in the field. http://en.wikipedia.org/wiki/User:Bci2/Books/MathematicalBiophysics Rights: Open aceess, GFDL, http://en.wikipedia.org/wiki/User:Bci2/Books/MathematicalBiophysics Copyright@2010 bci1 and Bci2, Edited and originated by Bci2- with several contributors listed before the License Statement by bci1 and Bci2: Permission is granted to copy, distribute and/or modify this document under the terms of the GNU Free Documentation License, Version 1.2 or any later version ;published by the Fre || User:Bci2/Books/MathematicalBiophysics Copyright@2010 bci1 and Bci2, Edited and originated by Bci2- with several contributors listed before the License Statement by bci1 and Bci2: Permission is granted to copy, distribute and/or modify this document under the terms of the GNU Free Documentation License, Version 1.2 or any later version ;published by the Free Software Foundation, with no Invariant Sections, no Front-Cover Texts, and no Back- Cover Texts. A copy of the license is included in the s ||  GFDL, http://en.wikipedia.org/wiki/User:Bci2/Books/MathematicalBiophysics Copyright@2010 bci1 and Bci2, Edited and originated by Bci2- with several contributors listed before the License Statement by bci1 and Bci2: Permission is granted to copy, distribute and/or modify this document under the terms of the GNU Free Documentation License, Version 1.2 or any later version ;published by the Free Software Foundation, with no Invariant Sections, no Front-Cover Texts, and no Back- Cover Texts. A copy || tributors listed before the License Statement by bci1 and Bci2: Permission is granted to copy, distribute and/or modify this document under the terms of the GNU Free Documentation License, Version 1.2 or any later version ;published by the Free Software Foundation, with no Invariant Sections, no Front-Cover Texts, and no Back- Cover Texts. A copy of the license is included in the section entitled ""GNU Free Documentation License"". Edited by Bci2, with all contributors listed before the License st || ion License, Version 1.2 or any later version ;published by the Free Software Foundation, with no Invariant Sections, no Front-Cover Texts, and no Back- Cover Texts. A copy of the license is included in the section entitled ""GNU Free Documentation License"". Edited by Bci2, with all contributors listed before the License statement. Download: AMathMolBiophys332p_Mb26v15.pdf MathematicalBiophysics Links: Physics Classification : 00. (GENERAL) 87.10.+e (General theory and mathematical aspects) 87. ( ||  Software Foundation, with no Invariant Sections, no Front-Cover Texts, and no Back- Cover Texts. A copy of the license is included in the section entitled ""GNU Free Documentation License"". Edited by Bci2, with all contributors listed before the License statement. Download: AMathMolBiophys332p_Mb26v15.pdf MathematicalBiophysics Links: Physics Classification : 00. (GENERAL) 87.10.+e (General theory and mathematical aspects) 87. (Biological and medical physics) 02-XX (Mathematical methods in physi || exts, and no Back- Cover Texts. A copy of the license is included in the section entitled ""GNU Free Documentation License"". Edited by Bci2, with all contributors listed before the License statement. Download: AMathMolBiophys332p_Mb26v15.pdf MathematicalBiophysics Links: Physics Classification : 00. (GENERAL) 87.10.+e (General theory and mathematical aspects) 87. (Biological and medical physics) 02-XX (Mathematical methods in physics) 87.90.+y (Other topics in biological and medical physics ) 87.",https://aux.physicslibrary.org/files/books/322/AMathMolBiophys332p_Mb26v15.pdf,2236
323,Mathematical Biophysics and Molecular Biology: Vol. 2 | Physics Library,https://physicslibrary.org/?op=getobj;from=books;id=323,GFDL,medium,Book-local GFDL/GNU licensing language detected," Bci2- with several contributors listed before the License Statement by bci1 and Bci2: Permission is granted to copy, distribute and/or modify this document under the terms of the GNU Free Documentation License, Version 1.2 or any later version ;published by the Free Software Foundation, with no Invariant Sections, no Front-Cover Texts, and no Back-Cover Texts. A copy of the license is included in ;the section entitled ""GNU Free Documentation License"". Edited by Bci2, with all contributors liste ||  ;published by the Free Software Foundation, with no Invariant Sections, no Front-Cover Texts, and no Back-Cover Texts. A copy of the license is included in ;the section entitled ""GNU Free Documentation License"". Edited by Bci2, with all contributors listed before the License statement. Download: AMathMolBiophys_Vol2p328.pdf Links: Physics Classification : 00. (GENERAL) 02-XX (Mathematical methods in physics) 02.30.-fxx (Function theory, analysis) 87-XX (Biological and medical physics) 87.59.-ex || ========== http://aux.planetphysics.org/files/books/323/AMathMolBiophys_Vol2p328.pdf Rights: Open access, GNUL, http://en.wikipedia.org/wiki/User:Bci2/Books/MathematicalBiophysics Copyright@2010 bci1 and Bci2, Edited and originated by Bci2- with several contributors listed before the License Statement by bci1 and Bci2: Permission is granted to copy, distribute and/or modify this document under the terms of the GNU Free Documentation License, Version 1.2 or any later version ;published by the Fre || User:Bci2/Books/MathematicalBiophysics Copyright@2010 bci1 and Bci2, Edited and originated by Bci2- with several contributors listed before the License Statement by bci1 and Bci2: Permission is granted to copy, distribute and/or modify this document under the terms of the GNU Free Documentation License, Version 1.2 or any later version ;published by the Free Software Foundation, with no Invariant Sections, no Front-Cover Texts, and no Back-Cover Texts. A copy of the license is included in ;the s ||  GNUL, http://en.wikipedia.org/wiki/User:Bci2/Books/MathematicalBiophysics Copyright@2010 bci1 and Bci2, Edited and originated by Bci2- with several contributors listed before the License Statement by bci1 and Bci2: Permission is granted to copy, distribute and/or modify this document under the terms of the GNU Free Documentation License, Version 1.2 or any later version ;published by the Free Software Foundation, with no Invariant Sections, no Front-Cover Texts, and no Back-Cover Texts. A copy  || tributors listed before the License Statement by bci1 and Bci2: Permission is granted to copy, distribute and/or modify this document under the terms of the GNU Free Documentation License, Version 1.2 or any later version ;published by the Free Software Foundation, with no Invariant Sections, no Front-Cover Texts, and no Back-Cover Texts. A copy of the license is included in ;the section entitled ""GNU Free Documentation License"". Edited by Bci2, with all contributors listed before the License st || tion License, Version 1.2 or any later version ;published by the Free Software Foundation, with no Invariant Sections, no Front-Cover Texts, and no Back-Cover Texts. A copy of the license is included in ;the section entitled ""GNU Free Documentation License"". Edited by Bci2, with all contributors listed before the License statement. Download: AMathMolBiophys_Vol2p328.pdf Links: Physics Classification : 00. (GENERAL) 02-XX (Mathematical methods in physics) 02.30.-fxx (Function theory, analysis) 87 ||  Software Foundation, with no Invariant Sections, no Front-Cover Texts, and no Back-Cover Texts. A copy of the license is included in ;the section entitled ""GNU Free Documentation License"". Edited by Bci2, with all contributors listed before the License statement. Download: AMathMolBiophys_Vol2p328.pdf Links: Physics Classification : 00. (GENERAL) 02-XX (Mathematical methods in physics) 02.30.-fxx (Function theory, analysis) 87-XX (Biological and medical physics) 87.59.-exx (X-ray imaging) 87.64 || exts, and no Back-Cover Texts. A copy of the license is included in ;the section entitled ""GNU Free Documentation License"". Edited by Bci2, with all contributors listed before the License statement. Download: AMathMolBiophys_Vol2p328.pdf Links: Physics Classification : 00. (GENERAL) 02-XX (Mathematical methods in physics) 02.30.-fxx (Function theory, analysis) 87-XX (Biological and medical physics) 87.59.-exx (X-ray imaging) 87.64.-txx (Spectroscopic and microscopic techniques in biophysics and ",https://aux.physicslibrary.org/files/books/323/AMathMolBiophys_Vol2p328.pdf,2161
324,Higher Dimensional Algebra v. 06 | Physics Library,https://physicslibrary.org/?op=getobj;from=books;id=324,GFDL,medium,Book-local GFDL/GNU licensing language detected," Bci2- with several contributors listed before the License Statement by bci1 and Bci2: Permission is granted to copy, distribute and/or modify this document under the terms of the GNU Free Documentation License, Version 1.2 or any later version ;published by the Free Software Foundation, with no Invariant Sections, no Front-Cover Texts, and no Back-Cover Texts. A copy of the license is included in ;the section entitled ""GNU Free Documentation License"". Edited by Bci2, with all contributors liste ||  ;published by the Free Software Foundation, with no Invariant Sections, no Front-Cover Texts, and no Back-Cover Texts. A copy of the license is included in ;the section entitled ""GNU Free Documentation License"". Edited by Bci2, with all contributors listed before the License statement. Download: HDAv06p228Mb8k10.pdf Links: Physics Classification : 00. (GENERAL) 02.40.Re (Algebraic topology) 02.40.Gh (Noncommutative geometry) 02.40.-kxx (Geometry, differential geometry, and topology ) || ction to Algebraic Topology and Higher Dimensional Algebra, with Biographies of Notable Mathematicians. Rights: Open access, GDFL http://en.wikipedia.org/wiki/User:Bci2/Books/HDA5 Copyright@2009 Bci2, and Copyright@2010 bci1 and Bci2, Edited and originated by Bci2- with several contributors listed before the License Statement by bci1 and Bci2: Permission is granted to copy, distribute and/or modify this document under the terms of the GNU Free Documentation License, Version 1.2 or any later vers || gy and Higher Dimensional Algebra, with Biographies of Notable Mathematicians. Rights: Open access, GDFL http://en.wikipedia.org/wiki/User:Bci2/Books/HDA5 Copyright@2009 Bci2, and Copyright@2010 bci1 and Bci2, Edited and originated by Bci2- with several contributors listed before the License Statement by bci1 and Bci2: Permission is granted to copy, distribute and/or modify this document under the terms of the GNU Free Documentation License, Version 1.2 or any later version ;published by the Fre || i2/Books/HDA5 Copyright@2009 Bci2, and Copyright@2010 bci1 and Bci2, Edited and originated by Bci2- with several contributors listed before the License Statement by bci1 and Bci2: Permission is granted to copy, distribute and/or modify this document under the terms of the GNU Free Documentation License, Version 1.2 or any later version ;published by the Free Software Foundation, with no Invariant Sections, no Front-Cover Texts, and no Back-Cover Texts. A copy of the license is included in ;the s || http://en.wikipedia.org/wiki/User:Bci2/Books/HDA5 Copyright@2009 Bci2, and Copyright@2010 bci1 and Bci2, Edited and originated by Bci2- with several contributors listed before the License Statement by bci1 and Bci2: Permission is granted to copy, distribute and/or modify this document under the terms of the GNU Free Documentation License, Version 1.2 or any later version ;published by the Free Software Foundation, with no Invariant Sections, no Front-Cover Texts, and no Back-Cover Texts. A copy  || tributors listed before the License Statement by bci1 and Bci2: Permission is granted to copy, distribute and/or modify this document under the terms of the GNU Free Documentation License, Version 1.2 or any later version ;published by the Free Software Foundation, with no Invariant Sections, no Front-Cover Texts, and no Back-Cover Texts. A copy of the license is included in ;the section entitled ""GNU Free Documentation License"". Edited by Bci2, with all contributors listed before the License st || tion License, Version 1.2 or any later version ;published by the Free Software Foundation, with no Invariant Sections, no Front-Cover Texts, and no Back-Cover Texts. A copy of the license is included in ;the section entitled ""GNU Free Documentation License"". Edited by Bci2, with all contributors listed before the License statement. Download: HDAv06p228Mb8k10.pdf Links: Physics Classification : 00. (GENERAL) 02.40.Re (Algebraic topology) 02.40.Gh (Noncommutative geometry) 02.40.-kxx (Geometry, di ||  Software Foundation, with no Invariant Sections, no Front-Cover Texts, and no Back-Cover Texts. A copy of the license is included in ;the section entitled ""GNU Free Documentation License"". Edited by Bci2, with all contributors listed before the License statement. Download: HDAv06p228Mb8k10.pdf Links: Physics Classification : 00. (GENERAL) 02.40.Re (Algebraic topology) 02.40.Gh (Noncommutative geometry) 02.40.-kxx (Geometry, differential geometry, and topology ) || exts, and no Back-Cover Texts. A copy of the license is included in ;the section entitled ""GNU Free Documentation License"". Edited by Bci2, with all contributors listed before the License statement. Download: HDAv06p228Mb8k10.pdf Links: Physics Classification : 00. (GENERAL) 02.40.Re (Algebraic topology) 02.40.Gh (Noncommutative geometry) 02.40.-kxx (Geometry, differential geometry, and topology )",https://aux.physicslibrary.org/files/books/324/HDAv06p228Mb8k10.pdf,1881
326,"Higher Dimensional Algebra and Algebraic Topology, with Biographies v.09 | Physics Library",https://physicslibrary.org/?op=getobj;from=books;id=326,GFDL,medium,Book-local GFDL/GNU licensing language detected," Bci2- with several contributors listed before the License Statement by bci1 and Bci2: Permission is granted to copy, distribute and/or modify this document under the terms of the GNU Free Documentation License, Version 1.2 or any later version ;published by the Free Software Foundation, with no Invariant Sections, no Front-Cover Texts, and no Back-Cover Texts. A copy of the license is included in ;the section entitled ""GNU Free Documentation License"". Edited by Bci2, with all contributors liste ||  ;published by the Free Software Foundation, with no Invariant Sections, no Front-Cover Texts, and no Back-Cover Texts. A copy of the license is included in ;the section entitled ""GNU Free Documentation License"". Edited by Bci2, with all contributors listed before the License statement. Download: HDATv8p284.pdf HDAv9Feb16k10p298Mb10.pdf Links: Physics Classification : 00. (GENERAL) 02.40.Re (Algebraic topology) 02.40.Gh (Noncommutative geometry) 02.40.-kxx (Geometry, differential geometry, and t || , 10Mb, February 16, 2010 Abstract: Introduction to Algebraic Topology, Category Theory, Cohomology theories and Higher Dimensional Algebra, with Biographies. Rights: Open access, GFDL, http://en.wikipedia.org/wiki/User:Bci2/Books/Higher_Dimensional_Algebra Copyright@2010 bci1 and Bci2, Edited and originated by Bci2- with several contributors listed before the License Statement by bci1 and Bci2: Permission is granted to copy, distribute and/or modify this document under the terms of the GNU Free || ry Theory, Cohomology theories and Higher Dimensional Algebra, with Biographies. Rights: Open access, GFDL, http://en.wikipedia.org/wiki/User:Bci2/Books/Higher_Dimensional_Algebra Copyright@2010 bci1 and Bci2, Edited and originated by Bci2- with several contributors listed before the License Statement by bci1 and Bci2: Permission is granted to copy, distribute and/or modify this document under the terms of the GNU Free Documentation License, Version 1.2 or any later version ;published by the Fre || :Bci2/Books/Higher_Dimensional_Algebra Copyright@2010 bci1 and Bci2, Edited and originated by Bci2- with several contributors listed before the License Statement by bci1 and Bci2: Permission is granted to copy, distribute and/or modify this document under the terms of the GNU Free Documentation License, Version 1.2 or any later version ;published by the Free Software Foundation, with no Invariant Sections, no Front-Cover Texts, and no Back-Cover Texts. A copy of the license is included in ;the s || L, http://en.wikipedia.org/wiki/User:Bci2/Books/Higher_Dimensional_Algebra Copyright@2010 bci1 and Bci2, Edited and originated by Bci2- with several contributors listed before the License Statement by bci1 and Bci2: Permission is granted to copy, distribute and/or modify this document under the terms of the GNU Free Documentation License, Version 1.2 or any later version ;published by the Free Software Foundation, with no Invariant Sections, no Front-Cover Texts, and no Back-Cover Texts. A copy  || tributors listed before the License Statement by bci1 and Bci2: Permission is granted to copy, distribute and/or modify this document under the terms of the GNU Free Documentation License, Version 1.2 or any later version ;published by the Free Software Foundation, with no Invariant Sections, no Front-Cover Texts, and no Back-Cover Texts. A copy of the license is included in ;the section entitled ""GNU Free Documentation License"". Edited by Bci2, with all contributors listed before the License st || tion License, Version 1.2 or any later version ;published by the Free Software Foundation, with no Invariant Sections, no Front-Cover Texts, and no Back-Cover Texts. A copy of the license is included in ;the section entitled ""GNU Free Documentation License"". Edited by Bci2, with all contributors listed before the License statement. Download: HDATv8p284.pdf HDAv9Feb16k10p298Mb10.pdf Links: Physics Classification : 00. (GENERAL) 02.40.Re (Algebraic topology) 02.40.Gh (Noncommutative geometry) 02.4 ||  Software Foundation, with no Invariant Sections, no Front-Cover Texts, and no Back-Cover Texts. A copy of the license is included in ;the section entitled ""GNU Free Documentation License"". Edited by Bci2, with all contributors listed before the License statement. Download: HDATv8p284.pdf HDAv9Feb16k10p298Mb10.pdf Links: Physics Classification : 00. (GENERAL) 02.40.Re (Algebraic topology) 02.40.Gh (Noncommutative geometry) 02.40.-kxx (Geometry, differential geometry, and topology ) || exts, and no Back-Cover Texts. A copy of the license is included in ;the section entitled ""GNU Free Documentation License"". Edited by Bci2, with all contributors listed before the License statement. Download: HDATv8p284.pdf HDAv9Feb16k10p298Mb10.pdf Links: Physics Classification : 00. (GENERAL) 02.40.Re (Algebraic topology) 02.40.Gh (Noncommutative geometry) 02.40.-kxx (Geometry, differential geometry, and topology )",https://aux.physicslibrary.org/files/books/326/HDATv8p284.pdf | https://aux.physicslibrary.org/files/books/326/HDAv9Feb16k10p298Mb10.pdf,2037
327,Graph Theory | Physics Library,https://physicslibrary.org/?op=getobj;from=books;id=327,questionable/manual review,low,No explicit reusable-license or public-domain evidence on catalog page,,https://aux.physicslibrary.org/files/books/327/SLA_JDKv6.pdf,1716
328,Statistical Abstract of Undergraduate Programs in the Mathematical Sciences in the United States | Physics Library,https://physicslibrary.org/?op=getobj;from=books;id=328,questionable/manual review,low,No explicit reusable-license or public-domain evidence on catalog page,3Mb download as PDF Abstract: Undergraduate Programs in the Mathematical Sciences in the United States Rights: Open: AMS FREE book download http://www.ams.org/cbms/full-report.pdf Copyright@2007 by the American Mathematical Society Download: full-report.pdf StatsUgProgsAMS.pdf Links: Physics Classification : 00. (GENERAL),https://aux.physicslibrary.org/files/books/328/full-report.pdf | https://aux.physicslibrary.org/files/books/328/StatsUgProgsAMS.pdf,1429
330,"Symplectic Geometry: overview written for the Handbook of Differential Geometry, vol. 2 | Physics Library",https://physicslibrary.org/?op=getobj;from=books;id=330,questionable/manual review,low,No explicit reusable-license or public-domain evidence on catalog page,,https://aux.physicslibrary.org/files/books/330/symplecticGepmetry.pdf,4676
331,"Hamiltonian Mechanics, Symplectic Geometry, Quantum Theory, TQFT and Relativity | Physics Library",https://physicslibrary.org/?op=getobj;from=books;id=331,GFDL,medium,Book-local GFDL/GNU licensing language detected," Bci2- with several contributors listed before the License Statement by bci1 and Bci2: Permission is granted to copy, distribute and/or modify this document under the terms of the GNU Free Documentation License, Version 1.2 or any later version ;published by the Free Software Foundation, with no Invariant Sections, no Front-Cover Texts, and no Back-Cover Texts. A copy of the license is included in ;the section entitled ""GNU Free Documentation License"". Edited by Bci2, with all contributors liste ||  ;published by the Free Software Foundation, with no Invariant Sections, no Front-Cover Texts, and no Back-Cover Texts. A copy of the license is included in ;the section entitled ""GNU Free Documentation License"". Edited by Bci2, with all contributors listed before the License statement. Download: HamiltMechsV2_SymplcticGeom425pMb22.pdf HamiltonianMechanicsAndSymplecticGeometry Links: Physics Classification : 00. (GENERAL) 02.40.Re (Algebraic topology) 02.40.Gh (Noncommutative geometry) 02.40.-kx || tandard Model -MSSM Statistical Physics and Quantum Theory Exchange symmetry Statistical physics Statistical mechanics Statistical field theory Ergodic theory Rights: Open access, GFDL: http://en.wikipedia.org/wiki/User:Bci2/Books/HamiltonianMechanicsAndSymplecticGeometry Copyright@2010 bci1 and Bci2, Edited and originated by Bci2- with several contributors listed before the License Statement by bci1 and Bci2: Permission is granted to copy, distribute and/or modify this document under the terms  || 1 Comments: 425 pages, 22Mb, February 17, 2010, Abstract: Hamiltonian Mechanics and Symplectic Geometry: Classical Mechanics and Geometry, vol.1-Introduction; =====================Copyright@2010 by Bci2.=================== CONTENTS: Classical mechanics Dynamical system (definition) Equations of motion Canonical transformations Generalized coordinates William Rowan Hamilton,Sir Hamilton's principle Hamiltonian mechanics Hamiltonian vector field Hamilton--Jacobi equations Lie bracket Euler--Lagran || ics Statistical mechanics Statistical field theory Ergodic theory Rights: Open access, GFDL: http://en.wikipedia.org/wiki/User:Bci2/Books/HamiltonianMechanicsAndSymplecticGeometry Copyright@2010 bci1 and Bci2, Edited and originated by Bci2- with several contributors listed before the License Statement by bci1 and Bci2: Permission is granted to copy, distribute and/or modify this document under the terms of the GNU Free Documentation License, Version 1.2 or any later version ;published by the Fre || iltonianMechanicsAndSymplecticGeometry Copyright@2010 bci1 and Bci2, Edited and originated by Bci2- with several contributors listed before the License Statement by bci1 and Bci2: Permission is granted to copy, distribute and/or modify this document under the terms of the GNU Free Documentation License, Version 1.2 or any later version ;published by the Free Software Foundation, with no Invariant Sections, no Front-Cover Texts, and no Back-Cover Texts. A copy of the license is included in ;the s || kipedia.org/wiki/User:Bci2/Books/HamiltonianMechanicsAndSymplecticGeometry Copyright@2010 bci1 and Bci2, Edited and originated by Bci2- with several contributors listed before the License Statement by bci1 and Bci2: Permission is granted to copy, distribute and/or modify this document under the terms of the GNU Free Documentation License, Version 1.2 or any later version ;published by the Free Software Foundation, with no Invariant Sections, no Front-Cover Texts, and no Back-Cover Texts. A copy  || tributors listed before the License Statement by bci1 and Bci2: Permission is granted to copy, distribute and/or modify this document under the terms of the GNU Free Documentation License, Version 1.2 or any later version ;published by the Free Software Foundation, with no Invariant Sections, no Front-Cover Texts, and no Back-Cover Texts. A copy of the license is included in ;the section entitled ""GNU Free Documentation License"". Edited by Bci2, with all contributors listed before the License st || tion License, Version 1.2 or any later version ;published by the Free Software Foundation, with no Invariant Sections, no Front-Cover Texts, and no Back-Cover Texts. A copy of the license is included in ;the section entitled ""GNU Free Documentation License"". Edited by Bci2, with all contributors listed before the License statement. Download: HamiltMechsV2_SymplcticGeom425pMb22.pdf HamiltonianMechanicsAndSymplecticGeometry Links: Physics Classification : 00. (GENERAL) 02.40.Re (Algebraic topology ||  Software Foundation, with no Invariant Sections, no Front-Cover Texts, and no Back-Cover Texts. A copy of the license is included in ;the section entitled ""GNU Free Documentation License"". Edited by Bci2, with all contributors listed before the License statement. Download: HamiltMechsV2_SymplcticGeom425pMb22.pdf HamiltonianMechanicsAndSymplecticGeometry Links: Physics Classification : 00. (GENERAL) 02.40.Re (Algebraic topology) 02.40.Gh (Noncommutative geometry) 02.40.-kxx (Geometry, differenti",https://aux.physicslibrary.org/files/books/331/HamiltMechsV2_SymplcticGeom425pMb22.pdf,4032
332,Physics: An Overview | Physics Library,https://physicslibrary.org/?op=getobj;from=books;id=332,questionable/manual review,low,GFDL appears on page but may be global site boilerplate,"An Overview Physics: An Overview Authors: Contributed book, edited by bci1 Uploaded by: bci1 Comments: 229 pages, 16 Mb, February 17, 2010 Abstract: An Overview of Physics Rights: GFDL http://en.wikipedia.org/wiki/Book:Physics Download: PhysicsAnOverVu229p.pdf Links: Physics Classification : 00. (GENERAL) 02. (Mathematical methods in physics) 03. (Quantum mechanics, field theories, and special relativity ) 03.65.Fd (Algebraic methods )",https://aux.physicslibrary.org/files/books/332/PhysicsAnOverVu229p.pdf,1143
333,"Nonabelian Algebraic Topology: filtered spaces, crossed complexes, cubical higher homotopy groupoids | Physics Library",https://physicslibrary.org/?op=getobj;from=books;id=333,questionable/manual review,low,No explicit reusable-license or public-domain evidence on catalog page,": Higher order groupoids and Higher dimensional algebra, Crossed complexes, Nonabelian cohomology. An advanced treatment of Non-Abelian Algebraic Topology. Rights: c 2010 R. Brown COPYRIGHT NOTICE This book is copyright. Subject to statutory exception, and the provision of relevant collective licensing arrangements, no reproduction may take place of any part without the written permission of the authors or their agents. http://www.bangor.ac.uk/~mas010/rbrsbookb-e040310.pdf Download: nonabATOverV || igher dimensional algebra, Crossed complexes, Nonabelian cohomology. An advanced treatment of Non-Abelian Algebraic Topology. Rights: c 2010 R. Brown COPYRIGHT NOTICE This book is copyright. Subject to statutory exception, and the provision of relevant collective licensing arrangements, no reproduction may take place of any part without the written permission of the authors or their agents. http://www.bangor.ac.uk/~mas010/rbrsbookb-e040310.pdf Download: nonabATOverVu.html Links: Physics Classifi ||  book is copyright. Subject to statutory exception, and the provision of relevant collective licensing arrangements, no reproduction may take place of any part without the written permission of the authors or their agents. http://www.bangor.ac.uk/~mas010/rbrsbookb-e040310.pdf Download: nonabATOverVu.html Links: Physics Classification : 00. (GENERAL) 02.40.Re (Algebraic topology) 02.40.Gh (Noncommutative geometry) 02.40.-kxx (Geometry, differential geometry, and topology ) || raic Topology. Rights: c 2010 R. Brown COPYRIGHT NOTICE This book is copyright. Subject to statutory exception, and the provision of relevant collective licensing arrangements, no reproduction may take place of any part without the written permission of the authors or their agents. http://www.bangor.ac.uk/~mas010/rbrsbookb-e040310.pdf Download: nonabATOverVu.html Links: Physics Classification : 00. (GENERAL) 02.40.Re (Algebraic topology) 02.40.Gh (Noncommutative geometry) 02.40.-kxx (Geometry, d",,1964
334,M-theory and Supergravity | Physics Library,https://physicslibrary.org/?op=getobj;from=books;id=334,GFDL,medium,Book-local GFDL/GNU licensing language detected," Bci2- with several contributors listed before the License Statement by bci1 and Bci2: Permission is granted to copy, distribute and/or modify this document under the terms of the GNU Free Documentation License, Version 1.2 or any later version ;published by the Free Software Foundation, with no Invariant Sections, no Front-Cover Texts, and no Back-Cover Texts. A copy of the license is included in ;the section entitled ""GNU Free Documentation License"". Edited by Bci2, with all contributors liste ||  ;published by the Free Software Foundation, with no Invariant Sections, no Front-Cover Texts, and no Back-Cover Texts. A copy of the license is included in ;the section entitled ""GNU Free Documentation License"". Edited by Bci2, with all contributors listed before the License statement. Download: Mtheory MtheoryOpendoc.odt Mtheoryp372f.pdf Links: Physics Classification : 00. (GENERAL) 02.40.Re (Algebraic topology) 02.40.Gh (Noncommutative geometry) 02.40.-kxx (Geometry, differential geometry, an || related concepts. Rights: Open access: http://en.wikipedia.org/wiki/User:Bci2/Books/Mtheory#Theories_of_Everything Common License as specified at the end of this contributed book. Copyright@2010 bci1 and Bci2, Edited and originated by Bci2- with several contributors listed before the License Statement by bci1 and Bci2: Permission is granted to copy, distribute and/or modify this document under the terms of the GNU Free Documentation License, Version 1.2 or any later version ;published by the Fre || d at the end of this contributed book. Copyright@2010 bci1 and Bci2, Edited and originated by Bci2- with several contributors listed before the License Statement by bci1 and Bci2: Permission is granted to copy, distribute and/or modify this document under the terms of the GNU Free Documentation License, Version 1.2 or any later version ;published by the Free Software Foundation, with no Invariant Sections, no Front-Cover Texts, and no Back-Cover Texts. A copy of the license is included in ;the s || Mathematical aspects of M-theory, Supergravity theory and related concepts. Rights: Open access: http://en.wikipedia.org/wiki/User:Bci2/Books/Mtheory#Theories_of_Everything Common License as specified at the end of this contributed book. Copyright@2010 bci1 and Bci2, Edited and originated by Bci2- with several contributors listed before the License Statement by bci1 and Bci2: Permission is granted to copy, distribute and/or modify this document under the terms of the GNU Free Documentation Licen || verything Common License as specified at the end of this contributed book. Copyright@2010 bci1 and Bci2, Edited and originated by Bci2- with several contributors listed before the License Statement by bci1 and Bci2: Permission is granted to copy, distribute and/or modify this document under the terms of the GNU Free Documentation License, Version 1.2 or any later version ;published by the Free Software Foundation, with no Invariant Sections, no Front-Cover Texts, and no Back-Cover Texts. A copy  || tributors listed before the License Statement by bci1 and Bci2: Permission is granted to copy, distribute and/or modify this document under the terms of the GNU Free Documentation License, Version 1.2 or any later version ;published by the Free Software Foundation, with no Invariant Sections, no Front-Cover Texts, and no Back-Cover Texts. A copy of the license is included in ;the section entitled ""GNU Free Documentation License"". Edited by Bci2, with all contributors listed before the License st || tion License, Version 1.2 or any later version ;published by the Free Software Foundation, with no Invariant Sections, no Front-Cover Texts, and no Back-Cover Texts. A copy of the license is included in ;the section entitled ""GNU Free Documentation License"". Edited by Bci2, with all contributors listed before the License statement. Download: Mtheory MtheoryOpendoc.odt Mtheoryp372f.pdf Links: Physics Classification : 00. (GENERAL) 02.40.Re (Algebraic topology) 02.40.Gh (Noncommutative geometry) 0 ||  Software Foundation, with no Invariant Sections, no Front-Cover Texts, and no Back-Cover Texts. A copy of the license is included in ;the section entitled ""GNU Free Documentation License"". Edited by Bci2, with all contributors listed before the License statement. Download: Mtheory MtheoryOpendoc.odt Mtheoryp372f.pdf Links: Physics Classification : 00. (GENERAL) 02.40.Re (Algebraic topology) 02.40.Gh (Noncommutative geometry) 02.40.-kxx (Geometry, differential geometry, and topology ) || exts, and no Back-Cover Texts. A copy of the license is included in ;the section entitled ""GNU Free Documentation License"". Edited by Bci2, with all contributors listed before the License statement. Download: Mtheory MtheoryOpendoc.odt Mtheoryp372f.pdf Links: Physics Classification : 00. (GENERAL) 02.40.Re (Algebraic topology) 02.40.Gh (Noncommutative geometry) 02.40.-kxx (Geometry, differential geometry, and topology )",https://aux.physicslibrary.org/files/books/334/Mtheoryp372f.pdf,1924
335,"Supergeometry and Physics: Quantum Gravity, Supergravity and Supergeometry | Physics Library",https://physicslibrary.org/?op=getobj;from=books;id=335,CC,high,Explicit Creative Commons marker on book page,"128 Supergeometry 129 Algebraic geometry 130 Algebraic topology p.137 Category theory p.141 Rights: Open access: http://en.wikipedia.org/wiki/User:Bci2/Books/SuperGeometry License:Creative Commons Attribution-Share Alike 3.0 Unported http:/ / creativecommons. org/ licenses/ by-sa/ 3. 0/ Copyright@2010 bci1 and Bci2, Edited and originated by Bci2- with several contributors listed before the License Statement by bci1 and Bci2: Permission is granted to copy, distribute and/or modify this document u ||  Bci2- with several contributors listed before the License Statement by bci1 and Bci2: Permission is granted to copy, distribute and/or modify this document under the terms of the GNU Free Documentation License, Version 1.2 or any later version ;published by the Free Software Foundation, with no Invariant Sections, no Front-Cover Texts, and no Back-Cover Texts. A copy of the license is included in ;the section entitled ""GNU Free Documentation License"". Edited by Bci2, with all contributors liste ||  ;published by the Free Software Foundation, with no Invariant Sections, no Front-Cover Texts, and no Back-Cover Texts. A copy of the license is included in ;the section entitled ""GNU Free Documentation License"". Edited by Bci2, with all contributors listed before the License statement. Download: SuperGeomPhysics.pdf Links: Physics Classification : 00. (GENERAL) 02.40.Re (Algebraic topology) 02.40.Gh (Noncommutative geometry) 02.40.-kxx (Geometry, differential geometry, and topology ) || ess: http://en.wikipedia.org/wiki/User:Bci2/Books/SuperGeometry License:Creative Commons Attribution-Share Alike 3.0 Unported http:/ / creativecommons. org/ licenses/ by-sa/ 3. 0/ Copyright@2010 bci1 and Bci2, Edited and originated by Bci2- with several contributors listed before the License Statement by bci1 and Bci2: Permission is granted to copy, distribute and/or modify this document under the terms of the GNU Free Documentation License, Version 1.2 or any later version ;published by the Fre || vecommons. org/ licenses/ by-sa/ 3. 0/ Copyright@2010 bci1 and Bci2, Edited and originated by Bci2- with several contributors listed before the License Statement by bci1 and Bci2: Permission is granted to copy, distribute and/or modify this document under the terms of the GNU Free Documentation License, Version 1.2 or any later version ;published by the Free Software Foundation, with no Invariant Sections, no Front-Cover Texts, and no Back-Cover Texts. A copy of the license is included in ;the s || eometry 128 Supergeometry 129 Algebraic geometry 130 Algebraic topology p.137 Category theory p.141 Rights: Open access: http://en.wikipedia.org/wiki/User:Bci2/Books/SuperGeometry License:Creative Commons Attribution-Share Alike 3.0 Unported http:/ / creativecommons. org/ licenses/ by-sa/ 3. 0/ Copyright@2010 bci1 and Bci2, Edited and originated by Bci2- with several contributors listed before the License Statement by bci1 and Bci2: Permission is granted to copy, distribute and/or modify this do ||  p.141 Rights: Open access: http://en.wikipedia.org/wiki/User:Bci2/Books/SuperGeometry License:Creative Commons Attribution-Share Alike 3.0 Unported http:/ / creativecommons. org/ licenses/ by-sa/ 3. 0/ Copyright@2010 bci1 and Bci2, Edited and originated by Bci2- with several contributors listed before the License Statement by bci1 and Bci2: Permission is granted to copy, distribute and/or modify this document under the terms of the GNU Free Documentation License, Version 1.2 or any later versio || e Alike 3.0 Unported http:/ / creativecommons. org/ licenses/ by-sa/ 3. 0/ Copyright@2010 bci1 and Bci2, Edited and originated by Bci2- with several contributors listed before the License Statement by bci1 and Bci2: Permission is granted to copy, distribute and/or modify this document under the terms of the GNU Free Documentation License, Version 1.2 or any later version ;published by the Free Software Foundation, with no Invariant Sections, no Front-Cover Texts, and no Back-Cover Texts. A copy  || tributors listed before the License Statement by bci1 and Bci2: Permission is granted to copy, distribute and/or modify this document under the terms of the GNU Free Documentation License, Version 1.2 or any later version ;published by the Free Software Foundation, with no Invariant Sections, no Front-Cover Texts, and no Back-Cover Texts. A copy of the license is included in ;the section entitled ""GNU Free Documentation License"". Edited by Bci2, with all contributors listed before the License st || tion License, Version 1.2 or any later version ;published by the Free Software Foundation, with no Invariant Sections, no Front-Cover Texts, and no Back-Cover Texts. A copy of the license is included in ;the section entitled ""GNU Free Documentation License"". Edited by Bci2, with all contributors listed before the License statement. Download: SuperGeomPhysics.pdf Links: Physics Classification : 00. (GENERAL) 02.40.Re (Algebraic topology) 02.40.Gh (Noncommutative geometry) 02.40.-kxx (Geometry, di",https://aux.physicslibrary.org/files/books/335/SuperGeomPhysics.pdf,2775
336,Molecular models of DNA and Dynamics | Physics Library,https://physicslibrary.org/?op=getobj;from=books;id=336,GFDL,medium,Book-local GFDL/GNU licensing language detected," Bci2- with several contributors listed before the License Statement by bci1 and Bci2: Permission is granted to copy, distribute and/or modify this document under the terms of the GNU Free Documentation License, Version 1.2 or any later version ;published by the Free Software Foundation, with no Invariant Sections, no Front-Cover Texts, and no Back-Cover Texts. A copy of the license is included in ;the section entitled ""GNU Free Documentation License"". Edited by Bci2, with all contributors liste ||  ;published by the Free Software Foundation, with no Invariant Sections, no Front-Cover Texts, and no Back-Cover Texts. A copy of the license is included in ;the section entitled ""GNU Free Documentation License"". Edited by Bci2, with all contributors listed before the License statement. Download: MolModDNAokWiki10Mb13p.pdf Links: Physics Classification : 00. (GENERAL) || py 8 References 9 Further reading 10 External links 10.1 Databases for DNA molecular models and sequences Rights: Open access: http://en.wikipedia.org/wiki/Molecular_models_of_DNA Copyright@2009 Bci2, and Copyright@2010 bci1 and Bci2, Edited and originated by Bci2- with several contributors listed before the License Statement by bci1 and Bci2: Permission is granted to copy, distribute and/or modify this document under the terms of the GNU Free Documentation License, Version 1.2 or any later vers ||  reading 10 External links 10.1 Databases for DNA molecular models and sequences Rights: Open access: http://en.wikipedia.org/wiki/Molecular_models_of_DNA Copyright@2009 Bci2, and Copyright@2010 bci1 and Bci2, Edited and originated by Bci2- with several contributors listed before the License Statement by bci1 and Bci2: Permission is granted to copy, distribute and/or modify this document under the terms of the GNU Free Documentation License, Version 1.2 or any later version ;published by the Fre || models_of_DNA Copyright@2009 Bci2, and Copyright@2010 bci1 and Bci2, Edited and originated by Bci2- with several contributors listed before the License Statement by bci1 and Bci2: Permission is granted to copy, distribute and/or modify this document under the terms of the GNU Free Documentation License, Version 1.2 or any later version ;published by the Free Software Foundation, with no Invariant Sections, no Front-Cover Texts, and no Back-Cover Texts. A copy of the license is included in ;the s || p://en.wikipedia.org/wiki/Molecular_models_of_DNA Copyright@2009 Bci2, and Copyright@2010 bci1 and Bci2, Edited and originated by Bci2- with several contributors listed before the License Statement by bci1 and Bci2: Permission is granted to copy, distribute and/or modify this document under the terms of the GNU Free Documentation License, Version 1.2 or any later version ;published by the Free Software Foundation, with no Invariant Sections, no Front-Cover Texts, and no Back-Cover Texts. A copy  || tributors listed before the License Statement by bci1 and Bci2: Permission is granted to copy, distribute and/or modify this document under the terms of the GNU Free Documentation License, Version 1.2 or any later version ;published by the Free Software Foundation, with no Invariant Sections, no Front-Cover Texts, and no Back-Cover Texts. A copy of the license is included in ;the section entitled ""GNU Free Documentation License"". Edited by Bci2, with all contributors listed before the License st || tion License, Version 1.2 or any later version ;published by the Free Software Foundation, with no Invariant Sections, no Front-Cover Texts, and no Back-Cover Texts. A copy of the license is included in ;the section entitled ""GNU Free Documentation License"". Edited by Bci2, with all contributors listed before the License statement. Download: MolModDNAokWiki10Mb13p.pdf Links: Physics Classification : 00. (GENERAL) ||  Software Foundation, with no Invariant Sections, no Front-Cover Texts, and no Back-Cover Texts. A copy of the license is included in ;the section entitled ""GNU Free Documentation License"". Edited by Bci2, with all contributors listed before the License statement. Download: MolModDNAokWiki10Mb13p.pdf Links: Physics Classification : 00. (GENERAL) || exts, and no Back-Cover Texts. A copy of the license is included in ;the section entitled ""GNU Free Documentation License"". Edited by Bci2, with all contributors listed before the License statement. Download: MolModDNAokWiki10Mb13p.pdf Links: Physics Classification : 00. (GENERAL)",https://aux.physicslibrary.org/files/books/336/MolModDNAokWiki10Mb13p.pdf,2766
337,"DNA: Molecular Modeling, Structure, Dynamics and Applications | Physics Library",https://physicslibrary.org/?op=getobj;from=books;id=337,GFDL,medium,Book-local GFDL/GNU licensing language detected," Bci2- with several contributors listed before the License Statement by bci1 and Bci2: Permission is granted to copy, distribute and/or modify this document under the terms of the GNU Free Documentation License, Version 1.2 or any later version ;published by the Free Software Foundation, with no Invariant Sections, no Front-Cover Texts, and no Back-Cover Texts. A copy of the license is included in ;the section entitled ""GNU Free Documentation License"". Edited by Bci2, with all contributors liste ||  ;published by the Free Software Foundation, with no Invariant Sections, no Front-Cover Texts, and no Back-Cover Texts. A copy of the license is included in ;the section entitled ""GNU Free Documentation License"". Edited by Bci2, with all contributors listed before the License statement. Download: DNA_Volume1 DNA_Volume1.1 DNAvol1p153Mb22ok.pdf Links: Physics Classification : 00. (GENERAL) || d DNA G-quadruplex DNA Analysis Human genome http://en.wikipedia.org/wiki/User:Bci2/Books/DNA_Volume1 Rights: Open access: http://en.wikipedia.org/wiki/User:Bci2/Books/DNA_Volume1 Copyright@2009 Bci2, and Copyright@2010 bci1 and Bci2, Edited and originated by Bci2- with several contributors listed before the License Statement by bci1 and Bci2: Permission is granted to copy, distribute and/or modify this document under the terms of the GNU Free Documentation License, Version 1.2 or any later vers || alysis Human genome http://en.wikipedia.org/wiki/User:Bci2/Books/DNA_Volume1 Rights: Open access: http://en.wikipedia.org/wiki/User:Bci2/Books/DNA_Volume1 Copyright@2009 Bci2, and Copyright@2010 bci1 and Bci2, Edited and originated by Bci2- with several contributors listed before the License Statement by bci1 and Bci2: Permission is granted to copy, distribute and/or modify this document under the terms of the GNU Free Documentation License, Version 1.2 or any later version ;published by the Fre || s/DNA_Volume1 Copyright@2009 Bci2, and Copyright@2010 bci1 and Bci2, Edited and originated by Bci2- with several contributors listed before the License Statement by bci1 and Bci2: Permission is granted to copy, distribute and/or modify this document under the terms of the GNU Free Documentation License, Version 1.2 or any later version ;published by the Free Software Foundation, with no Invariant Sections, no Front-Cover Texts, and no Back-Cover Texts. A copy of the license is included in ;the s || en.wikipedia.org/wiki/User:Bci2/Books/DNA_Volume1 Copyright@2009 Bci2, and Copyright@2010 bci1 and Bci2, Edited and originated by Bci2- with several contributors listed before the License Statement by bci1 and Bci2: Permission is granted to copy, distribute and/or modify this document under the terms of the GNU Free Documentation License, Version 1.2 or any later version ;published by the Free Software Foundation, with no Invariant Sections, no Front-Cover Texts, and no Back-Cover Texts. A copy  || tributors listed before the License Statement by bci1 and Bci2: Permission is granted to copy, distribute and/or modify this document under the terms of the GNU Free Documentation License, Version 1.2 or any later version ;published by the Free Software Foundation, with no Invariant Sections, no Front-Cover Texts, and no Back-Cover Texts. A copy of the license is included in ;the section entitled ""GNU Free Documentation License"". Edited by Bci2, with all contributors listed before the License st || tion License, Version 1.2 or any later version ;published by the Free Software Foundation, with no Invariant Sections, no Front-Cover Texts, and no Back-Cover Texts. A copy of the license is included in ;the section entitled ""GNU Free Documentation License"". Edited by Bci2, with all contributors listed before the License statement. Download: DNA_Volume1 DNA_Volume1.1 DNAvol1p153Mb22ok.pdf Links: Physics Classification : 00. (GENERAL) ||  Software Foundation, with no Invariant Sections, no Front-Cover Texts, and no Back-Cover Texts. A copy of the license is included in ;the section entitled ""GNU Free Documentation License"". Edited by Bci2, with all contributors listed before the License statement. Download: DNA_Volume1 DNA_Volume1.1 DNAvol1p153Mb22ok.pdf Links: Physics Classification : 00. (GENERAL) || exts, and no Back-Cover Texts. A copy of the license is included in ;the section entitled ""GNU Free Documentation License"". Edited by Bci2, with all contributors listed before the License statement. Download: DNA_Volume1 DNA_Volume1.1 DNAvol1p153Mb22ok.pdf Links: Physics Classification : 00. (GENERAL)",https://aux.physicslibrary.org/files/books/337/DNAvol1p153Mb22ok.pdf,2323
338,Molecular Dynamics Simulation and Modeling | Physics Library,https://physicslibrary.org/?op=getobj;from=books;id=338,questionable/manual review,low,No explicit reusable-license or public-domain evidence on catalog page,"lecular phylogenetics 260 Computational phylogenetics 263 References Article Sources and Contributors 271 Image Sources, Licenses and Contributors 275 Article Licenses License 277 Copyright@2009 Bci2/ Copyright@2010 bci1 and Bci2 Edited and originated by Bci2- with several contributors listed before the License Statement. http://en.wikipedia.org/wiki/User:Bci2/Books/Molecular_Modeling_and_Dynamics Rights: Open access: Copyright@2010 bci1 and Bci2 http://en.wikipedia.org/wiki/User:Bci2/Books/Mole ||  260 Computational phylogenetics 263 References Article Sources and Contributors 271 Image Sources, Licenses and Contributors 275 Article Licenses License 277 Copyright@2009 Bci2/ Copyright@2010 bci1 and Bci2 Edited and originated by Bci2- with several contributors listed before the License Statement. http://en.wikipedia.org/wiki/User:Bci2/Books/Molecular_Modeling_and_Dynamics Rights: Open access: Copyright@2010 bci1 and Bci2 http://en.wikipedia.org/wiki/User:Bci2/Books/Molecular_Modeling_and_Dy || riginated by Bci2- with several contributors listed before the License Statement. http://en.wikipedia.org/wiki/User:Bci2/Books/Molecular_Modeling_and_Dynamics Rights: Open access: Copyright@2010 bci1 and Bci2 http://en.wikipedia.org/wiki/User:Bci2/Books/Molecular_Modeling_and_Dynamics Download: MolecModDyn281pMb18.pdf Links: Physics Classification : 00. (GENERAL) 02. (Mathematical methods in physics) 02.70.-cxx (Computational techniques ) 02.90.+p (Other topics in mathematical methods in physics || teractome 249 Cell signaling 251 Molecular evolution 257 Molecular phylogenetics 260 Computational phylogenetics 263 References Article Sources and Contributors 271 Image Sources, Licenses and Contributors 275 Article Licenses License 277 Copyright@2009 Bci2/ Copyright@2010 bci1 and Bci2 Edited and originated by Bci2- with several contributors listed before the License Statement. http://en.wikipedia.org/wiki/User:Bci2/Books/Molecular_Modeling_and_Dynamics Rights: Open access: Copyright@2010 bci1 || ular evolution 257 Molecular phylogenetics 260 Computational phylogenetics 263 References Article Sources and Contributors 271 Image Sources, Licenses and Contributors 275 Article Licenses License 277 Copyright@2009 Bci2/ Copyright@2010 bci1 and Bci2 Edited and originated by Bci2- with several contributors listed before the License Statement. http://en.wikipedia.org/wiki/User:Bci2/Books/Molecular_Modeling_and_Dynamics Rights: Open access: Copyright@2010 bci1 and Bci2 http://en.wikipedia.org/wiki || ution 257 Molecular phylogenetics 260 Computational phylogenetics 263 References Article Sources and Contributors 271 Image Sources, Licenses and Contributors 275 Article Licenses License 277 Copyright@2009 Bci2/ Copyright@2010 bci1 and Bci2 Edited and originated by Bci2- with several contributors listed before the License Statement. http://en.wikipedia.org/wiki/User:Bci2/Books/Molecular_Modeling_and_Dynamics Rights: Open access: Copyright@2010 bci1 and Bci2 http://en.wikipedia.org/wiki/User:Bci || nses and Contributors 275 Article Licenses License 277 Copyright@2009 Bci2/ Copyright@2010 bci1 and Bci2 Edited and originated by Bci2- with several contributors listed before the License Statement. http://en.wikipedia.org/wiki/User:Bci2/Books/Molecular_Modeling_and_Dynamics Rights: Open access: Copyright@2010 bci1 and Bci2 http://en.wikipedia.org/wiki/User:Bci2/Books/Molecular_Modeling_and_Dynamics Download: MolecModDyn281pMb18.pdf Links: Physics Classification : 00. (GENERAL) 02. (Mathematical",https://aux.physicslibrary.org/files/books/338/MolecModDyn281pMb18.pdf,3522
339,"Biophysical Chemistry, Theoretical Biophysics and Nuclear Medicine Vol 1: Principles, Theory, and Experiments | Physics Library",https://physicslibrary.org/?op=getobj;from=books;id=339,GFDL,medium,Book-local GFDL/GNU licensing language detected,"e_and_Theoretical_Biophysics_Vol_1 Copyright@2010 bci1 and Bci2 . Copyright statement: Permission is granted to copy, distribute and/or modify this document under the terms of the GNU Free Documentation License, Version 1.2 or any later version ;published by the Free Software Foundation, with no Invariant Sections, no Front-Cover Texts, and no Back- Cover Texts. A copy of the license is included in the section entitled ""GNU Free Documentation License"". Edited by Bci2, with all contributors liste ||  ;published by the Free Software Foundation, with no Invariant Sections, no Front-Cover Texts, and no Back- Cover Texts. A copy of the license is included in the section entitled ""GNU Free Documentation License"". Edited by Bci2, with all contributors listed before the License statement. Download: BiophysChemNucMedv1p318Mb26.pdf BiophysChemNucMedVol1332pMb25.pdf Links: Physics Classification : 00. (GENERAL) 02. (Mathematical methods in physics) 02.70.-cxx (Computational techniques ) 02.90.+p (Oth ||  Electron transport chain, Radiobiology. Rights: Open access: http://en.wikipedia.org/wiki/User:Bci2/Books/Biophysical_Chemistry,_Nuclear_Medicine_and_Theoretical_Biophysics_Vol_1 Copyright@2010 bci1 and Bci2 . Copyright statement: Permission is granted to copy, distribute and/or modify this document under the terms of the GNU Free Documentation License, Version 1.2 or any later version ;published by the Free Software Foundation, with no Invariant Sections, no Front-Cover Texts, and no Back- Cov || obiology. Rights: Open access: http://en.wikipedia.org/wiki/User:Bci2/Books/Biophysical_Chemistry,_Nuclear_Medicine_and_Theoretical_Biophysics_Vol_1 Copyright@2010 bci1 and Bci2 . Copyright statement: Permission is granted to copy, distribute and/or modify this document under the terms of the GNU Free Documentation License, Version 1.2 or any later version ;published by the Free Software Foundation, with no Invariant Sections, no Front-Cover Texts, and no Back- Cover Texts. A copy of the license || n access: http://en.wikipedia.org/wiki/User:Bci2/Books/Biophysical_Chemistry,_Nuclear_Medicine_and_Theoretical_Biophysics_Vol_1 Copyright@2010 bci1 and Bci2 . Copyright statement: Permission is granted to copy, distribute and/or modify this document under the terms of the GNU Free Documentation License, Version 1.2 or any later version ;published by the Free Software Foundation, with no Invariant Sections, no Front-Cover Texts, and no Back- Cover Texts. A copy of the license is included in the s || ysics_Vol_1 Copyright@2010 bci1 and Bci2 . Copyright statement: Permission is granted to copy, distribute and/or modify this document under the terms of the GNU Free Documentation License, Version 1.2 or any later version ;published by the Free Software Foundation, with no Invariant Sections, no Front-Cover Texts, and no Back- Cover Texts. A copy of the license is included in the section entitled ""GNU Free Documentation License"". Edited by Bci2, with all contributors listed before the License st || ion License, Version 1.2 or any later version ;published by the Free Software Foundation, with no Invariant Sections, no Front-Cover Texts, and no Back- Cover Texts. A copy of the license is included in the section entitled ""GNU Free Documentation License"". Edited by Bci2, with all contributors listed before the License statement. Download: BiophysChemNucMedv1p318Mb26.pdf BiophysChemNucMedVol1332pMb25.pdf Links: Physics Classification : 00. (GENERAL) 02. (Mathematical methods in physics) 02.70.- ||  Software Foundation, with no Invariant Sections, no Front-Cover Texts, and no Back- Cover Texts. A copy of the license is included in the section entitled ""GNU Free Documentation License"". Edited by Bci2, with all contributors listed before the License statement. Download: BiophysChemNucMedv1p318Mb26.pdf BiophysChemNucMedVol1332pMb25.pdf Links: Physics Classification : 00. (GENERAL) 02. (Mathematical methods in physics) 02.70.-cxx (Computational techniques ) 02.90.+p (Other topics in mathematic || exts, and no Back- Cover Texts. A copy of the license is included in the section entitled ""GNU Free Documentation License"". Edited by Bci2, with all contributors listed before the License statement. Download: BiophysChemNucMedv1p318Mb26.pdf BiophysChemNucMedVol1332pMb25.pdf Links: Physics Classification : 00. (GENERAL) 02. (Mathematical methods in physics) 02.70.-cxx (Computational techniques ) 02.90.+p (Other topics in mathematical methods in physics )",https://aux.physicslibrary.org/files/books/339/BiophysChemNucMedv1p318Mb26.pdf | https://aux.physicslibrary.org/files/books/339/BiophysChemNucMedVol1332pMb25.pdf,3667
341,Biophysical Chemistry Techniques and Nuclear Medicine Applications: Vol.2 | Physics Library,https://physicslibrary.org/?op=getobj;from=books;id=341,GFDL,medium,Book-local GFDL/GNU licensing language detected,"emistry_and_Nuclear_Medicine_Vol_2 Copyright@2010 bci1 and Bci2 . Copyright statement: Permission is granted to copy, distribute and/or modify this document under the terms of the GNU Free Documentation License, Version 1.2 or any later version ;published by the Free Software Foundation, with no Invariant Sections, no Front-Cover Texts, and no Back- Cover Texts. A copy of the license is included in the section entitled ""GNU Free Documentation License"". Edited by Bci2, with all contributors liste ||  ;published by the Free Software Foundation, with no Invariant Sections, no Front-Cover Texts, and no Back- Cover Texts. A copy of the license is included in the section entitled ""GNU Free Documentation License"". Edited by Bci2, with all contributors listed before the License statement. Download: BiophysChemNucMed218pMb26.pdf Links: Physics Classification : 00. (GENERAL) 02. (Mathematical methods in physics) 02.70.-cxx (Computational techniques ) 02.90.+p (Other topics in mathematical methods in || rces, Licenses and Contributors 211 Article Licenses License 215 Rights: Open access: http://en.wikipedia.org/wiki/User:Bci2/Books/Biophysical_Chemistry_and_Nuclear_Medicine_Vol_2 Copyright@2010 bci1 and Bci2 . Copyright statement: Permission is granted to copy, distribute and/or modify this document under the terms of the GNU Free Documentation License, Version 1.2 or any later version ;published by the Free Software Foundation, with no Invariant Sections, no Front-Cover Texts, and no Back- Cov ||  211 Article Licenses License 215 Rights: Open access: http://en.wikipedia.org/wiki/User:Bci2/Books/Biophysical_Chemistry_and_Nuclear_Medicine_Vol_2 Copyright@2010 bci1 and Bci2 . Copyright statement: Permission is granted to copy, distribute and/or modify this document under the terms of the GNU Free Documentation License, Version 1.2 or any later version ;published by the Free Software Foundation, with no Invariant Sections, no Front-Cover Texts, and no Back- Cover Texts. A copy of the license ||  License 215 Rights: Open access: http://en.wikipedia.org/wiki/User:Bci2/Books/Biophysical_Chemistry_and_Nuclear_Medicine_Vol_2 Copyright@2010 bci1 and Bci2 . Copyright statement: Permission is granted to copy, distribute and/or modify this document under the terms of the GNU Free Documentation License, Version 1.2 or any later version ;published by the Free Software Foundation, with no Invariant Sections, no Front-Cover Texts, and no Back- Cover Texts. A copy of the license is included in the s ||  Nuclear medicine 156 Positron emission tomography 165 X- ray computed tomography 173 Magnetic resonance imaging 188 References Article Sources and Contributors 207 Image Sources, Licenses and Contributors 211 Article Licenses License 215 Rights: Open access: http://en.wikipedia.org/wiki/User:Bci2/Books/Biophysical_Chemistry_and_Nuclear_Medicine_Vol_2 Copyright@2010 bci1 and Bci2 . Copyright statement: Permission is granted to copy, distribute and/or modify this document under the terms of the G || n tomography 165 X- ray computed tomography 173 Magnetic resonance imaging 188 References Article Sources and Contributors 207 Image Sources, Licenses and Contributors 211 Article Licenses License 215 Rights: Open access: http://en.wikipedia.org/wiki/User:Bci2/Books/Biophysical_Chemistry_and_Nuclear_Medicine_Vol_2 Copyright@2010 bci1 and Bci2 . Copyright statement: Permission is granted to copy, distribute and/or modify this document under the terms of the GNU Free Documentation License, Version || phy 165 X- ray computed tomography 173 Magnetic resonance imaging 188 References Article Sources and Contributors 207 Image Sources, Licenses and Contributors 211 Article Licenses License 215 Rights: Open access: http://en.wikipedia.org/wiki/User:Bci2/Books/Biophysical_Chemistry_and_Nuclear_Medicine_Vol_2 Copyright@2010 bci1 and Bci2 . Copyright statement: Permission is granted to copy, distribute and/or modify this document under the terms of the GNU Free Documentation License, Version 1.2 or a || icine_Vol_2 Copyright@2010 bci1 and Bci2 . Copyright statement: Permission is granted to copy, distribute and/or modify this document under the terms of the GNU Free Documentation License, Version 1.2 or any later version ;published by the Free Software Foundation, with no Invariant Sections, no Front-Cover Texts, and no Back- Cover Texts. A copy of the license is included in the section entitled ""GNU Free Documentation License"". Edited by Bci2, with all contributors listed before the License st || ion License, Version 1.2 or any later version ;published by the Free Software Foundation, with no Invariant Sections, no Front-Cover Texts, and no Back- Cover Texts. A copy of the license is included in the section entitled ""GNU Free Documentation License"". Edited by Bci2, with all contributors listed before the License statement. Download: BiophysChemNucMed218pMb26.pdf Links: Physics Classification : 00. (GENERAL) 02. (Mathematical methods in physics) 02.70.-cxx (Computational techniques ) 02.9",https://aux.physicslibrary.org/files/books/341/BiophysChemNucMed218pMb26.pdf,3025
342,Molecular Modeling of Complex Biomolecules: Fundamentals and Applications. | Physics Library,https://physicslibrary.org/?op=getobj;from=books;id=342,GFDL,medium,Book-local GFDL/GNU licensing language detected,"lecular_Modeling_and_Dynamics Copyright@2009-2010 bci1 and Bci2 : Copyright statement: Permission is granted to copy, distribute and/or modify this document under the terms of the GNU Free Documentation License, Version 1.2 or any later version ;published by the Free Software Foundation, with no Invariant Sections, no Front-Cover Texts, and no Back- Cover Texts. A copy of the license is included in the section entitled ""GNU Free Documentation License"". Edited by Bci2, with all contributors liste ||  ;published by the Free Software Foundation, with no Invariant Sections, no Front-Cover Texts, and no Back- Cover Texts. A copy of the license is included in the section entitled ""GNU Free Documentation License"". Edited by Bci2, with all contributors listed before the License statement. Download: MoldynBukCover2p.pdf MolDynDNACoverp3vfinal.pdf MolecModelingMethods284pMb19.pdf Links: Physics Classification : 00. (GENERAL) 02. (Mathematical methods in physics) 02.70.-cxx (Computational techniques  ||  Image Sources, Licenses and Contributors 278 Article Licenses License 280 ====== http://en.wikipedia.org/wiki/User:Bci2/Books/Molecular_Modeling_and_Dynamics Rights: Open access: Copyright@2009-2010 Bci2, Edited and originated by Bci2- with several contributors listed before the License Statement. http://en.wikipedia.org/wiki/User:Bci2/Books/Molecular_Modeling_and_Dynamics Copyright@2009-2010 bci1 and Bci2 : Copyright statement: Permission is granted to copy, distribute and/or modify this docum || 10 Bci2, Edited and originated by Bci2- with several contributors listed before the License Statement. http://en.wikipedia.org/wiki/User:Bci2/Books/Molecular_Modeling_and_Dynamics Copyright@2009-2010 bci1 and Bci2 : Copyright statement: Permission is granted to copy, distribute and/or modify this document under the terms of the GNU Free Documentation License, Version 1.2 or any later version ;published by the Free Software Foundation, with no Invariant Sections, no Front-Cover Texts, and no Back || i2- with several contributors listed before the License Statement. http://en.wikipedia.org/wiki/User:Bci2/Books/Molecular_Modeling_and_Dynamics Copyright@2009-2010 bci1 and Bci2 : Copyright statement: Permission is granted to copy, distribute and/or modify this document under the terms of the GNU Free Documentation License, Version 1.2 or any later version ;published by the Free Software Foundation, with no Invariant Sections, no Front-Cover Texts, and no Back- Cover Texts. A copy of the license || ributors listed before the License Statement. http://en.wikipedia.org/wiki/User:Bci2/Books/Molecular_Modeling_and_Dynamics Copyright@2009-2010 bci1 and Bci2 : Copyright statement: Permission is granted to copy, distribute and/or modify this document under the terms of the GNU Free Documentation License, Version 1.2 or any later version ;published by the Free Software Foundation, with no Invariant Sections, no Front-Cover Texts, and no Back- Cover Texts. A copy of the license is included in the s || teractome 252 Cell signaling 254 Molecular evolution 260 Molecular phylogenetics 263 Computational phylogenetics 266 References Article Sources and Contributors 274 Image Sources, Licenses and Contributors 278 Article Licenses License 280 ====== http://en.wikipedia.org/wiki/User:Bci2/Books/Molecular_Modeling_and_Dynamics Rights: Open access: Copyright@2009-2010 Bci2, Edited and originated by Bci2- with several contributors listed before the License Statement. http://en.wikipedia.org/wiki/User:Bc || ular evolution 260 Molecular phylogenetics 263 Computational phylogenetics 266 References Article Sources and Contributors 274 Image Sources, Licenses and Contributors 278 Article Licenses License 280 ====== http://en.wikipedia.org/wiki/User:Bci2/Books/Molecular_Modeling_and_Dynamics Rights: Open access: Copyright@2009-2010 Bci2, Edited and originated by Bci2- with several contributors listed before the License Statement. http://en.wikipedia.org/wiki/User:Bci2/Books/Molecular_Modeling_and_Dynami || ution 260 Molecular phylogenetics 263 Computational phylogenetics 266 References Article Sources and Contributors 274 Image Sources, Licenses and Contributors 278 Article Licenses License 280 ====== http://en.wikipedia.org/wiki/User:Bci2/Books/Molecular_Modeling_and_Dynamics Rights: Open access: Copyright@2009-2010 Bci2, Edited and originated by Bci2- with several contributors listed before the License Statement. http://en.wikipedia.org/wiki/User:Bci2/Books/Molecular_Modeling_and_Dynamics Copyri || .org/wiki/User:Bci2/Books/Molecular_Modeling_and_Dynamics Rights: Open access: Copyright@2009-2010 Bci2, Edited and originated by Bci2- with several contributors listed before the License Statement. http://en.wikipedia.org/wiki/User:Bci2/Books/Molecular_Modeling_and_Dynamics Copyright@2009-2010 bci1 and Bci2 : Copyright statement: Permission is granted to copy, distribute and/or modify this document under the terms of the GNU Free Documentation License, Version 1.2 or any later version ;publishe",https://aux.physicslibrary.org/files/books/342/MoldynBukCover2p.pdf | https://aux.physicslibrary.org/files/books/342/MolDynDNACoverp3vfinal.pdf | https://aux.physicslibrary.org/files/books/342/MolecModelingMethods284pMb19.pdf,4266
343,Polarization Spectroscopy and Applications | Physics Library,https://physicslibrary.org/?op=getobj;from=books;id=343,GFDL,medium,Book-local GFDL/GNU licensing language detected,"hts: Open access: Free downloadable PDF, GNU License Copyright@2009 by Bci2 and bci1 : Permission is granted to copy, distribute and/or modify this document under the terms of the GNU Free Documentation License, Version 1.2 or any later version ;published by the Free Software Foundation, with no Invariant Sections, no Front-Cover Texts, and no Back-Cover Texts. A copy of the license is included in ;the section entitled ""GNU Free Documentation License"". Download: PolarizationSpectroscopy_Biopapps ||  ;published by the Free Software Foundation, with no Invariant Sections, no Front-Cover Texts, and no Back-Cover Texts. A copy of the license is included in ;the section entitled ""GNU Free Documentation License"". Download: PolarizationSpectroscopy_Biopapps253pMb21.pdf Links: Physics Classification : 00. (GENERAL) 02.40.Re (Algebraic topology) 02.40.Gh (Noncommutative geometry) 02.40.-kxx (Geometry, differential geometry, and topology ) || 9 References Article Sources and Contributors 242 Image Sources, Licenses and Contributors 247 Article Licenses License 250 Rights: Open access: Free downloadable PDF, GNU License Copyright@2009 by Bci2 and bci1 : Permission is granted to copy, distribute and/or modify this document under the terms of the GNU Free Documentation License, Version 1.2 or any later version ;published by the Free Software Foundation, with no Invariant Sections, no Front-Cover Texts, and no Back-Cover Texts. A copy of || ontributors 242 Image Sources, Licenses and Contributors 247 Article Licenses License 250 Rights: Open access: Free downloadable PDF, GNU License Copyright@2009 by Bci2 and bci1 : Permission is granted to copy, distribute and/or modify this document under the terms of the GNU Free Documentation License, Version 1.2 or any later version ;published by the Free Software Foundation, with no Invariant Sections, no Front-Cover Texts, and no Back-Cover Texts. A copy of the license is included in ;the s || ization Spectroscopy: Principles, Theory, Techniques and Applications Biological Applications Contents Articles 2 Edited by Bci2, with the contributors listed after the Common Use License. 3 Spectroscopy--An Introduction 4 Spectroscopy 4 Fourier transform spectroscopy 11 Spectroscopy Theory 15 Quantum mechanics 15 Quantum field theory 30 Algebraic quantum field theory 41 Local quantum field theory 42 Algebraic logic 43 Quantum logic 46 Quantum computer 53 Quantum chemistry 62 Density functional  || amics 174 Nucleic Acids 189 DNA 192 Molecular models of DNA 216 DNA structure 224 DNA Dynamics 232 Interactomics 239 References Article Sources and Contributors 242 Image Sources, Licenses and Contributors 247 Article Licenses License 250 Rights: Open access: Free downloadable PDF, GNU License Copyright@2009 by Bci2 and bci1 : Permission is granted to copy, distribute and/or modify this document under the terms of the GNU Free Documentation License, Version 1.2 or any later version ;published by || lecular models of DNA 216 DNA structure 224 DNA Dynamics 232 Interactomics 239 References Article Sources and Contributors 242 Image Sources, Licenses and Contributors 247 Article Licenses License 250 Rights: Open access: Free downloadable PDF, GNU License Copyright@2009 by Bci2 and bci1 : Permission is granted to copy, distribute and/or modify this document under the terms of the GNU Free Documentation License, Version 1.2 or any later version ;published by the Free Software Foundation, with no || odels of DNA 216 DNA structure 224 DNA Dynamics 232 Interactomics 239 References Article Sources and Contributors 242 Image Sources, Licenses and Contributors 247 Article Licenses License 250 Rights: Open access: Free downloadable PDF, GNU License Copyright@2009 by Bci2 and bci1 : Permission is granted to copy, distribute and/or modify this document under the terms of the GNU Free Documentation License, Version 1.2 or any later version ;published by the Free Software Foundation, with no Invarian || omics 239 References Article Sources and Contributors 242 Image Sources, Licenses and Contributors 247 Article Licenses License 250 Rights: Open access: Free downloadable PDF, GNU License Copyright@2009 by Bci2 and bci1 : Permission is granted to copy, distribute and/or modify this document under the terms of the GNU Free Documentation License, Version 1.2 or any later version ;published by the Free Software Foundation, with no Invariant Sections, no Front-Cover Texts, and no Back-Cover Texts. A || downloadable PDF, GNU License Copyright@2009 by Bci2 and bci1 : Permission is granted to copy, distribute and/or modify this document under the terms of the GNU Free Documentation License, Version 1.2 or any later version ;published by the Free Software Foundation, with no Invariant Sections, no Front-Cover Texts, and no Back-Cover Texts. A copy of the license is included in ;the section entitled ""GNU Free Documentation License"". Download: PolarizationSpectroscopy_Biopapps253pMb21.pdf Links: Phy",https://aux.physicslibrary.org/files/books/343/PolarizationSpectroscopy_Biopapps253pMb21.pdf,3160
344,Algebraic Groups and Discontinuous Subgroups | Physics Library,https://physicslibrary.org/?op=getobj;from=books;id=344,questionable/manual review,low,No explicit reusable-license or public-domain evidence on catalog page,"s Authors: Armand Borel and George D. Mostow Uploaded by: bci1 Comments: 426pp, 1966,Publisher: AMS: 7 files 27.38mb Abstract: From authors contents: ""Outline and contents: Title, Copyright Contents: 1. Algebraic Groups, Arithmetic Groups 2. Arithmetic Properties of Algebraic Groups. Adele Groups 3. Automorphic Functions and Decomposition 4. Bounded Symmetric Domains, Holomorphic Automorphic Forms, Moduli 5. Quotients of Symmetric Spaces. Deformations Index "" Maths. classifications 14-01 and 14-",https://aux.physicslibrary.org/files/books/344/pspum9-pspum9-frnt.pdf | https://aux.physicslibrary.org/files/books/344/pspum9-pspum9-ptI.pdf | https://aux.physicslibrary.org/files/books/344/pspum9-pspum9-ptII.pdf | https://aux.physicslibrary.org/files/books/344/pspum9-pspum9-ptIII.pdf | https://aux.physicslibrary.org/files/books/344/pspum9-pspum9-ptIV.pdf,2177
346,An Introduction to Mathematical Optimal Control Theory | Physics Library,https://physicslibrary.org/?op=getobj;from=books;id=346,questionable/manual review,low,No explicit reusable-license or public-domain evidence on catalog page,,https://aux.physicslibrary.org/files/books/346/control.course.pdf | https://aux.physicslibrary.org/files/books/346/Optimalcontroltxtbk.pdf,2197
347,"Automorphic Forms, Representations, and L-Functions , (I and II) | Physics Library",https://physicslibrary.org/?op=getobj;from=books;id=347,questionable/manual review,low,No explicit reusable-license or public-domain evidence on catalog page,,https://aux.physicslibrary.org/files/books/347/pspum331-pspum331-ptI-2.pdf | https://aux.physicslibrary.org/files/books/347/pspum331-pspum331-ptI-3.pdf | https://aux.physicslibrary.org/files/books/347/pspum331-pspum331-ptI-4.pdf | https://aux.physicslibrary.org/files/books/347/pspum331-pspum331-ptI-5.pdf | https://aux.physicslibrary.org/files/books/347/pspum331-pspum331-ptI-6.pdf | https://aux.physicslibrary.org/files/books/347/pspum331-pspum331-ptI-7.pdf | https://aux.physicslibrary.org/files/books/347/pspum331-pspum331-ptI-8.pdf | https://aux.physicslibrary.org/files/books/347/pspum331-pspum331-ptI-9.pdf | https://aux.physicslibrary.org/files/books/347/reductivegroups.pdf,3346
350,"Automorphic Forms, Representations, and L-Functions, (III) | Physics Library",https://physicslibrary.org/?op=getobj;from=books;id=350,questionable/manual review,low,No explicit reusable-license or public-domain evidence on catalog page,,https://aux.physicslibrary.org/files/books/350/pspum331-pspum331-ptII-1.pdf,2458
351,Abelian categories | Physics Library,https://physicslibrary.org/?op=getobj;from=books;id=351,questionable/manual review,low,No explicit reusable-license or public-domain evidence on catalog page,,https://aux.physicslibrary.org/files/books/351/AbelianCats.pdf | https://aux.physicslibrary.org/files/books/351/foreword.pdf | https://aux.physicslibrary.org/files/books/351/tr3-16a4.pdf | https://aux.physicslibrary.org/files/books/351/tr3-16l.pdf | https://aux.physicslibrary.org/files/books/351/tr3-2a4.pdf | https://aux.physicslibrary.org/files/books/351/tr3-2l.pdf | https://aux.physicslibrary.org/files/books/351/tr3-32a4.pdf | https://aux.physicslibrary.org/files/books/351/tr3-4a4.pdf | https://aux.physicslibrary.org/files/books/351/tr3-4l.pdf | https://aux.physicslibrary.org/files/books/351/tr3.pdf,1327
352,Clifford Algebras and Their Applications in Mathematical Physics: Volume 2--Clifford Analysis. | Physics Library,https://physicslibrary.org/?op=getobj;from=books;id=352,questionable/manual review,low,No explicit reusable-license or public-domain evidence on catalog page,"ility The Characterization of Monogenic p. 273 differential forms, Hodge star operator, p-forms Hypermonogenic Functions p.287; open subset, homogeneous polynomial, hypermonogenic Reproducing Kernels for Hyperbolic Spaces ;p.303 hyperbolic spaces; Tao Qian, Conformal mappings. Index"" \\Key terms: Clifford algebra, Dirac operator, monogenic functions, quaternionic, hypercomplex, fermionic, Cauchy kernel, Schwarzian derivatives, singular integral operator, paravector, differential forms, Mobius tr",https://aux.physicslibrary.org/files/books/352/TOC2.ps,5870
353,"Clifford Algebras: Volume 1--Applications in Mathematics, Physics, and Engineering. | Physics Library",https://physicslibrary.org/?op=getobj;from=books;id=353,questionable/manual review,low,No explicit reusable-license or public-domain evidence on catalog page,"ken, and Gerald Sommer 36. Image Space Jan J. Koenderink 37. Pose Estimation of Cycloidal Curves by using Twist Representations Bodo Rosenhahn and Gerald Sommer. + INDEX."" Rights: Copyright@2004 by Birkhauser http://math.tntech.edu/rafal/cookeville/proceedings/InvitedForm.pdf Download: CliffordAlgBk1.pdf Links: Physics Classification : 00. (GENERAL) 02. (Mathematical methods in physics) 02.70.-cxx (Computational techniques ) 02.90.+p (Other topics in mathematical methods in physics )",https://aux.physicslibrary.org/files/books/353/CliffordAlgBk1.pdf,5654
354,Galois Connections and Fixed Point Calculus | Physics Library,https://physicslibrary.org/?op=getobj;from=books;id=354,U.S. public domain,medium,Explicit public-domain marker; jurisdiction/source still worth confirming,"hat belong to the authors or the publishers. Please also note that each author and publisher has their own terms and conditions in the forms of free / open documentation licenses, public domain or other specific ones. You are allowed to view, download and with a very few exceptions, print the books for your own private use at no charge. "" http://www.freetechbooks.com/galois-connections-and-fixed-point-calculus-t394.html ; http://www.cs.nott.ac.uk/~rcb/G53PAL/FPandGC.pdf Download: FPandGC.pdf Gal || t: http://www.cs.nott.ac.uk/~rcb/G53PAL/FPandGC.pdf Rights: http://www.freetechbooks.com/galois-connections-and-fixed-point-calculus-t394.html ; http://www.cs.nott.ac.uk/ Verbatim Copyright statement :""All the books listed in this site are freely available, as they are hosted on websites that belong to the authors or the publishers. Please also note that each author and publisher has their own terms and conditions in the forms of free / open documentation licenses, public domain or other specifi || e forms of free / open documentation licenses, public domain or other specific ones. You are allowed to view, download and with a very few exceptions, print the books for your own private use at no charge. "" http://www.freetechbooks.com/galois-connections-and-fixed-point-calculus-t394.html ; http://www.cs.nott.ac.uk/~rcb/G53PAL/FPandGC.pdf Download: FPandGC.pdf GaloisConections.pdf Links: Physics Classification : 00. (GENERAL) 02. (Mathematical methods in physics) 02.70.-cxx (Computational techn || websites that belong to the authors or the publishers. Please also note that each author and publisher has their own terms and conditions in the forms of free / open documentation licenses, public domain or other specific ones. You are allowed to view, download and with a very few exceptions, print the books for your own private use at no charge. "" http://www.freetechbooks.com/galois-connections-and-fixed-point-calculus-t394.html ; http://www.cs.nott.ac.uk/~rcb/G53PAL/FPandGC.pdf Download: FPand",https://aux.physicslibrary.org/files/books/354/FPandGC.pdf | https://aux.physicslibrary.org/files/books/354/GaloisConections.pdf,2420
355,CATEGORIES AND GROUPOIDS | Physics Library,https://physicslibrary.org/?op=getobj;from=books;id=355,questionable/manual review,low,No explicit reusable-license or public-domain evidence on catalog page,,https://aux.physicslibrary.org/files/books/355/CatsGroupoidsHiggs.pdf | https://aux.physicslibrary.org/files/books/355/tr7.pdf,3225
356,Functorial Semantics of Algebraic Theories and Some Algebraic Problems in the context of Functorial Semantics of Algebraic Theories | Physics Library,https://physicslibrary.org/?op=getobj;from=books;id=356,questionable/manual review,low,No explicit reusable-license or public-domain evidence on catalog page,"ticles/5/tr5abs.html Originally published as: Ph.D. thesis, Columbia University, 1963 and in Reports of the Midwest Category Seminar II, 1968, 41-61, @Springer-Verlag, and used by permission. The authors comments are @ F. William Lawvere, 2004. Download: FunctorSemanticsAlgebrThFWL.pdf tr5.dvi tr5.pdf tr5.ps tr5abs.html Links: Physics Classification : 00. (GENERAL) 02. (Mathematical methods in physics) 02.70.-cxx (Computational techniques ) 02.90.+p (Other topics in mathematical methods in physi",https://aux.physicslibrary.org/files/books/356/FunctorSemanticsAlgebrThFWL.pdf | https://aux.physicslibrary.org/files/books/356/tr5.pdf | https://aux.physicslibrary.org/files/books/356/tr5.ps,5901
357,Basic Concepts of Enriched Category Theory | Physics Library,https://physicslibrary.org/?op=getobj;from=books;id=357,do-not-publish,medium,Restrictive rights/use language detected,"s in Theory and Applications of Categories, No. 10 (2005) pp. 1--136 http://www.tac.mta.ca/tac/reprints/articles/10/tr10.dvi http://www.tac.mta.ca/tac/reprints/articles/10/tr10.ps Copyright by G.M. Kelly, 2005. Permission to copy for private use granted. http://www.tac.mta.ca/tac/reprints/articles/10/tr10.pdf TAC Reprints Home Download: EnrichedCatsKelly.pdf tr10.pdf Links: Physics Classification : 00. (GENERAL) || 05) pp. 1--136 http://www.tac.mta.ca/tac/reprints/articles/10/tr10.dvi http://www.tac.mta.ca/tac/reprints/articles/10/tr10.ps Copyright by G.M. Kelly, 2005. Permission to copy for private use granted. http://www.tac.mta.ca/tac/reprints/articles/10/tr10.pdf TAC Reprints Home Download: EnrichedCatsKelly.pdf tr10.pdf Links: Physics Classification : 00. (GENERAL) ||  Categories, No. 10 (2005) pp. 1--136 http://www.tac.mta.ca/tac/reprints/articles/10/tr10.dvi http://www.tac.mta.ca/tac/reprints/articles/10/tr10.ps Copyright by G.M. Kelly, 2005. Permission to copy for private use granted. http://www.tac.mta.ca/tac/reprints/articles/10/tr10.pdf TAC Reprints Home Download: EnrichedCatsKelly.pdf tr10.pdf Links: Physics Classification : 00. (GENERAL)",https://aux.physicslibrary.org/files/books/357/EnrichedCatsKelly.pdf | https://aux.physicslibrary.org/files/books/357/tr10.pdf,3155
358,Basic Concepts of Enriched Category Theory | Physics Library,https://physicslibrary.org/?op=getobj;from=books;id=358,do-not-publish,medium,Restrictive rights/use language detected,"ories, monoidal categories. Originally published by Cambridge University Press, London Mathematical Society Lecture Notes Series 64, 1982 @G.M. Kelly, 2005. Permission to copy for private use granted."" Rights: Originally published as: Cambridge University Press, Lecture Notes in Mathematics 64, 1982. Republished in: Reprints in Theory and Applications of Categories, No. 10 (2005) pp. 1--136 http://www.tac.mta.ca/tac/reprints/articles/10/tr10.dvi http://www.tac.mta.ca/tac/reprints/articles/10/tr1 || phrases: enriched categories, monoidal categories. Originally published by Cambridge University Press, London Mathematical Society Lecture Notes Series 64, 1982 @G.M. Kelly, 2005. Permission to copy for private use granted."" Rights: Originally published as: Cambridge University Press, Lecture Notes in Mathematics 64, 1982. Republished in: Reprints in Theory and Applications of Categories, No. 10 (2005) pp. 1--136 http://www.tac.mta.ca/tac/reprints/articles/10/tr10.dvi http://www.tac.mta.ca/tac/r",https://aux.physicslibrary.org/files/books/358/EnrichedCatsKelly.pdf,7646
359,"Seminar on Triples and Categorical Homology Theory Lecture Notes in Mathematics, Volume 80 | Physics Library",https://physicslibrary.org/?op=getobj;from=books;id=359,questionable/manual review,low,No explicit reusable-license or public-domain evidence on catalog page,,https://aux.physicslibrary.org/files/books/359/tr18.pdf | https://aux.physicslibrary.org/files/books/359/tr18.ps | https://aux.physicslibrary.org/files/books/359/TriplCategHomolTh.pdf,4773
360,Abstract and concrete categories: The joy of cats | Physics Library,https://physicslibrary.org/?op=getobj;from=books;id=360,questionable/manual review,low,No explicit reusable-license or public-domain evidence on catalog page,,https://aux.physicslibrary.org/files/books/360/CatsJoyAdamek.pdf | https://aux.physicslibrary.org/files/books/360/tr17.pdf,1797
363,"Physical Chemistry of Food Processes: Advanced Techniques and Applications, Second Edition | Physics Library",https://physicslibrary.org/?op=getobj;from=books;id=363,questionable/manual review,low,No explicit reusable-license or public-domain evidence on catalog page,"man Press, Champaign, IL; total book content-800+ pages. Abstract: NIR, NMR, X-ray diffraction and scattering of biomaterials, especially food materials and nanomaterials. Rights: Copyright@2010 by I.C. Baianu Download: physicalchemistry_vol2Beta.pdf Links: Physics Classification : 00. (GENERAL) 02. (Mathematical methods in physics) 02.70.-cxx (Computational techniques ) 02.90.+p (Other topics in mathematical methods in physics )",https://aux.physicslibrary.org/files/books/363/physicalchemistry_vol2Beta.pdf,1501
364,"Physical Chemistry of Food Processes: Advanced techniques, structures, and applications | Physics Library",https://physicslibrary.org/?op=getobj;from=books;id=364,questionable/manual review,low,No explicit reusable-license or public-domain evidence on catalog page,,https://aux.physicslibrary.org/files/books/364/PhysChemistryofFoodProcesses.pdf,2021
365,Quantum Algebraic Topology (QAT) | Physics Library,https://physicslibrary.org/?op=getobj;from=books;id=365,questionable/manual review,low,No explicit reusable-license or public-domain evidence on catalog page,,https://aux.physicslibrary.org/files/books/365/AlgebraicQuantumTopol_SymmetryBrATQ720p22MbF.pdf,1441
366,"Magnetic Resonance Spectroscopy and Imaging: NMR, MRI, ESR and Imaging Applications | Physics Library",https://physicslibrary.org/?op=getobj;from=books;id=366,questionable/manual review,low,No explicit reusable-license or public-domain evidence on catalog page," 2010 Abstract: Fundamental aspects of Magnetic Resonance Spectroscopy and Imaging: FT-NMR, 2D-FTNMRSI, MRI, ESR, with examples and Imaging Applications. Rights: Open access, GNUL License: http://en.wikipedia.org/wiki/User:Bci2/Books/NMRIS#Magnetic_Resonance_Spectroscopy_and_Imaging:NMR.2C_MRI_and_ESR Download: NMRISbuk115pMb5p5.pdf NMRSIepr_NuBuk122pMb6.pdf Links: Physics Classification : 00. (GENERAL)",https://aux.physicslibrary.org/files/books/366/NMRISbuk115pMb5p5.pdf | https://aux.physicslibrary.org/files/books/366/NMRSIepr_NuBuk122pMb6.pdf,1458
367,Biophysical Chemistry and Theoretical Biophysics | Physics Library,https://physicslibrary.org/?op=getobj;from=books;id=367,questionable/manual review,low,No explicit reusable-license or public-domain evidence on catalog page,"ors Uploaded by: bci1 Comments: 488 pages, v.03, 39Mb, August1 , 2010 Abstract: Principles, theory and experimental applications of Biophysical Chemistry Rights: Open Access, GNUL License Download: BiophyThChem466pMb38.pdf Links: Physics Classification : 00. (GENERAL)",https://aux.physicslibrary.org/files/books/367/BiophyThChem466pMb38.pdf,1132
368,Nuclear Magnetic Resonance Spectroscopy and Medical Imaging Applications | Physics Library,https://physicslibrary.org/?op=getobj;from=books;id=368,questionable/manual review,low,No explicit reusable-license or public-domain evidence on catalog page,"ploaded by: bci1 Comments: 137 pages, 7.1 Mb, v03, August2, 2010 Abstract: An introduction to Nuclear Magnetic Resonance Spectroscopy and Medical Imaging Applications. Rights: GNU Licence Open access specified in the PDF attached Download: NMRSI137pMb7.pdf Links: Physics Classification : 00. (GENERAL)",https://aux.physicslibrary.org/files/books/368/NMRSI137pMb7.pdf,1243
369,Complexity and Dynamics | Physics Library,https://physicslibrary.org/?op=getobj;from=books;id=369,questionable/manual review,low,No explicit reusable-license or public-domain evidence on catalog page,"g Reports Feedback Downloads Snapshots Information Legalese About Book: Complexity and Dynamics Complexity and Dynamics Authors: Bci2 Editor (with the contributors specified after License statement) Uploaded by: bci1 Comments: 533 pages. 29Mb, August 25th 2010 Abstract: A textbook on fundamentals of complexity and dynamics with emphasis on biological and medical systems. Rights: GNUL license Download: ComplexityEt_DynamicsAug25k10_533pMb29.pdf Links: Physics Classification : 00. (GENERAL) ||  by: bci1 Comments: 533 pages. 29Mb, August 25th 2010 Abstract: A textbook on fundamentals of complexity and dynamics with emphasis on biological and medical systems. Rights: GNUL license Download: ComplexityEt_DynamicsAug25k10_533pMb29.pdf Links: Physics Classification : 00. (GENERAL)",https://aux.physicslibrary.org/files/books/369/ComplexityEt_DynamicsAug25k10_533pMb29.pdf,1119
370,Cancer Modeling and Simulation | Physics Library,https://physicslibrary.org/?op=getobj;from=books;id=370,questionable/manual review,low,No explicit reusable-license or public-domain evidence on catalog page,,https://aux.physicslibrary.org/files/books/370/CancerModelsSim.pdf,1102
371,Physics Library,https://physicslibrary.org/?op=getobj;from=books;id=371,questionable/manual review,low,No explicit reusable-license or public-domain evidence on catalog page,) Orphanage (1) Unclassified Unproven Corrections (4) Classification Talkback Polls Forums Bug Reports Feedback Downloads Snapshots Information Legalese About Error You don't have permission to view that object. This may be a mistake. Try contacting the object owner (preferably) or administration (if the owner is unresponsive).,,836
372,Complex SpaceTime Structures | Physics Library,https://physicslibrary.org/?op=getobj;from=books;id=372,questionable/manual review,low,No explicit reusable-license or public-domain evidence on catalog page,"symmetryÃ¢Â€Â™ of genetic networks in organismic development and evolution is investigated in terms of categories of many-valued, Ã…ÂukasiewiczÃ¢Â€Â“Moisil logic algebras Rights: Copyright@2007 , Springer Download: Axio2k7p129BBG.pdf Links: Physics Classification : 00. (GENERAL) 02. (Mathematical methods in physics) 02.70.-cxx (Computational techniques ) 02.90.+p (Other topics in mathematical methods in physics )",https://aux.physicslibrary.org/files/books/372/Axio2k7p129BBG.pdf,2502
373,GEOMETRIC AND ALGEBRAIC TOPOLOGICAL METHODS IN QUANTUM MECHANICS | Physics Library,https://physicslibrary.org/?op=getobj;from=books;id=373,questionable/manual review,low,No explicit reusable-license or public-domain evidence on catalog page," an ordered presentation of GNS and related topics in non-commutative geometry, including quantization and ""dequantization"". http://www.worldscibooks.com/physics/5731.html Rights: Copyright statement at: http://www.worldscibooks.com/physics/5731.html Free Introduction and contents download only Download: 5731.html GeomAlgQMContents.pdf GeometricAlgebraic_opological-MethodsBuk.pdf Links: Physics Classification : 00. (GENERAL) 02. (Mathematical methods in physics) 02.70.-cxx (Computational techniq",https://aux.physicslibrary.org/files/books/373/GeomAlgQMContents.pdf | https://aux.physicslibrary.org/files/books/373/GeometricAlgebraic_opological-MethodsBuk.pdf,1768
375,"Nuclear Medicine, Tomography and Imaging | Physics Library",https://physicslibrary.org/?op=getobj;from=books;id=375,questionable/manual review,low,No explicit reusable-license or public-domain evidence on catalog page,"conduction system of the heart 218 Coronary disease 222 Atherosclerosis 224 Interventional cardiology 239 Non-invasive Cardiology Techniques and Methods 241 SQUID 241 Rights: GNUL License, Open access Download: NuclearMedicinev4_326pMb22.pdf Links: Physics Classification : 87-XX (Biological and medical physics) 87.59.-exx (X-ray imaging) 87.64.-txx (Spectroscopic and microscopic techniques in biophysics and medical physics ) 87.61.-cxx (Magnetic resonance imaging)",https://aux.physicslibrary.org/files/books/375/NuclearMedicinev4_326pMb22.pdf,2516
376,"Symbolic Dynamics, Algebraic Topology and Quantum Computing | Physics Library",https://physicslibrary.org/?op=getobj;from=books;id=376,questionable/manual review,low,No explicit reusable-license or public-domain evidence on catalog page,"1 pages, November 30th, 2010 Abstract: An outline of symbolic dynamics including relevant algebraic topology concepts and quantum computing fundamentals. Rights: Open Access, GNUL license Download: SymbolDynamicsv5181p_7Mb.pdf Links: Physics Classification : 00. (GENERAL) 02. (Mathematical methods in physics) 02.70.-cxx (Computational techniques ) 02.90.+p (Other topics in mathematical methods in physics )",https://aux.physicslibrary.org/files/books/376/SymbolDynamicsv5181p_7Mb.pdf,1329
377,Complex Systems Biology and Life' s Logic in memory of Robert Rosen | Physics Library,https://physicslibrary.org/?op=getobj;from=books;id=377,questionable/manual review,low,No explicit reusable-license or public-domain evidence on catalog page, Implications for Neural Systems Michael John Healy and Thomas Preston Caudell 215-243 A Phenomenological Calculus for Anisotropic Systems A. H. Louie and I. W. Richardson Rights: Copyright by Springer http://www.springerlink.com/content/n8gw445012267381/ Download: Axiomathes_BaianuSpecIssueEditor.pdf Links: Physics Classification : 00. (GENERAL) 02. (Mathematical methods in physics) 02.70.-cxx (Computational techniques ) 02.90.+p (Other topics in mathematical methods in physics ),https://aux.physicslibrary.org/files/books/377/Axiomathes_BaianuSpecIssueEditor.pdf,3530
378,Complex Spacetime Structures: Categorical Ontology | Physics Library,https://physicslibrary.org/?op=getobj;from=books;id=378,questionable/manual review,low,No explicit reusable-license or public-domain evidence on catalog page,"volution and human consciousness. Relational structures of organisms and the human mind are naturally represented in nonabelian categories and higher dimensional algebra."" Rights: Copyright@2007 by Springer Download: AxioBBGPrint_2k7p129Mb1p5.pdf Links: Physics Classification : 00. (GENERAL) 02. (Mathematical methods in physics) 02.70.-cxx (Computational techniques ) 02.90.+p (Other topics in mathematical methods in physics )",https://aux.physicslibrary.org/files/books/378/AxioBBGPrint_2k7p129Mb1p5.pdf,1521
379,"Biophysical Chemistry,Nuclear Medicine and Theoretical Biophysics, vol.1 | Physics Library",https://physicslibrary.org/?op=getobj;from=books;id=379,questionable/manual review,low,No explicit reusable-license or public-domain evidence on catalog page,,https://aux.physicslibrary.org/files/books/379/BiophysChemNucMedV1p264Mb16.pdf,2530
380,Biographies of Mathematical/Theoretical Biologists and Biophysicists | Physics Library,https://physicslibrary.org/?op=getobj;from=books;id=380,questionable/manual review,low,No explicit reusable-license or public-domain evidence on catalog page,,https://aux.physicslibrary.org/files/books/380/AmathBio378pMb17.pdf,1320
381,Control Systems | Physics Library,https://physicslibrary.org/?op=getobj;from=books;id=381,questionable/manual review,low,No explicit reusable-license or public-domain evidence on catalog page,,https://aux.physicslibrary.org/files/books/381/ControlSystemsIntro5Mb.pdf,1822
382,Techniques and Instrumentation for Structure Determination | Physics Library,https://physicslibrary.org/?op=getobj;from=books;id=382,questionable/manual review,low,No explicit reusable-license or public-domain evidence on catalog page,,https://aux.physicslibrary.org/files/books/382/StructTechniques.pdf | https://aux.physicslibrary.org/files/books/382/StructuralTechnsUpv5.pdf,1226
383,"Symbolic Dynamics and Dynamical System Models: Topological, Categorical and Quantum Dynamics | Physics Library",https://physicslibrary.org/?op=getobj;from=books;id=383,questionable/manual review,low,No explicit reusable-license or public-domain evidence on catalog page,,https://aux.physicslibrary.org/files/books/383/SymbolDynV11Mb40.pdf,1323
386,"Quantum Algebraic Topology, Symmetry and Higher Dimensional Algebra-- Second Edition | Physics Library",https://physicslibrary.org/?op=getobj;from=books;id=386,CC,high,Explicit Creative Commons marker on book page,"omments: 1070 pages, 23MB, Second Edition, 23 December 2010, 6 Chapters Abstract: Extended and revised, second edition of the first volume of Quantum Algebra and Symmetry. Rights: Creative Commons Attribution/Share-Alike License Download: QuAlgSymV14_Nu700pMb23.pdf Links: Physics Classification : 00. (GENERAL) 03-XX (Quantum mechanics, field theories, and special relativity ) 03.70.+k (Theory of quantized fields ) 03. (Quantum mechanics, field theories, and special relativity ) || , 23 December 2010, 6 Chapters Abstract: Extended and revised, second edition of the first volume of Quantum Algebra and Symmetry. Rights: Creative Commons Attribution/Share-Alike License Download: QuAlgSymV14_Nu700pMb23.pdf Links: Physics Classification : 00. (GENERAL) 03-XX (Quantum mechanics, field theories, and special relativity ) 03.70.+k (Theory of quantized fields ) 03. (Quantum mechanics, field theories, and special relativity )",https://aux.physicslibrary.org/files/books/386/QuAlgSymV14_Nu700pMb23.pdf,1478
387,"Spectroscopy and Imaging: Principles, Theory, Techniques and Applications | Physics Library",https://physicslibrary.org/?op=getobj;from=books;id=387,CC,high,Explicit Creative Commons marker on book page,"tical to NIR, fluorescence, FCS, FCCS, Raman, NMR, ESR, X-ray, neutron, CT, PET, etc, with applications to nuclear medicine and biomolecular structure and dynamic studies. Rights: Creative Commons Attribution-Share Alike 3.0 Download: Spectroscopy_ImagingApps_600pMb42Mb.pdf Links: Physics Classification : 00. (GENERAL) 78-XX (Optical properties, condensed-matter spectroscopy and other interactions of radiation and particles with condensed matter) 87.61.-cxx (Magnetic resonance imaging) 78.30.-jx",https://aux.physicslibrary.org/files/books/387/Spectroscopy_ImagingApps_600pMb42Mb.pdf,2012
392,"Algebraic Logic, Quantum Algebra and Algebraic Mathematics | Physics Library",https://physicslibrary.org/?op=getobj;from=books;id=392,questionable/manual review,low,No explicit reusable-license or public-domain evidence on catalog page,"r Dimensional Algebras (HDA) 383 Higher-dimensional algebra 383 Higher category theory 387 Duality (mathematics) 389 References Article Sources and Contributors 398 Image Sources, Licenses and Contributors 403 Article Licenses License 404 Rights: open access http://en.wikipedia.org/w/index.php?title=Special:Book&bookcmd=download&collection_id=6939948e69cb91c6&writer=rl&return_to=User%3ABci2%2FBooks%2FAlgebra Download: AlgLogic.pdf Links: Physics Classification : 00. (GENERAL) || r-dimensional algebra 383 Higher category theory 387 Duality (mathematics) 389 References Article Sources and Contributors 398 Image Sources, Licenses and Contributors 403 Article Licenses License 404 Rights: open access http://en.wikipedia.org/w/index.php?title=Special:Book&bookcmd=download&collection_id=6939948e69cb91c6&writer=rl&return_to=User%3ABci2%2FBooks%2FAlgebra Download: AlgLogic.pdf Links: Physics Classification : 00. (GENERAL) || onal algebra 383 Higher category theory 387 Duality (mathematics) 389 References Article Sources and Contributors 398 Image Sources, Licenses and Contributors 403 Article Licenses License 404 Rights: open access http://en.wikipedia.org/w/index.php?title=Special:Book&bookcmd=download&collection_id=6939948e69cb91c6&writer=rl&return_to=User%3ABci2%2FBooks%2FAlgebra Download: AlgLogic.pdf Links: Physics Classification : 00. (GENERAL)",https://aux.physicslibrary.org/files/books/392/AlgLogic.pdf,4010
394,Relativity Theories | Physics Library,https://physicslibrary.org/?op=getobj;from=books;id=394,questionable/manual review,low,No explicit reusable-license or public-domain evidence on catalog page,"sional Hilbert space 236 List of differential geometry topics 263 Pseudo-Riemannian manifold 271 Albert Einstein 274 References Article Sources and Contributors 304 Image Sources, Licenses and Contributors 310 Article Licenses License 312 Rights: open access http://en.wikipedia.org/w/index.php?title=Special:Book&bookcmd=download&collection_id=6939948e69cb91c6&writer=rl&return_to=User%3ABci2%2FBooks%2FAlgebra Download: RelativTh.pdf Links: Physics Classification : 00. (GENERAL) || rential geometry topics 263 Pseudo-Riemannian manifold 271 Albert Einstein 274 References Article Sources and Contributors 304 Image Sources, Licenses and Contributors 310 Article Licenses License 312 Rights: open access http://en.wikipedia.org/w/index.php?title=Special:Book&bookcmd=download&collection_id=6939948e69cb91c6&writer=rl&return_to=User%3ABci2%2FBooks%2FAlgebra Download: RelativTh.pdf Links: Physics Classification : 00. (GENERAL) || eometry topics 263 Pseudo-Riemannian manifold 271 Albert Einstein 274 References Article Sources and Contributors 304 Image Sources, Licenses and Contributors 310 Article Licenses License 312 Rights: open access http://en.wikipedia.org/w/index.php?title=Special:Book&bookcmd=download&collection_id=6939948e69cb91c6&writer=rl&return_to=User%3ABci2%2FBooks%2FAlgebra Download: RelativTh.pdf Links: Physics Classification : 00. (GENERAL)",https://aux.physicslibrary.org/files/books/394/RelativTh.pdf,2169
402,Elementary Differential Equations | Physics Library,https://physicslibrary.org/?op=getobj;from=books;id=402,U.S. public domain,medium,Explicit public-domain marker; jurisdiction/source still worth confirming,se About Book: Elementary Differential Equations Elementary Differential Equations Authors: Thornton C Fry Uploaded by: bloftin Abstract: Elementary Differential Equations Rights: Public Domain as published in usa in 1929 Download: Elementary_Differential_Equations1929.pdf Links: Physics Classification : 02. (Mathematical methods in physics),https://aux.physicslibrary.org/files/books/402/Elementary_Differential_Equations1929.pdf,1036
