case,sample,mode,m,k,zeta,force,ratio,phase,x0,v0,cycles,time_s,x_m,v_m_s,a_m_s2,kinetic_J,potential_J,mechanical_J,dissipated_J,drive_work_J,drive_force_N,balance_error_J
release,0,harmonic,1,4,0.12,0.8,1,0,1,0,8,0,1,0,-4,0,2,2,0,0,0,0
release,1,harmonic,1,4,0.12,0.8,1,0,1,0,8,0.3141592653589793,0.8090169943749476,-1.175570504584946,-3.23606797749979,0.6909830056250521,1.309016994374948,2,0,0,0,0
release,2,harmonic,1,4,0.12,0.8,1,0,1,0,8,0.6283185307179586,0.3090169943749475,-1.902113032590307,-1.23606797749979,1.809016994374947,0.1909830056250526,2,0,0,0,-2.220446049250313e-16
release,3,harmonic,1,4,0.12,0.8,1,0,1,0,8,0.9424777960769379,-0.3090169943749475,-1.902113032590308,1.23606797749979,1.809016994374948,0.1909830056250527,2.000000000000001,0,0,-0,8.881784197001252e-16
release,4,harmonic,1,4,0.12,0.8,1,0,1,0,8,1.256637061435917,-0.8090169943749473,-1.175570504584946,3.236067977499789,0.6909830056250529,1.309016994374947,2,0,0,-0,0
release,5,harmonic,1,4,0.12,0.8,1,0,1,0,8,1.570796326794897,-0.9999999999999998,-5.176387231545567e-16,3.999999999999999,1.339749238545399e-31,1.999999999999999,1.999999999999999,0,0,-0,-8.881784197001252e-16
release,6,harmonic,1,4,0.12,0.8,1,0,1,0,8,1.884955592153876,-0.8090169943749477,1.175570504584946,3.236067977499791,0.6909830056250525,1.309016994374948,2.000000000000001,0,0,-0,8.881784197001252e-16
release,7,harmonic,1,4,0.12,0.8,1,0,1,0,8,2.199114857512855,-0.3090169943749475,1.902113032590307,1.23606797749979,1.809016994374947,0.1909830056250527,2,0,0,-0,-4.440892098500626e-16
release,8,harmonic,1,4,0.12,0.8,1,0,1,0,8,2.513274122871834,0.3090169943749472,1.902113032590307,-1.236067977499789,1.809016994374948,0.1909830056250523,2,0,0,0,0
release,9,harmonic,1,4,0.12,0.8,1,0,1,0,8,2.827433388230814,0.8090169943749475,1.175570504584947,-3.23606797749979,0.6909830056250537,1.309016994374947,2.000000000000001,0,0,0,8.881784197001252e-16
release,10,harmonic,1,4,0.12,0.8,1,0,1,0,8,3.141592653589793,0.9999999999999996,1.035277446309113e-15,-3.999999999999998,5.358996954181595e-31,1.999999999999998,1.999999999999998,0,0,0,-1.77635683940025e-15
release,11,harmonic,1,4,0.12,0.8,1,0,1,0,8,3.455751918948772,0.809016994374948,-1.175570504584945,-3.236067977499792,0.6909830056250515,1.309016994374949,2.000000000000001,0,0,0,8.881784197001252e-16
release,12,harmonic,1,4,0.12,0.8,1,0,1,0,8,3.769911184307752,0.3090169943749479,-1.902113032590308,-1.236067977499792,1.809016994374949,0.1909830056250532,2.000000000000002,0,0,0,2.220446049250313e-15
release,13,harmonic,1,4,0.12,0.8,1,0,1,0,8,4.084070449666731,-0.3090169943749467,-1.902113032590307,1.236067977499787,1.809016994374946,0.1909830056250517,1.999999999999998,0,0,-0,-1.998401444325282e-15
release,14,harmonic,1,4,0.12,0.8,1,0,1,0,8,4.39822971502571,-0.8090169943749472,-1.175570504584946,3.236067977499789,0.6909830056250523,1.309016994374947,1.999999999999999,0,0,-0,-8.881784197001252e-16
release,15,harmonic,1,4,0.12,0.8,1,0,1,0,8,4.71238898038469,-0.9999999999999992,-4.598694340586181e-17,3.999999999999997,1.057399481906968e-33,1.999999999999997,1.999999999999997,0,0,-0,-3.108624468950438e-15
release,16,harmonic,1,4,0.12,0.8,1,0,1,0,8,5.026548245743669,-0.8090169943749477,1.175570504584945,3.236067977499791,0.690983005625051,1.309016994374948,1.999999999999999,0,0,-0,-6.661338147750939e-16
release,17,harmonic,1,4,0.12,0.8,1,0,1,0,8,5.340707511102648,-0.3090169943749471,1.902113032590307,1.236067977499788,1.809016994374946,0.1909830056250522,1.999999999999998,0,0,-0,-1.554312234475219e-15
release,18,harmonic,1,4,0.12,0.8,1,0,1,0,8,5.654866776461628,0.3090169943749469,1.902113032590308,-1.236067977499788,1.80901699437495,0.1909830056250519,2.000000000000002,0,0,0,1.77635683940025e-15
release,19,harmonic,1,4,0.12,0.8,1,0,1,0,8,5.969026041820607,0.8090169943749482,1.175570504584945,-3.236067977499793,0.6909830056250515,1.30901699437495,2.000000000000002,0,0,0,1.77635683940025e-15
release,20,harmonic,1,4,0.12,0.8,1,0,1,0,8,6.283185307179586,0.9999999999999991,2.070554892618226e-15,-3.999999999999996,2.143598781672636e-30,1.999999999999996,1.999999999999996,0,0,0,-3.552713678800501e-15
release,21,harmonic,1,4,0.12,0.8,1,0,1,0,8,6.597344572538566,0.8090169943749486,-1.175570504584946,-3.236067977499794,0.6909830056250523,1.309016994374951,2.000000000000004,0,0,0,3.552713678800501e-15
release,22,harmonic,1,4,0.12,0.8,1,0,1,0,8,6.911503837897544,0.3090169943749488,-1.902113032590307,-1.236067977499795,1.809016994374947,0.1909830056250543,2.000000000000001,0,0,0,8.881784197001252e-16
release,23,harmonic,1,4,0.12,0.8,1,0,1,0,8,7.225663103256524,-0.3090169943749455,-1.902113032590309,1.236067977499782,1.809016994374951,0.1909830056250501,2.000000000000001,0,0,-0,8.881784197001252e-16
release,24,harmonic,1,4,0.12,0.8,1,0,1,0,8,7.539822368615503,-0.8090169943749479,-1.175570504584949,3.236067977499792,0.690983005625056,1.309016994374949,2.000000000000005,0,0,-0,4.884981308350689e-15
release,25,harmonic,1,4,0.12,0.8,1,0,1,0,8,7.853981633974483,-0.9999999999999998,-4.440892098500626e-16,3.999999999999999,9.860761315262645e-32,1.999999999999999,1.999999999999999,0,0,-0,-8.881784197001252e-16
release,26,harmonic,1,4,0.12,0.8,1,0,1,0,8,8.168140899333462,-0.8090169943749475,1.175570504584943,3.23606797749979,0.6909830056250489,1.309016994374947,1.999999999999996,0,0,-0,-3.552713678800501e-15
release,27,harmonic,1,4,0.12,0.8,1,0,1,0,8,8.482300164692441,-0.3090169943749483,1.902113032590307,1.236067977499793,1.809016994374946,0.1909830056250537,2,0,0,-0,0
release,28,harmonic,1,4,0.12,0.8,1,0,1,0,8,8.796459430051421,0.3090169943749472,1.902113032590306,-1.236067977499789,1.809016994374946,0.1909830056250523,1.999999999999998,0,0,0,-1.77635683940025e-15
release,29,harmonic,1,4,0.12,0.8,1,0,1,0,8,9.1106186954104,0.8090169943749465,1.175570504584948,-3.236067977499786,0.6909830056250552,1.309016994374944,2,0,0,0,-4.440892098500626e-16
release,30,harmonic,1,4,0.12,0.8,1,0,1,0,8,9.424777960769379,0.9999999999999984,9.197388681172354e-17,-3.999999999999994,4.229597927627867e-33,1.999999999999994,1.999999999999994,0,0,0,-6.217248937900877e-15
release,31,harmonic,1,4,0.12,0.8,1,0,1,0,8,9.738937226128359,0.8090169943749497,-1.175570504584941,-3.236067977499799,0.6909830056250458,1.309016994374955,2,0,0,0,4.440892098500626e-16
release,32,harmonic,1,4,0.12,0.8,1,0,1,0,8,10.05309649148734,0.3090169943749487,-1.902113032590306,-1.236067977499795,1.809016994374945,0.1909830056250541,1.999999999999999,0,0,0,-1.110223024625157e-15
release,33,harmonic,1,4,0.12,0.8,1,0,1,0,8,10.36725575684632,-0.3090169943749471,-1.902113032590309,1.236067977499788,1.80901699437495,0.1909830056250522,2.000000000000002,0,0,-0,2.220446049250313e-15
release,34,harmonic,1,4,0.12,0.8,1,0,1,0,8,10.6814150222053,-0.8090169943749471,-1.175570504584945,3.236067977499788,0.6909830056250508,1.309016994374946,1.999999999999997,0,0,-0,-2.886579864025407e-15
release,35,harmonic,1,4,0.12,0.8,1,0,1,0,8,10.99557428756428,-1,9.151169474551954e-16,4.000000000000002,4.187195137598574e-31,2.000000000000002,2.000000000000002,0,0,-0,1.77635683940025e-15
release,36,harmonic,1,4,0.12,0.8,1,0,1,0,8,11.30973355292326,-0.8090169943749489,1.175570504584944,3.236067977499796,0.6909830056250502,1.309016994374952,2.000000000000002,0,0,-0,2.220446049250313e-15
release,37,harmonic,1,4,0.12,0.8,1,0,1,0,8,11.62389281828223,-0.309016994374946,1.902113032590309,1.236067977499784,1.809016994374951,0.1909830056250507,2.000000000000001,0,0,-0,1.332267629550188e-15
release,38,harmonic,1,4,0.12,0.8,1,0,1,0,8,11.93805208364121,0.3090169943749493,1.902113032590308,-1.236067977499797,1.809016994374949,0.1909830056250549,2.000000000000004,0,0,0,3.552713678800501e-15
release,39,harmonic,1,4,0.12,0.8,1,0,1,0,8,12.25221134900019,0.8090169943749483,1.175570504584943,-3.236067977499793,0.6909830056250484,1.30901699437495,1.999999999999999,0,0,0,-1.332267629550188e-15
release,40,harmonic,1,4,0.12,0.8,1,0,1,0,8,12.56637061435917,0.9999999999999982,4.141109785236448e-15,-3.999999999999993,8.574395126690529e-30,1.999999999999993,1.999999999999993,0,0,0,-7.105427357601002e-15
release,41,harmonic,1,4,0.12,0.8,1,0,1,0,8,12.88052987971815,0.8090169943749523,-1.175570504584937,-3.236067977499809,0.6909830056250417,1.309016994374963,2.000000000000005,0,0,0,4.884981308350689e-15
release,42,harmonic,1,4,0.12,0.8,1,0,1,0,8,13.19468914507713,0.3090169943749493,-1.90211303259031,-1.236067977499797,1.809016994374952,0.1909830056250549,2.000000000000007,0,0,0,6.661338147750939e-15
release,43,harmonic,1,4,0.12,0.8,1,0,1,0,8,13.50884841043611,-0.3090169943749482,-1.902113032590306,1.236067977499793,1.809016994374946,0.1909830056250536,2,0,0,-0,-4.440892098500626e-16
release,44,harmonic,1,4,0.12,0.8,1,0,1,0,8,13.82300767579509,-0.8090169943749462,-1.175570504584951,3.236067977499785,0.6909830056250578,1.309016994374943,2.000000000000001,0,0,-0,1.332267629550188e-15
release,45,harmonic,1,4,0.12,0.8,1,0,1,0,8,14.13716694115407,-1.000000000000001,-6.562827878054748e-15,4.000000000000004,2.153535487848629e-29,2.000000000000004,2.000000000000004,0,0,-0,3.552713678800501e-15
release,46,harmonic,1,4,0.12,0.8,1,0,1,0,8,14.45132620651305,-0.8090169943749503,1.17557050458494,3.236067977499801,0.6909830056250456,1.309016994374957,2.000000000000002,0,0,-0,2.220446049250313e-15
release,47,harmonic,1,4,0.12,0.8,1,0,1,0,8,14.76548547187203,-0.3090169943749409,1.902113032590305,1.236067977499764,1.809016994374943,0.1909830056250445,1.999999999999988,0,0,-0,-1.199040866595169e-14
release,48,harmonic,1,4,0.12,0.8,1,0,1,0,8,15.07964473723101,0.3090169943749465,1.902113032590313,-1.236067977499786,1.809016994374958,0.1909830056250514,2.00000000000001,0,0,0,9.769962616701378e-15
release,49,harmonic,1,4,0.12,0.8,1,0,1,0,8,15.39380400258998,0.8090169943749406,1.175570504584954,-3.236067977499762,0.6909830056250614,1.309016994374925,1.999999999999987,0,0,0,-1.332267629550188e-14
release,50,harmonic,1,4,0.12,0.8,1,0,1,0,8,15.70796326794897,0.9999999999999996,8.881784197001249e-16,-3.999999999999998,3.944304526105056e-31,1.999999999999998,1.999999999999998,0,0,0,-1.77635683940025e-15
release,51,harmonic,1,4,0.12,0.8,1,0,1,0,8,16.02212253330794,0.8090169943749514,-1.175570504584935,-3.236067977499806,0.6909830056250393,1.309016994374961,2,0,0,0,0
release,52,harmonic,1,4,0.12,0.8,1,0,1,0,8,16.33628179866692,0.3090169943749492,-1.902113032590302,-1.236067977499797,1.809016994374938,0.1909830056250547,1.999999999999993,0,0,0,-7.327471962526033e-15
release,53,harmonic,1,4,0.12,0.8,1,0,1,0,8,16.65044106402591,-0.3090169943749493,-1.902113032590307,1.236067977499797,1.809016994374948,0.1909830056250549,2.000000000000003,0,0,-0,2.664535259100376e-15
release,54,harmonic,1,4,0.12,0.8,1,0,1,0,8,16.96460032938488,-0.8090169943749463,-1.175570504584949,3.236067977499785,0.6909830056250558,1.309016994374944,2,0,0,-0,-4.440892098500626e-16
release,55,harmonic,1,4,0.12,0.8,1,0,1,0,8,17.27875959474386,-1.000000000000002,1.314470417176029e-14,4.000000000000007,8.639162388154623e-29,2.000000000000007,2.000000000000007,0,0,-0,7.105427357601002e-15
release,56,harmonic,1,4,0.12,0.8,1,0,1,0,8,17.59291886010284,-0.809016994374947,1.175570504584945,3.236067977499788,0.690983005625051,1.309016994374946,1.999999999999997,0,0,-0,-2.886579864025407e-15
release,57,harmonic,1,4,0.12,0.8,1,0,1,0,8,17.90707812546182,-0.30901699437495,1.902113032590301,1.2360679774998,1.809016994374936,0.1909830056250558,1.999999999999992,0,0,-0,-8.43769498715119e-15
release,58,harmonic,1,4,0.12,0.8,1,0,1,0,8,18.2212373908208,0.3090169943749446,1.902113032590308,-1.236067977499778,1.80901699437495,0.1909830056250491,1.999999999999999,0,0,0,-1.110223024625157e-15
release,59,harmonic,1,4,0.12,0.8,1,0,1,0,8,18.53539665617978,0.8090169943749443,1.175570504584951,-3.236067977499777,0.6909830056250585,1.309016994374937,1.999999999999996,0,0,0,-3.996802888650564e-15
release,60,harmonic,1,4,0.12,0.8,1,0,1,0,8,18.84955592153876,0.9999999999999969,1.839477736234468e-16,-3.999999999999988,1.691839171051141e-32,1.999999999999988,1.999999999999988,0,0,0,-1.243449787580175e-14
release,61,harmonic,1,4,0.12,0.8,1,0,1,0,8,19.16371518689774,0.809016994374947,-1.17557050458496,-3.236067977499788,0.6909830056250682,1.309016994374946,2.000000000000014,0,0,0,1.4210854715202e-14
release,62,harmonic,1,4,0.12,0.8,1,0,1,0,8,19.47787445225672,0.3090169943749545,-1.902113032590303,-1.236067977499818,1.809016994374939,0.1909830056250613,2,0,0,0,4.440892098500626e-16
release,63,harmonic,1,4,0.12,0.8,1,0,1,0,8,19.7920337176157,-0.3090169943749502,-1.902113032590308,1.236067977499801,1.80901699437495,0.190983005625056,2.000000000000006,0,0,-0,5.773159728050814e-15
release,64,harmonic,1,4,0.12,0.8,1,0,1,0,8,20.10619298297468,-0.8090169943749453,-1.175570504584951,3.236067977499781,0.6909830056250578,1.309016994374941,1.999999999999999,0,0,-0,-1.332267629550188e-15
release,65,harmonic,1,4,0.12,0.8,1,0,1,0,8,20.42035224833365,-0.9999999999999984,6.010984557184396e-16,3.999999999999994,1.806596767335464e-31,1.999999999999994,1.999999999999994,0,0,-0,-6.217248937900877e-15
release,66,harmonic,1,4,0.12,0.8,1,0,1,0,8,20.73451151369263,-0.8090169943749493,1.175570504584946,3.236067977499797,0.6909830056250523,1.309016994374954,2.000000000000006,0,0,-0,6.217248937900877e-15
release,67,harmonic,1,4,0.12,0.8,1,0,1,0,8,21.04867077905161,-0.3090169943749538,1.902113032590305,1.236067977499815,1.809016994374943,0.1909830056250604,2.000000000000004,0,0,-0,3.996802888650564e-15
release,68,harmonic,1,4,0.12,0.8,1,0,1,0,8,21.36283004441059,0.3090169943749478,1.902113032590304,-1.236067977499791,1.809016994374941,0.190983005625053,1.999999999999994,0,0,0,-5.551115123125783e-15
release,69,harmonic,1,4,0.12,0.8,1,0,1,0,8,21.67698930976957,0.8090169943749453,1.175570504584951,-3.236067977499781,0.6909830056250585,1.309016994374941,1.999999999999999,0,0,0,-6.661338147750939e-16
release,70,harmonic,1,4,0.12,0.8,1,0,1,0,8,21.99114857512855,1.000000000000001,-1.830233894910392e-15,-4.000000000000004,1.674878055039431e-30,2.000000000000004,2.000000000000004,0,0,0,3.552713678800501e-15
release,71,harmonic,1,4,0.12,0.8,1,0,1,0,8,22.30530784048753,0.8090169943749486,-1.17557050458495,-3.236067977499794,0.690983005625057,1.309016994374951,2.000000000000008,0,0,0,7.993605777301127e-15
release,72,harmonic,1,4,0.12,0.8,1,0,1,0,8,22.61946710584651,0.3090169943749509,-1.902113032590308,-1.236067977499804,1.809016994374949,0.1909830056250569,2.000000000000005,0,0,0,5.329070518200751e-15
release,73,harmonic,1,4,0.12,0.8,1,0,1,0,8,22.93362637120549,-0.3090169943749392,-1.902113032590311,1.236067977499757,1.809016994374955,0.1909830056250424,1.999999999999998,0,0,-0,-2.220446049250313e-15
release,74,harmonic,1,4,0.12,0.8,1,0,1,0,8,23.24778563656447,-0.8090169943749501,-1.175570504584942,3.2360679774998,0.6909830056250477,1.309016994374956,2.000000000000004,0,0,-0,3.552713678800501e-15
release,75,harmonic,1,4,0.12,0.8,1,0,1,0,8,23.56194490192345,-0.999999999999996,-2.222294817515124e-14,3.999999999999984,2.46929712797729e-28,1.999999999999984,1.999999999999984,0,0,-0,-1.598721155460225e-14
release,76,harmonic,1,4,0.12,0.8,1,0,1,0,8,23.87610416728243,-0.8090169943749468,1.175570504584954,3.236067977499787,0.6909830056250614,1.309016994374945,2.000000000000007,0,0,-0,7.105427357601002e-15
release,77,harmonic,1,4,0.12,0.8,1,0,1,0,8,24.19026343264141,-0.3090169943749448,1.902113032590316,1.236067977499779,1.809016994374963,0.1909830056250493,2.000000000000012,0,0,-0,1.243449787580175e-14
release,78,harmonic,1,4,0.12,0.8,1,0,1,0,8,24.50442269800039,0.3090169943749509,1.902113032590304,-1.236067977499804,1.809016994374941,0.1909830056250569,1.999999999999998,0,0,0,-1.998401444325282e-15
release,79,harmonic,1,4,0.12,0.8,1,0,1,0,8,24.81858196335937,0.8090169943749471,1.175570504584947,-3.236067977499788,0.6909830056250537,1.309016994374946,2,0,0,0,0
release,80,harmonic,1,4,0.12,0.8,1,0,1,0,8,25.13274122871834,0.9999999999999964,8.282219570472881e-15,-3.999999999999986,3.4297580506762e-29,1.999999999999986,1.999999999999986,0,0,0,-1.4210854715202e-14
kick,0,harmonic,1,4,0.12,0.8,1,0,0,2,8,0,0,2,0,2,0,2,0,0,0,0
kick,1,harmonic,1,4,0.12,0.8,1,0,0,2,8,0.3141592653589793,0.5877852522924729,1.618033988749895,-2.351141009169892,1.309016994374947,0.6909830056250521,2,0,0,0,-4.440892098500626e-16
kick,2,harmonic,1,4,0.12,0.8,1,0,0,2,8,0.6283185307179586,0.9510565162951535,0.618033988749895,-3.804226065180614,0.1909830056250527,1.809016994374947,2,0,0,0,0
kick,3,harmonic,1,4,0.12,0.8,1,0,0,2,8,0.9424777960769379,0.9510565162951538,-0.6180339887498946,-3.804226065180615,0.1909830056250524,1.809016994374948,2,0,0,-0,4.440892098500626e-16
kick,4,harmonic,1,4,0.12,0.8,1,0,0,2,8,1.256637061435917,0.5877852522924732,-1.618033988749894,-2.351141009169893,1.309016994374947,0.6909830056250529,2,0,0,-0,-4.440892098500626e-16
kick,5,harmonic,1,4,0.12,0.8,1,0,0,2,8,1.570796326794897,2.588193615772784e-16,-2,-1.035277446309113e-15,1.999999999999999,1.339749238545399e-31,1.999999999999999,0,0,-0,-8.881784197001252e-16
kick,6,harmonic,1,4,0.12,0.8,1,0,0,2,8,1.884955592153876,-0.5877852522924731,-1.618033988749896,2.351141009169893,1.309016994374949,0.6909830056250525,2.000000000000002,0,0,-0,1.77635683940025e-15
kick,7,harmonic,1,4,0.12,0.8,1,0,0,2,8,2.199114857512855,-0.9510565162951535,-0.6180339887498947,3.804226065180614,0.1909830056250525,1.809016994374947,2,0,0,-0,-2.220446049250313e-16
kick,8,harmonic,1,4,0.12,0.8,1,0,0,2,8,2.513274122871834,-0.9510565162951536,0.6180339887498939,3.804226065180615,0.190983005625052,1.809016994374948,2,0,0,0,-4.440892098500626e-16
kick,9,harmonic,1,4,0.12,0.8,1,0,0,2,8,2.827433388230814,-0.5877852522924736,1.618033988749894,2.351141009169894,1.309016994374947,0.6909830056250537,2,0,0,0,4.440892098500626e-16
kick,10,harmonic,1,4,0.12,0.8,1,0,0,2,8,3.141592653589793,-5.176387231545566e-16,1.999999999999999,2.070554892618227e-15,1.999999999999998,5.358996954181595e-31,1.999999999999998,0,0,0,-1.77635683940025e-15
kick,11,harmonic,1,4,0.12,0.8,1,0,0,2,8,3.455751918948772,0.5877852522924727,1.618033988749896,-2.351141009169891,1.309016994374949,0.6909830056250515,2,0,0,0,0
kick,12,harmonic,1,4,0.12,0.8,1,0,0,2,8,3.769911184307752,0.951056516295154,0.6180339887498963,-3.804226065180616,0.1909830056250535,1.809016994374949,2.000000000000003,0,0,0,2.664535259100376e-15
kick,13,harmonic,1,4,0.12,0.8,1,0,0,2,8,4.084070449666731,0.9510565162951534,-0.6180339887498935,-3.804226065180614,0.1909830056250517,1.809016994374947,1.999999999999998,0,0,-0,-1.554312234475219e-15
kick,14,harmonic,1,4,0.12,0.8,1,0,0,2,8,4.39822971502571,0.5877852522924731,-1.618033988749894,-2.351141009169893,1.309016994374947,0.6909830056250525,1.999999999999999,0,0,-0,-6.661338147750939e-16
kick,15,harmonic,1,4,0.12,0.8,1,0,0,2,8,4.71238898038469,2.29934717029309e-17,-1.999999999999998,-9.197388681172359e-17,1.999999999999997,1.057399481906968e-33,1.999999999999997,0,0,-0,-3.108624468950438e-15
kick,16,harmonic,1,4,0.12,0.8,1,0,0,2,8,5.026548245743669,-0.5877852522924725,-1.618033988749896,2.35114100916989,1.309016994374949,0.690983005625051,2,0,0,-0,0
kick,17,harmonic,1,4,0.12,0.8,1,0,0,2,8,5.340707511102648,-0.9510565162951533,-0.6180339887498942,3.804226065180613,0.1909830056250522,1.809016994374946,1.999999999999998,0,0,-0,-1.554312234475219e-15
kick,18,harmonic,1,4,0.12,0.8,1,0,0,2,8,5.654866776461628,-0.9510565162951542,0.6180339887498931,3.804226065180617,0.1909830056250515,1.80901699437495,2.000000000000001,0,0,0,1.332267629550188e-15
kick,19,harmonic,1,4,0.12,0.8,1,0,0,2,8,5.969026041820607,-0.5877852522924727,1.618033988749897,2.351141009169891,1.30901699437495,0.6909830056250515,2.000000000000002,0,0,0,1.77635683940025e-15
kick,20,harmonic,1,4,0.12,0.8,1,0,0,2,8,6.283185307179586,-1.035277446309113e-15,1.999999999999998,4.141109785236452e-15,1.999999999999996,2.143598781672636e-30,1.999999999999996,0,0,0,-3.552713678800501e-15
kick,21,harmonic,1,4,0.12,0.8,1,0,0,2,8,6.597344572538566,0.587785252292473,1.618033988749897,-2.351141009169892,1.309016994374951,0.6909830056250523,2.000000000000004,0,0,0,3.552713678800501e-15
kick,22,harmonic,1,4,0.12,0.8,1,0,0,2,8,6.911503837897544,0.9510565162951534,0.618033988749897,-3.804226065180614,0.1909830056250539,1.809016994374947,2.000000000000001,0,0,0,8.881784197001252e-16
kick,23,harmonic,1,4,0.12,0.8,1,0,0,2,8,7.225663103256524,0.9510565162951545,-0.6180339887498915,-3.804226065180618,0.1909830056250505,1.809016994374951,2.000000000000001,0,0,-0,1.332267629550188e-15
kick,24,harmonic,1,4,0.12,0.8,1,0,0,2,8,7.539822368615503,0.5877852522924746,-1.618033988749896,-2.351141009169898,1.309016994374949,0.690983005625056,2.000000000000004,0,0,-0,4.440892098500626e-15
kick,25,harmonic,1,4,0.12,0.8,1,0,0,2,8,7.853981633974483,2.220446049250313e-16,-2,-8.881784197001251e-16,1.999999999999999,9.860761315262645e-32,1.999999999999999,0,0,-0,-8.881784197001252e-16
kick,26,harmonic,1,4,0.12,0.8,1,0,0,2,8,8.168140899333462,-0.5877852522924717,-1.618033988749895,2.351141009169887,1.309016994374947,0.6909830056250492,1.999999999999997,0,0,-0,-3.33066907387547e-15
kick,27,harmonic,1,4,0.12,0.8,1,0,0,2,8,8.482300164692441,-0.9510565162951533,-0.6180339887498962,3.804226065180613,0.1909830056250534,1.809016994374946,2,0,0,-0,-2.220446049250313e-16
kick,28,harmonic,1,4,0.12,0.8,1,0,0,2,8,8.796459430051421,-0.9510565162951533,0.6180339887498943,3.804226065180613,0.1909830056250523,1.809016994374946,1.999999999999999,0,0,0,-1.332267629550188e-15
kick,29,harmonic,1,4,0.12,0.8,1,0,0,2,8,9.1106186954104,-0.5877852522924742,1.618033988749893,2.351141009169897,1.309016994374944,0.6909830056250552,2,0,0,0,-4.440892098500626e-16
kick,30,harmonic,1,4,0.12,0.8,1,0,0,2,8,9.424777960769379,-4.598694340586176e-17,1.999999999999997,1.83947773623447e-16,1.999999999999994,4.229597927627865e-33,1.999999999999994,0,0,0,-6.217248937900877e-15
kick,31,harmonic,1,4,0.12,0.8,1,0,0,2,8,9.738937226128359,0.5877852522924703,1.618033988749899,-2.351141009169881,1.309016994374954,0.6909830056250458,2,0,0,0,-4.440892098500626e-16
kick,32,harmonic,1,4,0.12,0.8,1,0,0,2,8,10.05309649148734,0.9510565162951529,0.6180339887498979,-3.804226065180611,0.1909830056250545,1.809016994374945,1.999999999999999,0,0,0,-6.661338147750939e-16
kick,33,harmonic,1,4,0.12,0.8,1,0,0,2,8,10.36725575684632,0.9510565162951546,-0.6180339887498942,-3.804226065180619,0.1909830056250522,1.809016994374951,2.000000000000004,0,0,-0,3.552713678800501e-15
kick,34,harmonic,1,4,0.12,0.8,1,0,0,2,8,10.6814150222053,0.5877852522924724,-1.618033988749894,-2.351141009169889,1.309016994374946,0.6909830056250508,1.999999999999997,0,0,-0,-2.886579864025407e-15
kick,35,harmonic,1,4,0.12,0.8,1,0,0,2,8,10.99557428756428,-4.575584737275977e-16,-2.000000000000001,1.830233894910391e-15,2.000000000000002,4.187195137598574e-31,2.000000000000002,0,0,-0,1.77635683940025e-15
kick,36,harmonic,1,4,0.12,0.8,1,0,0,2,8,11.30973355292326,-0.5877852522924721,-1.618033988749898,2.351141009169889,1.309016994374953,0.6909830056250502,2.000000000000004,0,0,-0,3.552713678800501e-15
kick,37,harmonic,1,4,0.12,0.8,1,0,0,2,8,11.62389281828223,-0.9510565162951546,-0.6180339887498923,3.804226065180619,0.190983005625051,1.809016994374951,2.000000000000003,0,0,-0,2.664535259100376e-15
kick,38,harmonic,1,4,0.12,0.8,1,0,0,2,8,11.93805208364121,-0.9510565162951539,0.6180339887498988,3.804226065180615,0.190983005625055,1.809016994374949,2.000000000000004,0,0,0,3.552713678800501e-15
kick,39,harmonic,1,4,0.12,0.8,1,0,0,2,8,12.25221134900019,-0.5877852522924714,1.618033988749897,2.351141009169885,1.309016994374951,0.6909830056250484,2,0,0,0,-4.440892098500626e-16
kick,40,harmonic,1,4,0.12,0.8,1,0,0,2,8,12.56637061435917,-2.070554892618224e-15,1.999999999999996,8.282219570472895e-15,1.999999999999993,8.574395126690529e-30,1.999999999999993,0,0,0,-7.105427357601002e-15
kick,41,harmonic,1,4,0.12,0.8,1,0,0,2,8,12.88052987971815,0.5877852522924685,1.618033988749904,-2.351141009169874,1.309016994374962,0.6909830056250417,2.000000000000004,0,0,0,3.552713678800501e-15
kick,42,harmonic,1,4,0.12,0.8,1,0,0,2,8,13.19468914507713,0.9510565162951548,0.6180339887498988,-3.804226065180619,0.190983005625055,1.809016994374952,2.000000000000007,0,0,0,7.105427357601002e-15
kick,43,harmonic,1,4,0.12,0.8,1,0,0,2,8,13.50884841043611,0.9510565162951532,-0.618033988749897,-3.804226065180613,0.1909830056250539,1.809016994374946,2,0,0,-0,-2.220446049250313e-16
kick,44,harmonic,1,4,0.12,0.8,1,0,0,2,8,13.82300767579509,0.5877852522924754,-1.618033988749893,-2.351141009169901,1.309016994374944,0.6909830056250578,2.000000000000002,0,0,-0,2.220446049250313e-15
kick,45,harmonic,1,4,0.12,0.8,1,0,0,2,8,14.13716694115407,3.281413939027374e-15,-2.000000000000002,-1.31256557561095e-14,2.000000000000004,2.153535487848629e-29,2.000000000000004,0,0,-0,3.552713678800501e-15
kick,46,harmonic,1,4,0.12,0.8,1,0,0,2,8,14.45132620651305,-0.5877852522924703,-1.6180339887499,2.351141009169881,1.309016994374956,0.6909830056250458,2.000000000000002,0,0,-0,1.77635683940025e-15
kick,47,harmonic,1,4,0.12,0.8,1,0,0,2,8,14.76548547187203,-0.9510565162951529,-0.6180339887498811,3.804226065180611,0.1909830056250441,1.809016994374945,1.999999999999989,0,0,-0,-1.110223024625157e-14
kick,48,harmonic,1,4,0.12,0.8,1,0,0,2,8,15.07964473723101,-0.9510565162951564,0.6180339887498926,3.804226065180626,0.1909830056250512,1.809016994374958,2.000000000000009,0,0,0,9.325873406851315e-15
kick,49,harmonic,1,4,0.12,0.8,1,0,0,2,8,15.39380400258998,-0.5877852522924769,1.618033988749881,2.351141009169908,1.309016994374925,0.6909830056250614,1.999999999999987,0,0,0,-1.332267629550188e-14
kick,50,harmonic,1,4,0.12,0.8,1,0,0,2,8,15.70796326794897,-4.440892098500625e-16,1.999999999999999,1.77635683940025e-15,1.999999999999998,3.944304526105056e-31,1.999999999999998,0,0,0,-1.77635683940025e-15
kick,51,harmonic,1,4,0.12,0.8,1,0,0,2,8,16.02212253330794,0.5877852522924675,1.618033988749903,-2.35114100916987,1.309016994374961,0.6909830056250393,2,0,0,0,0
kick,52,harmonic,1,4,0.12,0.8,1,0,0,2,8,16.33628179866692,0.9510565162951513,0.6180339887498985,-3.804226065180605,0.1909830056250548,1.809016994374939,1.999999999999994,0,0,0,-6.439293542825908e-15
kick,53,harmonic,1,4,0.12,0.8,1,0,0,2,8,16.65044106402591,0.9510565162951536,-0.6180339887498988,-3.804226065180615,0.190983005625055,1.809016994374948,2.000000000000003,0,0,-0,2.664535259100376e-15
kick,54,harmonic,1,4,0.12,0.8,1,0,0,2,8,16.96460032938488,0.5877852522924745,-1.618033988749893,-2.351141009169898,1.309016994374944,0.6909830056250558,2,0,0,-0,0
kick,55,harmonic,1,4,0.12,0.8,1,0,0,2,8,17.27875959474386,-6.572352085880146e-15,-2.000000000000004,2.628940834352059e-14,2.000000000000007,8.639162388154623e-29,2.000000000000007,0,0,-0,7.105427357601002e-15
kick,56,harmonic,1,4,0.12,0.8,1,0,0,2,8,17.59291886010284,-0.5877852522924725,-1.618033988749894,2.35114100916989,1.309016994374946,0.690983005625051,1.999999999999997,0,0,-0,-3.33066907387547e-15
kick,57,harmonic,1,4,0.12,0.8,1,0,0,2,8,17.90707812546182,-0.9510565162951505,-0.6180339887499,3.804226065180602,0.1909830056250558,1.809016994374936,1.999999999999992,0,0,-0,-8.43769498715119e-15
kick,58,harmonic,1,4,0.12,0.8,1,0,0,2,8,18.2212373908208,-0.9510565162951542,0.618033988749889,3.804226065180617,0.190983005625049,1.80901699437495,1.999999999999999,0,0,0,-1.110223024625157e-15
kick,59,harmonic,1,4,0.12,0.8,1,0,0,2,8,18.53539665617978,-0.5877852522924759,1.618033988749889,2.351141009169904,1.309016994374937,0.6909830056250591,1.999999999999996,0,0,0,-3.552713678800501e-15
kick,60,harmonic,1,4,0.12,0.8,1,0,0,2,8,18.84955592153876,-9.197388681172337e-17,1.999999999999994,3.678955472468935e-16,1.999999999999988,1.69183917105114e-32,1.999999999999988,0,0,0,-1.243449787580175e-14
kick,61,harmonic,1,4,0.12,0.8,1,0,0,2,8,19.16371518689774,0.5877852522924798,1.618033988749895,-2.351141009169919,1.309016994374948,0.6909830056250682,2.000000000000016,0,0,0,1.643130076445232e-14
kick,62,harmonic,1,4,0.12,0.8,1,0,0,2,8,19.47787445225672,0.9510565162951514,0.6180339887499082,-3.804226065180606,0.1909830056250608,1.809016994374939,2,0,0,0,0
kick,63,harmonic,1,4,0.12,0.8,1,0,0,2,8,19.7920337176157,0.9510565162951543,-0.6180339887499011,-3.804226065180617,0.1909830056250565,1.80901699437495,2.000000000000007,0,0,-0,6.661338147750939e-15
kick,64,harmonic,1,4,0.12,0.8,1,0,0,2,8,20.10619298297468,0.5877852522924754,-1.61803398874989,-2.351141009169901,1.30901699437494,0.6909830056250578,1.999999999999998,0,0,-0,-2.220446049250313e-15
kick,65,harmonic,1,4,0.12,0.8,1,0,0,2,8,20.42035224833365,-3.005492278592197e-16,-1.999999999999997,1.202196911436879e-15,1.999999999999994,1.806596767335463e-31,1.999999999999994,0,0,-0,-6.217248937900877e-15
kick,66,harmonic,1,4,0.12,0.8,1,0,0,2,8,20.73451151369263,-0.5877852522924732,-1.618033988749899,2.351141009169893,1.309016994374954,0.6909830056250529,2.000000000000007,0,0,-0,6.661338147750939e-15
kick,67,harmonic,1,4,0.12,0.8,1,0,0,2,8,21.04867077905161,-0.9510565162951525,-0.6180339887499074,3.80422606518061,0.1909830056250604,1.809016994374943,2.000000000000004,0,0,-0,3.996802888650564e-15
kick,68,harmonic,1,4,0.12,0.8,1,0,0,2,8,21.36283004441059,-0.951056516295152,0.6180339887498957,3.804226065180608,0.1909830056250531,1.809016994374941,1.999999999999994,0,0,0,-5.551115123125783e-15
kick,69,harmonic,1,4,0.12,0.8,1,0,0,2,8,21.67698930976957,-0.5877852522924757,1.618033988749891,2.351141009169903,1.309016994374941,0.6909830056250585,2,0,0,0,0
kick,70,harmonic,1,4,0.12,0.8,1,0,0,2,8,21.99114857512855,9.151169474551958e-16,2.000000000000002,-3.660467789820783e-15,2.000000000000004,1.674878055039431e-30,2.000000000000004,0,0,0,3.552713678800501e-15
kick,71,harmonic,1,4,0.12,0.8,1,0,0,2,8,22.30530784048753,0.587785252292475,1.618033988749897,-2.3511410091699,1.309016994374951,0.690983005625057,2.000000000000008,0,0,0,7.993605777301127e-15
kick,72,harmonic,1,4,0.12,0.8,1,0,0,2,8,22.61946710584651,0.9510565162951539,0.618033988749903,-3.804226065180615,0.1909830056250576,1.809016994374949,2.000000000000006,0,0,0,6.217248937900877e-15
kick,73,harmonic,1,4,0.12,0.8,1,0,0,2,8,22.93362637120549,0.9510565162951556,-0.6180339887498791,-3.804226065180623,0.1909830056250429,1.809016994374955,1.999999999999998,0,0,-0,-1.998401444325282e-15
kick,74,harmonic,1,4,0.12,0.8,1,0,0,2,8,23.24778563656447,0.5877852522924712,-1.6180339887499,-2.351141009169885,1.309016994374956,0.6909830056250481,2.000000000000004,0,0,-0,3.552713678800501e-15
kick,75,harmonic,1,4,0.12,0.8,1,0,0,2,8,23.56194490192345,1.111147408757562e-14,-1.999999999999992,-4.444589635030249e-14,1.999999999999984,2.46929712797729e-28,1.999999999999984,0,0,-0,-1.598721155460225e-14
kick,76,harmonic,1,4,0.12,0.8,1,0,0,2,8,23.87610416728243,-0.5877852522924769,-1.618033988749894,2.351141009169908,1.309016994374945,0.6909830056250614,2.000000000000007,0,0,-0,7.105427357601002e-15
kick,77,harmonic,1,4,0.12,0.8,1,0,0,2,8,24.19026343264141,-0.9510565162951578,-0.6180339887498896,3.804226065180631,0.1909830056250493,1.809016994374963,2.000000000000012,0,0,-0,1.243449787580175e-14
kick,78,harmonic,1,4,0.12,0.8,1,0,0,2,8,24.50442269800039,-0.9510565162951519,0.6180339887499027,3.804226065180607,0.1909830056250574,1.809016994374941,1.999999999999998,0,0,0,-1.554312234475219e-15
kick,79,harmonic,1,4,0.12,0.8,1,0,0,2,8,24.81858196335937,-0.5877852522924736,1.618033988749892,2.351141009169894,1.309016994374943,0.6909830056250537,1.999999999999997,0,0,0,-3.108624468950438e-15
kick,80,harmonic,1,4,0.12,0.8,1,0,0,2,8,25.13274122871834,-4.141109785236441e-15,1.999999999999993,1.656443914094576e-14,1.999999999999986,3.4297580506762e-29,1.999999999999986,0,0,0,-1.4210854715202e-14
damped,0,damped,1,4,0.12,0.8,1,0,1,0,8,0,1,0,-4,0,2,2,0,0,0,0
damped,1,damped,1,4,0.12,0.8,1,0,1,0,8,0.3141592653589793,0.8182038845477809,-1.091255145025707,-2.749013068578784,0.5954188957725385,1.338915193378157,1.934334089150695,0.06566591084930498,0,0,4.440892098500626e-16
damped,2,damped,1,4,0.12,0.8,1,0,1,0,8,0.6283185307179586,0.3717481488028092,-1.642837862400162,-0.6984304212591591,1.349458121067766,0.2763933722766311,1.625851493344397,0.3741485066556026,0,0,-2.220446049250313e-16
damped,3,damped,1,4,0.12,0.8,1,0,1,0,8,0.9424777960769379,-0.1440230380228978,-1.534717768358367,1.312756680903607,1.177679314257442,0.04148527096269013,1.219164585220132,0.7808354147798665,0,-0,-8.881784197001252e-16
damped,4,damped,1,4,0.12,0.8,1,0,1,0,8,1.256637061435917,-0.5365323743955676,-0.8975739192045845,2.576964978800471,0.402819470218139,0.5757339775490909,0.97855344776723,1.02144655223277,0,-0,-4.440892098500626e-16
damped,5,damped,1,4,0.12,0.8,1,0,1,0,8,1.570796326794897,-0.6838634122593207,-0.03136689444519794,2.750509758370978,0.0004919410335680947,0.9353383332539232,0.9358302742874913,1.064169725712509,0,-0,4.440892098500626e-16
damped,6,damped,1,4,0.12,0.8,1,0,1,0,8,1.884955592153876,-0.5680970216473763,0.7247124664351738,1.924526102700622,0.2626040795032765,0.6454684520092391,0.9080725315125155,1.091927468487483,0,-0,-1.332267629550188e-15
damped,7,damped,1,4,0.12,0.8,1,0,1,0,8,2.199114857512855,-0.2671076379964947,1.117999808044545,0.5317906441245971,0.6249617853938203,0.1426929805521329,0.7676547659459533,1.232345234054046,0,-0,-4.440892098500626e-16
damped,8,damped,1,4,0.12,0.8,1,0,1,0,8,2.513274122871834,0.08645725366547596,1.059831604985095,-0.8545481850547496,0.5616215154626416,0.01494971342275291,0.5765712288853945,1.423428771114605,0,0,-8.881784197001252e-16
damped,9,damped,1,4,0.12,0.8,1,0,1,0,8,2.827433388230814,0.3598763337466351,0.6340258102619702,-1.743837723912286,0.200994364039174,0.259021951181839,0.4600163152210129,1.539983684778988,0,0,4.440892098500626e-16
damped,10,damped,1,4,0.12,0.8,1,0,1,0,8,3.141592653589793,0.4674231961101775,0.04301940878259834,-1.890342100656357,0.0009253347660021494,0.436968888523707,0.4378942232897091,1.562105776710291,0,0,0
damped,11,damped,1,4,0.12,0.8,1,0,1,0,8,3.455751918948772,0.3941837625775801,-0.4805127384231163,-1.346088935867225,0.1154462458934411,0.3107616773596361,0.4262079232530771,1.573792076746922,0,0,-4.440892098500626e-16
damped,12,damped,1,4,0.12,0.8,1,0,1,0,8,3.769911184307752,0.1914321862529813,-0.7603890083843065,-0.400742020987458,0.2890957220358344,0.07329256386719223,0.3623882859030267,1.637611714096972,0,0,-1.110223024625157e-15
damped,13,damped,1,4,0.12,0.8,1,0,1,0,8,4.084070449666731,-0.05081404598542918,-0.7314811884851162,0.5543671544145725,0.2675323645537991,0.005164134538818623,0.2726964990926177,1.727303500907381,0,-0,-1.554312234475219e-15
damped,14,damped,1,4,0.12,0.8,1,0,1,0,8,4.39822971502571,-0.2411344024208437,-0.4472617475201093,1.179223248493027,0.100021535397371,0.1162916000617148,0.2163131354590858,1.783686864540913,0,-0,-1.77635683940025e-15
damped,15,damped,1,4,0.12,0.8,1,0,1,0,8,4.71238898038469,-0.319316275547469,-0.04424293996759675,1.298501713374322,0.0009787188684881847,0.2039257676590143,0.2049044865275025,1.795095513472497,0,-0,-2.220446049250313e-16
damped,16,damped,1,4,0.12,0.8,1,0,1,0,8,5.026548245743669,-0.2733359010199444,0.3180494235408038,0.9406798807801917,0.0505777179073188,0.1494250295727697,0.2000027474800884,1.799997252519909,0,-0,-2.220446049250313e-15
damped,17,damped,1,4,0.12,0.8,1,0,1,0,8,5.340707511102648,-0.1368762285480453,0.516859713750156,0.2994122515921065,0.1335719818489466,0.03747020388307349,0.1710421857320201,1.828957814267979,0,-0,-1.110223024625157e-15
damped,18,damped,1,4,0.12,0.8,1,0,1,0,8,5.654866776461628,0.02901379357133251,0.5045804155650369,-0.3582537737565477,0.1273006978858927,0.001683600434799791,0.1289842983206924,1.871015701679308,0,0,4.440892098500626e-16
damped,19,damped,1,4,0.12,0.8,1,0,1,0,8,5.969026041820607,0.1613956922466707,0.3151130876228696,-0.79683705104566,0.04964812899560915,0.05209713895156406,0.1017452679471732,1.898254732052825,0,0,-1.77635683940025e-15
damped,20,damped,1,4,0.12,0.8,1,0,1,0,8,6.283185307179586,0.2180217768788524,0.04043861943970523,-0.8914976448464681,0.0008176409710946527,0.0950669903868242,0.09588463135791886,1.90411536864208,0,0,-8.881784197001252e-16
damped,21,damped,1,4,0.12,0.8,1,0,1,0,8,6.597344572538566,0.1894184776386151,-0.2101258124179356,-0.6568135205938511,0.02207642852214873,0.07175871934186102,0.09383514786400976,1.90616485213599,0,0,-6.661338147750939e-16
damped,22,damped,1,4,0.12,0.8,1,0,1,0,8,6.911503837897544,0.09765771573309745,-0.3511135393817352,-0.2220963640291569,0.06164035876858467,0.01907405888441294,0.08071441765299761,1.919285582347001,0,0,-1.110223024625157e-15
damped,23,damped,1,4,0.12,0.8,1,0,1,0,8,7.225663103256524,-0.01588469171574313,-0.347873411824035,0.2305180045385093,0.06050795532704731,0.0005046468618083967,0.06101260218885571,1.938987397811142,0,-0,-2.442490654175344e-15
damped,24,damped,1,4,0.12,0.8,1,0,1,0,8,7.539822368615503,-0.1079015790843211,-0.2217428872668883,0.538042902225391,0.02458495402672797,0.02328550153778002,0.04787045556450799,1.952129544435491,0,-0,-1.332267629550188e-15
damped,25,damped,1,4,0.12,0.8,1,0,1,0,8,7.853981633974483,-0.1487800078063431,-0.03464537040810303,0.611749809021262,0.0006001508453573304,0.04427098144571104,0.04487113229106837,1.95512886770893,0,-0,-1.554312234475219e-15
damped,26,damped,1,4,0.12,0.8,1,0,1,0,8,8.168140899333462,-0.1311841150074902,0.1385468049912299,0.4582339936341705,0.009597608586638943,0.03441854406059684,0.04401615264723578,1.955983847352761,0,-0,-2.886579864025407e-15
damped,27,damped,1,4,0.12,0.8,1,0,1,0,8,8.482300164692441,-0.06953787404670338,0.2383720848302499,0.1637328954682936,0.02841062541315994,0.009671031853870367,0.03808165726703031,1.961918342732967,0,-0,-2.442490654175344e-15
damped,28,damped,1,4,0.12,0.8,1,0,1,0,8,8.796459430051421,0.008135032332171865,0.2397055569232967,-0.1475987966518699,0.02872937700995391,0.0001323575020909632,0.02886173451204488,1.971138265487951,0,0,-4.440892098500626e-15
damped,29,damped,1,4,0.12,0.8,1,0,1,0,8,9.1106186954104,0.07205109562605427,0.1558610312608416,-0.363017677509421,0.01214633053284652,0.01038272076182963,0.02252905129467615,1.977470948705319,0,0,-4.662936703425657e-15
damped,30,damped,1,4,0.12,0.8,1,0,1,0,8,9.424777960769379,0.1014735243952631,0.02848987414788367,-0.4195692371720364,0.0004058364644811252,0.02059375230639209,0.02099958877087322,1.979000411229125,0,0,-1.998401444325282e-15
damped,31,damped,1,4,0.12,0.8,1,0,1,0,8,9.738937226128359,0.09079846227521148,-0.09115374649154818,-0.3194400507849028,0.004154502749722716,0.016488721503086,0.02064322425280872,1.979356775747188,0,0,-3.108624468950438e-15
damped,32,damped,1,4,0.12,0.8,1,0,1,0,8,10.05309649148734,0.04942365583272543,-0.1617299992070425,-0.1200642237115213,0.01307829632175498,0.004885395511743388,0.01796369183349837,1.982036308166498,0,0,-3.996802888650564e-15
damped,33,damped,1,4,0.12,0.8,1,0,1,0,8,10.36725575684632,-0.003683546244033758,-0.1650832890637906,0.0939741637267545,0.01362624616405952,2.713702586387042e-05,0.01365338318992339,1.986346616810073,0,-0,-3.33066907387547e-15
damped,34,damped,1,4,0.12,0.8,1,0,1,0,8,10.6814150222053,-0.04805088898293655,-0.1094343409693402,0.2447320395970295,0.005987937491696905,0.004617775864100986,0.01060571335579789,1.9893942866442,0,-0,-2.220446049250313e-15
damped,35,damped,1,4,0.12,0.8,1,0,1,0,8,10.99557428756428,-0.06917062092813547,-0.02277332854331726,0.2876136814133342,0.0002593122464709344,0.009569149599167626,0.009828461845638561,1.990171538154358,0,-0,-3.552713678800501e-15
damped,36,damped,1,4,0.12,0.8,1,0,1,0,8,11.30973355292326,-0.06280854872554643,0.05983175152729658,0.2225149541690834,0.001789919245412078,0.007889827586018682,0.009679746831430761,1.990320253168568,0,-0,-8.881784197001252e-16
damped,37,damped,1,4,0.12,0.8,1,0,1,0,8,11.62389281828223,-0.03506727187753507,0.1096597186644741,0.08763242255119273,0.006012626948785801,0.002459427113865924,0.008472054062651724,1.991527945937346,0,-0,-2.220446049250313e-15
damped,38,damped,1,4,0.12,0.8,1,0,1,0,8,11.93805208364121,0.00122450497797745,0.1136313407847039,-0.05944106348856766,0.006456040804264754,2.998824882183112e-06,0.006459039629146937,1.993540960370849,0,0,-4.218847493575595e-15
damped,39,damped,1,4,0.12,0.8,1,0,1,0,8,12.25221134900019,0.03200209104649852,0.07675726284699247,-0.1648518503525505,0.002945838699881145,0.002048267662696762,0.004994106362577907,1.995005893637419,0,0,-3.552713678800501e-15
damped,40,damped,1,4,0.12,0.8,1,0,1,0,8,12.56637061435917,0.04712467470786478,0.01782923316260719,-0.1970567307495106,0.000158940777583306,0.004441469932644141,0.004600410710227446,1.99539958928977,0,0,-2.664535259100376e-15
damped,41,damped,1,4,0.12,0.8,1,0,1,0,8,12.88052987971815,0.04342165250916503,-0.03917184499093344,-0.1548841244410121,0.0007672167199968587,0.003770879813253356,0.004538096533250215,1.995461903466748,0,0,-1.77635683940025e-15
damped,42,damped,1,4,0.12,0.8,1,0,1,0,8,13.19468914507713,0.02484114540985615,-0.07430508015624943,-0.06369814316442488,0.002760622468513326,0.001234165010547234,0.00399478747906056,1.996005212520937,0,0,-2.442490654175344e-15
damped,43,damped,1,4,0.12,0.8,1,0,1,0,8,13.50884841043611,5.367141544683468e-05,-0.07817443683966817,0.03730904402125338,0.003055621287599634,5.761241672133449e-09,0.003055627048841306,1.996944372951155,0,-0,-3.33066907387547e-15
damped,44,damped,1,4,0.12,0.8,1,0,1,0,8,13.82300767579509,-0.02128314994208588,-0.05378420633350614,0.1109490188084265,0.001446370425462581,0.0009059449429146203,0.002352315368377201,1.99764768463162,0,-0,-2.886579864025407e-15
damped,45,damped,1,4,0.12,0.8,1,0,1,0,8,14.13716694115407,-0.03208702892866823,-0.01373802464683157,0.1349423675451521,9.436666059847582e-05,0.002059154850938384,0.00215352151153686,1.99784647848846,0,-0,-2.664535259100376e-15
damped,46,damped,1,4,0.12,0.8,1,0,1,0,8,14.45132620651305,-0.03000165423261946,0.02557363308434847,0.1077312730499906,0.0003270053545664413,0.001800198513387307,0.002127203867953748,1.99787279613204,0,-0,-5.773159728050814e-15
damped,47,damped,1,4,0.12,0.8,1,0,1,0,8,14.76548547187203,-0.01757063036591489,0.05031502243060686,0.04613131069696827,0.001265800741096235,0.0006174541029112208,0.001883254844007456,1.998116745155985,0,-0,-7.549516567451064e-15
damped,48,damped,1,4,0.12,0.8,1,0,1,0,8,15.07964473723101,-0.0006497262444739792,0.05375320434004242,-0.02320263310532444,0.001444703488411177,8.442883855165221e-07,0.001445547776796694,1.998554452223199,0,0,-4.218847493575595e-15
damped,49,damped,1,4,0.12,0.8,1,0,1,0,8,15.39380400258998,0.01413300666230124,0.03765108240933137,-0.07460454620568402,0.000708802003297131,0.0003994837546333026,0.001108285757930434,1.998891714242063,0,0,-6.883382752675971e-15
damped,50,damped,1,4,0.12,0.8,1,0,1,0,8,15.70796326794897,0.02183541530017686,0.01045311316242819,-0.09235915551867296,5.463378739326478e-05,0.000953570722662395,0.00100820451005566,1.998991795489939,0,0,-4.884981308350689e-15
damped,51,damped,1,4,0.12,0.8,1,0,1,0,8,16.02212253330794,0.02071757499932771,-0.01664407311737889,-0.07488114490096899,0.0001385125849683273,0.0008584358277055374,0.0009969484126738648,1.999003051587319,0,0,-7.327471962526033e-15
damped,52,damped,1,4,0.12,0.8,1,0,1,0,8,16.33628179866692,0.01241046773697895,-0.0340468539389863,-0.03329938105720237,0.0005795941315713335,0.0003080394189011908,0.0008876335504725243,1.999112366449521,0,0,-6.661338147750939e-15
damped,53,damped,1,4,0.12,0.8,1,0,1,0,8,16.65044106402591,0.0008658417782366098,-0.03694179837572028,0.0142686961073993,0.0006823482336161847,1.499363969879869e-06,0.0006838475975860646,1.999316152402408,0,-0,-5.551115123125783e-15
damped,54,damped,1,4,0.12,0.8,1,0,1,0,8,16.96460032938488,-0.009369796779644779,-0.02633322592319364,0.05011913556171206,0.0003467193937609787,0.0001755861833836833,0.0005223055771446621,1.999477694422849,0,-0,-6.217248937900877e-15
damped,55,damped,1,4,0.12,0.8,1,0,1,0,8,17.27875959474386,-0.01485047119098105,-0.007872756606541314,0.06318080793506403,3.099014829291995e-05,0.0004410729891883162,0.0004720631374812361,1.999527936862511,0,-0,-7.549516567451064e-15
damped,56,damped,1,4,0.12,0.8,1,0,1,0,8,17.59291886010284,-0.01429850975393148,0.0107950753939335,0.05201240282663783,5.826682638035422e-05,0.0004088947623665471,0.0004671615887469013,1.999532838411245,0,-0,-7.993605777301127e-15
damped,57,damped,1,4,0.12,0.8,1,0,1,0,8,17.90707812546182,-0.008754050832768477,0.02302227316873205,0.02396551221008253,0.0002650125309278597,0.0001532668119653889,0.0004182793428932487,1.9995817206571,0,-0,-6.883382752675971e-15
damped,58,damped,1,4,0.12,0.8,1,0,1,0,8,18.2212373908208,-0.0008818048855084422,0.02537503546338383,-0.008652797480390469,0.0003219462123839935,1.555159712213114e-06,0.0003235013720962066,1.999676498627895,0,0,-8.43769498715119e-15
damped,59,damped,1,4,0.12,0.8,1,0,1,0,8,18.53539665617978,0.006201163318420642,0.01840135014434304,-0.03363730134296723,0.0001693048435673568,7.690885300345142e-05,0.0002462136965708082,1.999753786303421,0,0,-7.993605777301127e-15
damped,60,damped,1,4,0.12,0.8,1,0,1,0,8,18.84955592153876,0.01009395792095548,0.005879336630201967,-0.04319791326631887,1.728329960561731e-05,0.0002037759730200398,0.0002210592726256571,1.999778940727369,0,0,-5.551115123125783e-15
damped,61,damped,1,4,0.12,0.8,1,0,1,0,8,19.16371518689774,0.00986287966814909,-0.006974490207165836,-0.03610376337315676,2.432175682492607e-05,0.0001945527906967774,0.0002188745475217035,1.999781125452472,0,0,-5.773159728050814e-15
damped,62,damped,1,4,0.12,0.8,1,0,1,0,8,19.47787445225672,0.006167109376681643,-0.0155561593641806,-0.01720148101191988,0.000120997047081892,7.606647612790929e-05,0.0001970635232098013,1.999802936476784,0,0,-6.661338147750939e-15
damped,63,damped,1,4,0.12,0.8,1,0,1,0,8,19.7920337176157,0.0008020181126814401,-0.01742091118449672,0.005153964917832664,0.0001517440732490614,1.286466106138198e-06,0.0001530305393551996,1.999846969460638,0,-0,-6.439293542825908e-15
damped,64,damped,1,4,0.12,0.8,1,0,1,0,8,20.10619298297468,-0.004096450405005796,-0.01284778452005045,0.0225527381896474,8.253278353682397e-05,3.35618118413443e-05,0.0001160945953781683,1.999883905404614,0,-0,-7.549516567451064e-15
damped,65,damped,1,4,0.12,0.8,1,0,1,0,8,20.42035224833365,-0.006856784374154718,-0.004359409306170586,0.02951965396358075,9.502224749363356e-06,9.403098390730461e-05,0.000103533208656668,1.999896466791338,0,-0,-5.329070518200751e-15
damped,66,damped,1,4,0.12,0.8,1,0,1,0,8,20.73451151369263,-0.006799554569097825,0.004486482938141616,0.02504470646608332,1.006426457711791e-05,9.246788467627821e-05,0.0001025321492533961,1.99989746785074,0,-0,-7.105427357601002e-15
damped,67,damped,1,4,0.12,0.8,1,0,1,0,8,21.04867077905161,-0.004339447564301202,0.01050339896463784,0.01231615875417864,5.516069490517763e-05,3.766161032663927e-05,9.28223052318169e-05,1.999907177694761,0,-0,-6.883382752675971e-15
damped,68,damped,1,4,0.12,0.8,1,0,1,0,8,21.36283004441059,-0.0006850808137979584,0.01195393973568444,-0.002997567817936695,7.144833760218763e-05,9.386714428681459e-07,7.238700904505577e-05,1.999927612990949,0,0,-5.773159728050814e-15
damped,69,damped,1,4,0.12,0.8,1,0,1,0,8,21.67698930976957,0.002700663776894588,0.008962982101415322,-0.01510488651625771,4.016752407514571e-05,1.458716967166108e-05,5.475469374680679e-05,1.999945245306246,0,0,-6.883382752675971e-15
damped,70,damped,1,4,0.12,0.8,1,0,1,0,8,21.99114857512855,0.004654918676348346,0.003212725491036396,-0.02016178294109085,5.160802540377526e-06,4.333653576683328e-05,4.849733830721081e-05,1.999951502661685,0,0,-7.327471962526033e-15
damped,71,damped,1,4,0.12,0.8,1,0,1,0,8,22.30530784048753,0.004685148348654429,-0.002871747865087644,-0.01736215441937565,4.12346790031772e-06,4.390123009779865e-05,4.802469799811637e-05,1.999951975301994,0,0,-7.549516567451064e-15
damped,72,damped,1,4,0.12,0.8,1,0,1,0,8,22.61946710584651,0.003049954170303302,-0.007086310343375089,-0.008798387716393163,2.510789714131239e-05,1.8604440881901e-05,4.371233802321339e-05,1.999956287661973,0,0,-4.218847493575595e-15
damped,73,damped,1,4,0.12,0.8,1,0,1,0,8,22.93362637120549,0.0005622411944706381,-0.008198368115921827,0.001686251917759925,3.36066198820818e-05,6.322303215195397e-07,3.423885020360134e-05,1.999965761149789,0,-0,-7.105427357601002e-15
damped,74,damped,1,4,0.12,0.8,1,0,1,0,8,23.24778563656447,-0.001776599917459938,-0.006247903869133648,0.0101053935270239,1.95181513789676e-05,6.312614533437318e-06,2.583076591240492e-05,1.999974169234082,0,-0,-5.773159728050814e-15
damped,75,damped,1,4,0.12,0.8,1,0,1,0,8,23.56194490192345,-0.003158135264457535,-0.002355168546287688,0.01376302196004823,2.773409440711431e-06,1.994763669722052e-05,2.272104613793196e-05,1.999977278953854,0,-0,-7.993605777301127e-15
damped,76,damped,1,4,0.12,0.8,1,0,1,0,8,23.87610416728243,-0.003226520989691286,0.001827734077913788,0.01202877160136653,1.670305929783682e-06,2.082087539383687e-05,2.249118132362055e-05,1.999977508818669,0,-0,-7.549516567451064e-15
damped,77,damped,1,4,0.12,0.8,1,0,1,0,8,24.19026343264141,-0.002141320953274777,0.004777073847051993,0.006272288366514151,1.141021727009406e-05,9.170510849867198e-06,2.058072811996126e-05,1.999979419271873,0,-0,-7.327471962526033e-15
damped,78,damped,1,4,0.12,0.8,1,0,1,0,8,24.50442269800039,-0.0004487855185921919,0.005619787116190423,-0.0009023557414026351,1.579100361564994e-05,4.028168833961253e-07,1.619382049904606e-05,1.999983806179494,0,0,-7.105427357601002e-15
damped,79,damped,1,4,0.12,0.8,1,0,1,0,8,24.81858196335937,0.001165957346482083,0.004351956562436291,-0.00675276853589775,9.469762960666149e-06,2.718913067631079e-06,1.218867602829723e-05,1.999987811323964,0,0,-8.215650382226158e-15
damped,80,damped,1,4,0.12,0.8,1,0,1,0,8,25.13274122871834,0.002141264577530418,0.001718539412777071,-0.009389957228254664,1.47668885663408e-06,9.170027981973035e-06,1.064671683860712e-05,1.999989353283155,0,0,-6.439293542825908e-15
critical,0,damped,1,4,1,0.8,1,0,1,0,8,0,1,0,-4,0,2,2,0,0,0,0
critical,1,damped,1,4,1,0.8,1,0,1,0,8,0.3141592653589793,0.8686885446409938,-0.670400907099781,-0.7931505501648513,0.2247186881201046,1.509239575180976,1.73395826330108,0.2660417366989201,0,0,4.440892098500626e-16
critical,2,damped,1,4,1,0.8,1,0,1,0,8,0.6283185307179586,0.6422604435304355,-0.7153018003888125,0.2921654274335079,0.2558283328197383,0.8249969546478235,1.080825287467562,0.9191747125324389,0,0,8.881784197001252e-16
critical,3,damped,1,4,1,0.8,1,0,1,0,8,0.9424777960769379,0.4380395460132412,-0.5724074880651852,0.5374717682077759,0.1638251661965476,0.3837572877429729,0.5475824539395204,1.452417546060479,0,-0,-8.881784197001252e-16
critical,4,damped,1,4,1,0.8,1,0,1,0,8,1.256637061435917,0.2845843109140426,-0.4071634375121991,0.4903165063926258,0.08289103242337523,0.161976460036841,0.2448674924602162,1.755132507539785,0,-0,8.881784197001252e-16
critical,5,damped,1,4,1,0.8,1,0,1,0,8,1.570796326794897,0.1789744464140688,-0.2715210563005934,0.3701864395460981,0.036861842007295,0.06406370493844481,0.1009255469457398,1.899074453054258,0,-0,-1.77635683940025e-15
critical,6,damped,1,4,1,0.8,1,0,1,0,8,1.884955592153876,0.1099660607732127,-0.173823900020212,0.2554313569879972,0.01510737410911832,0.0241850690439558,0.03929244315307413,1.960707556846924,0,-0,-1.77635683940025e-15
critical,7,damped,1,4,1,0.8,1,0,1,0,8,2.199114857512855,0.0663933322306924,-0.1081884773757594,0.1671805805802679,0.005852373318442599,0.008816149129390195,0.01466852244783279,1.985331477552165,0,-0,-1.77635683940025e-15
critical,8,damped,1,4,1,0.8,1,0,1,0,8,2.513274122871834,0.03954271380673287,-0.06596258774085363,0.1056794957364831,0.002175531490734907,0.003127252430402364,0.005302783921137271,1.994697216078863,0,0,0
critical,9,damped,1,4,1,0.8,1,0,1,0,8,2.827433388230814,0.02329495784389688,-0.03958903689445965,0.06517631620225109,0.0007836459211154438,0.001085310121897866,0.001868956043013309,1.998131043956985,0,0,-1.110223024625157e-15
critical,10,damped,1,4,1,0.8,1,0,1,0,8,3.141592653589793,0.0136009314655749,-0.02346697746773386,0.03946418400863583,0.0002753495157355643,0.0003699706734625309,0.0006453201891980951,1.999354679810798,0,0,-3.552713678800501e-15
critical,11,damped,1,4,1,0.8,1,0,1,0,8,3.455751918948772,0.007881902615277502,-0.01377128831423328,0.0235575427958231,9.482419091686902e-05,0.0001242487776734367,0.0002190729685903057,1.999780927031406,0,0,-4.218847493575595e-15
critical,12,damped,1,4,1,0.8,1,0,1,0,8,3.769911184307752,0.004538847467418739,-0.008014710888682304,0.01390345368505426,3.211779531458135e-05,4.120227266498701e-05,7.332006797956835e-05,1.999926679932017,0,0,-3.552713678800501e-15
critical,13,damped,1,4,1,0.8,1,0,1,0,8,4.084070449666731,0.00259957743834068,-0.004632065547037735,0.00812995243478822,1.0728015616027e-05,1.351560571585978e-05,2.424362133188678e-05,1.999975756378665,0,-0,-3.33066907387547e-15
critical,14,damped,1,4,1,0.8,1,0,1,0,8,4.39822971502571,0.001481887905473798,-0.002661240406997883,0.004717410006096339,3.541100251919129e-06,4.391983528779042e-06,7.933083780698171e-06,1.999992066916216,0,-0,-3.33066907387547e-15
critical,15,damped,1,4,1,0.8,1,0,1,0,8,4.71238898038469,0.0008412745522116339,-0.001521150069282659,0.002719502068284101,1.156948766639319e-06,1.41548574439777e-06,2.57243451103709e-06,1.999997427565486,0,-0,-3.108624468950438e-15
critical,16,damped,1,4,1,0.8,1,0,1,0,8,5.026548245743669,0.0004758604698337288,-0.0008656164765063487,0.00155902402669048,3.746459421996331e-07,4.528863735007543e-07,8.275323157003873e-07,1.999999172467683,0,-0,-1.554312234475219e-15
critical,17,damped,1,4,1,0.8,1,0,1,0,8,5.340707511102648,0.0002682970212294469,-0.0004906583367726509,0.000889445262172816,1.203728017222521e-07,1.439665832011886e-07,2.643393849234407e-07,1.999999735660612,0,-0,-2.886579864025407e-15
critical,18,damped,1,4,1,0.8,1,0,1,0,8,5.654866776461628,0.0001508321003912109,-0.0002771580488429438,0.0005053037938069316,3.840829201921381e-08,4.550064501684865e-08,8.390893703606246e-08,1.99999991609106,0,0,-2.886579864025407e-15
critical,19,damped,1,4,1,0.8,1,0,1,0,8,5.969026041820607,8.45743659354058e-05,-0.0001560749916526314,0.0002860025028689024,1.217970150968448e-08,1.430564674675186e-08,2.648534825643634e-08,1.999999973514649,0,0,-3.108624468950438e-15
critical,20,damped,1,4,1,0.8,1,0,1,0,8,6.283185307179586,4.731057886348328e-05,-8.764647301454879e-05,0.000161343576604262,3.840952115945015e-09,4.476581744795743e-09,8.317533860740758e-09,1.999999991682459,0,0,-7.327471962526033e-15
critical,21,damped,1,4,1,0.8,1,0,1,0,8,6.597344572538566,2.640858914577993e-05,-4.909626705836971e-05,9.075071165035915e-05,1.205221719533379e-09,1.394827161341211e-09,2.60004888087459e-09,1.999999997399945,0,0,-5.995204332975845e-15
critical,22,damped,1,4,1,0.8,1,0,1,0,8,6.911503837897544,1.471229337828382e-05,-2.743952492565347e-05,5.090892618947861e-05,3.764637640727791e-10,4.329031528973877e-10,8.093669169701668e-10,1.999999999190625,0,0,-7.549516567451064e-15
critical,23,damped,1,4,1,0.8,1,0,1,0,8,7.225663103256524,8.181530122976038e-06,-1.530405339908001e-05,2.849009310441587e-05,1.171070252209462e-10,1.338748703063286e-10,2.509818955272748e-10,1.999999999749011,0,-0,-7.105427357601002e-15
critical,24,damped,1,4,1,0.8,1,0,1,0,8,7.539822368615503,4.542238675202831e-06,-8.51950980921546e-06,1.590908453605052e-05,3.629102369465923e-11,4.126386436501674e-11,7.755488805967597e-11,1.999999999922438,0,-0,-7.327471962526033e-15
critical,25,damped,1,4,1,0.8,1,0,1,0,8,7.853981633974483,2.517918928138088e-06,-4.734434401198191e-06,8.866061892240412e-06,1.120743454962444e-11,1.267983145735212e-11,2.388726600697655e-11,1.999999999976105,0,-0,-7.327471962526033e-15
critical,26,damped,1,4,1,0.8,1,0,1,0,8,8.168140899333462,1.393795049916393e-06,-2.626794945934963e-06,4.931999584074279e-06,3.450025843994732e-12,3.885329282342881e-12,7.335355126337613e-12,1.999999999992658,0,-0,-6.661338147750939e-15
critical,27,damped,1,4,1,0.8,1,0,1,0,8,8.482300164692441,7.705223648097162e-07,-1.455262429909781e-06,2.73896026040026e-06,1.05889436995346e-12,1.187409429343915e-12,2.246303799297375e-12,1.999999999997747,0,-0,-7.105427357601002e-15
critical,28,damped,1,4,1,0.8,1,0,1,0,8,8.796459430051421,4.254416384299565e-07,-8.05119441538406e-07,1.518711212433798e-06,3.241086575715574e-13,3.620011754199317e-13,6.861098329914891e-13,1.999999999999307,0,0,-7.105427357601002e-15
critical,29,damped,1,4,1,0.8,1,0,1,0,8,9.1106186954104,2.346380767346521e-07,-4.448616923226229e-07,8.408944623518831e-07,9.895096264807399e-14,1.10110054107473e-13,2.090610167555469e-13,1.999999999999785,0,0,-5.995204332975845e-15
critical,30,damped,1,4,1,0.8,1,0,1,0,8,9.424777960769379,1.292684888792258e-07,-2.455121534862921e-07,4.64974658428265e-07,3.013810875473831e-14,3.342068443423705e-14,6.355879318897537e-14,1.99999999999993,0,0,-6.439293542825908e-15
critical,31,damped,1,4,1,0.8,1,0,1,0,8,9.738937226128359,7.114616287212954e-08,-1.353437371065072e-07,2.567902969375105e-07,9.158963586977662e-15,1.012355298285517e-14,1.928251656983283e-14,1.999999999999973,0,0,-7.993605777301127e-15
critical,32,damped,1,4,1,0.8,1,0,1,0,8,10.05309649148734,3.912021565056059e-08,-7.453344201298982e-08,1.416529054497169e-07,2.777616989151858e-15,3.060782545092731e-15,5.838399534244589e-15,1.999999999999989,0,0,-5.329070518200751e-15
critical,33,damped,1,4,1,0.8,1,0,1,0,8,10.36725575684632,2.149146141583292e-08,-4.100528819264546e-08,7.805530710725017e-08,8.407168298809547e-16,9.237658275764704e-16,1.764482657457425e-15,1.999999999999991,0,-0,-7.105427357601002e-15
critical,34,damped,1,4,1,0.8,1,0,1,0,8,10.6814150222053,1.179689073946827e-08,-2.253873695048998e-08,4.296738484408685e-08,2.539973316616913e-16,2.783332622379045e-16,5.323305938995958e-16,1.999999999999993,0,-0,-6.439293542825908e-15
critical,35,damped,1,4,1,0.8,1,0,1,0,8,10.99557428756428,6.470326423635044e-09,-1.237779915577292e-08,2.362989092855152e-08,7.660495597032646e-17,8.373024805677971e-17,1.603352040271062e-16,1.999999999999994,0,-0,-5.995204332975845e-15
critical,36,damped,1,4,1,0.8,1,0,1,0,8,11.30973355292326,3.54617649881742e-09,-6.792077256194439e-09,1.298360302950808e-08,2.306615672705689e-17,2.515073552152994e-17,4.821689224858683e-17,1.999999999999993,0,-0,-6.661338147750939e-15
critical,37,damped,1,4,1,0.8,1,0,1,0,8,11.62389281828223,1.942169213386636e-09,-3.724144894671267e-09,7.127902725138522e-09,6.93462759825303e-18,7.544042506853732e-18,1.447867010510676e-17,1.999999999999993,0,-0,-7.105427357601002e-15
critical,38,damped,1,4,1,0.8,1,0,1,0,8,11.93805208364121,1.062972618533692e-09,-2.040483895421156e-09,3.910045107549854e-09,2.081787263736547e-18,2.259821575504749e-18,4.341608839241296e-18,1.999999999999994,0,0,-6.439293542825908e-15
critical,39,damped,1,4,1,0.8,1,0,1,0,8,12.25221134900019,5.814065733840224e-10,-1.11722053875112e-09,2.14325586146839e-09,6.240908661036714e-19,6.760672071483013e-19,1.300158073251973e-18,1.999999999999994,0,0,-6.439293542825908e-15
critical,40,damped,1,4,1,0.8,1,0,1,0,8,12.56637061435917,3.178148144253638e-10,-6.113065154319132e-10,1.173966804026197e-09,1.86847827904754e-19,2.020125125364569e-19,3.888603404412109e-19,1.999999999999986,0,0,-1.443289932012704e-14
critical,41,damped,1,4,1,0.8,1,0,1,0,8,12.88052987971815,1.73626977993135e-10,-3.342778646390728e-10,6.426035465837512e-10,5.587084539382914e-20,6.029265497405715e-20,1.161635003678863e-19,1.999999999999986,0,0,-1.443289932012704e-14
critical,42,damped,1,4,1,0.8,1,0,1,0,8,13.19468914507713,9.480272090391562e-11,-1.826828516051903e-10,3.515205228050988e-10,1.668651213530199e-20,1.797511178157144e-20,3.466162391687343e-20,1.999999999999987,0,0,-1.310063169057685e-14
critical,43,damped,1,4,1,0.8,1,0,1,0,8,13.50884841043611,5.173635029310437e-11,-9.977958115359647e-11,1.921729234419684e-10,4.977982407593571e-21,5.353299883301601e-21,1.033128229089517e-20,1.999999999999986,0,-0,-1.354472090042691e-14
critical,44,damped,1,4,1,0.8,1,0,1,0,8,13.82300767579509,2.821969441230432e-11,-5.446915358833245e-11,1.049978367041125e-10,1.483444346314675e-21,1.59270230544768e-21,3.076146651762355e-21,1.999999999999985,0,-0,-1.48769885299771e-14
critical,45,damped,1,4,1,0.8,1,0,1,0,8,14.13716694115407,1.538508277559494e-11,-2.971906851598829e-11,5.733594296157341e-11,4.416115167290033e-22,4.734015440238162e-22,9.150130607528195e-22,1.999999999999987,0,-0,-1.310063169057685e-14
critical,46,damped,1,4,1,0.8,1,0,1,0,8,14.45132620651305,8.383922542691226e-12,-1.620709733452159e-11,3.129269916732147e-11,1.313350020053285e-22,1.405803144036922e-22,2.719153164090207e-22,1.999999999999986,0,-0,-1.4210854715202e-14
critical,47,damped,1,4,1,0.8,1,0,1,0,8,14.76548547187203,4.566704283364268e-12,-8.834256319538016e-12,1.707020814469499e-11,3.902204235964868e-23,4.17095760233951e-23,8.073161838304379e-23,1.999999999999986,0,-0,-1.4210854715202e-14
critical,48,damped,1,4,1,0.8,1,0,1,0,8,15.07964473723101,2.486420335178759e-12,-4.813246509058277e-12,9.307304695518072e-12,1.158367097848085e-23,1.236457216638091e-23,2.394824314486175e-23,1.999999999999986,0,0,-1.443289932012704e-14
critical,49,damped,1,4,1,0.8,1,0,1,0,8,15.39380400258998,1.353223655890398e-12,-2.62130572731997e-12,5.072328285718289e-12,3.43562185804024e-24,3.66242852572275e-24,7.09805038376299e-24,1.999999999999987,0,0,-1.287858708565182e-14
critical,50,damped,1,4,1,0.8,1,0,1,0,8,15.70796326794897,7.361984538638398e-13,-1.426974886361216e-12,2.763105729989506e-12,1.018128663152803e-24,1.083976326943016e-24,2.102104990095819e-24,1.999999999999986,0,0,-1.443289932012704e-14
critical,51,damped,1,4,1,0.8,1,0,1,0,8,16.02212253330794,4.003658488976691e-13,-7.764995903230385e-13,1.504534965701478e-12,3.014758068859233e-25,3.205856259271025e-25,6.220614328130258e-25,1.999999999999987,0,0,-1.265654248072678e-14
critical,52,damped,1,4,1,0.8,1,0,1,0,8,16.33628179866692,2.176517191740747e-13,-4.223758975896394e-13,8.188967136622586e-13,8.920069943232676e-26,9.474454171886058e-26,1.839452411511874e-25,1.999999999999986,0,0,-1.376676550535194e-14
critical,53,damped,1,4,1,0.8,1,0,1,0,8,16.65044106402591,1.182812589476376e-13,-2.296658288535161e-13,4.455382796235139e-13,2.637319647148627e-26,2.798091243647621e-26,5.435410890796248e-26,1.999999999999986,0,-0,-1.4210854715202e-14
critical,54,damped,1,4,1,0.8,1,0,1,0,8,16.96460032938488,6.425752969522712e-14,-1.248357579187162e-13,2.423129128939564e-13,7.79198322757016e-27,8.25806024506599e-27,1.605004347263615e-26,1.999999999999986,0,-0,-1.398881011027697e-14
critical,55,damped,1,4,1,0.8,1,0,1,0,8,17.27875959474386,3.489727861637524e-14,-6.783169371404463e-14,1.317376603906776e-13,2.300569336057981e-27,2.435640109657842e-27,4.736209445715823e-27,1.999999999999986,0,-0,-1.4210854715202e-14
critical,56,damped,1,4,1,0.8,1,0,1,0,8,17.59291886010284,1.894625892418715e-14,-3.684535353670744e-14,7.159637845008117e-14,6.787900386224798e-28,7.179214544446824e-28,1.396711493067162e-27,1.999999999999986,0,-0,-1.4210854715202e-14
critical,57,damped,1,4,1,0.8,1,0,1,0,8,17.90707812546182,1.028310848288869e-14,-2.000756727608734e-14,3.889783517279459e-14,2.001513741535805e-28,2.114846401417147e-28,4.116360142952952e-28,1.999999999999986,0,-0,-1.376676550535194e-14
critical,58,damped,1,4,1,0.8,1,0,1,0,8,18.2212373908208,5.579545729699486e-15,-1.086105850285754e-14,2.112605109263221e-14,5.898129590124702e-29,6.226266109961553e-29,1.212439570008626e-28,1.999999999999987,0,0,-1.310063169057685e-14
critical,59,damped,1,4,1,0.8,1,0,1,0,8,18.53539665617978,3.026571591595369e-15,-5.894146150123227e-15,1.147029823411143e-14,1.737047941950623e-29,1.832027119810425e-29,3.569075061761047e-29,1.999999999999987,0,0,-1.287858708565182e-14
critical,60,damped,1,4,1,0.8,1,0,1,0,8,18.84955592153876,1.641287839749385e-15,-3.197752655838443e-15,6.225859264356233e-15,5.112811023960909e-30,5.387651545818407e-30,1.050046256977932e-29,1.999999999999987,0,0,-1.332267629550188e-14
critical,61,damped,1,4,1,0.8,1,0,1,0,8,19.16371518689774,8.898238745601057e-16,-1.734395676147092e-15,3.378287206347944e-15,1.504064180718864e-30,1.583573055474318e-30,3.087637236193182e-30,1.999999999999987,0,0,-1.265654248072678e-14
critical,62,damped,1,4,1,0.8,1,0,1,0,8,19.47787445225672,4.822946979387553e-16,-9.404479538491712e-16,1.832613023641663e-15,4.422211769495464e-31,4.652163513196704e-31,9.074375282692169e-31,1.999999999999985,0,0,-1.509903313490213e-14
critical,63,damped,1,4,1,0.8,1,0,1,0,8,19.7920337176157,2.613445889052973e-16,-5.098100059867066e-16,9.938616683256374e-16,1.299531211020829e-31,1.366019883001576e-31,2.665551094022406e-31,1.999999999999987,0,-0,-1.287858708565182e-14
critical,64,damped,1,4,1,0.8,1,0,1,0,8,20.10619298297468,1.415827779704365e-16,-2.762946711497112e-16,5.388475727170991e-16,3.816937265286353e-32,4.009136603565181e-32,7.826073868851534e-32,1.999999999999988,0,-0,-1.221245327087672e-14
critical,65,damped,1,4,1,0.8,1,0,1,0,8,20.42035224833365,7.668428779996071e-17,-1.497030403885783e-16,2.920750103544704e-16,1.120550015079215e-32,1.176095999077441e-32,2.296646014156656e-32,1.999999999999986,0,-0,-1.398881011027697e-14
critical,66,damped,1,4,1,0.8,1,0,1,0,8,20.73451151369263,4.152449884775789e-17,-8.10934783127889e-17,1.582759178601241e-16,3.288076112433381e-33,3.448568009114892e-33,6.736644121548274e-33,1.999999999999986,0,-0,-1.4210854715202e-14
critical,67,damped,1,4,1,0.8,1,0,1,0,8,21.04867077905161,2.2480571115812e-17,-4.391789592904121e-17,8.574929925291681e-17,9.643907914170472e-34,1.010752155386162e-33,1.975142946803209e-33,1.999999999999986,0,-0,-1.354472090042691e-14
critical,68,damped,1,4,1,0.8,1,0,1,0,8,21.36283004441059,1.21679652881066e-17,-2.377937109771047e-17,4.644562323841551e-17,2.827292449013141e-34,2.96118758505134e-34,5.788480034064481e-34,1.999999999999986,0,0,-1.354472090042691e-14
critical,69,damped,1,4,1,0.8,1,0,1,0,8,21.67698930976957,6.584744068827455e-18,-1.287257028388975e-17,2.51513048602492e-17,8.285153285684077e-35,8.671770890391669e-35,1.695692417607575e-34,1.999999999999986,0,0,-1.398881011027697e-14
critical,70,damped,1,4,1,0.8,1,0,1,0,8,21.99114857512855,3.56264604322663e-18,-6.96688994743721e-18,1.361697561684232e-17,2.426877776985082e-35,2.538489365863673e-35,4.965367142848754e-35,1.999999999999987,0,0,-1.332267629550188e-14
critical,71,damped,1,4,1,0.8,1,0,1,0,8,22.30530784048753,1.927177471254594e-18,-3.769849287740825e-18,7.370687265944926e-18,7.105881826140003e-36,7.428026011422501e-36,1.45339078375625e-35,1.999999999999985,0,0,-1.465494392505207e-14
critical,72,damped,1,4,1,0.8,1,0,1,0,8,22.61946710584651,1.042289397236527e-18,-2.039496034024289e-18,3.988826547151048e-18,2.079772036400402e-36,2.172734375183366e-36,4.252506411583768e-36,1.999999999999986,0,0,-1.376676550535194e-14
critical,73,damped,1,4,1,0.8,1,0,1,0,8,22.93362637120549,5.636048617709994e-19,-1.103158607729063e-18,2.158214983832254e-18,6.084794569033624e-37,6.353008804238147e-37,1.243780337327177e-36,1.999999999999986,0,-0,-1.376676550535194e-14
critical,74,damped,1,4,1,0.8,1,0,1,0,8,23.24778563656447,3.047074543003509e-19,-5.96583924737036e-19,1.16750588174674e-18,1.779561896273227e-37,1.856932654124009e-37,3.636494550397236e-37,1.999999999999986,0,-0,-1.4210854715202e-14
critical,75,damped,1,4,1,0.8,1,0,1,0,8,23.56194490192345,1.647082739411704e-19,-3.225713707940996e-19,6.314523874117167e-19,5.202614462799226e-38,5.42576310093593e-38,1.062837756373516e-37,1.999999999999986,0,-0,-1.376676550535194e-14
critical,76,damped,1,4,1,0.8,1,0,1,0,8,23.87610416728243,8.901715588410115e-20,-1.743824913102168e-19,3.414613417044626e-19,1.520462663777892e-38,1.584810808338873e-38,3.105273472116764e-38,1.999999999999986,0,-0,-1.354472090042691e-14
critical,77,damped,1,4,1,0.8,1,0,1,0,8,24.19026343264141,4.810163850387458e-20,-9.425507428260946e-20,1.846137431149395e-19,4.442009514010114e-39,4.62753525351486e-39,9.069544767524973e-39,1.999999999999985,0,-0,-1.465494392505207e-14
critical,78,damped,1,4,1,0.8,1,0,1,0,8,24.50442269800039,2.598817052231505e-20,-5.093699809173759e-20,9.979531027769017e-20,1.297288887298839e-39,1.350770014193849e-39,2.648058901492689e-39,1.999999999999986,0,0,-1.354472090042691e-14
critical,79,damped,1,4,1,0.8,1,0,1,0,8,24.81858196335937,1.403857359750696e-20,-2.75226701070855e-20,5.393638603831416e-20,3.787486849117288e-40,3.941630973052389e-40,7.729117822169677e-40,1.999999999999972,0,0,-2.753353101070388e-14
critical,80,damped,1,4,1,0.8,1,0,1,0,8,25.13274122871834,7.582342315851471e-21,-1.48688777085109e-20,2.91461415706377e-20,1.105417621553261e-40,1.149838299895037e-40,2.255255921448298e-40,1.999999999999971,0,0,-2.864375403532904e-14
overdamped,0,damped,1,4,1.6,0.8,1,0,1,0,8,0,1,0,-4,0,2,2,0,0,0,0
overdamped,1,damped,1,4,1.6,0.8,1,0,1,0,8,0.3141592653589793,0.8913304915562167,-0.5085178332671373,-0.310807833315188,0.129295193375352,1.588940090355694,1.718235283731046,0.2817647162689551,0,0,8.881784197001252e-16
overdamped,2,damped,1,4,1.6,0.8,1,0,1,0,8,0.6283185307179586,0.7298224484901709,-0.4927702817810728,0.2344400094381824,0.1214112753032989,1.065281612640376,1.186692887943675,0.8133071120563261,0,0,1.332267629550188e-15
overdamped,3,damped,1,4,1.6,0.8,1,0,1,0,8,0.9424777960769379,0.5878673827640681,-0.4094169460765608,0.2687989238337165,0.08381111786732873,0.6911761194357507,0.7749872373030795,1.22501276269692,0,-0,-4.440892098500626e-16
overdamped,4,damped,1,4,1.6,0.8,1,0,1,0,8,1.256637061435917,0.4719351686685386,-0.3307535462147512,0.2290820211002529,0.05469895416681677,0.445445606852404,0.5001445610192208,1.499855438980781,0,-0,1.332267629550188e-15
overdamped,5,damped,1,4,1.6,0.8,1,0,1,0,8,1.570796326794897,0.3786016867053571,-0.2656876476789664,0.1859941983239564,0.03529496306459128,0.2866784743522827,0.321973437416874,1.678026562583126,0,-0,4.440892098500626e-16
overdamped,6,damped,1,4,1.6,0.8,1,0,1,0,8,1.884955592153876,0.3036825007842111,-0.2131701599231188,0.1495590203711163,0.02272075854082403,0.1844461225651047,0.2071668811059287,1.79283311889407,0,-0,-1.77635683940025e-15
overdamped,7,damped,1,4,1.6,0.8,1,0,1,0,8,2.199114857512855,0.2435812657406835,-0.1709917061832218,0.1200218566098853,0.01461908179172462,0.118663666039667,0.1332827478313916,1.866717252168606,0,-0,-2.220446049250313e-15
overdamped,8,damped,1,4,1.6,0.8,1,0,1,0,8,2.513274122871834,0.1953733263427936,-0.137151807907338,0.09627826523578897,0.009405309206125674,0.07634147329249547,0.08574678249862114,1.914253217501379,0,0,0
overdamped,9,damped,1,4,1.6,0.8,1,0,1,0,8,2.827433388230814,0.1567061679596675,-0.1100077846527656,0.07722514993903018,0.006050856342104631,0.04911364615320703,0.05516450249531166,1.944835497504685,0,0,-3.108624468950438e-15
overdamped,10,damped,1,4,1.6,0.8,1,0,1,0,8,3.141592653589793,0.1256917556438457,-0.08823570128937859,0.06194146567664005,0.003892769491014223,0.03159683487366446,0.03548960436467868,1.96451039563532,0,0,-8.881784197001252e-16
overdamped,11,damped,1,4,1.6,0.8,1,0,1,0,8,3.455751918948772,0.1008155374334728,-0.07077258602425049,0.04968240082131214,0.002504379466279968,0.02032754517599989,0.02283192464227986,1.977168075357718,0,0,-1.77635683940025e-15
overdamped,12,damped,1,4,1.6,0.8,1,0,1,0,8,3.769911184307752,0.08086268201214034,-0.05676566718540896,0.03984954193805601,0.001611170485502308,0.01307754668439305,0.01468871716989536,1.985311282830101,0,0,-3.996802888650564e-15
overdamped,13,damped,1,4,1.6,0.8,1,0,1,0,8,4.084070449666731,0.0648587855861633,-0.04553091935513021,0.03196274152818013,0.001036532308661685,0.008413324135423809,0.009449856444085494,1.990550143555909,0,-0,-5.329070518200751e-15
overdamped,14,damped,1,4,1.6,0.8,1,0,1,0,8,4.39822971502571,0.05202229212397118,-0.03651969071301764,0.02563685206742819,0.0006668439048872334,0.005412637755663588,0.006079481660550821,1.993920518339444,0,-0,-5.773159728050814e-15
overdamped,15,damped,1,4,1.6,0.8,1,0,1,0,8,4.71238898038469,0.04172632671249794,-0.02929191475843536,0.02056294760399457,0.0004290081351077217,0.003482172681836238,0.003911180816943959,1.99608881918305,0,-0,-6.217248937900877e-15
overdamped,16,damped,1,4,1.6,0.8,1,0,1,0,8,5.026548245743669,0.0334680820431849,-0.02349462038996682,0.01649324232304805,0.0002759985936343223,0.002240225031298711,0.002516223624933033,1.997483776375063,0,-0,-3.552713678800501e-15
overdamped,17,damped,1,4,1.6,0.8,1,0,1,0,8,5.340707511102648,0.02684426365546073,-0.01884469457869921,0.01322899068183202,0.0001775612568822277,0.00144122898240778,0.001618790239290007,1.998381209760703,0,-0,-7.549516567451064e-15
overdamped,18,damped,1,4,1.6,0.8,1,0,1,0,8,5.654866776461628,0.0215313949055512,-0.01511505646259963,0.01061078173843284,0.0001142324659337875,0.0009272019331575925,0.00104143439909138,1.998958565600902,0,0,-6.883382752675971e-15
overdamped,19,damped,1,4,1.6,0.8,1,0,1,0,8,5.969026041820607,0.01727001986453798,-0.01212356777198423,0.008510754282547189,7.349044776094738e-05,0.0005965071722430727,0.0006699976200040201,1.99933000237999,0,0,-5.773159728050814e-15
overdamped,20,damped,1,4,1.6,0.8,1,0,1,0,8,6.283185307179586,0.01385203269132512,-0.009724138039810367,0.006826352689485886,4.72794303086435e-05,0.0003837576193630795,0.000431037049671723,1.999568962950324,0,0,-4.218847493575595e-15
overdamped,21,damped,1,4,1.6,0.8,1,0,1,0,8,6.597344572538566,0.01111051470621283,-0.007799590219290985,0.005475318578610999,3.04168037944298e-05,0.000246887074073943,0.0002773038778683728,1.999722696122126,0,0,-5.995204332975845e-15
overdamped,22,damped,1,4,1.6,0.8,1,0,1,0,8,6.911503837897544,0.008911582854859962,-0.006255938299087095,0.004391673694717567,1.956838200099237e-05,0.000158832617958068,0.0001784009999590604,1.999821599000035,0,0,-5.551115123125783e-15
overdamped,23,damped,1,4,1.6,0.8,1,0,1,0,8,7.225663103256524,0.007147851479340077,-0.005017797461357122,0.003522497835325274,1.258914568160099e-05,0.0001021835615414082,0.0001147727072230092,1.99988522729277,0,-0,-7.327471962526033e-15
overdamped,24,damped,1,4,1.6,0.8,1,0,1,0,8,7.539822368615503,0.005733188099445371,-0.004024702636034042,0.002825344472836389,8.099115654249683e-06,6.573889156724404e-05,7.383800722149371e-05,1.999926161992771,0,-0,-7.549516567451064e-15
overdamped,25,damped,1,4,1.6,0.8,1,0,1,0,8,7.853981633974483,0.00459850710085777,-0.003228155666553825,0.0022661678625134,5.210494503751784e-06,4.229253511327867e-05,4.750302961703045e-05,1.999952496970375,0,-0,-8.215650382226158e-15
overdamped,26,damped,1,4,1.6,0.8,1,0,1,0,8,8.168140899333462,0.003688395913381062,-0.002589256884273172,0.001817660405824055,3.352125606378008e-06,2.720852882769224e-05,3.056065443407024e-05,1.999969439345553,0,-0,-1.265654248072678e-14
overdamped,27,damped,1,4,1.6,0.8,1,0,1,0,8,8.482300164692441,0.002958408917387244,-0.002076805428628255,0.001457919073671857,2.156560394189895e-06,1.750436664495273e-05,1.966092703914262e-05,1.999980339072948,0,-0,-1.243449787580175e-14
overdamped,28,damped,1,4,1.6,0.8,1,0,1,0,8,8.796459430051421,0.002372896925388177,-0.001665775541460214,0.001169375763792663,1.387404077263535e-06,1.126127963703333e-05,1.264868371429686e-05,1.999987351316273,0,0,-1.310063169057685e-14
overdamped,29,damped,1,4,1.6,0.8,1,0,1,0,8,9.1106186954104,0.001903266240655267,-0.0013360944247723,0.0009379393559216529,8.925741559538112e-07,7.244844765636063e-06,8.137418921589873e-06,1.999991862581065,0,0,-1.332267629550188e-14
overdamped,30,damped,1,4,1.6,0.8,1,0,1,0,8,9.424777960769379,0.001526582273364258,-0.001071661978145518,0.0007523075666742863,5.742296977013828e-07,4.660906874699972e-06,5.235136572401355e-06,1.999994764863414,0,0,-1.310063169057685e-14
overdamped,31,damped,1,4,1.6,0.8,1,0,1,0,8,9.738937226128359,0.001224449521338445,-0.000859564544323638,0.0006034149983175016,3.694256029291517e-07,2.998553260611896e-06,3.367978863541048e-06,1.999996632021123,0,0,-1.376676550535194e-14
overdamped,32,damped,1,4,1.6,0.8,1,0,1,0,8,10.05309649148734,0.0009821132188321941,-0.0006894442659399567,0.0004839904266869463,2.376666979187429e-07,1.929092749209866e-06,2.166759447128609e-06,1.999997833240542,0,0,-1.06581410364015e-14
overdamped,33,damped,1,4,1.6,0.8,1,0,1,0,8,10.36725575684632,0.0007877387820369909,-0.0005529932556856506,0.0003882017082402003,1.529007704169077e-07,1.241064777450244e-06,1.393965547867151e-06,1.999998606034439,0,-0,-1.287858708565182e-14
overdamped,34,damped,1,4,1.6,0.8,1,0,1,0,8,10.6814150222053,0.0006318338627627761,-0.0004435478775313374,0.0003113709651494556,9.836735983127716e-08,7.984280602674611e-07,8.967954200987383e-07,1.999999103204565,0,-0,-1.443289932012704e-14
overdamped,35,damped,1,4,1.6,0.8,1,0,1,0,8,10.99557428756428,0.0005067847860700893,-0.0003557633255736983,0.0002497461393913122,6.328377191162864e-08,5.136616387842122e-07,5.769454106958409e-07,1.999999423054574,0,-0,-1.532107773982716e-14
overdamped,36,damped,1,4,1.6,0.8,1,0,1,0,8,11.30973355292326,0.0004064847336119025,-0.0002853526084437532,0.0002003177595924102,4.071305557282696e-08,3.304596773190787e-07,3.711727328919057e-07,1.999999628827253,0,-0,-1.398881011027697e-14
overdamped,37,damped,1,4,1.6,0.8,1,0,1,0,8,11.62389281828223,0.0003260355148796573,-0.0002288771924828029,0.0001606719723713094,2.619238461940501e-08,2.125983139256865e-07,2.387906985450915e-07,1.999999761209288,0,-0,-1.376676550535194e-14
overdamped,38,damped,1,4,1.6,0.8,1,0,1,0,8,11.93805208364121,0.0002615083622410626,-0.0001835790796674486,0.0001288726609074203,1.685063924577371e-08,1.367732470440057e-07,1.536238862897794e-07,1.999999846376101,0,0,-1.310063169057685e-14
overdamped,39,damped,1,4,1.6,0.8,1,0,1,0,8,12.25221134900019,0.0002097520681059734,-0.0001472461197464235,0.0001033668939532169,1.084070989018905e-08,8.79918601494658e-08,9.883257003965485e-08,1.999999901167418,0,0,-1.154631945610163e-14
overdamped,40,damped,1,4,1.6,0.8,1,0,1,0,8,12.56637061435917,0.000168239094527218,-0.0001181039790571635,8.290908785697467e-05,6.974274934567462e-09,5.66087858546764e-08,6.358306078924386e-08,1.999999936416928,0,0,-1.110223024625157e-14
overdamped,41,damped,1,4,1.6,0.8,1,0,1,0,8,12.88052987971815,0.0001349421399413242,-9.472949027897101e-05,6.650017802011746e-05,4.486838164256831e-09,3.641876226388787e-08,4.09056004281447e-08,1.999999959094386,0,0,-1.354472090042691e-14
overdamped,42,damped,1,4,1.6,0.8,1,0,1,0,8,13.19468914507713,0.0001082351351397566,-7.598115152555708e-05,5.333882920453896e-05,2.886567693574832e-09,2.342968895744274e-08,2.631625665101757e-08,1.999999973683731,0,0,-1.265654248072678e-14
overdamped,43,damped,1,4,1.6,0.8,1,0,1,0,8,13.50884841043611,8.681383357204317e-05,-6.094338067425766e-05,4.278230202707636e-05,1.857047824003741e-09,1.507328339894882e-08,1.693033122295256e-08,1.999999983069654,0,-0,-1.509903313490213e-14
overdamped,44,damped,1,4,1.6,0.8,1,0,1,0,8,13.82300767579509,6.963211797853784e-05,-4.888180257123712e-05,3.431506454176623e-05,1.194715311306702e-09,9.697263708354025e-09,1.089197901966073e-08,1.999999989108008,0,-0,-1.243449787580175e-14
overdamped,45,damped,1,4,1.6,0.8,1,0,1,0,8,14.13716694115407,5.585091286348051e-05,-3.920738554667399e-05,2.752361604479151e-05,7.686095407027704e-10,6.238648935368187e-09,7.007258476070957e-09,1.999999992992729,0,-0,-1.265654248072678e-14
overdamped,46,damped,1,4,1.6,0.8,1,0,1,0,8,14.45132620651305,4.479720792990363e-05,-3.144767583325761e-05,2.20762936132342e-05,4.944781576568273e-10,4.01357967663004e-09,4.508057834286868e-09,1.999999995491928,0,-0,-1.443289932012704e-14
overdamped,47,damped,1,4,1.6,0.8,1,0,1,0,8,14.76548547187203,3.593119137050308e-05,-2.522372511006524e-05,1.770707522240523e-05,3.181181542140679e-10,2.58210102660743e-09,2.900219180821498e-09,1.999999997099768,0,-0,-1.310063169057685e-14
overdamped,48,damped,1,4,1.6,0.8,1,0,1,0,8,15.07964473723101,2.881988795649718e-05,-2.023158441983457e-05,1.420258846095254e-05,2.046585040684465e-10,1.661171883650102e-09,1.865830387718549e-09,1.999999998134155,0,0,-1.465494392505207e-14
overdamped,49,damped,1,4,1.6,0.8,1,0,1,0,8,15.39380400258998,2.311601453067574e-05,-1.622746070815505e-05,1.139169040948937e-05,1.31665240517358e-10,1.068700255564823e-09,1.200365496082181e-09,1.999999998799622,0,0,-1.287858708565182e-14
overdamped,50,damped,1,4,1.6,0.8,1,0,1,0,8,15.70796326794897,1.854102030476344e-05,-1.30158110986383e-05,9.137109812231402e-06,8.470566927771803e-11,6.875388678833003e-10,7.722445371610183e-10,1.99999999922774,0,0,-1.509903313490213e-14
overdamped,51,damped,1,4,1.6,0.8,1,0,1,0,8,16.02212253330794,1.487148372767481e-05,-1.043979348354198e-05,7.328743383969428e-06,5.449464398950276e-11,4.423220565249932e-10,4.968167005144959e-10,1.999999999503171,0,0,-1.265654248072678e-14
overdamped,52,damped,1,4,1.6,0.8,1,0,1,0,8,16.33628179866692,1.192820161065711e-05,-8.373607080884272e-06,5.87827887503089e-06,3.505864777251761e-11,2.845639873289659e-10,3.196226351014835e-10,1.999999999680351,0,0,-2.686739719592879e-14
overdamped,53,damped,1,4,1.6,0.8,1,0,1,0,8,16.65044106402591,9.567437672658229e-06,-6.716348906285503e-06,4.714882309594305e-06,2.255467131548124e-11,1.830717272403998e-10,2.056263985558811e-10,1.999999999794348,0,-0,-2.531308496145357e-14
overdamped,54,damped,1,4,1.6,0.8,1,0,1,0,8,16.96460032938488,7.673903125381418e-06,-5.387086138056467e-06,3.781738782035713e-06,1.451034852942007e-11,1.177775783554774e-10,1.322879268848975e-10,1.999999999867685,0,-0,-2.664535259100376e-14
overdamped,55,damped,1,4,1.6,0.8,1,0,1,0,8,17.27875959474386,6.155126502263842e-06,-4.320903732633645e-06,3.033277879799963e-06,9.335104533343683e-12,7.577116451774143e-11,8.510626905108511e-11,1.999999999914868,0,-0,-2.597921877622866e-14
overdamped,56,damped,1,4,1.6,0.8,1,0,1,0,8,17.59291886010284,4.936937779884895e-06,-3.465734274192222e-06,2.432948235290645e-06,6.005657029655345e-12,4.87467092849096e-11,5.475236631456494e-11,1.99999999994522,0,-0,-2.731148640577885e-14
overdamped,57,damped,1,4,1.6,0.8,1,0,1,0,8,17.90707812546182,3.959846257179247e-06,-2.779815242953676e-06,1.95143252618654e-06,3.863686392478803e-12,3.136076476099298e-11,3.522445115347178e-11,1.999999999964751,0,-0,-2.486899575160351e-14
overdamped,58,damped,1,4,1.6,0.8,1,0,1,0,8,18.2212373908208,3.176135304841125e-06,-2.229649526941476e-06,1.565215753060945e-06,2.485668506495174e-12,2.017567094931646e-11,2.266133945581163e-11,1.999999999977311,0,0,-2.753353101070388e-14
overdamped,59,damped,1,4,1.6,0.8,1,0,1,0,8,18.53539665617978,2.547532105916817e-06,-1.788369578011343e-06,1.255436875605327e-06,1.599132873778234e-12,1.297983966135394e-11,1.457897253513218e-11,1.999999999985393,0,0,-2.753353101070388e-14
overdamped,60,damped,1,4,1.6,0.8,1,0,1,0,8,18.84955592153876,2.043338588499294e-06,-1.434425325106421e-06,1.00696772668392e-06,1.028788006653331e-12,8.350465174500577e-12,9.379253181153907e-12,1.999999999990593,0,0,-2.753353101070388e-14
overdamped,61,damped,1,4,1.6,0.8,1,0,1,0,8,19.16371518689774,1.638932273926178e-06,-1.150531768491963e-06,8.07674222643849e-07,6.618616751546214e-13,5.372197997033665e-12,6.034059672188286e-12,1.999999999993939,0,0,-2.708944180085382e-14
overdamped,62,damped,1,4,1.6,0.8,1,0,1,0,8,19.47787445225672,1.314563828841372e-06,-9.228248603398695e-07,6.478237908096763e-07,4.258028614306498e-13,3.456156120196177e-12,3.881958981626826e-12,1.99999999999609,0,0,-2.775557561562891e-14
overdamped,63,damped,1,4,1.6,0.8,1,0,1,0,8,19.7920337176157,1.054392599126878e-06,-7.401844487766345e-07,5.196100756629501e-07,2.739365091053851e-13,2.223487506187065e-12,2.49742401529245e-12,1.999999999997473,0,-0,-2.930988785010413e-14
overdamped,64,damped,1,4,1.6,0.8,1,0,1,0,8,20.10619298297468,8.457130256455616e-07,-5.936912211154028e-07,4.167717125563315e-07,1.76234633014749e-13,1.430461043493141e-12,1.60669567650789e-12,1.999999999998368,0,-0,-2.486899575160351e-14
overdamped,65,damped,1,4,1.6,0.8,1,0,1,0,8,20.42035224833365,6.78334163516303e-07,-4.761911258903439e-07,3.342865516329894e-07,1.133789941883567e-13,9.20274474786725e-13,1.033653468975082e-12,1.999999999998941,0,-0,-2.575717417130363e-14
overdamped,66,damped,1,4,1.6,0.8,1,0,1,0,8,20.73451151369263,5.44082003516668e-07,-3.819460020828647e-07,2.681263992636621e-07,7.294137425354185e-14,5.920504531014231e-13,6.649918273549649e-13,1.999999999999308,0,-0,-2.686739719592879e-14
overdamped,67,damped,1,4,1.6,0.8,1,0,1,0,8,21.04867077905161,4.364002912903377e-07,-3.06353353885626e-07,2.150602997066556e-07,4.692618871848579e-14,3.808904284765832e-13,4.27816617195069e-13,1.999999999999544,0,-0,-2.842170943040401e-14
overdamped,68,damped,1,4,1.6,0.8,1,0,1,0,8,21.36283004441059,3.50030350218092e-07,-2.457215861016244e-07,1.724967501780282e-07,3.018954893814901e-14,2.450424921476003e-13,2.752320410857493e-13,1.999999999999696,0,0,-2.842170943040401e-14
overdamped,69,damped,1,4,1.6,0.8,1,0,1,0,8,21.67698930976957,2.807542719816486e-07,-1.970897237143975e-07,1.383571438455499e-07,1.942217959690877e-14,1.57645922471891e-13,1.770681020687998e-13,1.999999999999796,0,0,-2.686739719592879e-14
overdamped,70,damped,1,4,1.6,0.8,1,0,1,0,8,21.99114857512855,2.251889334362918e-07,-1.580828115676887e-07,1.109742602880406e-07,1.249508765657269e-14,1.014201114843493e-13,1.13915199140922e-13,1.999999999999856,0,0,-2.97539770599542e-14
overdamped,71,damped,1,4,1.6,0.8,1,0,1,0,8,22.30530784048753,1.806207805289902e-07,-1.267959325436886e-07,8.90108461636461e-08,8.03860425481181e-15,6.524773271780329e-14,7.32863369726151e-14,1.999999999999899,0,0,-2.731148640577885e-14
overdamped,72,damped,1,4,1.6,0.8,1,0,1,0,8,22.61946710584651,1.448733108731259e-07,-1.017011802243948e-07,7.139430994362336e-08,5.171565029517419e-15,4.197655240668275e-14,4.714811743620017e-14,1.999999999999925,0,0,-2.842170943040401e-14
overdamped,73,damped,1,4,1.6,0.8,1,0,1,0,8,22.93362637120549,1.162007834418161e-07,-8.157304301122462e-08,5.726434150457323e-08,3.327080673055551e-15,2.700524414498369e-14,3.033232481803924e-14,1.99999999999994,0,-0,-2.997602166487923e-14
overdamped,74,damped,1,4,1.6,0.8,1,0,1,0,8,23.24778563656447,9.320296465314075e-08,-6.542855580858612e-08,4.593089856238818e-08,2.140447957598634e-15,1.737358524026921e-14,1.951403319786784e-14,1.999999999999952,0,-0,-2.797762022055394e-14
overdamped,75,damped,1,4,1.6,0.8,1,0,1,0,8,23.56194490192345,7.475674744038555e-08,-5.247929655644082e-08,3.684050819967906e-08,1.377038283529431e-15,1.117714257573118e-14,1.255418085926062e-14,1.999999999999959,0,-0,-2.819966482547898e-14
overdamped,76,damped,1,4,1.6,0.8,1,0,1,0,8,23.87610416728243,5.996130389911597e-08,-4.209288334463616e-08,2.954923780920756e-08,8.859054141325743e-16,7.190715930564281e-15,8.076621344696855e-15,1.999999999999965,0,-0,-2.731148640577885e-14
overdamped,77,damped,1,4,1.6,0.8,1,0,1,0,8,24.19026343264141,4.809409302015621e-08,-3.37620918062351e-08,2.370101547927979e-08,5.699394215663235e-16,4.626083566862876e-15,5.196022988429199e-15,1.999999999999967,0,-0,-2.775557561562891e-14
overdamped,78,damped,1,4,1.6,0.8,1,0,1,0,8,24.50442269800039,3.857557512963838e-08,-2.708008462617933e-08,1.901024108899419e-08,3.66665491680517e-16,2.97614999316475e-15,3.342815484845267e-15,1.999999999999971,0,0,-2.597921877622866e-14
overdamped,79,damped,1,4,1.6,0.8,1,0,1,0,8,24.81858196335937,3.094090985266561e-08,-2.172054348912114e-08,1.524783891971287e-08,2.358910047314014e-16,1.91467980502156e-15,2.150570809752961e-15,1.999999999999971,0,0,-2.686739719592879e-14
overdamped,80,damped,1,4,1.6,0.8,1,0,1,0,8,25.13274122871834,2.481725546005447e-08,-1.742173320266156e-08,1.223007065681611e-08,1.517583938923601e-16,1.231792337139207e-15,1.383550731031567e-15,1.999999999999973,0,0,-2.531308496145357e-14
resonance,0,driven,1,4,0.12,0.8,1,0,0,0,8,0,0,0,0.8,0,0,0,0,0,0.8,0
resonance,1,driven,1,4,0.12,0.8,1,0,0,0,8,0.3141592653589793,0.03513139981634968,0.2029395453837524,0.4092770144503581,0.02059222954028206,0.002468430506112429,0.02306066004639449,0.002419972150345276,0.02548063219673975,0.647213595499958,1.387778780781446e-17
resonance,2,driven,1,4,0.12,0.8,1,0,0,0,8,0.6283185307179586,0.1080313209125606,0.2240156484335963,-0.2924391993984107,0.0250915053715623,0.02334153259622532,0.04843303796778761,0.01055614821354346,0.05898918618133107,0.247213595499958,0
resonance,3,driven,1,4,0.12,0.8,1,0,0,0,8,0.9424777960769379,0.1530813600966416,0.03195362641825757,-0.8748767765672882,0.0005105171206387839,0.04686780561807533,0.04737832273871412,0.01413627177829568,0.06151459451700978,-0.247213595499958,1.387778780781446e-17
resonance,4,driven,1,4,0.12,0.8,1,0,0,0,8,1.256637061435917,0.1158319105751509,-0.2746262494580493,-0.9787206380606976,0.03770978844569736,0.0268340630149795,0.06454385146067686,0.01746163598926891,0.08200548744994575,-0.6472135954999579,1.387778780781446e-17
resonance,5,driven,1,4,0.12,0.8,1,0,0,0,8,1.570796326794897,-0.01306953935216572,-0.5206209340120929,-0.4978237942655324,0.135523078465812,0.0003416257177556166,0.1358647041835676,0.04363129032620855,0.1794959945097762,-0.7999999999999998,-5.551115123125783e-17
resonance,6,driven,1,4,0.12,0.8,1,0,0,0,8,1.884955592153876,-0.1878575158957382,-0.5464757811663196,0.3665248430428278,0.1493178897006696,0.07058089255703502,0.2198987822577046,0.09033445067823012,0.3102332329359347,-0.6472135954999582,0
resonance,7,driven,1,4,0.12,0.8,1,0,0,0,8,2.199114857512855,-0.3267138435607341,-0.2934488889063302,1.200497245418017,0.04305612520017986,0.2134838711484557,0.2565399963486356,0.1206218616802707,0.3771618580289064,-0.247213595499958,-1.110223024625157e-16
resonance,8,driven,1,4,0.12,0.8,1,0,0,0,8,2.513274122871834,-0.3509505948355049,0.1589665801854327,1.57471201635297,0.0126351868079258,0.2463326400307895,0.2589678268387153,0.1241322546155939,0.3831000814543091,0.2472135954999578,0
resonance,9,driven,1,4,0.12,0.8,1,0,0,0,8,2.827433388230814,-0.2256436226345736,0.6217626056614602,1.251342035320752,0.1932943688994642,0.1018300888713077,0.295124457770772,0.1508608787274608,0.4459853364982322,0.647213595499958,5.551115123125783e-16
resonance,10,driven,1,4,0.12,0.8,1,0,0,0,8,3.141592653589793,0.01792475365941572,0.879024124726518,0.3063694054936082,0.3863417059256106,0.0006425935875014743,0.386984299513112,0.242370595002553,0.6293548945156652,0.7999999999999997,-1.110223024625157e-16
resonance,11,driven,1,4,0.12,0.8,1,0,0,0,8,3.455751918948772,0.2896074025674282,0.7874912673469039,-0.889211823096268,0.3100712480738164,0.1677448952437048,0.4778161433175212,0.3552816577421238,0.833097801059645,0.6472135954999585,0
resonance,12,driven,1,4,0.12,0.8,1,0,0,0,8,3.769911184307752,0.4757183434191665,0.3480524818801385,-1.822724969479174,0.06057026507146206,0.452615884530952,0.513186149602414,0.410678527492818,0.9238646770952319,0.2472135954999583,1.110223024625157e-16
resonance,13,driven,1,4,0.12,0.8,1,0,0,0,8,4.084070449666731,0.4877632683771629,-0.2840420096188403,-2.061926504391566,0.04033993161415468,0.4758260119559444,0.5161659435700992,0.4159923513461782,0.9321582949162772,-0.2472135954999574,2.220446049250313e-16
resonance,14,driven,1,4,0.12,0.8,1,0,0,0,8,4.39822971502571,0.3034619821103489,-0.8570186370861509,-1.449692578140001,0.3672404721565018,0.1841783491726834,0.5514188213291852,0.4720855737544898,1.023504395083675,-0.6472135954999578,-2.220446049250313e-16
resonance,15,driven,1,4,0.12,0.8,1,0,0,0,8,4.71238898038469,-0.01843455831983193,-1.125624286094032,-0.1859621093955361,0.6335150167223501,0.0006796658808945692,0.6341946826032446,0.6313574941631598,1.265552176766404,-0.7999999999999994,4.440892098500626e-16
resonance,16,driven,1,4,0.12,0.8,1,0,0,0,8,5.026548245743669,-0.3573004504350588,-0.9564117069664996,1.241065825584197,0.4573616766112867,0.2553272237621917,0.7126889003734784,0.8072106905691234,1.519899590942602,-0.6472135954999582,-2.220446049250313e-16
resonance,17,driven,1,4,0.12,0.8,1,0,0,0,8,5.340707511102648,-0.5771888828500622,-0.3902732191282011,2.248873081081828,0.07615659278434445,0.6662940129714057,0.7424506057557501,0.8851860212024655,1.627636626958216,-0.2472135954999577,-4.440892098500626e-16
resonance,18,driven,1,4,0.12,0.8,1,0,0,0,8,5.654866776461628,-0.5823052570938634,0.3657559182263507,2.400871783126763,0.06688869585880049,0.6781588248783007,0.7450475207371012,0.8925074332065037,1.637554953943602,0.2472135954999575,2.886579864025407e-15
resonance,19,driven,1,4,0.12,0.8,1,0,0,0,8,5.969026041820607,-0.3585239237341986,1.016346219355888,1.593463105145927,0.5164798187995034,0.2570788077795309,0.7735586265790344,0.9744301259894648,1.747988752568499,0.6472135954999586,6.661338147750939e-16
resonance,20,driven,1,4,0.12,0.8,1,0,0,0,8,6.283185307179586,0.01684942476654317,1.295209314647305,0.1109018299031205,0.8387835843745703,0.0005678062299267966,0.8393513906044971,1.190756623103051,2.030108013707549,0.7999999999999994,-8.881784197001252e-16
resonance,21,driven,1,4,0.12,0.8,1,0,0,0,8,6.597344572538566,0.4022686217362546,1.07468935704414,-1.477711782826248,0.5774786070719737,0.3236400880671717,0.9011186951391454,1.418391972342797,2.319510667481945,0.6472135954999569,-2.220446049250313e-15
resonance,22,driven,1,4,0.12,0.8,1,0,0,0,8,6.911503837897544,0.6462497888369044,0.4224881722794352,-2.540579882541786,0.08924812785800888,0.8352775791434871,0.9245257070014959,1.514780775625338,2.439306482626833,0.2472135954999605,4.440892098500626e-16
resonance,23,driven,1,4,0.12,0.8,1,0,0,0,8,7.225663103256524,0.6475998419859472,-0.4189791554005313,-2.63650296885149,0.08777176633007129,0.8387711106804476,0.926542877010519,1.523802018690887,2.450344895701403,-0.2472135954999564,3.552713678800501e-15
resonance,24,driven,1,4,0.12,0.8,1,0,0,0,8,7.539822368615503,0.3974281738825245,-1.124177114697665,-1.697321275975177,0.6318870926049837,0.3158983067911962,0.9477853993961799,1.625781377989702,2.573566777385881,-0.6472135954999584,1.332267629550188e-15
resonance,25,driven,1,4,0.12,0.8,1,0,0,0,8,7.853981633974483,-0.01443557100337612,-1.411770912907805,-0.0646076777907488,0.9965485552662691,0.000416771420387027,0.9969653266866561,1.886070907783318,2.883036234469975,-0.7999999999999998,-1.332267629550188e-15
resonance,26,driven,1,4,0.12,0.8,1,0,0,0,8,8.168140899333462,-0.4320932081640482,-1.157430826610675,1.636726033929359,0.6698230591943352,0.3734090810829989,1.043232140277334,2.153475813176471,3.196707953453805,-0.647213595499958,0
resonance,27,driven,1,4,0.12,0.8,1,0,0,0,8,8.482300164692441,-0.6932253949000237,-0.4468062841797924,2.740155000506436,0.0998179277912767,0.9611228962685875,1.060940824059864,2.26411717250555,3.325057996565414,-0.2472135954999587,4.440892098500626e-16
resonance,28,driven,1,4,0.12,0.8,1,0,0,0,8,8.796459430051421,-0.6926697815279207,0.4535288253532986,2.800198885442057,0.1028441977131714,0.9595828524838748,1.062427050197046,2.274441139123787,3.336868189320834,0.2472135954999578,-8.881784197001252e-16
resonance,29,driven,1,4,0.12,0.8,1,0,0,0,8,9.1106186954104,-0.4248789472183779,1.197104291662652,1.772119324375396,0.7165293425585701,0.3610442395787944,1.077573582137365,2.391074671481544,3.468648253618908,0.6472135954999572,4.440892098500626e-16
resonance,30,driven,1,4,0.12,0.8,1,0,0,0,8,9.424777960769379,0.0118707808949515,1.491846151178317,0.03643072385460044,1.11280246939278,0.0002818308781118911,1.113084300270891,2.683690754944827,3.796775055215716,0.7999999999999988,1.77635683940025e-15
resonance,31,driven,1,4,0.12,0.8,1,0,0,0,8,9.738937226128359,0.451840315872247,1.215261636131206,-1.743473253332007,0.7384304221261477,0.4083193420950639,1.146749764221212,2.980488698640537,4.12723846286175,0.6472135954999598,-8.881784197001252e-16
resonance,32,driven,1,4,0.12,0.8,1,0,0,0,8,10.05309649148734,0.7251595972430263,0.4650015640784473,-2.876625544229801,0.1081132272977012,1.051712882947336,1.159826110245037,3.101820915570147,4.261647025815185,0.2472135954999589,0
resonance,33,driven,1,4,0.12,0.8,1,0,0,0,8,10.36725575684632,0.7237623931360496,-0.4758724224054305,-2.91384440528955,0.1132272812030062,1.047664003436043,1.16089128463905,3.113097434275617,4.273988718914666,-0.2472135954999577,1.77635683940025e-15
resonance,34,driven,1,4,0.12,0.8,1,0,0,0,8,10.6814150222053,0.4442234015065016,-1.246389974126149,-1.825840013945413,0.7767439838010907,0.3946688608920131,1.171412844693104,3.240076752487818,4.411489597180921,-0.6472135954999577,0
resonance,35,driven,1,4,0.12,0.8,1,0,0,0,8,10.99557428756428,-0.009488886893048934,-1.546827632744445,-0.01956718871047129,1.196337862710891,0.0001800779489381517,1.196517940659829,3.555818863142283,4.752336803802114,-0.8000000000000004,-1.77635683940025e-15
resonance,36,driven,1,4,0.12,0.8,1,0,0,0,8,11.30973355292326,-0.464891147107354,-1.255647093054464,1.815061597595599,0.7883248111480624,0.432247557317583,1.220572368465645,3.873839156864671,5.094411525330307,-0.6472135954999592,9.769962616701378e-15
resonance,37,driven,1,4,0.12,0.8,1,0,0,0,8,11.62389281828223,-0.7468555474690977,-0.4785148145619138,2.969895705366152,0.1144882138776114,1.115586417570731,1.230074631448342,4.003029989349979,5.233104620798316,-0.2472135954999568,5.329070518200751e-15
resonance,38,driven,1,4,0.12,0.8,1,0,0,0,8,11.93805208364121,-0.7452007049190014,0.4902612141713443,2.992691032373719,0.1201780290603803,1.110648181223553,1.230826210283934,4.014985937455198,5.245812147739132,0.2472135954999594,0
resonance,39,driven,1,4,0.12,0.8,1,0,0,0,8,12.25221134900019,-0.4578388507241463,1.279673386311351,1.864325772967095,0.8187819878167798,0.4192328264648142,1.238014814281594,4.149117723103349,5.387132537384944,0.6472135954999587,-8.881784197001252e-16
resonance,40,driven,1,4,0.12,0.8,1,0,0,0,8,12.56637061435917,0.007428847151084735,1.584559695521036,0.009695957545562555,1.255414714334859,0.0001103755399883596,1.255525089874847,4.481122493829541,5.73664758370439,0.7999999999999986,-2.664535259100376e-15
resonance,41,driven,1,4,0.12,0.8,1,0,0,0,8,12.88052987971815,0.473499441497501,1.283826605441162,-1.8630209411018,0.8241053764192883,0.4484034421968907,1.272508818616179,4.814237988920915,6.086746807537097,0.6472135954999613,-2.664535259100376e-15
resonance,42,driven,1,4,0.12,0.8,1,0,0,0,8,13.19468914507713,0.7615866468475236,0.4884874309730656,-3.03360695875721,0.1193099851093328,1.160028441312909,1.279338426422242,4.94912720547014,6.22846563189239,0.2472135954999558,-7.993605777301127e-15
resonance,43,driven,1,4,0.12,0.8,1,0,0,0,8,13.50884841043611,0.7599744148960988,-0.4994828889493856,-3.047359468388646,0.1247415781766121,1.155122222593336,1.279863800769948,4.961561030648834,6.241424831418779,-0.2472135954999556,2.664535259100376e-15
resonance,44,driven,1,4,0.12,0.8,1,0,0,0,8,13.82300767579509,0.4674109576047711,-1.302132899454729,-1.891833634180768,0.8477750439211891,0.4369460065780183,1.284721050499207,5.100571014192369,6.385292064691575,-0.6472135954999533,1.77635683940025e-15
resonance,45,driven,1,4,0.12,0.8,1,0,0,0,8,14.13716694115407,-0.00572417693618032,-1.610440680189519,-0.00409176576430894,1.29675959220464,6.553240319339743e-05,1.296825124607834,5.443885035845663,6.740710160453487,-0.7999999999999994,9.769962616701378e-15
resonance,46,driven,1,4,0.12,0.8,1,0,0,0,8,14.45132620651305,-0.4791653631252478,-1.303473626854087,1.895115197890993,0.849521747952074,0.4591988904379011,1.308720638389975,5.787631279412444,7.096351917802409,-0.6472135954999603,9.769962616701378e-15
resonance,47,driven,1,4,0.12,0.8,1,0,0,0,8,14.76548547187203,-0.7715825042332085,-0.4958069445011671,3.077103754793442,0.1229122631077917,1.190679121677579,1.31359138478537,5.926613290510327,7.240204675295706,-0.2472135954999527,-7.993605777301127e-15
resonance,48,driven,1,4,0.12,0.8,1,0,0,0,8,15.07964473723101,-0.7701499284376117,0.5053605601643586,3.085240240371512,0.1276946478848172,1.186261824544917,1.313956472429734,5.939380448163368,7.253336920593094,0.2472135954999572,7.105427357601002e-15
resonance,49,driven,1,4,0.12,0.8,1,0,0,0,8,15.39380400258998,-0.474133092573176,1.317276429705869,1.911453279533839,0.867608596129321,0.4496043789460077,1.317212975075329,6.081687112604991,7.398900087680324,0.6472135954999525,-4.440892098500626e-15
resonance,50,driven,1,4,0.12,0.8,1,0,0,0,8,15.70796326794897,0.004355463817678032,1.62818368520055,0.001049975833023607,1.325491056376622,3.7940130134205e-05,1.325528996506756,6.432807040124956,7.758336036631711,0.7999999999999997,1.77635683940025e-15
resonance,51,driven,1,4,0.12,0.8,1,0,0,0,8,16.02212253330794,0.4828860131114826,1.317161180249515,-1.916567823465736,0.8674567873781472,0.4663578033174059,1.333814590695553,6.783989295486767,8.117803886182324,0.6472135954999612,-5.329070518200751e-15
resonance,52,driven,1,4,0.12,0.8,1,0,0,0,8,16.33628179866692,0.7783609077713828,0.5011535818510799,-3.10678375487409,0.1255774563010836,1.211691405493382,1.337268861794466,6.925890878841177,8.263159740635645,0.2472135954999594,-1.77635683940025e-15
resonance,53,driven,1,4,0.12,0.8,1,0,0,0,8,16.65044106402591,0.7771546809227443,-0.5090830339134989,-3.111472462912457,0.1295827677092863,1.207938796160265,1.337521563869551,6.938889343517388,8.276410907386936,-0.2472135954999595,3.552713678800501e-15
resonance,54,driven,1,4,0.12,0.8,1,0,0,0,8,16.96460032938488,0.4788488661090652,-1.327478684140864,-1.925419291548603,0.88109982842418,0.4585924731478749,1.339692301572055,7.083409468148312,8.423101769720363,-0.6472135954999572,3.552713678800501e-15
resonance,55,driven,1,4,0.12,0.8,1,0,0,0,8,17.27875959474386,-0.003280315252730102,-1.640341330027061,0.0004850994239081023,1.345359839497474,2.152093631458751e-05,1.345381360433788,7.439889486017013,8.785270846450791,-0.8000000000000015,1.06581410364015e-14
resonance,56,driven,1,4,0.12,0.8,1,0,0,0,8,17.59291886010284,-0.4853230954962539,-1.326689822780479,1.930889901419688,0.8800529429346495,0.4710770140441319,1.351129956978781,7.796248487217341,9.147378444196123,-0.6472135954999576,-1.77635683940025e-15
resonance,57,driven,1,4,0.12,0.8,1,0,0,0,8,17.90707812546182,-0.7829544830923207,-0.5050426938707164,3.127024829927267,0.1275340613160951,1.226035445188726,1.353569506504821,7.940222283342017,9.293791789846846,-0.24721359549996,-7.105427357601002e-15
resonance,58,driven,1,4,0.12,0.8,1,0,0,0,8,18.2212373908208,-0.7819741654695521,0.5114229916747454,3.129627221374286,0.1307767382067733,1.222967190923605,1.353743929130378,7.953380710984498,9.307124640114878,0.2472135954999557,-1.77635683940025e-15
resonance,59,driven,1,4,0.12,0.8,1,0,0,0,8,18.53539665617978,-0.4821538143502543,1.33434611506534,1.935342717669609,0.8902397773949833,0.464944601384999,1.355184378779982,8.099379828808438,9.454564207588415,0.6472135954999555,5.329070518200751e-15
resonance,60,driven,1,4,0.12,0.8,1,0,0,0,8,18.84955592153876,0.002449723595917466,1.648667536139031,-0.001159311730406943,1.359052322359371,1.200229139278961e-05,1.359064324650764,8.459527062809995,9.818591387460753,0.7999999999999976,5.329070518200751e-15
resonance,61,driven,1,4,0.12,0.8,1,0,0,0,8,19.16371518689774,0.4869150059907453,1.333318422552764,-1.94043927128835,0.8888690079592959,0.4741724461179351,1.363041454077231,8.819477786502301,10.18251924057952,0.6472135954999576,1.4210854715202e-14
resonance,62,driven,1,4,0.12,0.8,1,0,0,0,8,19.47787445225672,0.7860653638442174,0.5078610402032899,-3.140821159174485,0.1289614180781838,1.235797512471084,1.364758930549268,8.964916804271143,10.32967573482041,0.2472135954999636,0
resonance,63,driven,1,4,0.12,0.8,1,0,0,0,8,19.7920337176157,0.7852883839190883,-0.5128808385758199,-3.14218432865992,0.1315233772891181,1.233355691836507,1.364879069125625,8.978185592896965,10.34306466202258,-0.2472135954999602,1.243449787580175e-14
resonance,64,driven,1,4,0.12,0.8,1,0,0,0,8,20.10619298297468,0.4844678000270417,-1.338964683045889,-1.942381747746097,0.8964132112220887,0.4694180985260833,1.365831309748172,9.125169193544176,10.49100050329235,-0.6472135954999563,-1.77635683940025e-15
resonance,65,driven,1,4,0.12,0.8,1,0,0,0,8,20.42035224833365,-0.001816420544236763,-1.654366810848505,0.001361751384230826,1.368464772418527,6.598767187050759e-06,1.368471371185714,9.487818776289215,10.85629014747493,-0.7999999999999988,3.552713678800501e-15
resonance,66,driven,1,4,0.12,0.8,1,0,0,0,8,20.73451151369263,-0.4879516756861683,-1.337926362930714,1.946797761451457,0.8950234763125048,0.4761936756098792,1.371217151922384,9.85025533920078,11.22147249112317,-0.6472135954999595,-1.77635683940025e-15
resonance,67,driven,1,4,0.12,0.8,1,0,0,0,8,21.04867077905161,-0.788170680677362,-0.509896591144014,3.150219490958611,0.1299972668301429,1.242426043758832,1.372423310588975,9.996727358061946,11.36915066865092,-0.247213595499963,1.77635683940025e-15
resonance,68,driven,1,4,0.12,0.8,1,0,0,0,8,21.36283004441059,-0.7875662886894241,0.5137793373674386,3.150864668321284,0.1319846037528622,1.240521318160067,1.372505921912929,10.0100721517284,11.38257807364133,0.2472135954999582,3.552713678800501e-15
resonance,69,driven,1,4,0.12,0.8,1,0,0,0,8,21.67698930976957,-0.4860864677014725,1.342067954576469,1.947366848109141,0.9005731973505332,0.4725601081649893,1.373133305515522,10.15770898667143,11.53084229218696,0.6472135954999563,-1.77635683940025e-15
resonance,70,driven,1,4,0.12,0.8,1,0,0,0,8,21.99114857512855,0.00133863562126564,1.658265923774547,-0.00132218589684424,1.374922936975925,3.583890653042494e-06,1.374926520866579,10.52206265626156,11.89698917712814,0.8000000000000007,-5.329070518200751e-15
resonance,71,driven,1,4,0.12,0.8,1,0,0,0,8,22.30530784048753,0.4886244819666096,1.341127426283508,-1.951025496982563,0.8993113867649134,0.4775077687542751,1.376819155519188,10.88621647701547,12.26303563253466,0.6472135954999589,1.77635683940025e-15
resonance,72,driven,1,4,0.12,0.8,1,0,0,0,8,22.61946710584651,0.7895944676028894,0.5113623290764205,-3.156618192868279,0.1307457157992307,1.246918846538181,1.377664562337412,11.0334150881816,12.41107965051898,0.2472135954999608,2.842170943040401e-14
resonance,73,driven,1,4,0.12,0.8,1,0,0,0,8,22.93362637120549,0.789131110197662,-0.5143257189924995,-3.1568616911742,0.1322654726085758,1.245455818163589,1.377721290772165,11.04681215307903,12.42453344385119,-0.2472135954999514,0
resonance,74,driven,1,4,0.12,0.8,1,0,0,0,8,23.24778563656447,0.4872177502982538,-1.344151076655324,-1.95089207989842,0.903371058436833,0.4747622724113831,1.378133330848216,11.19488120650821,12.57301453735641,-0.6472135954999602,1.77635683940025e-14
resonance,75,driven,1,4,0.12,0.8,1,0,0,0,8,23.56194490192345,-0.0009813202276110634,-1.660932074183308,0.001172676518435503,1.379347677525434,1.925978778237258e-06,1.379349603504212,11.56039354080586,12.93974314431008,-0.7999999999999968,-7.105427357601002e-15
resonance,76,driven,1,4,0.12,0.8,1,0,0,0,8,23.87610416728243,-0.4890594877112657,-1.343349669124342,1.95383219652479,0.9022941667682399,0.4783583650408114,1.380652531809051,11.92573196501117,13.30638449682022,-0.6472135954999575,0
resonance,77,driven,1,4,0.12,0.8,1,0,0,0,8,24.19026343264141,-0.7905566494763601,-0.5124148704721914,3.160972140232136,0.1312844997405163,1.249959632062577,1.381244131803093,12.07344068347947,13.45468481528255,-0.2472135954999558,1.243449787580175e-14
resonance,78,driven,1,4,0.12,0.8,1,0,0,0,8,24.50442269800039,-0.7902055189475474,0.5146523423993332,3.16100254693847,0.1324335167685602,1.248849524350325,1.381283041118886,12.08687365548066,13.46815669659954,0.2472135954999608,5.329070518200751e-15
resonance,79,driven,1,4,0.12,0.8,1,0,0,0,8,24.81858196335937,-0.4880077283427116,1.345548003734955,1.953381467078026,0.9052497151775609,0.4763030858444275,1.381552801021988,12.23522793313826,13.61678073416025,0.6472135954999577,-1.77635683940025e-15
resonance,80,driven,1,4,0.12,0.8,1,0,0,0,8,25.13274122871834,0.0007160580886537517,1.662754184488223,-0.0009862409089646334,1.382375739016547,1.025478372652928e-06,1.38237676449492,12.60152708050362,13.98390384499854,0.7999999999999972,-7.105427357601002e-15
undamped,0,driven,1,4,0,0.8,1,0,0,0,8,0,0,0,0.8,0,0,0,0,0,0.8,0
undamped,1,driven,1,4,0,0.8,1,0,0,0,8,0.3141592653589793,0.03693163660980913,0.2192211243047998,0.4994870490607215,0.02402895067073025,0.002727891565357988,0.02675684223608824,0,0.02675684223608824,0.647213595499958,6.938893903907228e-18
undamped,2,driven,1,4,0,0.8,1,0,0,0,8,0.6283185307179586,0.1195132865896622,0.2678757448080493,-0.230839550858691,0.03587870732823358,0.02856685134292548,0.06444555867115906,0,0.06444555867115909,0.247213595499958,-2.775557561562891e-17
undamped,3,driven,1,4,0,0.8,1,0,0,0,8,0.9424777960769379,0.1792699298844934,0.07371464093550271,-0.9642933150379316,0.002716924144125046,0.06427541552158235,0.06699233966570739,0,0.0669923396657074,-0.247213595499958,-1.387778780781446e-17
undamped,4,driven,1,4,0,0.8,1,0,0,0,8,1.256637061435917,0.1477265464392366,-0.2890992449267262,-1.238119781256904,0.04178918670860161,0.04364626504572783,0.08543545175432943,0,0.08543545175432944,-0.6472135954999579,-1.387778780781446e-17
undamped,5,driven,1,4,0,0.8,1,0,0,0,8,1.570796326794897,1.079207071754379e-16,-0.6283185307179583,-0.8000000000000003,0.197392088021787,2.329375807449324e-32,0.197392088021787,0,0.1973920880217871,-0.7999999999999998,-1.942890293094024e-16
undamped,6,driven,1,4,0,0.8,1,0,0,0,8,1.884955592153876,-0.2215898196588549,-0.727541493536326,0.2391456831354613,0.2646583124085339,0.09820409635288763,0.3628624087614216,0,0.3628624087614216,-0.6472135954999582,0
undamped,7,driven,1,4,0,0.8,1,0,0,0,8,2.199114857512855,-0.4182965030638179,-0.462036848680596,1.425972416755314,0.106739024769348,0.3499439289508372,0.4566829537201852,0,0.4566829537201851,-0.247213595499958,1.110223024625157e-16
undamped,8,driven,1,4,0,0.8,1,0,0,0,8,2.513274122871834,-0.4780531463586489,0.1204464629370438,2.159426180934553,0.007253675217022332,0.4570696214868076,0.46432329670383,0,0.4643232967038301,0.2472135954999578,-1.110223024625157e-16
undamped,9,driven,1,4,0,0.8,1,0,0,0,8,2.827433388230814,-0.3323847294882823,0.7974196141582521,1.976752513453087,0.3179390205221478,0.2209592167939973,0.5388982373161451,0,0.5388982373161443,0.647213595499958,7.771561172376096e-16
undamped,10,driven,1,4,0,0.8,1,0,0,0,8,3.141592653589793,-3.784624153384714e-16,1.256637061435916,0.8000000000000013,0.7895683520871475,2.864675996476593e-31,0.7895683520871475,0,0.7895683520871488,0.7999999999999997,-1.332267629550188e-15
undamped,11,driven,1,4,0,0.8,1,0,0,0,8,3.455751918948772,0.4062480027078992,1.235861862767852,-0.9777784153316385,0.7636772719220127,0.3300748794083146,1.093752151330327,0,1.093752151330329,0.6472135954999585,-1.332267629550188e-15
undamped,12,driven,1,4,0,0.8,1,0,0,0,8,3.769911184307752,0.7170797195379739,0.6561979525531434,-2.621105282651937,0.2152978764674687,1.028406648345319,1.243704524812787,0,1.243704524812786,0.2472135954999583,8.881784197001252e-16
undamped,13,driven,1,4,0,0.8,1,0,0,0,8,4.084070449666731,0.7768363628328043,-0.3146075668095896,-3.354559046831175,0.04948896054692518,1.206949469238601,1.256438429785526,0,1.256438429785527,-0.2472135954999574,-6.661338147750939e-16
undamped,14,driven,1,4,0,0.8,1,0,0,0,8,4.39822971502571,0.5170429125373278,-1.305739983389778,-2.715385245649269,0.8524784521113689,0.5346667468101657,1.387145198921535,0,1.387145198921534,-0.6472135954999578,1.110223024625157e-15
undamped,15,driven,1,4,0,0.8,1,0,0,0,8,4.71238898038469,2.896102472946328e-17,-1.884955592153875,-0.7999999999999995,1.776528792196082,1.677481906761167e-33,1.776528792196082,0,1.776528792196083,-0.7999999999999994,-6.661338147750939e-16
undamped,16,driven,1,4,0,0.8,1,0,0,0,8,5.026548245743669,-0.5909061857569455,-1.744182231999378,1.716411147527824,1.521085829211166,0.6983402407316437,2.219426069942809,0,2.219426069942811,-0.6472135954999582,-1.77635683940025e-15
undamped,17,driven,1,4,0,0.8,1,0,0,0,8,5.340707511102648,-1.015862936012129,-0.8503590564256885,3.816238148548556,0.3615552624225937,2.063955009526364,2.425510271948957,0,2.425510271948959,-0.2472135954999577,-1.77635683940025e-15
undamped,18,driven,1,4,0,0.8,1,0,0,0,8,5.654866776461628,-1.075619579306961,0.5087686706821365,4.549691912727801,0.1294227801338341,2.313914958776967,2.443337738910802,0,2.443337738910796,0.2472135954999575,5.773159728050814e-15
undamped,19,driven,1,4,0,0.8,1,0,0,0,8,5.969026041820607,-0.7017010955863733,1.814060352621306,3.454017977845452,1.645407481476269,0.9847688550942332,2.630176336570502,0,2.630176336570497,0.6472135954999586,4.884981308350689e-15
undamped,20,driven,1,4,0,0.8,1,0,0,0,8,6.283185307179586,-1.407408834627324e-15,2.513274122871831,0.800000000000005,3.158273408348587,3.961599255574086e-30,3.158273408348587,0,3.158273408348596,0.7999999999999994,-8.881784197001252e-15
undamped,21,driven,1,4,0,0.8,1,0,0,0,8,6.597344572538566,0.7755643688059927,2.252502601230902,-2.455043879724014,2.536883984275989,1.203000180322876,3.739884164598865,0,3.739884164598866,0.6472135954999569,-1.332267629550188e-15
undamped,22,driven,1,4,0,0.8,1,0,0,0,8,6.911503837897544,1.314646152486281,1.044520160298244,-5.011371014445165,0.5455111826347347,3.456589012493966,4.002100195128701,0,4.002100195128707,0.2472135954999605,-5.329070518200751e-15
undamped,23,driven,1,4,0,0.8,1,0,0,0,8,7.225663103256524,1.374402795781117,-0.7029297745546781,-5.744824778624424,0.2470551339777453,3.777966090101901,4.025021224079646,0,4.025021224079644,-0.2472135954999564,1.77635683940025e-15
undamped,24,driven,1,4,0,0.8,1,0,0,0,8,7.539822368615503,0.8863592786354214,-2.322380721852832,-4.192650710041644,2.696726108616839,1.571265541646209,4.267991650263049,0,4.267991650263042,-0.6472135954999584,7.105427357601002e-15
undamped,25,driven,1,4,0,0.8,1,0,0,0,8,7.853981633974483,9.806142404473807e-17,-3.141592653589793,-0.8000000000000003,4.934802200544677,1.923208577136387e-32,4.934802200544677,0,4.934802200544676,-0.7999999999999998,8.881784197001252e-16
undamped,26,driven,1,4,0,0.8,1,0,0,0,8,8.168140899333462,-0.9602225518550352,-2.76082297046243,3.193676611920183,3.811071737116497,1.844054698181992,5.655126435298488,0,5.655126435298492,-0.647213595499958,-4.440892098500626e-15
undamped,27,driven,1,4,0,0.8,1,0,0,0,8,8.482300164692441,-1.61342936896044,-1.238681264170787,6.2065038803418,0.7671656371038689,5.206308657248166,5.973474294352035,0,5.973474294352028,-0.2472135954999587,6.217248937900877e-15
undamped,28,driven,1,4,0,0.8,1,0,0,0,8,8.796459430051421,-1.673186012255271,0.8970908784272302,6.939957644521042,0.4023860220786698,5.599102863213391,6.00148888529206,0,6.001488885292053,0.2472135954999578,7.105427357601002e-15
undamped,29,driven,1,4,0,0.8,1,0,0,0,8,9.1106186954104,-1.071017461684467,2.830701091084352,4.931283442237826,4.006434333533072,2.294156806466078,6.300591139999149,0,6.300591139999151,0.6472135954999572,-1.77635683940025e-15
undamped,30,driven,1,4,0,0.8,1,0,0,0,8,9.424777960769379,-1.01263722528398e-16,3.769911184307746,0.7999999999999993,7.106115168784317,2.050868300061676e-32,7.106115168784317,0,7.106115168784327,0.7999999999999988,-9.769962616701378e-15
undamped,31,driven,1,4,0,0.8,1,0,0,0,8,9.738937226128359,1.144880734904078,3.269143339693963,-3.932309344116351,5.343649087732699,2.621503794309002,7.965152882041701,0,7.965152882041695,0.6472135954999598,6.217248937900877e-15
undamped,32,driven,1,4,0,0.8,1,0,0,0,8,10.05309649148734,1.912212585434594,1.432842368043334,-7.401636746238418,1.026518625830014,7.313113943788911,8.339632569618924,0,8.339632569618933,0.2472135954999589,-8.881784197001252e-15
undamped,33,driven,1,4,0,0.8,1,0,0,0,8,10.36725575684632,1.971969228729429,-1.091251982299776,-8.135090510417673,0.595415444436595,7.777325278111476,8.372740722548071,0,8.372740722548054,-0.2472135954999577,1.77635683940025e-14
undamped,34,driven,1,4,0,0.8,1,0,0,0,8,10.6814150222053,1.255675644733509,-3.33902146031588,-5.669916174433992,5.574532156224995,3.153442649553825,8.727974805778821,0,8.727974805778826,-0.6472135954999577,-5.329070518200751e-15
undamped,35,driven,1,4,0,0.8,1,0,0,0,8,10.99557428756428,-9.916537510877705e-16,-4.398229715025712,-0.7999999999999964,9.672212313067579,1.966754324092892e-30,9.672212313067579,0,9.672212313067568,-0.8000000000000004,1.06581410364015e-14
undamped,36,driven,1,4,0,0.8,1,0,0,0,8,11.30973355292326,-1.329538917953128,-3.777463708925489,4.670942076312551,7.134616036124554,3.535347468703947,10.6699635048285,0,10.66996350482846,-0.6472135954999592,4.440892098500626e-14
undamped,37,driven,1,4,0,0.8,1,0,0,0,8,11.62389281828223,-2.210995801908754,-1.627003471915869,8.596769612135059,1.323570148813147,9.777004872116269,11.10057502092942,0,11.10057502092938,-0.2472135954999568,3.552713678800501e-14
undamped,38,driven,1,4,0,0.8,1,0,0,0,8,11.93805208364121,-2.270752445203584,1.285413086172333,9.330223376314295,0.8261434010515402,10.31263333479611,11.13877673584765,0,11.13877673584762,0.2472135954999594,3.730349362740526e-14
undamped,39,driven,1,4,0,0.8,1,0,0,0,8,12.25221134900019,-1.440333827782552,3.847341829547414,6.408548906630166,7.401019576692623,4.149123070909476,11.5501426476021,0,11.5501426476021,0.6472135954999587,0
undamped,40,driven,1,4,0,0.8,1,0,0,0,8,12.56637061435917,-5.416753685056171e-15,5.026548245743658,0.8000000000000203,12.63309363339432,5.868244096913922e-29,12.63309363339432,0,12.63309363339439,0.7999999999999986,-6.572520305780927e-14
undamped,41,driven,1,4,0,0.8,1,0,0,0,8,12.88052987971815,1.514197101002161,4.285784078157028,-5.409574808508681,9.183972582292142,4.585585721366695,13.76955830365884,0,13.7695583036588,0.6472135954999613,4.085620730620576e-14
undamped,42,driven,1,4,0,0.8,1,0,0,0,8,13.19468914507713,2.509779018382906,1.82116457578841,-9.791902478031668,1.65832020605329,12.59798144223013,14.25630164828342,0,14.25630164828344,0.2472135954999558,-2.664535259100376e-14
undamped,43,driven,1,4,0,0.8,1,0,0,0,8,13.50884841043611,2.569535661677739,-1.479574190044854,-10.52535624221091,1.094569891923442,13.20502703326731,14.29959692519075,0,14.29959692519076,-0.2472135954999556,-8.881784197001252e-15
undamped,44,driven,1,4,0,0.8,1,0,0,0,8,13.82300767579509,1.624992010831614,-4.3556621987789,-7.147181638826408,9.485896594935719,5.281198070533144,14.76709466546886,0,14.76709466546891,-0.6472135954999533,-4.973799150320701e-14
undamped,45,driven,1,4,0,0.8,1,0,0,0,8,14.13716694115407,-2.381699895573202e-15,-5.654866776461622,-0.7999999999999898,15.98875912976473,1.13449887851468e-29,15.98875912976473,0,15.98875912976472,-0.7999999999999994,1.06581410364015e-14
undamped,46,driven,1,4,0,0.8,1,0,0,0,8,14.45132620651305,-1.698855284051212,-4.79410444738855,6.148207540704886,11.49171872623534,5.772218552297447,17.26393727853278,0,17.26393727853277,-0.6472135954999603,1.06581410364015e-14
undamped,47,driven,1,4,0,0.8,1,0,0,0,8,14.76548547187203,-2.80856223485706,-2.015325679660932,10.98703534392829,2.030768797550399,15.77604365413057,17.80681245168097,0,17.80681245168104,-0.2472135954999527,-7.105427357601002e-14
undamped,48,driven,1,4,0,0.8,1,0,0,0,8,15.07964473723101,-2.868318878151902,1.673735293917411,11.72048910810757,1.400694917052401,16.45450637352517,17.85520129057758,0,17.85520129057752,0.2472135954999572,6.039613253960852e-14
undamped,49,driven,1,4,0,0.8,1,0,0,0,8,15.39380400258998,-1.809650193880659,4.863982568010417,7.885814371022589,11.82916321095461,6.549667648424616,18.37883085937922,0,18.3788308593793,0.6472135954999525,-7.815970093361102e-14
undamped,50,driven,1,4,0,0.8,1,0,0,0,8,15.70796326794897,-8.936965476912023e-16,6.283185307179584,0.8000000000000033,19.7392088021787,1.597387038710347e-30,19.7392088021787,0,19.73920880217869,0.7999999999999997,1.06581410364015e-14
undamped,51,driven,1,4,0,0.8,1,0,0,0,8,16.02212253330794,1.883513467100248,5.302424816620084,-6.88684027290103,14.05785446795426,7.095245961495992,21.15310042945026,0,21.15310042945028,0.6472135954999612,-2.842170943040401e-14
undamped,52,driven,1,4,0,0.8,1,0,0,0,8,16.33628179866692,3.107345451331211,2.209486783533527,-12.18216820982488,2.440915923304666,19.31119150781753,21.75210743112219,0,21.75210743112224,0.2472135954999594,-4.618527782440651e-14
undamped,53,driven,1,4,0,0.8,1,0,0,0,8,16.65044106402591,3.16710209462605,-1.867896397789977,-12.91562197400416,1.744518476438385,20.06107135556942,21.80558983200781,0,21.80558983200776,-0.2472135954999595,4.973799150320701e-14
undamped,54,driven,1,4,0,0.8,1,0,0,0,8,16.96460032938488,1.994308376929698,-5.372302937241978,-8.624447103218751,14.43081942474939,7.954531804583936,22.38535122933333,0,22.38535122933328,-0.6472135954999572,4.263256414560601e-14
undamped,55,driven,1,4,0,0.8,1,0,0,0,8,17.27875959474386,-2.222091283944243e-14,-6.91150383789756,-0.7999999999999126,23.88444265063635,9.875379348361945e-28,23.88444265063635,0,23.88444265063618,-0.8000000000000015,1.669775429036235e-13
undamped,56,driven,1,4,0,0.8,1,0,0,0,8,17.59291886010284,-2.06817165014931,-5.810745185851583,7.625473005097282,16.88237980744867,8.554667948962638,25.43704775641131,0,25.43704775641124,-0.6472135954999576,6.750155989720952e-14
undamped,57,driven,1,4,0,0.8,1,0,0,0,8,17.90707812546182,-3.406128667805362,-2.40364788740608,13.37730107572149,2.888761583315857,23.20342500329107,26.09218658660692,0,26.09218658660706,-0.24721359549996,-1.35003119794419e-13
undamped,58,driven,1,4,0,0.8,1,0,0,0,8,18.2212373908208,-3.465885311100207,2.062057501662489,14.11075483990079,2.126040570081272,24.02472197940036,26.15076254948164,0,26.15076254948162,0.2472135954999557,1.4210854715202e-14
undamped,59,driven,1,4,0,0.8,1,0,0,0,8,18.53539665617978,-2.178966559978749,5.880623306473489,9.363079835414952,17.2908652363196,9.495790539011248,26.78665577533084,0,26.78665577533079,0.6472135954999555,4.973799150320701e-14
undamped,60,driven,1,4,0,0.8,1,0,0,0,8,18.84955592153876,-3.758941373346813e-16,7.539822368615481,0.7999999999999992,28.42446067513718,2.825928049651685e-31,28.42446067513718,0,28.42446067513727,0.7999999999999976,-8.171241461241152e-14
undamped,61,driven,1,4,0,0.8,1,0,0,0,8,19.16371518689774,2.252829833198382,6.319065555083114,-8.364105737293572,19.96529474471893,10.1504845146973,30.11577925941624,0,30.11577925941598,0.6472135954999576,2.557953848736361e-13
undamped,62,driven,1,4,0,0.8,1,0,0,0,8,19.47787445225672,3.704911884279521,2.597808991278662,-14.57243394161812,3.37430577758413,27.45274414055126,30.82704991813539,0,30.82704991813532,0.2472135954999636,7.460698725481052e-14
undamped,63,driven,1,4,0,0.8,1,0,0,0,8,19.7920337176157,3.764668527574364,-2.256218605535081,-15.30588770579742,2.545261197981333,28.34545824501786,30.8907194429992,0,30.89071944299907,-0.2472135954999602,1.27897692436818e-13
undamped,64,driven,1,4,0,0.8,1,0,0,0,8,20.10619298297468,2.363624743027793,-6.388943675705021,-10.10171256761113,20.40930064566559,11.1734438517064,31.58274449737199,0,31.58274449737203,-0.6472135954999563,-3.552713678800501e-14
undamped,65,driven,1,4,0,0.8,1,0,0,0,8,20.42035224833365,-1.113576400806912e-15,-8.168140899333451,-0.7999999999999944,33.35926287568194,2.480104800868151e-30,33.35926287568194,0,33.35926287568201,-0.7999999999999988,-7.105427357601002e-14
undamped,66,driven,1,4,0,0.8,1,0,0,0,8,20.73451151369263,-2.437488016247403,-6.827385924314655,9.102738469489651,23.30659927976494,11.8826956586994,35.18929493846433,0,35.18929493846419,-0.6472135954999595,1.35003119794419e-13
undamped,67,driven,1,4,0,0.8,1,0,0,0,8,21.04867077905161,-4.00369510075368,-2.79197009515121,15.76756680751476,3.897548506109329,32.05914891959803,35.95669742570736,0,35.95669742570726,-0.247213595499963,9.947598300641403e-14
undamped,68,driven,1,4,0,0.8,1,0,0,0,8,21.36283004441059,-4.063451744048508,2.450379709407606,16.50102057169399,3.002180360138253,33.02328015242172,36.02546051255997,0,36.02546051256002,0.2472135954999582,-4.263256414560601e-14
undamped,69,driven,1,4,0,0.8,1,0,0,0,8,21.67698930976957,-2.54828292607684,6.897264044936543,10.84034529980732,23.7861256527872,12.98749174266949,36.77361739545669,0,36.77361739545665,0.6472135954999563,3.552713678800501e-14
undamped,70,driven,1,4,0,0.8,1,0,0,0,8,21.99114857512855,3.995754777686074e-15,8.796459430051428,0.7999999999999847,38.68884925227034,3.193211248680217e-29,38.68884925227034,0,38.68884925227028,0.8000000000000007,6.394884621840902e-14
undamped,71,driven,1,4,0,0.8,1,0,0,0,8,22.30530784048753,2.622146199296457,7.335706293546174,-9.84137120168587,26.90629341258648,13.75130138096971,40.65759479355619,0,40.65759479355604,0.6472135954999589,1.49213974509621e-13
undamped,72,driven,1,4,0,0.8,1,0,0,0,8,22.61946710584651,4.302478317227844,2.986131199023733,-16.96269967341141,4.458489768891458,37.02263934043147,41.48112910932294,0,41.48112910932262,0.2472135954999608,3.197442310920451e-13
undamped,73,driven,1,4,0,0.8,1,0,0,0,8,22.93362637120549,4.362234960522681,-2.644540813280074,-17.69615343759067,3.496798056552018,38.05818770161263,41.55498575816465,0,41.55498575816467,-0.2472135954999514,-2.131628207280301e-14
undamped,74,driven,1,4,0,0.8,1,0,0,0,8,23.24778563656447,2.732941109125867,-7.405584414168118,-11.57897803200343,27.42134025768487,14.93793421190025,42.35927446958512,0,42.35927446958485,-0.6472135954999602,2.700062395888381e-13
undamped,75,driven,1,4,0,0.8,1,0,0,0,8,23.56194490192345,5.30479103373514e-14,-9.424777960769337,-0.800000000000209,44.41321980490171,5.628161582319346e-27,44.41321980490171,0,44.41321980490205,-0.7999999999999968,-3.410605131648481e-13
undamped,76,driven,1,4,0,0.8,1,0,0,0,8,23.87610416728243,-2.806804382345514,-7.844026662777688,10.5800039338821,30.76437714318364,15.75630168150796,46.5206788246916,0,46.52067882469129,-0.6472135954999575,3.126388037344441e-13
undamped,77,driven,1,4,0,0.8,1,0,0,0,8,24.19026343264141,-4.601261533702017,-3.180292302896224,18.15783253930811,5.057129565930484,42.34321540305167,47.40034496898215,0,47.40034496898171,-0.2472135954999558,4.405364961712621e-13
undamped,78,driven,1,4,0,0.8,1,0,0,0,8,24.50442269800039,-4.66101817699682,2.838701917152735,18.89128630348724,4.029114287223308,43.45018089258952,47.47929517981283,0,47.47929517981284,0.2472135954999608,-7.105427357601002e-15
undamped,79,driven,1,4,0,0.8,1,0,0,0,8,24.81858196335937,-2.917599292174924,7.913904783399613,12.31761076419965,31.31494446035764,17.02477125939924,48.33971571975688,0,48.33971571975683,0.6472135954999577,4.973799150320701e-14
undamped,80,driven,1,4,0,0.8,1,0,0,0,8,25.13274122871834,-2.12412514333184e-14,10.0530964914873,0.8000000000000821,50.53237453357712,9.023815249069023e-28,50.53237453357712,0,50.53237453357759,0.7999999999999972,-4.689582056016661e-13
beats,0,driven,1,4,0.03,0.4,0.85,0,1,0,8,0,1,0,-3.6,0,2,2,0,0,0.4,0
beats,1,driven,1,4,0.03,0.4,0.85,0,1,0,8,0.3141592653589793,0.8297855544917272,-1.044039647440515,-2.849560649472469,0.5450093927138576,1.377088132886286,1.922097525600144,0.01453509713988325,-0.06336737725997299,0.3442968108015774,0
beats,2,driven,1,4,0.03,0.4,0.85,0,1,0,8,0.6283185307179586,0.3862769782779451,-1.689840002250097,-1.149625643201083,1.427779616602304,0.2984198078950802,1.726199424497384,0.09100872562936073,-0.1827918498732556,0.1927014696406861,0
beats,3,driven,1,4,0.03,0.4,0.85,0,1,0,8,0.9424777960769379,-0.1680512385655052,-1.732854248695038,0.8675831604741744,1.501391923610222,0.05648243756680071,1.557874361177023,0.2084080940087754,-0.2337175448142021,-0.0125643036312512,0
beats,4,driven,1,4,0.03,0.4,0.85,0,1,0,8,1.256637061435917,-0.6400878381616127,-1.18686724910902,2.488444704547935,0.7043269335038068,0.8194248811248139,1.523751814628621,0.2944818436991413,-0.1817663416722379,-0.2143307179915986,0
beats,5,driven,1,4,0.03,0.4,0.85,0,1,0,8,1.570796326794897,-0.8743760938488025,-0.2686316947567748,3.173337569090676,0.03608149371394852,1.52906710698858,1.565148600702528,0.3181335381351399,-0.1167178611623314,-0.3564026096753471,-2.220446049250313e-16
beats,6,driven,1,4,0.03,0.4,0.85,0,1,0,8,1.884955592153876,-0.8048575059233861,0.6881891358883767,2.737636636015631,0.2368021433773953,1.295591209682427,1.532393353059822,0.3228909897803262,-0.1447156571598509,-0.3992106913713088,-6.661338147750939e-16
beats,7,driven,1,4,0.03,0.4,0.85,0,1,0,8,2.199114857512855,-0.4727144331193592,1.355650318702569,1.397347464523304,0.9188938932991891,0.4469178705587143,1.365811763857903,0.366453947008902,-0.2677342891331944,-0.330832229709825,0
beats,8,driven,1,4,0.03,0.4,0.85,0,1,0,8,2.513274122871834,-0.005883573931239783,1.525290817438525,-0.329812318993693,1.163256038881142,6.923288440872871e-05,1.16332527176555,0.4498039924781722,-0.3868707357562772,-0.1703117166260291,0
beats,9,driven,1,4,0.03,0.4,0.85,0,1,0,8,2.827433388230814,0.4303609329834164,1.173211955151331,-1.82458584122442,0.6882131458550045,0.3704210652767132,1.058634211131718,0.5229040458690682,-0.4184617429992146,0.03764332532740534,8.881784197001252e-16
beats,10,driven,1,4,0.03,0.4,0.85,0,1,0,8,3.141592653589793,0.6926477955527812,0.4562824992791651,-2.590230981207636,0.1040968595742207,0.9595219373682549,1.063618796942476,0.5508206673136373,-0.3855605357438873,0.2351141009169893,0
beats,11,driven,1,4,0.03,0.4,0.85,0,1,0,8,3.455751918948772,0.7071427765719521,-0.3549087084629015,-2.418880210998668,0.06298009567140239,1.00010181291578,1.063081908587182,0.5529933504841248,-0.3839247409286924,0.3671018502735921,-4.440892098500626e-16
beats,12,driven,1,4,0.03,0.4,0.85,0,1,0,8,3.769911184307752,0.489626113823648,-0.9784458522709479,-1.444245072496287,0.4786781429131108,0.4794674626760957,0.9581456055892066,0.572305413679847,-0.4695489807309462,0.3968458805257915,0
beats,13,driven,1,4,0.03,0.4,0.85,0,1,0,8,4.084070449666731,0.1329066662701446,-1.220038693325111,-0.06916001693128926,0.7442472066052221,0.03532836387808719,0.7795755704833094,0.6211053561043732,-0.5993190734123185,0.3160620049502758,8.881784197001252e-16
beats,14,driven,1,4,0.03,0.4,0.85,0,1,0,8,4.39822971502571,-0.2315664440914711,-1.033558720415124,1.197542643889571,0.5341218142730743,0.1072460360583368,0.6413678503314111,0.6719666116042724,-0.6866655380643163,0.1472498210738718,-2.220446049250313e-16
beats,15,driven,1,4,0.03,0.4,0.85,0,1,0,8,4.71238898038469,-0.482341481558873,-0.5244092138163702,1.929721245877365,0.1375025117677517,0.4653066096648173,0.602809121432569,0.6968168737382128,-0.7003740048292164,-0.06257378601609168,-1.77635683940025e-15
beats,16,driven,1,4,0.03,0.4,0.85,0,1,0,8,5.026548245743669,-0.5488152590986175,0.1010684270579286,1.928163229248043,0.00510741347398192,0.6023963772389653,0.6075037907129472,0.6997492007791775,-0.6927470085078752,-0.2549695958994757,0
beats,17,driven,1,4,0.03,0.4,0.85,0,1,0,8,5.340707511102648,-0.4304718436694032,0.6176649847981867,1.27141526892014,0.1907550167228721,0.3706120163842703,0.5613670331071423,0.7059486131110222,-0.7326843537818339,-0.3763523075816905,-1.554312234475219e-15
beats,18,driven,1,4,0.03,0.4,0.85,0,1,0,8,5.654866776461628,-0.1895856273538604,0.8626462086317218,0.2619100640881596,0.3720792406333421,0.07188542019831366,0.4439646608316558,0.7283081663224799,-0.8277271728458647,-0.3929149002914755,4.440892098500626e-16
beats,19,driven,1,4,0.03,0.4,0.85,0,1,0,8,5.969026041820607,0.07753021718911585,0.7869549269952035,-0.7045998878480717,0.3096490285610131,0.01202186915478295,0.321670897715796,0.7555856969512231,-0.9227434053329792,-0.3000444278521839,-1.77635683940025e-15
beats,20,driven,1,4,0.03,0.4,0.85,0,1,0,8,6.283185307179586,0.2782993501019225,0.4602798294974558,-1.292037777697363,0.1059287607211035,0.1549010565343048,0.2608298172554083,0.7713247820296357,-0.9678454007149558,-0.1236067977499788,0
beats,21,driven,1,4,0.03,0.4,0.85,0,1,0,8,6.597344572538566,0.3560727210599638,0.03233629525228654,-1.340913943111512,0.0005228179953215245,0.2535755653660935,0.254098383361415,0.7742183451217978,-0.9716832715167881,0.08725729655861775,8.881784197001252e-16
beats,22,driven,1,4,0.03,0.4,0.85,0,1,0,8,6.911503837897544,0.305534940215251,-0.3312220061734786,-0.9085742777487124,0.05485400868679196,0.186703199384674,0.241557208071466,0.7756148519096441,-0.982827940018888,0.2738188423714743,-1.998401444325282e-15
beats,23,driven,1,4,0.03,0.4,0.85,0,1,0,8,7.225663103256524,0.1674255840002073,-0.5119039977536484,-0.2241563819996146,0.1310228514580836,0.05606265235562095,0.1870855038137046,0.7830063173831022,-1.02990817880319,0.3841174742707769,-2.886579864025407e-15
beats,24,driven,1,4,0.03,0.4,0.85,0,1,0,8,7.539822368615503,0.006815663916051262,-0.4767617855486577,0.417382023053087,0.1136509000797721,9.290654923312645e-05,0.1137438066290052,0.7928657532711119,-1.093390440099884,0.3874332644514531,1.77635683940025e-15
beats,25,driven,1,4,0.03,0.4,0.85,0,1,0,8,7.853981633974483,-0.1149866957496325,-0.2797736288985169,0.7763623309409712,0.03913664171352252,0.0264438803988371,0.06558052211235962,0.7986575691291677,-1.135761908758471,0.2828427124746192,-1.332267629550188e-15
beats,26,driven,1,4,0.03,0.4,0.85,0,1,0,8,8.168140899333462,-0.1633539791727784,-0.02925291478641334,0.7564022213314242,0.0004278665117505802,0.05336904502316103,0.0537969115349116,0.7997514202017472,-1.14645166826334,0.09947595486594105,-1.554312234475219e-15
beats,27,driven,1,4,0.03,0.4,0.85,0,1,0,8,8.482300164692441,-0.1396601241867459,0.1626970832049124,0.4275204043467025,0.01323517044169309,0.0390099005757146,0.05224507101740769,0.8000836380373055,-1.147671290945285,-0.1115964424156918,-2.220446049250313e-15
beats,28,driven,1,4,0.03,0.4,0.85,0,1,0,8,8.796459430051421,-0.07475786412130353,0.2268617307514784,-0.01977940217352742,0.02573312243977815,0.01117747649595856,0.03691059893573671,0.801706622222761,-1.161382778841501,-0.2915874509685641,-1.110223024625157e-15
beats,29,driven,1,4,0.03,0.4,0.85,0,1,0,8,9.1106186954104,-0.01094604066281751,0.1611144739038651,-0.3659162789926933,0.01297893685065962,0.0002396316123841089,0.01321856846304373,0.8032766381353252,-1.183504793401626,-0.3903667047754996,-4.884981308350689e-15
beats,30,driven,1,4,0.03,0.4,0.85,0,1,0,8,9.424777960769379,0.01889010868712659,0.02394192750328548,-0.4588560725669625,0.0002866079462862889,0.0007136724124229113,0.0010002803587092,0.8036771546220323,-1.195322565019255,-0.3804226065180619,-3.552713678800501e-15
beats,31,driven,1,4,0.03,0.4,0.85,0,1,0,8,9.738937226128359,0.005766031187404042,-0.09780927324368516,-0.2758517580898339,0.004783326966228933,6.649423130823212e-05,0.004849821197537165,0.8037906744975644,-1.191359504304893,-0.2645247461294599,-5.773159728050814e-15
beats,32,driven,1,4,0.03,0.4,0.85,0,1,0,8,10.05309649148734,-0.03318104569190336,-0.1316676078082997,0.07357176987031917,0.008668179472980108,0.002201963586416357,0.01087014305939647,0.8043744172955124,-1.184755439645088,-0.07495252583429023,-3.108624468950438e-15
beats,33,driven,1,4,0.03,0.4,0.85,0,1,0,8,10.36725575684632,-0.06504265991349913,-0.05380336036553468,0.4021222109959757,0.001447400793311794,0.008461095217246212,0.009908496010558007,0.8047821111755686,-1.185309392813869,0.135495168098115,-4.662936703425657e-15
beats,34,driven,1,4,0.03,0.4,0.85,0,1,0,8,10.6814150222053,-0.05889178018271618,0.09983057482729607,0.5317927488619056,0.00498307183517418,0.006936483546178724,0.0119195553813529,0.8048721566737334,-1.183208287944912,0.3082052971103164,-2.220446049250313e-15
beats,35,driven,1,4,0.03,0.4,0.85,0,1,0,8,10.99557428756428,-0.002662905032465912,0.249920585743628,0.3757364860786838,0.03123014958921907,1.418212642386456e-05,0.03124433171564293,0.8061521668920808,-1.162603501392276,0.3950753362380555,-8.881784197001252e-16
beats,36,driven,1,4,0.03,0.4,0.85,0,1,0,8,11.30973355292326,0.08862863622590067,0.3103972063106655,-0.01985161530558172,0.04817321284273293,0.01571007031852607,0.06388328316125899,0.809348244335124,-1.126768472503616,0.3719105943553008,-8.881784197001252e-16
beats,37,driven,1,4,0.03,0.4,0.85,0,1,0,8,11.62389281828223,0.177312691793468,0.2292870561246501,-0.4916023924476397,0.02628627705315421,0.06287958134209075,0.08916585839524496,0.8123743230973146,-1.098459818507436,0.2451628214611903,-4.440892098500626e-15
beats,38,driven,1,4,0.03,0.4,0.85,0,1,0,8,11.93805208364121,0.2186226337847576,0.0160187707569559,-0.8262794942041425,0.0001283005082819528,0.09559171200596844,0.0957200125142504,0.8131713345435208,-1.091108652942224,0.05013329342572253,-4.440892098500626e-15
beats,39,driven,1,4,0.03,0.4,0.85,0,1,0,8,12.25221134900019,0.1809751226284114,-0.2570819821711102,-0.8519098089070236,0.03304557277851352,0.06550399002073706,0.09854956279925059,0.813950316329635,-1.08750012087111,-0.1588591562539113,-3.996802888650564e-15
beats,40,driven,1,4,0.03,0.4,0.85,0,1,0,8,12.56637061435917,0.06229329157336411,-0.4807473568492835,-0.5150902812215212,0.1155590105587862,0.007760908350088311,0.1233199189088745,0.8194908249872518,-1.057189256103872,-0.3236067977499789,-1.77635683940025e-15
beats,41,driven,1,4,0.03,0.4,0.85,0,1,0,8,12.88052987971815,-0.1049838149624054,-0.5523974638501159,0.08799816967040347,0.15257147903402,0.02204320280812115,0.1746146818421412,0.8301974779057371,-0.9951878402521194,-0.398224785841232,-2.220446049250313e-15
beats,42,driven,1,4,0.03,0.4,0.85,0,1,0,8,13.19468914507713,-0.2631472104648797,-0.4200737372449551,0.7410668693425058,0.08823097236147177,0.1384929087508953,0.2267238811123671,0.839810360645088,-0.9334657582425444,-0.3619308209864075,-4.440892098500626e-16
beats,43,driven,1,4,0.03,0.4,0.85,0,1,0,8,13.50884841043611,-0.3498932834855201,-0.1086002566152869,1.187771813595063,0.005897007868453087,0.2448506196565571,0.2507476275250102,0.842993836469358,-0.906258536005628,-0.2248333511408516,-3.996802888650564e-15
beats,44,driven,1,4,0.03,0.4,0.85,0,1,0,8,13.82300767579509,-0.322782338133306,0.2835595022835283,1.231986004447472,0.04020299566764116,0.2083768756216078,0.2485798712892489,0.8437637291505107,-0.9076563995602379,-0.02511620781172828,-2.664535259100376e-15
beats,45,driven,1,4,0.03,0.4,0.85,0,1,0,8,14.13716694115407,-0.17791191597534,0.6169954990485382,0.819204403911354,0.1903417229230774,0.06330529969203284,0.2536470226151102,0.8521352583545889,-0.8942177190302965,0.1815961998958187,-4.440892098500626e-15
beats,46,driven,1,4,0.03,0.4,0.85,0,1,0,8,14.45132620651305,0.0449555252523835,0.7621784322193179,0.06644765732495286,0.2904579812701487,0.004041998501435381,0.2944999797715841,0.8711780739955212,-0.8343219462328907,0.337731170200805,-3.996802888650564e-15
beats,47,driven,1,4,0.03,0.4,0.85,0,1,0,8,14.76548547187203,0.2736493762754084,0.6495182590364236,-0.7727370720397109,0.2109369844108533,0.1497679622718401,0.3607049466826934,0.8911993598611555,-0.7480956934561445,0.3998026241462936,-6.661338147750939e-15
beats,48,driven,1,4,0.03,0.4,0.85,0,1,0,8,15.07964473723101,0.4278723224486711,0.2993970226220326,-1.396894260491782,0.04481928857746895,0.3661494486352392,0.4109687372127082,0.9006757404766434,-0.6883555223106474,0.350522672017547,-8.881784197001252e-16
beats,49,driven,1,4,0.03,0.4,0.85,0,1,0,8,15.39380400258998,0.448028576910404,-0.1800579231147596,-1.566890790567695,0.01621042783820034,0.4014592114567236,0.4176696392949239,0.901561693087781,-0.6807686676172893,0.2036165663001498,-5.773159728050814e-15
beats,50,driven,1,4,0.03,0.4,0.85,0,1,0,8,15.70796326794897,0.3180621735149483,-0.6278669169617422,-1.196904664024384,0.1971084327075217,0.2023270924421061,0.3994355251496278,0.9086521399134011,-0.6919123349369679,1.318976719470326e-16,-3.108624468950438e-15
beats,51,driven,1,4,0.03,0.4,0.85,0,1,0,8,16.02212253330794,0.07361371662648619,-0.8859435676759572,-0.3917582046849778,0.3924480025532017,0.01083795855112922,0.4032859611043309,0.9316923200958007,-0.6650217187998623,-0.2036165663001479,-6.217248937900877e-15
beats,52,driven,1,4,0.03,0.4,0.85,0,1,0,8,16.33628179866692,-0.2080629783137062,-0.855850246730689,0.5844312708449617,0.3662398224144906,0.08658040588953951,0.4528202283040301,0.9620064869070297,-0.5851732847889318,-0.3505226720175456,-8.43769498715119e-15
beats,53,driven,1,4,0.03,0.4,0.85,0,1,0,8,16.65044106402591,-0.4334150325559796,-0.5359186242647438,1.398167740989395,0.1436043859169078,0.3756971808910017,0.5193015668079095,0.9817328577351526,-0.4989655754569349,-0.3998026241462929,-2.886579864025407e-15
beats,54,driven,1,4,0.03,0.4,0.85,0,1,0,8,16.96460032938488,-0.5245267432975802,-0.0248707509667408,1.763360293105524,0.0003092771268248191,0.5502566088687312,0.550565885995556,0.9857342608680737,-0.4636998531363622,-0.3377311702008052,-7.993605777301127e-15
beats,55,driven,1,4,0.03,0.4,0.85,0,1,0,8,17.27875959474386,-0.4465018589450362,0.5100088022141424,1.543210179618629,0.1300544891679521,0.398727820082746,0.528782309250698,0.988969189970232,-0.4822485007790641,-0.1815961998958182,-5.773159728050814e-15
beats,56,driven,1,4,0.03,0.4,0.85,0,1,0,8,17.59291886010284,-0.2205430954893439,0.8893841713517407,0.80056248920689,0.3955021021255113,0.09727851393604374,0.492780616061555,1.008932101976433,-0.498287281962009,0.02511620781172323,-2.886579864025407e-15
beats,57,driven,1,4,0.03,0.4,0.85,0,1,0,8,17.90707812546182,0.08208773224348179,0.9833982895268607,-0.2215253725762994,0.4835360979221777,0.01347679156975512,0.4970128894919328,1.043948774185474,-0.4590383363225844,0.224833351140851,-8.43769498715119e-15
beats,58,driven,1,4,0.03,0.4,0.85,0,1,0,8,18.2212373908208,0.3633670156712355,0.7566815696502398,-1.182339030056562,0.2862834989241754,0.2640711761556399,0.5503546750798152,1.074337744085928,-0.375307580834251,0.3619308209864088,-5.551115123125783e-15
beats,59,driven,1,4,0.03,0.4,0.85,0,1,0,8,18.53539665617978,0.531159609179725,0.2810906862067987,-1.760144533222484,0.03950598693610448,0.5642610608479165,0.603767047784021,1.085812308393317,-0.3104206438226562,0.3982247858412318,-5.329070518200751e-15
beats,60,driven,1,4,0.03,0.4,0.85,0,1,0,8,18.84955592153876,0.5300530003985766,-0.2882327340667232,-1.762017275756319,0.04153905449378918,0.561912366463067,0.6034514209568561,1.086842625389604,-0.3097059536535344,0.3236067977499806,-5.329070518200751e-15
beats,61,driven,1,4,0.03,0.4,0.85,0,1,0,8,19.16371518689774,0.3598549455502787,-0.7650908427336527,-1.188749724819166,0.2926819988174454,0.2589911636739881,0.5516731624914335,1.098631506768226,-0.3496953307403339,0.1588591562539108,-6.883382752675971e-15
beats,62,driven,1,4,0.03,0.4,0.85,0,1,0,8,19.47787445225672,0.07553200310047983,-0.9946298807348073,-0.2329057201394649,0.4946442998252685,0.01141016698474179,0.5060544668100103,1.12968206586847,-0.3642634673215127,-0.05013329342572242,-6.661338147750939e-15
beats,63,driven,1,4,0.03,0.4,0.85,0,1,0,8,19.7920337176157,-0.2312331745086678,-0.9045248330311677,0.7883128565372206,0.4090825867850309,0.1069375619867121,0.516020148771743,1.165658789589885,-0.3183210616383678,-0.2451628214611909,-4.440892098500626e-15
beats,64,driven,1,4,0.03,0.4,0.85,0,1,0,8,20.10619298297468,-0.4624428553131194,-0.5277650328837099,1.541192630843223,0.1392679649673717,0.4277067888603014,0.566974753827673,1.186532294870859,-0.2464929513014633,-0.3719105943552996,-4.218847493575595e-15
beats,65,driven,1,4,0.03,0.4,0.85,0,1,0,8,20.42035224833365,-0.5457882663840237,0.01009549904578208,1.786866269412545,5.095955049169343e-05,0.595769663444956,0.5958206229954477,1.190105071742082,-0.2140743052624622,-0.3950753362380554,-7.549516567451064e-15
beats,66,driven,1,4,0.03,0.4,0.85,0,1,0,8,20.73451151369263,-0.4575831742746969,0.5341073930164704,1.458034512826494,0.1426353536374252,0.4187647227586152,0.5614000763960404,1.193949558349651,-0.2446503652543008,-0.3082052971103166,-7.771561172376096e-15
beats,67,driven,1,4,0.03,0.4,0.85,0,1,0,8,21.04867077905161,-0.2292630037942032,0.8782459459591136,0.6761673335635986,0.3856579707968092,0.1051230498174817,0.4907810206142909,1.214240936328659,-0.2949780430570393,-0.1354951680981206,-1.06581410364015e-14
beats,68,driven,1,4,0.03,0.4,0.85,0,1,0,8,21.36283004441059,0.06421691632995229,0.9389909085479593,-0.2945940485112732,0.440851963167861,0.008247624685856185,0.4490995878537172,1.247156952444095,-0.3037434597021839,0.07495252583429099,-4.440892098500626e-15
beats,69,driven,1,4,0.03,0.4,0.85,0,1,0,8,21.67698930976957,0.3296839929884341,0.7065754655587928,-1.139000281691333,0.2496244442648124,0.2173830704655957,0.4670075147304081,1.274251133649348,-0.2587413516202398,0.2645247461294585,-4.440892098500626e-15
beats,70,driven,1,4,0.03,0.4,0.85,0,1,0,8,21.99114857512855,0.4859869955245921,0.2644771783066985,-1.59526263697711,0.0349740889225366,0.4723667196380398,0.5073408085605764,1.284205110819237,-0.2084540806201848,0.3804226065180625,-1.332267629550188e-15
beats,71,driven,1,4,0.03,0.4,0.85,0,1,0,8,22.30530784048753,0.4891462308891332,-0.2412879234492065,-1.537263667967129,0.02910993100121507,0.4785280703860905,0.5076380013873055,1.285021322897175,-0.2073406757155136,0.390366704775499,-6.217248937900877e-15
beats,72,driven,1,4,0.03,0.4,0.85,0,1,0,8,22.61946710584651,0.3445196972225085,-0.6515646792973313,-1.008303576405788,0.2122682656539171,0.2373876435485779,0.449655909202495,1.29354665524059,-0.2567974355569127,0.2915874509685663,-2.220446049250313e-15
beats,73,driven,1,4,0.03,0.4,0.85,0,1,0,8,22.93362637120549,0.1027251665213893,-0.8450728008950938,-0.1978954875624499,0.3570740194063395,0.02110491967369431,0.3781789390800338,1.316000559712957,-0.3058205012070068,0.1115964424156959,-2.664535259100376e-15
beats,74,driven,1,4,0.03,0.4,0.85,0,1,0,8,23.24778563656447,-0.1584842051487199,-0.7743964086132986,0.6273884347625324,0.2998448988365875,0.05023448656324304,0.3500793853998305,1.342082182422491,-0.3078384321776741,-0.09947595486594291,-4.440892098500626e-15
beats,75,driven,1,4,0.03,0.4,0.85,0,1,0,8,23.56194490192345,-0.3597801284147207,-0.4762622090443192,1.213429266269584,0.1134128458818874,0.2588834816042259,0.3722963274861133,1.357844124747978,-0.2698595477659004,-0.2828427124746169,-7.993605777301127e-15
beats,76,driven,1,4,0.03,0.4,0.85,0,1,0,8,23.87610416728243,-0.4446771385494094,-0.0545313457358278,1.397819051234486,0.001486833833880192,0.3954755150969813,0.3969623489308615,1.361162282235636,-0.2418753688334927,-0.3874332644514508,-9.547918011776346e-15
beats,77,driven,1,4,0.03,0.4,0.85,0,1,0,8,24.19026343264141,-0.3951948853503328,0.3566743340569779,1.153861147043716,0.06360829028749433,0.3123579948141253,0.3759662851016196,1.362634463691604,-0.2613992512067755,-0.3841174742707776,-4.440892098500626e-16
beats,78,driven,1,4,0.03,0.4,0.85,0,1,0,8,24.50442269800039,-0.234517283202903,0.6364195900338619,0.5878799396360713,0.2025149472894344,0.1099967122417413,0.3125116595311757,1.372745653115182,-0.3147426873536372,-0.2738188423714774,-5.329070518200751e-15
beats,79,driven,1,4,0.03,0.4,0.85,0,1,0,8,24.81858196335937,-0.01687262806173093,0.7126608080156926,-0.1052860812735775,0.25394271364079,0.0005693711554190198,0.254512084796209,1.390860176960019,-0.3546277382437723,-0.08725729655861811,4.440892098500626e-16
beats,80,driven,1,4,0.03,0.4,0.85,0,1,0,8,25.13274122871834,0.1911251303988582,0.5796566815348799,-0.7104525256296391,0.1680009342240146,0.07305763093996108,0.2410585651639757,1.407443765377547,-0.3514976694584749,0.1236067977499791,-2.664535259100376e-15
edge,0,driven,0.25,40,2,4,3,-180,-1.5,-3,12,0,-1.5,-3,375.7893276880822,1.125,45,46.125,0,0,-4,0
edge,1,driven,0.25,40,2,4,3,-180,-1.5,-3,12,0.07450941199347075,-1.308002373739414,4.344107596660589,4.700893558428163,2.35890885142053,34.21740419415881,36.57631304557934,9.79515135412416,0.2464643997035509,3.804226065180615,-4.973799150320701e-14
edge,2,driven,0.25,40,2,4,3,-180,-1.5,-3,12,0.1490188239869415,-1.009350455390736,3.344784168753157,-20.6823791264089,1.398447641942718,20.37576683594974,21.77421447789246,25.0339759849691,0.6831904628616462,-3.23606797749979,-8.526512829121202e-14
edge,3,driven,0.25,40,2,4,3,-180,-1.5,-3,12,0.2235282359804123,-0.7961897037506593,2.685458305145516,0.9202797459802099,0.9014607885843782,12.67836088717125,13.57982167575563,32.78518121355292,0.2400028893085879,2.351141009169891,-3.552713678800501e-14
edge,4,driven,0.25,40,2,4,3,-180,-1.5,-3,12,0.298037647973883,-0.6064487124774307,2.149222827550566,-16.65550726220339,0.5773948453080562,7.355600817310668,7.932995662618724,38.92231786911462,0.7303135317334534,-1.236067977499788,-1.06581410364015e-13
edge,5,driven,0.25,40,2,4,3,-180,-1.5,-3,12,0.3725470599673538,-0.4820613792230706,1.468354561341052,2.836303451128927,0.269508139726384,4.64766346676898,4.917171606495365,41.59339967043819,0.385571276933636,1.513726089044941e-15,-8.526512829121202e-14
edge,6,driven,0.25,40,2,4,3,-180,-1.5,-3,12,0.4470564719608245,-0.3656987991844685,1.460498363276964,-10.43994177093747,0.2666319336418362,2.674712234499244,2.94134416814108,43.8944269767681,0.7107711449092674,1.236067977499793,-8.526512829121202e-14
edge,7,driven,0.25,40,2,4,3,-180,-1.5,-3,12,0.5215658839542953,-0.2898308730810574,0.7274131531877005,0.16385783167987,0.06614123692880913,1.68003869981856,1.746179936747369,44.92421552622341,0.5453954629708447,-2.351141009169909,-7.105427357601002e-14
edge,8,driven,0.25,40,2,4,3,-180,-1.5,-3,12,0.596075295947766,-0.2229997200120797,1.019667982303144,-2.967345387687274,0.1299653492667707,0.9945775025093186,1.124542851776089,45.69396746661462,0.6935103183908454,3.236067977499796,-1.27897692436818e-13
edge,9,driven,0.25,40,2,4,3,-180,-1.5,-3,12,0.6705847079412368,-0.1715744298984733,0.3345625555879073,-4.69267060439849,0.01399151295018894,0.5887556998997224,0.6027472128499114,46.18979506701329,0.6675422798632977,-3.804226065180631,-9.947598300641403e-14
edge,10,driven,0.25,40,2,4,3,-180,-1.5,-3,12,0.7450941199347075,-0.1385866408859721,0.6756054051868866,3.990632463171547,0.05705533293971715,0.3841251406411477,0.4411804735808648,46.38937022732298,0.7055507009039763,3.999999999999997,-1.27897692436818e-13
edge,11,driven,0.25,40,2,4,3,-180,-1.5,-3,12,0.8196035319281784,-0.09922949905021919,0.1916502482892808,-9.037005192382093,0.004591227208667874,0.196929869635149,0.2015210968438169,46.67787844963218,0.7543995464762068,-3.804226065180627,-2.060573933704291e-13
edge,12,driven,0.25,40,2,4,3,-180,-1.5,-3,12,0.8941129439216491,-0.08781342643934242,0.3669156681559813,8.429792611087304,0.01682838844229377,0.1542239572603561,0.1710523457026498,46.70716086292644,0.7532132086292287,3.236067977499785,-1.4210854715202e-13
edge,13,driven,0.25,40,2,4,3,-180,-1.5,-3,12,0.9686223559151198,-0.05623636171143689,0.2034796220625582,-10.70209117321662,0.005175494574340191,0.06325056757079131,0.0684260621451315,46.8830981754646,0.8265242376098664,-2.351141009169899,-1.35003119794419e-13
edge,14,driven,0.25,40,2,4,3,-180,-1.5,-3,12,1.043131767908591,-0.05574333556186095,0.09515113899738935,9.048896460840407,0.001131717406562564,0.06214638919124464,0.06327810659780721,46.88858134930584,0.8268594559037912,1.236067977499746,-1.49213974509621e-13
edge,15,driven,0.25,40,2,4,3,-180,-1.5,-3,12,1.117641179902061,-0.03234812797560313,0.2751431641279607,-8.745564824221685,0.009462970095793239,0.02092802767051996,0.0303909977663132,46.98874890917588,0.8941399069423271,2.189336760351694e-14,-1.4210854715202e-13
edge,16,driven,0.25,40,2,4,3,-180,-1.5,-3,12,1.192150591895532,-0.03390897370502841,-0.1061001589935742,5.849454483216419,0.001407155467307717,0.02299636995456617,0.02440352542187389,47.00681508797224,0.9062186133943952,-1.236067977499804,-2.842170943040401e-13
edge,17,driven,0.25,40,2,4,3,-180,-1.5,-3,12,1.266660003889003,-0.0205956815033866,0.3247214603556388,-3.729877640536789,0.01318050335193734,0.008483641931778823,0.02166414528371616,47.05821104835868,0.9548751936427122,2.351141009169894,-3.197442310920451e-13
edge,18,driven,0.25,40,2,4,3,-180,-1.5,-3,12,1.341169415882474,-0.01814835643040501,-0.2023402295558794,0.1971609217118817,0.005117696062090745,0.006587256822500456,0.0117049528845912,47.08898454289357,0.9756894957784433,-3.236067977499826,-2.842170943040401e-13
edge,19,driven,0.25,40,2,4,3,-180,-1.5,-3,12,1.415678827875944,-0.01575617668937454,0.3003606250686869,2.540713416639826,0.01127706313645654,0.004965142077335794,0.01624220521379233,47.1174201236432,1.00866232885725,3.804226065180652,-2.557953848736361e-13
edge,20,driven,0.25,40,2,4,3,-180,-1.5,-3,12,1.490188239869415,-0.006937041833204118,-0.182379225141335,-5.662333317195111,0.004157772720394219,0.0009624509879124791,0.005120223708306698,47.15627965383271,1.036399877541334,-3.999999999999994,-3.197442310920451e-13
edge,21,driven,0.25,40,2,4,3,-180,-1.5,-3,12,1.564697651862886,-0.01381738964503804,0.1915017173244155,7.738380962666376,0.004584113467275043,0.003818405132056087,0.008402518599331131,47.18145402651674,1.064856545116395,3.804226065180589,-3.197442310920451e-13
edge,22,driven,0.25,40,2,4,3,-180,-1.5,-3,12,1.639207063856357,-4.575447945986662e-06,-0.06927244747357326,-9.438600428554,0.0005998339973723709,4.186944781286713e-10,0.0005998344160668491,47.22440023909623,1.100000073512678,-3.236067977499812,-3.836930773104541e-13
edge,23,driven,0.25,40,2,4,3,-180,-1.5,-3,12,1.713716475849827,-0.01198313149606951,0.02773800114941926,9.918420894090145,9.617458847064803e-05,0.002871908809041862,0.002968083397512511,47.25396737083515,1.131935454233032,2.351141009169889,-3.694822225952521e-13
edge,24,driven,0.25,40,2,4,3,-180,-1.5,-3,12,1.788225887843298,0.00274851498438848,0.08446521228796575,-9.657673569575083,0.00089179651085639,0.0001510866923881601,0.00104288320324455,47.29544137216964,1.171484255373197,-1.236067977499776,-3.055333763768431e-13
edge,25,driven,0.25,40,2,4,3,-180,-1.5,-3,12,1.862735299836769,-0.00881973880253162,-0.1356121318437685,8.272649648042776,0.002298831287901457,0.001555755850897638,0.003854587138799095,47.32693617380843,1.205790760947551,-3.041456503360436e-15,-3.197442310920451e-13
edge,26,driven,0.25,40,2,4,3,-180,-1.5,-3,12,1.93724471183024,0.001928617198591155,0.214491788324476,-6.216828289904436,0.005750840907328975,7.439128597403192e-05,0.005825232193303007,47.36210312373223,1.24292835592583,1.236067977499758,-2.984279490192421e-13
edge,27,driven,0.25,40,2,4,3,-180,-1.5,-3,12,2.01175412382371,-0.00424755868174825,-0.2405197948431333,3.444491337371424,0.007231221463922869,0.0003608350950978986,0.007592056559020768,47.39186401347346,1.274456070032784,-2.351141009169964,-3.055333763768431e-13
edge,28,driven,0.25,40,2,4,3,-180,-1.5,-3,12,2.086263535817181,-0.00115057110881972,0.2677504509802241,-0.4188570267458492,0.008961288000014174,2.647627752901278e-05,0.008987764277543187,47.42147039039254,1.305458154670401,3.236067977499835,-3.197442310920451e-13
edge,29,driven,0.25,40,2,4,3,-180,-1.5,-3,12,2.160772947810652,0.0007642271132036794,-0.2495481258058705,-2.712933184870326,0.007784283386652824,1.168086161111259e-05,0.007795964248263936,47.45091802294646,1.333713987194984,-3.804226065180605,-2.557953848736361e-13
edge,30,driven,0.25,40,2,4,3,-180,-1.5,-3,12,2.235282359804123,-0.004709126153987157,0.2218518033578713,5.528548158611408,0.006152277831642451,0.0004435173826833175,0.006595795214325769,47.48067771206184,1.362273507276477,4.000000000000025,-3.126388037344441e-13
edge,31,driven,0.25,40,2,4,3,-180,-1.5,-3,12,2.309791771797593,0.004770318875705475,-0.1608383086421939,-7.842309035739588,0.003233620190860202,0.0004551188435182389,0.003688739034378441,47.5136734088822,1.392362147916963,-3.804226065180584,-3.836930773104541e-13
edge,32,driven,0.25,40,2,4,3,-180,-1.5,-3,12,2.384301183791064,-0.00702344351892189,0.09309264555779095,9.357866179052627,0.001083280082118562,0.000986575177269718,0.00206985525938828,47.5475283649106,1.4245982201706,3.236067977499783,-6.110667527536862e-13
edge,33,driven,0.25,40,2,4,3,-180,-1.5,-3,12,2.458810595784535,0.006523568742776254,-0.009233801480956459,-9.981137529257142,1.065788622371421e-05,0.0008511389828345471,0.0008617968690582613,47.58398307089694,1.459844867766668,-2.351141009169869,-6.679101716144942e-13
edge,34,driven,0.25,40,2,4,3,-180,-1.5,-3,12,2.533320007778006,-0.006989656847787507,-0.07009062966863797,9.608953523857386,0.0006140870459182691,0.0009771060569964559,0.001591193102914725,47.61966423765073,1.496255430754289,1.23606797749977,-6.394884621840902e-13
edge,35,driven,0.25,40,2,4,3,-180,-1.5,-3,12,2.607829419771476,0.005525100546999862,0.1467787118192343,-8.310496749508097,0.00269299878041423,0.0006105347210891635,0.003303533501503393,47.65489728675858,1.533200820260803,-1.08498081478157e-15,-7.176481631177012e-13
edge,36,driven,0.25,40,2,4,3,-180,-1.5,-3,12,2.682338831764947,-0.004487984836936069,-0.2058172750081237,6.187427597269095,0.005295093836471205,0.0004028401579313614,0.005697933994402566,47.68763503429624,1.568332968291241,-1.236067977499855,-5.968558980384842e-13
edge,37,driven,0.25,40,2,4,3,-180,-1.5,-3,12,2.756848243758418,0.002259369933800344,0.2472584007046409,-3.4673306221244,0.007642089589877095,0.0001020950499552194,0.007744184639832314,47.71848731004599,1.601231494686492,2.351141009169903,-6.679101716144942e-13
edge,38,driven,0.25,40,2,4,3,-180,-1.5,-3,12,2.831357655751888,-0.0003939098161728142,-0.2625157124651409,0.4011148281352994,0.008614312411385066,3.103298865546006e-06,0.008617415710250612,47.74780084184423,1.631418257555064,-3.236067977499891,-5.826450433232822e-13
edge,39,driven,0.25,40,2,4,3,-180,-1.5,-3,12,2.905867067745359,-0.001964023324769588,0.2536146178792326,2.699150546099488,0.008040046800253647,7.714775240477977e-05,0.008117194552658427,47.77693439408762,1.660051588640869,3.804226065180638,-5.897504706808832e-13
edge,40,driven,0.25,40,2,4,3,-180,-1.5,-3,12,2.98037647973883,0.003777090719949714,-0.2186928379701933,-5.539254899960456,0.005978319672432155,0.000285328286134605,0.00626364795856676,47.8072816789138,1.688545326872988,-3.999999999999988,-6.181721801112872e-13
edge,41,driven,0.25,40,2,4,3,-180,-1.5,-3,12,3.054885891732301,-0.005494350208632637,0.1632922817818332,7.833991737998037,0.003333046161189701,0.00060375768430203,0.00393680384549173,47.83956655789851,1.718503361744609,3.804226065180648,-6.039613253960852e-13
edge,42,driven,0.25,40,2,4,3,-180,-1.5,-3,12,3.129395303725771,0.006460995620573565,-0.09118633022001109,-9.36432728981098,0.001039368352374114,0.0008348892881814158,0.001874257640555529,47.87409785822727,1.750972115868465,-3.236067977499714,-6.394884621840902e-13
edge,43,driven,0.25,40,2,4,3,-180,-1.5,-3,12,3.203904715719242,-0.006960494085602844,0.01071468083873641,9.976118356741038,1.435054818449815e-05,0.0009689695583142437,0.0009833201064987419,47.90997044477046,1.785953764877589,2.351141009169827,-6.323830348264892e-13
edge,44,driven,0.25,40,2,4,3,-180,-1.5,-3,12,3.278414127712713,0.006650240955640577,0.07124101839439244,-9.612852558201453,0.0006344103377337702,0.0008845140953615859,0.001518924433095356,47.9460965546394,1.822615479073217,-1.236067977499813,-7.247535904753022e-13
edge,45,driven,0.25,40,2,4,3,-180,-1.5,-3,12,3.352923539706184,-0.005788768356005132,-0.1458850575094605,8.307467869993316,0.002660306250567326,0.0006701967815897273,0.003330503032157053,47.98101917734033,1.85934968037312,-6.181903444565424e-14,-6.323830348264892e-13
edge,46,driven,0.25,40,2,4,3,-180,-1.5,-3,12,3.427432951699655,0.004283160268864454,0.2065114908044903,-6.189780516044739,0.005330874479286637,0.0003669092377755805,0.005697783717062217,48.0139445393325,1.894642323050262,1.236067977499824,-7.034373084024992e-13
edge,47,driven,0.25,40,2,4,3,-180,-1.5,-3,12,3.501942363693125,-0.002418483417710127,-0.2467191143534759,3.46550280865795,0.00760879017342044,0.0001169812408347772,0.007725771414255217,48.044705372793,1.927431144207932,-2.351141009170016,-6.679101716144942e-13
edge,48,driven,0.25,40,2,4,3,-180,-1.5,-3,12,3.576451775686596,0.0002703059877831405,0.2629346452668413,-0.4025347250321568,0.008641828460199959,1.461306540628386e-06,0.008643289766740588,48.07403986699292,1.957683156760308,3.236067977499805,-6.536993168992922e-13
edge,49,driven,0.25,40,2,4,3,-180,-1.5,-3,12,3.650961187680067,0.001868004395278421,-0.2532891790989611,-2.700253561934501,0.008019426031078199,6.978880841558995e-05,0.008089214839493788,48.10319706203568,1.986286276875804,-3.804226065180618,-6.323830348264892e-13
edge,50,driven,0.25,40,2,4,3,-180,-1.5,-3,12,3.725470599673538,-0.003851680924320556,0.2189456479656749,5.538398046244229,0.005992149595388658,0.000296708918855497,0.006288858514244156,48.13349642107271,2.014785279587604,4.000000000000012,-6.536993168992922e-13
edge,51,driven,0.25,40,2,4,3,-180,-1.5,-3,12,3.799980011667009,0.005436406440486435,-0.1630958918686104,-7.834657366058596,0.003325033743052181,0.0005910902997232478,0.003916124042775429,48.1658376427126,2.044753766756019,-3.804226065180568,-6.465938895416912e-13
edge,52,driven,0.25,40,2,4,3,-180,-1.5,-3,12,3.874489423660479,-0.006506007968981701,0.09133889142686648,9.363810211216659,0.001042849135886113,0.000846562793849068,0.001889411929735181,48.20031448756706,2.077203899497442,3.236067977499797,-6.465938895416912e-13
edge,53,driven,0.25,40,2,4,3,-180,-1.5,-3,12,3.94899883565395,0.006925527227663818,-0.01059616700341348,-9.976520037932771,1.403484439552858e-05,0.0009592585476222579,0.0009732933920177865,48.23623346278268,2.112206756175339,-2.351141009169871,-6.465938895416912e-13
edge,54,driven,0.25,40,2,4,3,-180,-1.5,-3,12,4.02350824764742,-0.006677404194115428,-0.07114895351465078,9.612540520956742,0.0006327716982787422,0.0008917545354318061,0.001524526233710548,48.27232384466481,2.148848370899161,1.236067977499614,-6.394884621840902e-13
edge,55,driven,0.25,40,2,4,3,-180,-1.5,-3,12,4.098017659640892,0.005767667188558625,0.1459565760968043,-8.307710269298944,0.002662915263237779,0.000665319695959515,0.003328234959197294,48.30727123849737,2.18559947345722,-2.954908052736109e-14,-6.536993168992922e-13
edge,56,driven,0.25,40,2,4,3,-180,-1.5,-3,12,4.172527071634362,-0.004299552249077281,-0.2064559331548194,6.189592213447786,0.005328006541853408,0.0003697229908509102,0.005697729532704318,48.34018154231629,2.220879271849632,-1.236067977499951,-6.323830348264892e-13
edge,57,driven,0.25,40,2,4,3,-180,-1.5,-3,12,4.247036483627832,0.002405749666557066,0.2467622730979518,-3.465649087410032,0.007611452428058516,0.0001157526291627887,0.007727205057221305,48.37094966758994,2.253676872647829,2.351141009169861,-6.679101716144942e-13
edge,58,driven,0.25,40,2,4,3,-180,-1.5,-3,12,4.321545895621304,-0.000280197923737419,-0.2629011183405496,0.4024210915845155,0.008639624753088956,1.57021752933521e-06,0.008641194970618292,48.4002824683382,2.283923663309414,-3.236067977499781,-5.968558980384842e-13
edge,59,driven,0.25,40,2,4,3,-180,-1.5,-3,12,4.396055307614775,-0.001875688729277677,0.2533152237580406,2.700165288277251,0.008021075323448272,7.036416418278613e-05,0.008091439487631059,48.42943776170142,2.312529201189721,3.80422606518063,-6.679101716144942e-13
edge,60,driven,0.25,40,2,4,3,-180,-1.5,-3,12,4.470564719608245,0.0038457115175955,-0.2189254157421541,-5.538466619703658,0.005991042207234377,0.0002957899415313337,0.006286832148765711,48.45974095043913,2.341027782588527,-4.00000000000005,-6.252776074688882e-13
edge,61,driven,0.25,40,2,4,3,-180,-1.5,-3,12,4.545074131601716,-0.005441043643483448,0.1631116088287538,7.834604096267279,0.003325674616838048,0.0005920991186058326,0.003917773735443881,48.49207765953019,2.370995433266263,3.804226065180648,-6.323830348264892e-13
edge,62,driven,0.25,40,2,4,3,-180,-1.5,-3,12,4.619583543595186,0.006502405659301007,-0.09132668205027361,-9.363851592688754,0.001042570356788971,0.0008456255871621954,0.001888195943951166,48.52655886032043,2.403447056265107,-3.236067977499671,-7.247535904753022e-13
edge,63,driven,0.25,40,2,4,3,-180,-1.5,-3,12,4.694092955588657,-0.006928325603116779,0.01060565159045305,9.976487891641909,1.405998070725992e-05,0.0009600339132560695,0.0009740938939633295,48.56247412181208,2.438448215706708,2.351141009169882,-6.608047442568932e-13
edge,64,driven,0.25,40,2,4,3,-180,-1.5,-3,12,4.768602367582128,0.006675230337376585,0.07115632140855083,-9.61256549309957,0.0006329027595496236,0.0008911740011406544,0.001524076760690278,48.59856736221651,2.475091438978482,-1.236067977499744,-1.286082351725781e-12
edge,65,driven,0.25,40,2,4,3,-180,-1.5,-3,12,4.843111779575599,-0.00576935590159985,-0.1459508525096443,8.307690870236394,0.002662706418536494,0.0006657093503865003,0.003328415768922994,48.6335127731695,2.511841188939647,-8.742251493252921e-15,-1.229238932864973e-12
edge,66,driven,0.25,40,2,4,3,-180,-1.5,-3,12,4.91762119156907,0.004298240409302385,0.2064603793982585,-6.189607283185356,0.005328236032659103,0.0003694974123231987,0.005697733444982302,48.66642428180569,2.547122015251997,1.236067977499759,-1.328714915871387e-12
edge,67,driven,0.25,40,2,4,3,-180,-1.5,-3,12,4.992130603562541,-0.002406768740581747,-0.2467588191310233,3.465637380814306,0.007611239352367133,0.000115850715412829,0.007727090067779962,48.69719182335212,2.579918913421146,-2.351141009169952,-1.243449787580175e-12
edge,68,driven,0.25,40,2,4,3,-180,-1.5,-3,12,5.066640015556011,0.0002794062783798325,0.2629038014791857,-0.4024301855972091,0.008639801104025884,1.56135736796137e-06,0.008641362461393846,48.72652475952464,2.61016612198732,3.236067977499777,-1.27897692436818e-12
edge,69,driven,0.25,40,2,4,3,-180,-1.5,-3,12,5.141149427549482,0.001875073756904093,-0.2533131394205049,-2.700172352762526,0.008020943325384017,7.031803187660857e-05,0.008091261357260626,48.75568020501686,2.638771466375375,-3.80422606518079,-1.257660642295377e-12
edge,70,driven,0.25,40,2,4,3,-180,-1.5,-3,12,5.215658839542953,-0.003846189245427764,0.2189270349141683,5.538461131813063,0.005991130827038681,0.0002958634342328839,0.006286994261271565,48.78598308722901,2.667270081491662,4.000000000000064,-1.378452907374594e-12
edge,71,driven,0.25,40,2,4,3,-180,-1.5,-3,12,5.290168251536423,0.005440672531070373,-0.1631103510103977,-7.834608359415285,0.003325623325841892,0.000592018351806874,0.003917641677648766,48.81832015743427,2.697237799113257,-3.80422606518062,-1.335820343228988e-12
edge,72,driven,0.25,40,2,4,3,-180,-1.5,-3,12,5.364677663529895,-0.006502693949859061,0.09132765915894253,9.363848280955969,0.001042592665931497,0.0008457005721106726,0.00188829323804217,48.85280100960843,2.72968930284772,3.236067977499814,-1.250555214937776e-12
edge,73,driven,0.25,40,2,4,3,-180,-1.5,-3,12,5.439187075523365,0.006928101650905168,-0.01060489254497059,-9.976490464289467,1.405796823629659e-05,0.0009599718497054983,0.000974029817941795,48.88871656829886,2.764690598118044,-2.351141009169947,-1.243449787580175e-12
edge,74,driven,0.25,40,2,4,3,-180,-1.5,-3,12,5.513696487516836,-0.006675404309751916,-0.0711557317606752,9.612563494594713,0.0006328922702996452,0.0008912204539730891,0.001524112724272734,48.92480957993316,2.801333692658734,1.236067977499734,-1.300293206440983e-12
edge,75,driven,0.25,40,2,4,3,-180,-1.5,-3,12,5.588205899510307,0.005769220754966884,0.1459513105647022,-8.307692422731291,0.002662723131944269,0.0006656781623908133,0.003328401294335082,48.95975514957174,2.838083550867355,7.270712181134755e-14,-1.27897692436818e-12
edge,76,driven,0.25,40,2,4,3,-180,-1.5,-3,12,5.662715311503777,-0.00429834539500703,-0.2064600235682348,6.189606077163644,0.005328217666474509,0.0003695154626955628,0.005697733129170072,48.99266656178554,2.873364294915927,-1.236067977500034,-1.222133505507372e-12
edge,77,driven,0.25,40,2,4,3,-180,-1.5,-3,12,5.737224723497247,0.002406687184734161,0.2467590955498025,-3.465638317685679,0.007611256404569572,0.0001158428641032728,0.007727099268672845,49.02343415004616,2.906161249316022,2.351141009169927,-1.193711796076968e-12
edge,78,driven,0.25,40,2,4,3,-180,-1.5,-3,12,5.811734135490719,-0.0002794696332554424,-0.2629035867493075,0.4024294578090856,0.008639786990706333,1.562065518238629e-06,0.008641349056224571,49.05276707538011,2.936408424437574,-3.236067977499845,-1.236344360222574e-12
edge,79,driven,0.25,40,2,4,3,-180,-1.5,-3,12,5.88624354748419,-0.001875122972752552,0.2533133062287161,2.700171787395723,0.008020953889065411,7.032172325888738e-05,0.008091275612324297,49.08192250869716,2.965013784310768,3.804226065180671,-1.286082351725781e-12
edge,80,driven,0.25,40,2,4,3,-180,-1.5,-3,12,5.96075295947766,0.003846151013172358,-0.2189269053328559,-5.538461571005275,0.005991123734827654,0.0002958575523225352,0.006286981287150189,49.11222541544009,2.993512396728534,-3.999999999999975,-1.293187779083382e-12
