case,sample,amplitude,frequency,theta,phi,beta,phase,x,y,z,spacing,slice,time,rx,ry,rz,psi,ex,ey,ez,magnitude,nx,ny,nz,ux,uy,uz,lambda,period
article,A,5,100,0,0,0,0,0,0,0,0.25,0,0,0,0,0,5,5,0,0,5,0,0,1,1,0,0,2.99792458,1e-08
article,B,5,100,0,0,0,0,0,0,0,0.25,0,0,0,0,0.25,0,0,0,0,0,0,0,1,1,0,0,2.99792458,1e-08
article,off_axis,5,100,0,0,0,0,0,0,0,0.25,0,0,0.37,-0.41,0.73,-0.6266661678215218,-0.6266661678215218,-0,-0,0.6266661678215218,0,0,1,1,0,0,2.99792458,1e-08
article,slice,5,100,0,0,0,0,0,0,0,0.25,0,0,-0.4,0.6,0,5,5,0,0,5,0,0,1,1,0,0,2.99792458,1e-08
article,A,5,100,0,0,0,0,0,0,0,0.25,0,0.03125,0,0,0,4.903926402016152,4.903926402016152,0,0,4.903926402016152,0,0,1,1,0,0,2.99792458,1e-08
article,B,5,100,0,0,0,0,0,0,0,0.25,0,0.03125,0,0,0.25,0.9754516100806414,0.9754516100806414,0,0,0.9754516100806414,0,0,1,1,0,0,2.99792458,1e-08
article,off_axis,5,100,0,0,0,0,0,0,0,0.25,0,0.03125,0.37,-0.41,0.73,-1.582384835907931,-1.582384835907931,-0,-0,1.582384835907931,0,0,1,1,0,0,2.99792458,1e-08
article,slice,5,100,0,0,0,0,0,0,0,0.25,0,0.03125,-0.4,0.6,0,4.903926402016152,4.903926402016152,0,0,4.903926402016152,0,0,1,1,0,0,2.99792458,1e-08
article,A,5,100,0,0,0,0,0,0,0,0.25,0,0.0625,0,0,0,4.619397662556434,4.619397662556434,0,0,4.619397662556434,0,0,1,1,0,0,2.99792458,1e-08
article,B,5,100,0,0,0,0,0,0,0,0.25,0,0.0625,0,0,0.25,1.913417161825449,1.913417161825449,0,0,1.913417161825449,0,0,1,1,0,0,2.99792458,1e-08
article,off_axis,5,100,0,0,0,0,0,0,0,0.25,0,0.0625,0.37,-0.41,0.73,-2.477293342162038,-2.477293342162038,-0,-0,2.477293342162038,0,0,1,1,0,0,2.99792458,1e-08
article,slice,5,100,0,0,0,0,0,0,0,0.25,0,0.0625,-0.4,0.6,0,4.619397662556434,4.619397662556434,0,0,4.619397662556434,0,0,1,1,0,0,2.99792458,1e-08
article,A,5,100,0,0,0,0,0,0,0,0.25,0,0.09375,0,0,0,4.157348061512726,4.157348061512726,0,0,4.157348061512726,0,0,1,1,0,0,2.99792458,1e-08
article,B,5,100,0,0,0,0,0,0,0,0.25,0,0.09375,0,0,0.25,2.777851165098011,2.777851165098011,0,0,2.777851165098011,0,0,1,1,0,0,2.99792458,1e-08
article,off_axis,5,100,0,0,0,0,0,0,0,0.25,0,0.09375,0.37,-0.41,0.73,-3.27700085455897,-3.27700085455897,-0,-0,3.27700085455897,0,0,1,1,0,0,2.99792458,1e-08
article,slice,5,100,0,0,0,0,0,0,0,0.25,0,0.09375,-0.4,0.6,0,4.157348061512726,4.157348061512726,0,0,4.157348061512726,0,0,1,1,0,0,2.99792458,1e-08
article,A,5,100,0,0,0,0,0,0,0,0.25,0,0.125,0,0,0,3.535533905932738,3.535533905932738,0,0,3.535533905932738,0,0,1,1,0,0,2.99792458,1e-08
article,B,5,100,0,0,0,0,0,0,0,0.25,0,0.125,0,0,0.25,3.535533905932738,3.535533905932738,0,0,3.535533905932738,0,0,1,1,0,0,2.99792458,1e-08
article,off_axis,5,100,0,0,0,0,0,0,0,0.25,0,0.125,0.37,-0.41,0.73,-3.950775061878452,-3.950775061878452,-0,-0,3.950775061878452,0,0,1,1,0,0,2.99792458,1e-08
article,slice,5,100,0,0,0,0,0,0,0,0.25,0,0.125,-0.4,0.6,0,3.535533905932738,3.535533905932738,0,0,3.535533905932738,0,0,1,1,0,0,2.99792458,1e-08
article,A,5,100,0,0,0,0,0,0,0,0.25,0,0.15625,0,0,0,2.777851165098011,2.777851165098011,0,0,2.777851165098011,0,0,1,1,0,0,2.99792458,1e-08
article,B,5,100,0,0,0,0,0,0,0,0.25,0,0.15625,0,0,0.25,4.157348061512726,4.157348061512726,0,0,4.157348061512726,0,0,1,1,0,0,2.99792458,1e-08
article,off_axis,5,100,0,0,0,0,0,0,0,0.25,0,0.15625,0.37,-0.41,0.73,-4.472723199190126,-4.472723199190126,-0,-0,4.472723199190126,0,0,1,1,0,0,2.99792458,1e-08
article,slice,5,100,0,0,0,0,0,0,0,0.25,0,0.15625,-0.4,0.6,0,2.777851165098011,2.777851165098011,0,0,2.777851165098011,0,0,1,1,0,0,2.99792458,1e-08
article,A,5,100,0,0,0,0,0,0,0,0.25,0,0.1875,0,0,0,1.913417161825449,1.913417161825449,0,0,1.913417161825449,0,0,1,1,0,0,2.99792458,1e-08
article,B,5,100,0,0,0,0,0,0,0,0.25,0,0.1875,0,0,0.25,4.619397662556434,4.619397662556434,0,0,4.619397662556434,0,0,1,1,0,0,2.99792458,1e-08
article,off_axis,5,100,0,0,0,0,0,0,0,0.25,0,0.1875,0.37,-0.41,0.73,-4.822787092288991,-4.822787092288991,-0,-0,4.822787092288991,0,0,1,1,0,0,2.99792458,1e-08
article,slice,5,100,0,0,0,0,0,0,0,0.25,0,0.1875,-0.4,0.6,0,1.913417161825449,1.913417161825449,0,0,1.913417161825449,0,0,1,1,0,0,2.99792458,1e-08
article,A,5,100,0,0,0,0,0,0,0,0.25,0,0.21875,0,0,0,0.9754516100806414,0.9754516100806414,0,0,0.9754516100806414,0,0,1,1,0,0,2.99792458,1e-08
article,B,5,100,0,0,0,0,0,0,0,0.25,0,0.21875,0,0,0.25,4.903926402016152,4.903926402016152,0,0,4.903926402016152,0,0,1,1,0,0,2.99792458,1e-08
article,off_axis,5,100,0,0,0,0,0,0,0,0.25,0,0.21875,0.37,-0.41,0.73,-4.987513982081351,-4.987513982081351,-0,-0,4.987513982081351,0,0,1,1,0,0,2.99792458,1e-08
article,slice,5,100,0,0,0,0,0,0,0,0.25,0,0.21875,-0.4,0.6,0,0.9754516100806414,0.9754516100806414,0,0,0.9754516100806414,0,0,1,1,0,0,2.99792458,1e-08
article,A,5,100,0,0,0,0,0,0,0,0.25,0,0.25,0,0,0,0,0,0,0,0,0,0,1,1,0,0,2.99792458,1e-08
article,B,5,100,0,0,0,0,0,0,0,0.25,0,0.25,0,0,0.25,5,5,0,0,5,0,0,1,1,0,0,2.99792458,1e-08
article,off_axis,5,100,0,0,0,0,0,0,0,0.25,0,0.25,0.37,-0.41,0.73,-4.960573506572389,-4.960573506572389,-0,-0,4.960573506572389,0,0,1,1,0,0,2.99792458,1e-08
article,slice,5,100,0,0,0,0,0,0,0,0.25,0,0.25,-0.4,0.6,0,0,0,0,0,0,0,0,1,1,0,0,2.99792458,1e-08
article,A,5,100,0,0,0,0,0,0,0,0.25,0,0.28125,0,0,0,-0.9754516100806414,-0.9754516100806414,-0,-0,0.9754516100806414,0,0,1,1,0,0,2.99792458,1e-08
article,B,5,100,0,0,0,0,0,0,0,0.25,0,0.28125,0,0,0.25,4.903926402016152,4.903926402016152,0,0,4.903926402016152,0,0,1,1,0,0,2.99792458,1e-08
article,off_axis,5,100,0,0,0,0,0,0,0,0.25,0,0.28125,0.37,-0.41,0.73,-4.743000973127523,-4.743000973127523,-0,-0,4.743000973127523,0,0,1,1,0,0,2.99792458,1e-08
article,slice,5,100,0,0,0,0,0,0,0,0.25,0,0.28125,-0.4,0.6,0,-0.9754516100806414,-0.9754516100806414,-0,-0,0.9754516100806414,0,0,1,1,0,0,2.99792458,1e-08
article,A,5,100,0,0,0,0,0,0,0,0.25,0,0.3125,0,0,0,-1.913417161825449,-1.913417161825449,-0,-0,1.913417161825449,0,0,1,1,0,0,2.99792458,1e-08
article,B,5,100,0,0,0,0,0,0,0,0.25,0,0.3125,0,0,0.25,4.619397662556434,4.619397662556434,0,0,4.619397662556434,0,0,1,1,0,0,2.99792458,1e-08
article,off_axis,5,100,0,0,0,0,0,0,0,0.25,0,0.3125,0.37,-0.41,0.73,-4.343157572190956,-4.343157572190956,-0,-0,4.343157572190956,0,0,1,1,0,0,2.99792458,1e-08
article,slice,5,100,0,0,0,0,0,0,0,0.25,0,0.3125,-0.4,0.6,0,-1.913417161825449,-1.913417161825449,-0,-0,1.913417161825449,0,0,1,1,0,0,2.99792458,1e-08
article,A,5,100,0,0,0,0,0,0,0,0.25,0,0.34375,0,0,0,-2.777851165098011,-2.777851165098011,-0,-0,2.777851165098011,0,0,1,1,0,0,2.99792458,1e-08
article,B,5,100,0,0,0,0,0,0,0,0.25,0,0.34375,0,0,0.25,4.157348061512726,4.157348061512726,0,0,4.157348061512726,0,0,1,1,0,0,2.99792458,1e-08
article,off_axis,5,100,0,0,0,0,0,0,0,0.25,0,0.34375,0.37,-0.41,0.73,-3.776409061425918,-3.776409061425918,-0,-0,3.776409061425918,0,0,1,1,0,0,2.99792458,1e-08
article,slice,5,100,0,0,0,0,0,0,0,0.25,0,0.34375,-0.4,0.6,0,-2.777851165098011,-2.777851165098011,-0,-0,2.777851165098011,0,0,1,1,0,0,2.99792458,1e-08
article,A,5,100,0,0,0,0,0,0,0,0.25,0,0.375,0,0,0,-3.535533905932738,-3.535533905932738,-0,-0,3.535533905932738,0,0,1,1,0,0,2.99792458,1e-08
article,B,5,100,0,0,0,0,0,0,0,0.25,0,0.375,0,0,0.25,3.535533905932738,3.535533905932738,0,0,3.535533905932738,0,0,1,1,0,0,2.99792458,1e-08
article,off_axis,5,100,0,0,0,0,0,0,0,0.25,0,0.375,0.37,-0.41,0.73,-3.064535268264882,-3.064535268264882,-0,-0,3.064535268264882,0,0,1,1,0,0,2.99792458,1e-08
article,slice,5,100,0,0,0,0,0,0,0,0.25,0,0.375,-0.4,0.6,0,-3.535533905932738,-3.535533905932738,-0,-0,3.535533905932738,0,0,1,1,0,0,2.99792458,1e-08
article,A,5,100,0,0,0,0,0,0,0,0.25,0,0.40625,0,0,0,-4.157348061512726,-4.157348061512726,-0,-0,4.157348061512726,0,0,1,1,0,0,2.99792458,1e-08
article,B,5,100,0,0,0,0,0,0,0,0.25,0,0.40625,0,0,0.25,2.777851165098011,2.777851165098011,0,0,2.777851165098011,0,0,1,1,0,0,2.99792458,1e-08
article,off_axis,5,100,0,0,0,0,0,0,0,0.25,0,0.40625,0.37,-0.41,0.73,-2.234893103355605,-2.234893103355605,-0,-0,2.234893103355605,0,0,1,1,0,0,2.99792458,1e-08
article,slice,5,100,0,0,0,0,0,0,0,0.25,0,0.40625,-0.4,0.6,0,-4.157348061512726,-4.157348061512726,-0,-0,4.157348061512726,0,0,1,1,0,0,2.99792458,1e-08
article,A,5,100,0,0,0,0,0,0,0,0.25,0,0.4375,0,0,0,-4.619397662556434,-4.619397662556434,-0,-0,4.619397662556434,0,0,1,1,0,0,2.99792458,1e-08
article,B,5,100,0,0,0,0,0,0,0,0.25,0,0.4375,0,0,0.25,1.913417161825449,1.913417161825449,0,0,1.913417161825449,0,0,1,1,0,0,2.99792458,1e-08
article,off_axis,5,100,0,0,0,0,0,0,0,0.25,0,0.4375,0.37,-0.41,0.73,-1.319365249826864,-1.319365249826864,-0,-0,1.319365249826864,0,0,1,1,0,0,2.99792458,1e-08
article,slice,5,100,0,0,0,0,0,0,0,0.25,0,0.4375,-0.4,0.6,0,-4.619397662556434,-4.619397662556434,-0,-0,4.619397662556434,0,0,1,1,0,0,2.99792458,1e-08
article,A,5,100,0,0,0,0,0,0,0,0.25,0,0.46875,0,0,0,-4.903926402016152,-4.903926402016152,-0,-0,4.903926402016152,0,0,1,1,0,0,2.99792458,1e-08
article,B,5,100,0,0,0,0,0,0,0,0.25,0,0.46875,0,0,0.25,0.9754516100806414,0.9754516100806414,0,0,0.9754516100806414,0,0,1,1,0,0,2.99792458,1e-08
article,off_axis,5,100,0,0,0,0,0,0,0,0.25,0,0.46875,0.37,-0.41,0.73,-0.3531349296558328,-0.3531349296558328,-0,-0,0.3531349296558328,0,0,1,1,0,0,2.99792458,1e-08
article,slice,5,100,0,0,0,0,0,0,0,0.25,0,0.46875,-0.4,0.6,0,-4.903926402016152,-4.903926402016152,-0,-0,4.903926402016152,0,0,1,1,0,0,2.99792458,1e-08
article,A,5,100,0,0,0,0,0,0,0,0.25,0,0.5,0,0,0,-5,-5,-0,-0,5,0,0,1,1,0,0,2.99792458,1e-08
article,B,5,100,0,0,0,0,0,0,0,0.25,0,0.5,0,0,0.25,0,0,0,0,0,0,0,1,1,0,0,2.99792458,1e-08
article,off_axis,5,100,0,0,0,0,0,0,0,0.25,0,0.5,0.37,-0.41,0.73,0.6266661678215218,0.6266661678215218,0,0,0.6266661678215218,0,0,1,1,0,0,2.99792458,1e-08
article,slice,5,100,0,0,0,0,0,0,0,0.25,0,0.5,-0.4,0.6,0,-5,-5,-0,-0,5,0,0,1,1,0,0,2.99792458,1e-08
article,A,5,100,0,0,0,0,0,0,0,0.25,0,0.53125,0,0,0,-4.903926402016152,-4.903926402016152,-0,-0,4.903926402016152,0,0,1,1,0,0,2.99792458,1e-08
article,B,5,100,0,0,0,0,0,0,0,0.25,0,0.53125,0,0,0.25,-0.9754516100806414,-0.9754516100806414,-0,-0,0.9754516100806414,0,0,1,1,0,0,2.99792458,1e-08
article,off_axis,5,100,0,0,0,0,0,0,0,0.25,0,0.53125,0.37,-0.41,0.73,1.582384835907931,1.582384835907931,0,0,1.582384835907931,0,0,1,1,0,0,2.99792458,1e-08
article,slice,5,100,0,0,0,0,0,0,0,0.25,0,0.53125,-0.4,0.6,0,-4.903926402016152,-4.903926402016152,-0,-0,4.903926402016152,0,0,1,1,0,0,2.99792458,1e-08
article,A,5,100,0,0,0,0,0,0,0,0.25,0,0.5625,0,0,0,-4.619397662556434,-4.619397662556434,-0,-0,4.619397662556434,0,0,1,1,0,0,2.99792458,1e-08
article,B,5,100,0,0,0,0,0,0,0,0.25,0,0.5625,0,0,0.25,-1.913417161825449,-1.913417161825449,-0,-0,1.913417161825449,0,0,1,1,0,0,2.99792458,1e-08
article,off_axis,5,100,0,0,0,0,0,0,0,0.25,0,0.5625,0.37,-0.41,0.73,2.477293342162038,2.477293342162038,0,0,2.477293342162038,0,0,1,1,0,0,2.99792458,1e-08
article,slice,5,100,0,0,0,0,0,0,0,0.25,0,0.5625,-0.4,0.6,0,-4.619397662556434,-4.619397662556434,-0,-0,4.619397662556434,0,0,1,1,0,0,2.99792458,1e-08
article,A,5,100,0,0,0,0,0,0,0,0.25,0,0.59375,0,0,0,-4.157348061512726,-4.157348061512726,-0,-0,4.157348061512726,0,0,1,1,0,0,2.99792458,1e-08
article,B,5,100,0,0,0,0,0,0,0,0.25,0,0.59375,0,0,0.25,-2.777851165098011,-2.777851165098011,-0,-0,2.777851165098011,0,0,1,1,0,0,2.99792458,1e-08
article,off_axis,5,100,0,0,0,0,0,0,0,0.25,0,0.59375,0.37,-0.41,0.73,3.27700085455897,3.27700085455897,0,0,3.27700085455897,0,0,1,1,0,0,2.99792458,1e-08
article,slice,5,100,0,0,0,0,0,0,0,0.25,0,0.59375,-0.4,0.6,0,-4.157348061512726,-4.157348061512726,-0,-0,4.157348061512726,0,0,1,1,0,0,2.99792458,1e-08
article,A,5,100,0,0,0,0,0,0,0,0.25,0,0.625,0,0,0,-3.535533905932738,-3.535533905932738,-0,-0,3.535533905932738,0,0,1,1,0,0,2.99792458,1e-08
article,B,5,100,0,0,0,0,0,0,0,0.25,0,0.625,0,0,0.25,-3.535533905932738,-3.535533905932738,-0,-0,3.535533905932738,0,0,1,1,0,0,2.99792458,1e-08
article,off_axis,5,100,0,0,0,0,0,0,0,0.25,0,0.625,0.37,-0.41,0.73,3.950775061878452,3.950775061878452,0,0,3.950775061878452,0,0,1,1,0,0,2.99792458,1e-08
article,slice,5,100,0,0,0,0,0,0,0,0.25,0,0.625,-0.4,0.6,0,-3.535533905932738,-3.535533905932738,-0,-0,3.535533905932738,0,0,1,1,0,0,2.99792458,1e-08
article,A,5,100,0,0,0,0,0,0,0,0.25,0,0.65625,0,0,0,-2.777851165098011,-2.777851165098011,-0,-0,2.777851165098011,0,0,1,1,0,0,2.99792458,1e-08
article,B,5,100,0,0,0,0,0,0,0,0.25,0,0.65625,0,0,0.25,-4.157348061512726,-4.157348061512726,-0,-0,4.157348061512726,0,0,1,1,0,0,2.99792458,1e-08
article,off_axis,5,100,0,0,0,0,0,0,0,0.25,0,0.65625,0.37,-0.41,0.73,4.472723199190126,4.472723199190126,0,0,4.472723199190126,0,0,1,1,0,0,2.99792458,1e-08
article,slice,5,100,0,0,0,0,0,0,0,0.25,0,0.65625,-0.4,0.6,0,-2.777851165098011,-2.777851165098011,-0,-0,2.777851165098011,0,0,1,1,0,0,2.99792458,1e-08
article,A,5,100,0,0,0,0,0,0,0,0.25,0,0.6875,0,0,0,-1.913417161825449,-1.913417161825449,-0,-0,1.913417161825449,0,0,1,1,0,0,2.99792458,1e-08
article,B,5,100,0,0,0,0,0,0,0,0.25,0,0.6875,0,0,0.25,-4.619397662556434,-4.619397662556434,-0,-0,4.619397662556434,0,0,1,1,0,0,2.99792458,1e-08
article,off_axis,5,100,0,0,0,0,0,0,0,0.25,0,0.6875,0.37,-0.41,0.73,4.822787092288991,4.822787092288991,0,0,4.822787092288991,0,0,1,1,0,0,2.99792458,1e-08
article,slice,5,100,0,0,0,0,0,0,0,0.25,0,0.6875,-0.4,0.6,0,-1.913417161825449,-1.913417161825449,-0,-0,1.913417161825449,0,0,1,1,0,0,2.99792458,1e-08
article,A,5,100,0,0,0,0,0,0,0,0.25,0,0.71875,0,0,0,-0.9754516100806414,-0.9754516100806414,-0,-0,0.9754516100806414,0,0,1,1,0,0,2.99792458,1e-08
article,B,5,100,0,0,0,0,0,0,0,0.25,0,0.71875,0,0,0.25,-4.903926402016152,-4.903926402016152,-0,-0,4.903926402016152,0,0,1,1,0,0,2.99792458,1e-08
article,off_axis,5,100,0,0,0,0,0,0,0,0.25,0,0.71875,0.37,-0.41,0.73,4.987513982081351,4.987513982081351,0,0,4.987513982081351,0,0,1,1,0,0,2.99792458,1e-08
article,slice,5,100,0,0,0,0,0,0,0,0.25,0,0.71875,-0.4,0.6,0,-0.9754516100806414,-0.9754516100806414,-0,-0,0.9754516100806414,0,0,1,1,0,0,2.99792458,1e-08
article,A,5,100,0,0,0,0,0,0,0,0.25,0,0.75,0,0,0,0,0,0,0,0,0,0,1,1,0,0,2.99792458,1e-08
article,B,5,100,0,0,0,0,0,0,0,0.25,0,0.75,0,0,0.25,-5,-5,-0,-0,5,0,0,1,1,0,0,2.99792458,1e-08
article,off_axis,5,100,0,0,0,0,0,0,0,0.25,0,0.75,0.37,-0.41,0.73,4.960573506572389,4.960573506572389,0,0,4.960573506572389,0,0,1,1,0,0,2.99792458,1e-08
article,slice,5,100,0,0,0,0,0,0,0,0.25,0,0.75,-0.4,0.6,0,0,0,0,0,0,0,0,1,1,0,0,2.99792458,1e-08
article,A,5,100,0,0,0,0,0,0,0,0.25,0,0.78125,0,0,0,0.9754516100806414,0.9754516100806414,0,0,0.9754516100806414,0,0,1,1,0,0,2.99792458,1e-08
article,B,5,100,0,0,0,0,0,0,0,0.25,0,0.78125,0,0,0.25,-4.903926402016152,-4.903926402016152,-0,-0,4.903926402016152,0,0,1,1,0,0,2.99792458,1e-08
article,off_axis,5,100,0,0,0,0,0,0,0,0.25,0,0.78125,0.37,-0.41,0.73,4.743000973127523,4.743000973127523,0,0,4.743000973127523,0,0,1,1,0,0,2.99792458,1e-08
article,slice,5,100,0,0,0,0,0,0,0,0.25,0,0.78125,-0.4,0.6,0,0.9754516100806414,0.9754516100806414,0,0,0.9754516100806414,0,0,1,1,0,0,2.99792458,1e-08
article,A,5,100,0,0,0,0,0,0,0,0.25,0,0.8125,0,0,0,1.913417161825449,1.913417161825449,0,0,1.913417161825449,0,0,1,1,0,0,2.99792458,1e-08
article,B,5,100,0,0,0,0,0,0,0,0.25,0,0.8125,0,0,0.25,-4.619397662556434,-4.619397662556434,-0,-0,4.619397662556434,0,0,1,1,0,0,2.99792458,1e-08
article,off_axis,5,100,0,0,0,0,0,0,0,0.25,0,0.8125,0.37,-0.41,0.73,4.343157572190956,4.343157572190956,0,0,4.343157572190956,0,0,1,1,0,0,2.99792458,1e-08
article,slice,5,100,0,0,0,0,0,0,0,0.25,0,0.8125,-0.4,0.6,0,1.913417161825449,1.913417161825449,0,0,1.913417161825449,0,0,1,1,0,0,2.99792458,1e-08
article,A,5,100,0,0,0,0,0,0,0,0.25,0,0.84375,0,0,0,2.777851165098011,2.777851165098011,0,0,2.777851165098011,0,0,1,1,0,0,2.99792458,1e-08
article,B,5,100,0,0,0,0,0,0,0,0.25,0,0.84375,0,0,0.25,-4.157348061512726,-4.157348061512726,-0,-0,4.157348061512726,0,0,1,1,0,0,2.99792458,1e-08
article,off_axis,5,100,0,0,0,0,0,0,0,0.25,0,0.84375,0.37,-0.41,0.73,3.776409061425918,3.776409061425918,0,0,3.776409061425918,0,0,1,1,0,0,2.99792458,1e-08
article,slice,5,100,0,0,0,0,0,0,0,0.25,0,0.84375,-0.4,0.6,0,2.777851165098011,2.777851165098011,0,0,2.777851165098011,0,0,1,1,0,0,2.99792458,1e-08
article,A,5,100,0,0,0,0,0,0,0,0.25,0,0.875,0,0,0,3.535533905932738,3.535533905932738,0,0,3.535533905932738,0,0,1,1,0,0,2.99792458,1e-08
article,B,5,100,0,0,0,0,0,0,0,0.25,0,0.875,0,0,0.25,-3.535533905932738,-3.535533905932738,-0,-0,3.535533905932738,0,0,1,1,0,0,2.99792458,1e-08
article,off_axis,5,100,0,0,0,0,0,0,0,0.25,0,0.875,0.37,-0.41,0.73,3.064535268264882,3.064535268264882,0,0,3.064535268264882,0,0,1,1,0,0,2.99792458,1e-08
article,slice,5,100,0,0,0,0,0,0,0,0.25,0,0.875,-0.4,0.6,0,3.535533905932738,3.535533905932738,0,0,3.535533905932738,0,0,1,1,0,0,2.99792458,1e-08
article,A,5,100,0,0,0,0,0,0,0,0.25,0,0.90625,0,0,0,4.157348061512726,4.157348061512726,0,0,4.157348061512726,0,0,1,1,0,0,2.99792458,1e-08
article,B,5,100,0,0,0,0,0,0,0,0.25,0,0.90625,0,0,0.25,-2.777851165098011,-2.777851165098011,-0,-0,2.777851165098011,0,0,1,1,0,0,2.99792458,1e-08
article,off_axis,5,100,0,0,0,0,0,0,0,0.25,0,0.90625,0.37,-0.41,0.73,2.234893103355605,2.234893103355605,0,0,2.234893103355605,0,0,1,1,0,0,2.99792458,1e-08
article,slice,5,100,0,0,0,0,0,0,0,0.25,0,0.90625,-0.4,0.6,0,4.157348061512726,4.157348061512726,0,0,4.157348061512726,0,0,1,1,0,0,2.99792458,1e-08
article,A,5,100,0,0,0,0,0,0,0,0.25,0,0.9375,0,0,0,4.619397662556434,4.619397662556434,0,0,4.619397662556434,0,0,1,1,0,0,2.99792458,1e-08
article,B,5,100,0,0,0,0,0,0,0,0.25,0,0.9375,0,0,0.25,-1.913417161825449,-1.913417161825449,-0,-0,1.913417161825449,0,0,1,1,0,0,2.99792458,1e-08
article,off_axis,5,100,0,0,0,0,0,0,0,0.25,0,0.9375,0.37,-0.41,0.73,1.319365249826864,1.319365249826864,0,0,1.319365249826864,0,0,1,1,0,0,2.99792458,1e-08
article,slice,5,100,0,0,0,0,0,0,0,0.25,0,0.9375,-0.4,0.6,0,4.619397662556434,4.619397662556434,0,0,4.619397662556434,0,0,1,1,0,0,2.99792458,1e-08
article,A,5,100,0,0,0,0,0,0,0,0.25,0,0.96875,0,0,0,4.903926402016152,4.903926402016152,0,0,4.903926402016152,0,0,1,1,0,0,2.99792458,1e-08
article,B,5,100,0,0,0,0,0,0,0,0.25,0,0.96875,0,0,0.25,-0.9754516100806414,-0.9754516100806414,-0,-0,0.9754516100806414,0,0,1,1,0,0,2.99792458,1e-08
article,off_axis,5,100,0,0,0,0,0,0,0,0.25,0,0.96875,0.37,-0.41,0.73,0.3531349296558328,0.3531349296558328,0,0,0.3531349296558328,0,0,1,1,0,0,2.99792458,1e-08
article,slice,5,100,0,0,0,0,0,0,0,0.25,0,0.96875,-0.4,0.6,0,4.903926402016152,4.903926402016152,0,0,4.903926402016152,0,0,1,1,0,0,2.99792458,1e-08
article,A,5,100,0,0,0,0,0,0,0,0.25,0,1,0,0,0,5,5,0,0,5,0,0,1,1,0,0,2.99792458,1e-08
article,B,5,100,0,0,0,0,0,0,0,0.25,0,1,0,0,0.25,0,0,0,0,0,0,0,1,1,0,0,2.99792458,1e-08
article,off_axis,5,100,0,0,0,0,0,0,0,0.25,0,1,0.37,-0.41,0.73,-0.6266661678215218,-0.6266661678215218,-0,-0,0.6266661678215218,0,0,1,1,0,0,2.99792458,1e-08
article,slice,5,100,0,0,0,0,0,0,0,0.25,0,1,-0.4,0.6,0,5,5,0,0,5,0,0,1,1,0,0,2.99792458,1e-08
article,A,5,100,0,0,0,0,0,0,0,0.25,0,1.03125,0,0,0,4.903926402016152,4.903926402016152,0,0,4.903926402016152,0,0,1,1,0,0,2.99792458,1e-08
article,B,5,100,0,0,0,0,0,0,0,0.25,0,1.03125,0,0,0.25,0.9754516100806414,0.9754516100806414,0,0,0.9754516100806414,0,0,1,1,0,0,2.99792458,1e-08
article,off_axis,5,100,0,0,0,0,0,0,0,0.25,0,1.03125,0.37,-0.41,0.73,-1.582384835907931,-1.582384835907931,-0,-0,1.582384835907931,0,0,1,1,0,0,2.99792458,1e-08
article,slice,5,100,0,0,0,0,0,0,0,0.25,0,1.03125,-0.4,0.6,0,4.903926402016152,4.903926402016152,0,0,4.903926402016152,0,0,1,1,0,0,2.99792458,1e-08
article,A,5,100,0,0,0,0,0,0,0,0.25,0,1.0625,0,0,0,4.619397662556434,4.619397662556434,0,0,4.619397662556434,0,0,1,1,0,0,2.99792458,1e-08
article,B,5,100,0,0,0,0,0,0,0,0.25,0,1.0625,0,0,0.25,1.913417161825449,1.913417161825449,0,0,1.913417161825449,0,0,1,1,0,0,2.99792458,1e-08
article,off_axis,5,100,0,0,0,0,0,0,0,0.25,0,1.0625,0.37,-0.41,0.73,-2.477293342162038,-2.477293342162038,-0,-0,2.477293342162038,0,0,1,1,0,0,2.99792458,1e-08
article,slice,5,100,0,0,0,0,0,0,0,0.25,0,1.0625,-0.4,0.6,0,4.619397662556434,4.619397662556434,0,0,4.619397662556434,0,0,1,1,0,0,2.99792458,1e-08
article,A,5,100,0,0,0,0,0,0,0,0.25,0,1.09375,0,0,0,4.157348061512726,4.157348061512726,0,0,4.157348061512726,0,0,1,1,0,0,2.99792458,1e-08
article,B,5,100,0,0,0,0,0,0,0,0.25,0,1.09375,0,0,0.25,2.777851165098011,2.777851165098011,0,0,2.777851165098011,0,0,1,1,0,0,2.99792458,1e-08
article,off_axis,5,100,0,0,0,0,0,0,0,0.25,0,1.09375,0.37,-0.41,0.73,-3.27700085455897,-3.27700085455897,-0,-0,3.27700085455897,0,0,1,1,0,0,2.99792458,1e-08
article,slice,5,100,0,0,0,0,0,0,0,0.25,0,1.09375,-0.4,0.6,0,4.157348061512726,4.157348061512726,0,0,4.157348061512726,0,0,1,1,0,0,2.99792458,1e-08
article,A,5,100,0,0,0,0,0,0,0,0.25,0,1.125,0,0,0,3.535533905932738,3.535533905932738,0,0,3.535533905932738,0,0,1,1,0,0,2.99792458,1e-08
article,B,5,100,0,0,0,0,0,0,0,0.25,0,1.125,0,0,0.25,3.535533905932738,3.535533905932738,0,0,3.535533905932738,0,0,1,1,0,0,2.99792458,1e-08
article,off_axis,5,100,0,0,0,0,0,0,0,0.25,0,1.125,0.37,-0.41,0.73,-3.950775061878452,-3.950775061878452,-0,-0,3.950775061878452,0,0,1,1,0,0,2.99792458,1e-08
article,slice,5,100,0,0,0,0,0,0,0,0.25,0,1.125,-0.4,0.6,0,3.535533905932738,3.535533905932738,0,0,3.535533905932738,0,0,1,1,0,0,2.99792458,1e-08
article,A,5,100,0,0,0,0,0,0,0,0.25,0,1.15625,0,0,0,2.777851165098011,2.777851165098011,0,0,2.777851165098011,0,0,1,1,0,0,2.99792458,1e-08
article,B,5,100,0,0,0,0,0,0,0,0.25,0,1.15625,0,0,0.25,4.157348061512726,4.157348061512726,0,0,4.157348061512726,0,0,1,1,0,0,2.99792458,1e-08
article,off_axis,5,100,0,0,0,0,0,0,0,0.25,0,1.15625,0.37,-0.41,0.73,-4.472723199190126,-4.472723199190126,-0,-0,4.472723199190126,0,0,1,1,0,0,2.99792458,1e-08
article,slice,5,100,0,0,0,0,0,0,0,0.25,0,1.15625,-0.4,0.6,0,2.777851165098011,2.777851165098011,0,0,2.777851165098011,0,0,1,1,0,0,2.99792458,1e-08
article,A,5,100,0,0,0,0,0,0,0,0.25,0,1.1875,0,0,0,1.913417161825449,1.913417161825449,0,0,1.913417161825449,0,0,1,1,0,0,2.99792458,1e-08
article,B,5,100,0,0,0,0,0,0,0,0.25,0,1.1875,0,0,0.25,4.619397662556434,4.619397662556434,0,0,4.619397662556434,0,0,1,1,0,0,2.99792458,1e-08
article,off_axis,5,100,0,0,0,0,0,0,0,0.25,0,1.1875,0.37,-0.41,0.73,-4.822787092288991,-4.822787092288991,-0,-0,4.822787092288991,0,0,1,1,0,0,2.99792458,1e-08
article,slice,5,100,0,0,0,0,0,0,0,0.25,0,1.1875,-0.4,0.6,0,1.913417161825449,1.913417161825449,0,0,1.913417161825449,0,0,1,1,0,0,2.99792458,1e-08
article,A,5,100,0,0,0,0,0,0,0,0.25,0,1.21875,0,0,0,0.9754516100806414,0.9754516100806414,0,0,0.9754516100806414,0,0,1,1,0,0,2.99792458,1e-08
article,B,5,100,0,0,0,0,0,0,0,0.25,0,1.21875,0,0,0.25,4.903926402016152,4.903926402016152,0,0,4.903926402016152,0,0,1,1,0,0,2.99792458,1e-08
article,off_axis,5,100,0,0,0,0,0,0,0,0.25,0,1.21875,0.37,-0.41,0.73,-4.987513982081351,-4.987513982081351,-0,-0,4.987513982081351,0,0,1,1,0,0,2.99792458,1e-08
article,slice,5,100,0,0,0,0,0,0,0,0.25,0,1.21875,-0.4,0.6,0,0.9754516100806414,0.9754516100806414,0,0,0.9754516100806414,0,0,1,1,0,0,2.99792458,1e-08
article,A,5,100,0,0,0,0,0,0,0,0.25,0,1.25,0,0,0,0,0,0,0,0,0,0,1,1,0,0,2.99792458,1e-08
article,B,5,100,0,0,0,0,0,0,0,0.25,0,1.25,0,0,0.25,5,5,0,0,5,0,0,1,1,0,0,2.99792458,1e-08
article,off_axis,5,100,0,0,0,0,0,0,0,0.25,0,1.25,0.37,-0.41,0.73,-4.960573506572389,-4.960573506572389,-0,-0,4.960573506572389,0,0,1,1,0,0,2.99792458,1e-08
article,slice,5,100,0,0,0,0,0,0,0,0.25,0,1.25,-0.4,0.6,0,0,0,0,0,0,0,0,1,1,0,0,2.99792458,1e-08
article,A,5,100,0,0,0,0,0,0,0,0.25,0,1.28125,0,0,0,-0.9754516100806414,-0.9754516100806414,-0,-0,0.9754516100806414,0,0,1,1,0,0,2.99792458,1e-08
article,B,5,100,0,0,0,0,0,0,0,0.25,0,1.28125,0,0,0.25,4.903926402016152,4.903926402016152,0,0,4.903926402016152,0,0,1,1,0,0,2.99792458,1e-08
article,off_axis,5,100,0,0,0,0,0,0,0,0.25,0,1.28125,0.37,-0.41,0.73,-4.743000973127523,-4.743000973127523,-0,-0,4.743000973127523,0,0,1,1,0,0,2.99792458,1e-08
article,slice,5,100,0,0,0,0,0,0,0,0.25,0,1.28125,-0.4,0.6,0,-0.9754516100806414,-0.9754516100806414,-0,-0,0.9754516100806414,0,0,1,1,0,0,2.99792458,1e-08
article,A,5,100,0,0,0,0,0,0,0,0.25,0,1.3125,0,0,0,-1.913417161825449,-1.913417161825449,-0,-0,1.913417161825449,0,0,1,1,0,0,2.99792458,1e-08
article,B,5,100,0,0,0,0,0,0,0,0.25,0,1.3125,0,0,0.25,4.619397662556434,4.619397662556434,0,0,4.619397662556434,0,0,1,1,0,0,2.99792458,1e-08
article,off_axis,5,100,0,0,0,0,0,0,0,0.25,0,1.3125,0.37,-0.41,0.73,-4.343157572190956,-4.343157572190956,-0,-0,4.343157572190956,0,0,1,1,0,0,2.99792458,1e-08
article,slice,5,100,0,0,0,0,0,0,0,0.25,0,1.3125,-0.4,0.6,0,-1.913417161825449,-1.913417161825449,-0,-0,1.913417161825449,0,0,1,1,0,0,2.99792458,1e-08
article,A,5,100,0,0,0,0,0,0,0,0.25,0,1.34375,0,0,0,-2.777851165098011,-2.777851165098011,-0,-0,2.777851165098011,0,0,1,1,0,0,2.99792458,1e-08
article,B,5,100,0,0,0,0,0,0,0,0.25,0,1.34375,0,0,0.25,4.157348061512726,4.157348061512726,0,0,4.157348061512726,0,0,1,1,0,0,2.99792458,1e-08
article,off_axis,5,100,0,0,0,0,0,0,0,0.25,0,1.34375,0.37,-0.41,0.73,-3.776409061425918,-3.776409061425918,-0,-0,3.776409061425918,0,0,1,1,0,0,2.99792458,1e-08
article,slice,5,100,0,0,0,0,0,0,0,0.25,0,1.34375,-0.4,0.6,0,-2.777851165098011,-2.777851165098011,-0,-0,2.777851165098011,0,0,1,1,0,0,2.99792458,1e-08
article,A,5,100,0,0,0,0,0,0,0,0.25,0,1.375,0,0,0,-3.535533905932738,-3.535533905932738,-0,-0,3.535533905932738,0,0,1,1,0,0,2.99792458,1e-08
article,B,5,100,0,0,0,0,0,0,0,0.25,0,1.375,0,0,0.25,3.535533905932738,3.535533905932738,0,0,3.535533905932738,0,0,1,1,0,0,2.99792458,1e-08
article,off_axis,5,100,0,0,0,0,0,0,0,0.25,0,1.375,0.37,-0.41,0.73,-3.064535268264882,-3.064535268264882,-0,-0,3.064535268264882,0,0,1,1,0,0,2.99792458,1e-08
article,slice,5,100,0,0,0,0,0,0,0,0.25,0,1.375,-0.4,0.6,0,-3.535533905932738,-3.535533905932738,-0,-0,3.535533905932738,0,0,1,1,0,0,2.99792458,1e-08
article,A,5,100,0,0,0,0,0,0,0,0.25,0,1.40625,0,0,0,-4.157348061512726,-4.157348061512726,-0,-0,4.157348061512726,0,0,1,1,0,0,2.99792458,1e-08
article,B,5,100,0,0,0,0,0,0,0,0.25,0,1.40625,0,0,0.25,2.777851165098011,2.777851165098011,0,0,2.777851165098011,0,0,1,1,0,0,2.99792458,1e-08
article,off_axis,5,100,0,0,0,0,0,0,0,0.25,0,1.40625,0.37,-0.41,0.73,-2.234893103355605,-2.234893103355605,-0,-0,2.234893103355605,0,0,1,1,0,0,2.99792458,1e-08
article,slice,5,100,0,0,0,0,0,0,0,0.25,0,1.40625,-0.4,0.6,0,-4.157348061512726,-4.157348061512726,-0,-0,4.157348061512726,0,0,1,1,0,0,2.99792458,1e-08
article,A,5,100,0,0,0,0,0,0,0,0.25,0,1.4375,0,0,0,-4.619397662556434,-4.619397662556434,-0,-0,4.619397662556434,0,0,1,1,0,0,2.99792458,1e-08
article,B,5,100,0,0,0,0,0,0,0,0.25,0,1.4375,0,0,0.25,1.913417161825449,1.913417161825449,0,0,1.913417161825449,0,0,1,1,0,0,2.99792458,1e-08
article,off_axis,5,100,0,0,0,0,0,0,0,0.25,0,1.4375,0.37,-0.41,0.73,-1.319365249826864,-1.319365249826864,-0,-0,1.319365249826864,0,0,1,1,0,0,2.99792458,1e-08
article,slice,5,100,0,0,0,0,0,0,0,0.25,0,1.4375,-0.4,0.6,0,-4.619397662556434,-4.619397662556434,-0,-0,4.619397662556434,0,0,1,1,0,0,2.99792458,1e-08
article,A,5,100,0,0,0,0,0,0,0,0.25,0,1.46875,0,0,0,-4.903926402016152,-4.903926402016152,-0,-0,4.903926402016152,0,0,1,1,0,0,2.99792458,1e-08
article,B,5,100,0,0,0,0,0,0,0,0.25,0,1.46875,0,0,0.25,0.9754516100806414,0.9754516100806414,0,0,0.9754516100806414,0,0,1,1,0,0,2.99792458,1e-08
article,off_axis,5,100,0,0,0,0,0,0,0,0.25,0,1.46875,0.37,-0.41,0.73,-0.3531349296558328,-0.3531349296558328,-0,-0,0.3531349296558328,0,0,1,1,0,0,2.99792458,1e-08
article,slice,5,100,0,0,0,0,0,0,0,0.25,0,1.46875,-0.4,0.6,0,-4.903926402016152,-4.903926402016152,-0,-0,4.903926402016152,0,0,1,1,0,0,2.99792458,1e-08
article,A,5,100,0,0,0,0,0,0,0,0.25,0,1.5,0,0,0,-5,-5,-0,-0,5,0,0,1,1,0,0,2.99792458,1e-08
article,B,5,100,0,0,0,0,0,0,0,0.25,0,1.5,0,0,0.25,0,0,0,0,0,0,0,1,1,0,0,2.99792458,1e-08
article,off_axis,5,100,0,0,0,0,0,0,0,0.25,0,1.5,0.37,-0.41,0.73,0.6266661678215218,0.6266661678215218,0,0,0.6266661678215218,0,0,1,1,0,0,2.99792458,1e-08
article,slice,5,100,0,0,0,0,0,0,0,0.25,0,1.5,-0.4,0.6,0,-5,-5,-0,-0,5,0,0,1,1,0,0,2.99792458,1e-08
article,A,5,100,0,0,0,0,0,0,0,0.25,0,1.53125,0,0,0,-4.903926402016152,-4.903926402016152,-0,-0,4.903926402016152,0,0,1,1,0,0,2.99792458,1e-08
article,B,5,100,0,0,0,0,0,0,0,0.25,0,1.53125,0,0,0.25,-0.9754516100806414,-0.9754516100806414,-0,-0,0.9754516100806414,0,0,1,1,0,0,2.99792458,1e-08
article,off_axis,5,100,0,0,0,0,0,0,0,0.25,0,1.53125,0.37,-0.41,0.73,1.582384835907931,1.582384835907931,0,0,1.582384835907931,0,0,1,1,0,0,2.99792458,1e-08
article,slice,5,100,0,0,0,0,0,0,0,0.25,0,1.53125,-0.4,0.6,0,-4.903926402016152,-4.903926402016152,-0,-0,4.903926402016152,0,0,1,1,0,0,2.99792458,1e-08
article,A,5,100,0,0,0,0,0,0,0,0.25,0,1.5625,0,0,0,-4.619397662556434,-4.619397662556434,-0,-0,4.619397662556434,0,0,1,1,0,0,2.99792458,1e-08
article,B,5,100,0,0,0,0,0,0,0,0.25,0,1.5625,0,0,0.25,-1.913417161825449,-1.913417161825449,-0,-0,1.913417161825449,0,0,1,1,0,0,2.99792458,1e-08
article,off_axis,5,100,0,0,0,0,0,0,0,0.25,0,1.5625,0.37,-0.41,0.73,2.477293342162038,2.477293342162038,0,0,2.477293342162038,0,0,1,1,0,0,2.99792458,1e-08
article,slice,5,100,0,0,0,0,0,0,0,0.25,0,1.5625,-0.4,0.6,0,-4.619397662556434,-4.619397662556434,-0,-0,4.619397662556434,0,0,1,1,0,0,2.99792458,1e-08
article,A,5,100,0,0,0,0,0,0,0,0.25,0,1.59375,0,0,0,-4.157348061512726,-4.157348061512726,-0,-0,4.157348061512726,0,0,1,1,0,0,2.99792458,1e-08
article,B,5,100,0,0,0,0,0,0,0,0.25,0,1.59375,0,0,0.25,-2.777851165098011,-2.777851165098011,-0,-0,2.777851165098011,0,0,1,1,0,0,2.99792458,1e-08
article,off_axis,5,100,0,0,0,0,0,0,0,0.25,0,1.59375,0.37,-0.41,0.73,3.27700085455897,3.27700085455897,0,0,3.27700085455897,0,0,1,1,0,0,2.99792458,1e-08
article,slice,5,100,0,0,0,0,0,0,0,0.25,0,1.59375,-0.4,0.6,0,-4.157348061512726,-4.157348061512726,-0,-0,4.157348061512726,0,0,1,1,0,0,2.99792458,1e-08
article,A,5,100,0,0,0,0,0,0,0,0.25,0,1.625,0,0,0,-3.535533905932738,-3.535533905932738,-0,-0,3.535533905932738,0,0,1,1,0,0,2.99792458,1e-08
article,B,5,100,0,0,0,0,0,0,0,0.25,0,1.625,0,0,0.25,-3.535533905932738,-3.535533905932738,-0,-0,3.535533905932738,0,0,1,1,0,0,2.99792458,1e-08
article,off_axis,5,100,0,0,0,0,0,0,0,0.25,0,1.625,0.37,-0.41,0.73,3.950775061878452,3.950775061878452,0,0,3.950775061878452,0,0,1,1,0,0,2.99792458,1e-08
article,slice,5,100,0,0,0,0,0,0,0,0.25,0,1.625,-0.4,0.6,0,-3.535533905932738,-3.535533905932738,-0,-0,3.535533905932738,0,0,1,1,0,0,2.99792458,1e-08
article,A,5,100,0,0,0,0,0,0,0,0.25,0,1.65625,0,0,0,-2.777851165098011,-2.777851165098011,-0,-0,2.777851165098011,0,0,1,1,0,0,2.99792458,1e-08
article,B,5,100,0,0,0,0,0,0,0,0.25,0,1.65625,0,0,0.25,-4.157348061512726,-4.157348061512726,-0,-0,4.157348061512726,0,0,1,1,0,0,2.99792458,1e-08
article,off_axis,5,100,0,0,0,0,0,0,0,0.25,0,1.65625,0.37,-0.41,0.73,4.472723199190126,4.472723199190126,0,0,4.472723199190126,0,0,1,1,0,0,2.99792458,1e-08
article,slice,5,100,0,0,0,0,0,0,0,0.25,0,1.65625,-0.4,0.6,0,-2.777851165098011,-2.777851165098011,-0,-0,2.777851165098011,0,0,1,1,0,0,2.99792458,1e-08
article,A,5,100,0,0,0,0,0,0,0,0.25,0,1.6875,0,0,0,-1.913417161825449,-1.913417161825449,-0,-0,1.913417161825449,0,0,1,1,0,0,2.99792458,1e-08
article,B,5,100,0,0,0,0,0,0,0,0.25,0,1.6875,0,0,0.25,-4.619397662556434,-4.619397662556434,-0,-0,4.619397662556434,0,0,1,1,0,0,2.99792458,1e-08
article,off_axis,5,100,0,0,0,0,0,0,0,0.25,0,1.6875,0.37,-0.41,0.73,4.822787092288991,4.822787092288991,0,0,4.822787092288991,0,0,1,1,0,0,2.99792458,1e-08
article,slice,5,100,0,0,0,0,0,0,0,0.25,0,1.6875,-0.4,0.6,0,-1.913417161825449,-1.913417161825449,-0,-0,1.913417161825449,0,0,1,1,0,0,2.99792458,1e-08
article,A,5,100,0,0,0,0,0,0,0,0.25,0,1.71875,0,0,0,-0.9754516100806414,-0.9754516100806414,-0,-0,0.9754516100806414,0,0,1,1,0,0,2.99792458,1e-08
article,B,5,100,0,0,0,0,0,0,0,0.25,0,1.71875,0,0,0.25,-4.903926402016152,-4.903926402016152,-0,-0,4.903926402016152,0,0,1,1,0,0,2.99792458,1e-08
article,off_axis,5,100,0,0,0,0,0,0,0,0.25,0,1.71875,0.37,-0.41,0.73,4.987513982081351,4.987513982081351,0,0,4.987513982081351,0,0,1,1,0,0,2.99792458,1e-08
article,slice,5,100,0,0,0,0,0,0,0,0.25,0,1.71875,-0.4,0.6,0,-0.9754516100806414,-0.9754516100806414,-0,-0,0.9754516100806414,0,0,1,1,0,0,2.99792458,1e-08
article,A,5,100,0,0,0,0,0,0,0,0.25,0,1.75,0,0,0,0,0,0,0,0,0,0,1,1,0,0,2.99792458,1e-08
article,B,5,100,0,0,0,0,0,0,0,0.25,0,1.75,0,0,0.25,-5,-5,-0,-0,5,0,0,1,1,0,0,2.99792458,1e-08
article,off_axis,5,100,0,0,0,0,0,0,0,0.25,0,1.75,0.37,-0.41,0.73,4.960573506572389,4.960573506572389,0,0,4.960573506572389,0,0,1,1,0,0,2.99792458,1e-08
article,slice,5,100,0,0,0,0,0,0,0,0.25,0,1.75,-0.4,0.6,0,0,0,0,0,0,0,0,1,1,0,0,2.99792458,1e-08
article,A,5,100,0,0,0,0,0,0,0,0.25,0,1.78125,0,0,0,0.9754516100806414,0.9754516100806414,0,0,0.9754516100806414,0,0,1,1,0,0,2.99792458,1e-08
article,B,5,100,0,0,0,0,0,0,0,0.25,0,1.78125,0,0,0.25,-4.903926402016152,-4.903926402016152,-0,-0,4.903926402016152,0,0,1,1,0,0,2.99792458,1e-08
article,off_axis,5,100,0,0,0,0,0,0,0,0.25,0,1.78125,0.37,-0.41,0.73,4.743000973127523,4.743000973127523,0,0,4.743000973127523,0,0,1,1,0,0,2.99792458,1e-08
article,slice,5,100,0,0,0,0,0,0,0,0.25,0,1.78125,-0.4,0.6,0,0.9754516100806414,0.9754516100806414,0,0,0.9754516100806414,0,0,1,1,0,0,2.99792458,1e-08
article,A,5,100,0,0,0,0,0,0,0,0.25,0,1.8125,0,0,0,1.913417161825449,1.913417161825449,0,0,1.913417161825449,0,0,1,1,0,0,2.99792458,1e-08
article,B,5,100,0,0,0,0,0,0,0,0.25,0,1.8125,0,0,0.25,-4.619397662556434,-4.619397662556434,-0,-0,4.619397662556434,0,0,1,1,0,0,2.99792458,1e-08
article,off_axis,5,100,0,0,0,0,0,0,0,0.25,0,1.8125,0.37,-0.41,0.73,4.343157572190956,4.343157572190956,0,0,4.343157572190956,0,0,1,1,0,0,2.99792458,1e-08
article,slice,5,100,0,0,0,0,0,0,0,0.25,0,1.8125,-0.4,0.6,0,1.913417161825449,1.913417161825449,0,0,1.913417161825449,0,0,1,1,0,0,2.99792458,1e-08
article,A,5,100,0,0,0,0,0,0,0,0.25,0,1.84375,0,0,0,2.777851165098011,2.777851165098011,0,0,2.777851165098011,0,0,1,1,0,0,2.99792458,1e-08
article,B,5,100,0,0,0,0,0,0,0,0.25,0,1.84375,0,0,0.25,-4.157348061512726,-4.157348061512726,-0,-0,4.157348061512726,0,0,1,1,0,0,2.99792458,1e-08
article,off_axis,5,100,0,0,0,0,0,0,0,0.25,0,1.84375,0.37,-0.41,0.73,3.776409061425918,3.776409061425918,0,0,3.776409061425918,0,0,1,1,0,0,2.99792458,1e-08
article,slice,5,100,0,0,0,0,0,0,0,0.25,0,1.84375,-0.4,0.6,0,2.777851165098011,2.777851165098011,0,0,2.777851165098011,0,0,1,1,0,0,2.99792458,1e-08
article,A,5,100,0,0,0,0,0,0,0,0.25,0,1.875,0,0,0,3.535533905932738,3.535533905932738,0,0,3.535533905932738,0,0,1,1,0,0,2.99792458,1e-08
article,B,5,100,0,0,0,0,0,0,0,0.25,0,1.875,0,0,0.25,-3.535533905932738,-3.535533905932738,-0,-0,3.535533905932738,0,0,1,1,0,0,2.99792458,1e-08
article,off_axis,5,100,0,0,0,0,0,0,0,0.25,0,1.875,0.37,-0.41,0.73,3.064535268264882,3.064535268264882,0,0,3.064535268264882,0,0,1,1,0,0,2.99792458,1e-08
article,slice,5,100,0,0,0,0,0,0,0,0.25,0,1.875,-0.4,0.6,0,3.535533905932738,3.535533905932738,0,0,3.535533905932738,0,0,1,1,0,0,2.99792458,1e-08
article,A,5,100,0,0,0,0,0,0,0,0.25,0,1.90625,0,0,0,4.157348061512726,4.157348061512726,0,0,4.157348061512726,0,0,1,1,0,0,2.99792458,1e-08
article,B,5,100,0,0,0,0,0,0,0,0.25,0,1.90625,0,0,0.25,-2.777851165098011,-2.777851165098011,-0,-0,2.777851165098011,0,0,1,1,0,0,2.99792458,1e-08
article,off_axis,5,100,0,0,0,0,0,0,0,0.25,0,1.90625,0.37,-0.41,0.73,2.234893103355605,2.234893103355605,0,0,2.234893103355605,0,0,1,1,0,0,2.99792458,1e-08
article,slice,5,100,0,0,0,0,0,0,0,0.25,0,1.90625,-0.4,0.6,0,4.157348061512726,4.157348061512726,0,0,4.157348061512726,0,0,1,1,0,0,2.99792458,1e-08
article,A,5,100,0,0,0,0,0,0,0,0.25,0,1.9375,0,0,0,4.619397662556434,4.619397662556434,0,0,4.619397662556434,0,0,1,1,0,0,2.99792458,1e-08
article,B,5,100,0,0,0,0,0,0,0,0.25,0,1.9375,0,0,0.25,-1.913417161825449,-1.913417161825449,-0,-0,1.913417161825449,0,0,1,1,0,0,2.99792458,1e-08
article,off_axis,5,100,0,0,0,0,0,0,0,0.25,0,1.9375,0.37,-0.41,0.73,1.319365249826864,1.319365249826864,0,0,1.319365249826864,0,0,1,1,0,0,2.99792458,1e-08
article,slice,5,100,0,0,0,0,0,0,0,0.25,0,1.9375,-0.4,0.6,0,4.619397662556434,4.619397662556434,0,0,4.619397662556434,0,0,1,1,0,0,2.99792458,1e-08
article,A,5,100,0,0,0,0,0,0,0,0.25,0,1.96875,0,0,0,4.903926402016152,4.903926402016152,0,0,4.903926402016152,0,0,1,1,0,0,2.99792458,1e-08
article,B,5,100,0,0,0,0,0,0,0,0.25,0,1.96875,0,0,0.25,-0.9754516100806414,-0.9754516100806414,-0,-0,0.9754516100806414,0,0,1,1,0,0,2.99792458,1e-08
article,off_axis,5,100,0,0,0,0,0,0,0,0.25,0,1.96875,0.37,-0.41,0.73,0.3531349296558328,0.3531349296558328,0,0,0.3531349296558328,0,0,1,1,0,0,2.99792458,1e-08
article,slice,5,100,0,0,0,0,0,0,0,0.25,0,1.96875,-0.4,0.6,0,4.903926402016152,4.903926402016152,0,0,4.903926402016152,0,0,1,1,0,0,2.99792458,1e-08
article,A,5,100,0,0,0,0,0,0,0,0.25,0,2,0,0,0,5,5,0,0,5,0,0,1,1,0,0,2.99792458,1e-08
article,B,5,100,0,0,0,0,0,0,0,0.25,0,2,0,0,0.25,0,0,0,0,0,0,0,1,1,0,0,2.99792458,1e-08
article,off_axis,5,100,0,0,0,0,0,0,0,0.25,0,2,0.37,-0.41,0.73,-0.6266661678215218,-0.6266661678215218,-0,-0,0.6266661678215218,0,0,1,1,0,0,2.99792458,1e-08
article,slice,5,100,0,0,0,0,0,0,0,0.25,0,2,-0.4,0.6,0,5,5,0,0,5,0,0,1,1,0,0,2.99792458,1e-08
reverse,A,5,100,180,0,180,0,0,0,0,0.25,0,0,0,0,0,5,5,0,0,5,0,0,-1,1,0,0,2.99792458,1e-08
reverse,B,5,100,180,0,180,0,0,0,0,0.25,0,0,0,0,-0.25,0,0,0,0,0,0,0,-1,1,0,0,2.99792458,1e-08
reverse,off_axis,5,100,180,0,180,0,0,0,0,0.25,0,0,0.37,-0.41,0.73,-0.6266661678215218,-0.6266661678215218,-0,-0,0.6266661678215218,0,0,-1,1,0,0,2.99792458,1e-08
reverse,slice,5,100,180,0,180,0,0,0,0,0.25,0,0,-0.4,0.6,0,5,5,0,0,5,0,0,-1,1,0,0,2.99792458,1e-08
reverse,A,5,100,180,0,180,0,0,0,0,0.25,0,0.03125,0,0,0,4.903926402016152,4.903926402016152,0,0,4.903926402016152,0,0,-1,1,0,0,2.99792458,1e-08
reverse,B,5,100,180,0,180,0,0,0,0,0.25,0,0.03125,0,0,-0.25,0.9754516100806414,0.9754516100806414,0,0,0.9754516100806414,0,0,-1,1,0,0,2.99792458,1e-08
reverse,off_axis,5,100,180,0,180,0,0,0,0,0.25,0,0.03125,0.37,-0.41,0.73,0.3531349296558328,0.3531349296558328,0,0,0.3531349296558328,0,0,-1,1,0,0,2.99792458,1e-08
reverse,slice,5,100,180,0,180,0,0,0,0,0.25,0,0.03125,-0.4,0.6,0,4.903926402016152,4.903926402016152,0,0,4.903926402016152,0,0,-1,1,0,0,2.99792458,1e-08
reverse,A,5,100,180,0,180,0,0,0,0,0.25,0,0.0625,0,0,0,4.619397662556434,4.619397662556434,0,0,4.619397662556434,0,0,-1,1,0,0,2.99792458,1e-08
reverse,B,5,100,180,0,180,0,0,0,0,0.25,0,0.0625,0,0,-0.25,1.913417161825449,1.913417161825449,0,0,1.913417161825449,0,0,-1,1,0,0,2.99792458,1e-08
reverse,off_axis,5,100,180,0,180,0,0,0,0,0.25,0,0.0625,0.37,-0.41,0.73,1.319365249826864,1.319365249826864,0,0,1.319365249826864,0,0,-1,1,0,0,2.99792458,1e-08
reverse,slice,5,100,180,0,180,0,0,0,0,0.25,0,0.0625,-0.4,0.6,0,4.619397662556434,4.619397662556434,0,0,4.619397662556434,0,0,-1,1,0,0,2.99792458,1e-08
reverse,A,5,100,180,0,180,0,0,0,0,0.25,0,0.09375,0,0,0,4.157348061512726,4.157348061512726,0,0,4.157348061512726,0,0,-1,1,0,0,2.99792458,1e-08
reverse,B,5,100,180,0,180,0,0,0,0,0.25,0,0.09375,0,0,-0.25,2.777851165098011,2.777851165098011,0,0,2.777851165098011,0,0,-1,1,0,0,2.99792458,1e-08
reverse,off_axis,5,100,180,0,180,0,0,0,0,0.25,0,0.09375,0.37,-0.41,0.73,2.234893103355605,2.234893103355605,0,0,2.234893103355605,0,0,-1,1,0,0,2.99792458,1e-08
reverse,slice,5,100,180,0,180,0,0,0,0,0.25,0,0.09375,-0.4,0.6,0,4.157348061512726,4.157348061512726,0,0,4.157348061512726,0,0,-1,1,0,0,2.99792458,1e-08
reverse,A,5,100,180,0,180,0,0,0,0,0.25,0,0.125,0,0,0,3.535533905932738,3.535533905932738,0,0,3.535533905932738,0,0,-1,1,0,0,2.99792458,1e-08
reverse,B,5,100,180,0,180,0,0,0,0,0.25,0,0.125,0,0,-0.25,3.535533905932738,3.535533905932738,0,0,3.535533905932738,0,0,-1,1,0,0,2.99792458,1e-08
reverse,off_axis,5,100,180,0,180,0,0,0,0,0.25,0,0.125,0.37,-0.41,0.73,3.064535268264882,3.064535268264882,0,0,3.064535268264882,0,0,-1,1,0,0,2.99792458,1e-08
reverse,slice,5,100,180,0,180,0,0,0,0,0.25,0,0.125,-0.4,0.6,0,3.535533905932738,3.535533905932738,0,0,3.535533905932738,0,0,-1,1,0,0,2.99792458,1e-08
reverse,A,5,100,180,0,180,0,0,0,0,0.25,0,0.15625,0,0,0,2.777851165098011,2.777851165098011,0,0,2.777851165098011,0,0,-1,1,0,0,2.99792458,1e-08
reverse,B,5,100,180,0,180,0,0,0,0,0.25,0,0.15625,0,0,-0.25,4.157348061512726,4.157348061512726,0,0,4.157348061512726,0,0,-1,1,0,0,2.99792458,1e-08
reverse,off_axis,5,100,180,0,180,0,0,0,0,0.25,0,0.15625,0.37,-0.41,0.73,3.776409061425918,3.776409061425918,0,0,3.776409061425918,0,0,-1,1,0,0,2.99792458,1e-08
reverse,slice,5,100,180,0,180,0,0,0,0,0.25,0,0.15625,-0.4,0.6,0,2.777851165098011,2.777851165098011,0,0,2.777851165098011,0,0,-1,1,0,0,2.99792458,1e-08
reverse,A,5,100,180,0,180,0,0,0,0,0.25,0,0.1875,0,0,0,1.913417161825449,1.913417161825449,0,0,1.913417161825449,0,0,-1,1,0,0,2.99792458,1e-08
reverse,B,5,100,180,0,180,0,0,0,0,0.25,0,0.1875,0,0,-0.25,4.619397662556434,4.619397662556434,0,0,4.619397662556434,0,0,-1,1,0,0,2.99792458,1e-08
reverse,off_axis,5,100,180,0,180,0,0,0,0,0.25,0,0.1875,0.37,-0.41,0.73,4.343157572190956,4.343157572190956,0,0,4.343157572190956,0,0,-1,1,0,0,2.99792458,1e-08
reverse,slice,5,100,180,0,180,0,0,0,0,0.25,0,0.1875,-0.4,0.6,0,1.913417161825449,1.913417161825449,0,0,1.913417161825449,0,0,-1,1,0,0,2.99792458,1e-08
reverse,A,5,100,180,0,180,0,0,0,0,0.25,0,0.21875,0,0,0,0.9754516100806414,0.9754516100806414,0,0,0.9754516100806414,0,0,-1,1,0,0,2.99792458,1e-08
reverse,B,5,100,180,0,180,0,0,0,0,0.25,0,0.21875,0,0,-0.25,4.903926402016152,4.903926402016152,0,0,4.903926402016152,0,0,-1,1,0,0,2.99792458,1e-08
reverse,off_axis,5,100,180,0,180,0,0,0,0,0.25,0,0.21875,0.37,-0.41,0.73,4.743000973127523,4.743000973127523,0,0,4.743000973127523,0,0,-1,1,0,0,2.99792458,1e-08
reverse,slice,5,100,180,0,180,0,0,0,0,0.25,0,0.21875,-0.4,0.6,0,0.9754516100806414,0.9754516100806414,0,0,0.9754516100806414,0,0,-1,1,0,0,2.99792458,1e-08
reverse,A,5,100,180,0,180,0,0,0,0,0.25,0,0.25,0,0,0,0,0,0,0,0,0,0,-1,1,0,0,2.99792458,1e-08
reverse,B,5,100,180,0,180,0,0,0,0,0.25,0,0.25,0,0,-0.25,5,5,0,0,5,0,0,-1,1,0,0,2.99792458,1e-08
reverse,off_axis,5,100,180,0,180,0,0,0,0,0.25,0,0.25,0.37,-0.41,0.73,4.960573506572389,4.960573506572389,0,0,4.960573506572389,0,0,-1,1,0,0,2.99792458,1e-08
reverse,slice,5,100,180,0,180,0,0,0,0,0.25,0,0.25,-0.4,0.6,0,0,0,0,0,0,0,0,-1,1,0,0,2.99792458,1e-08
reverse,A,5,100,180,0,180,0,0,0,0,0.25,0,0.28125,0,0,0,-0.9754516100806414,-0.9754516100806414,-0,-0,0.9754516100806414,0,0,-1,1,0,0,2.99792458,1e-08
reverse,B,5,100,180,0,180,0,0,0,0,0.25,0,0.28125,0,0,-0.25,4.903926402016152,4.903926402016152,0,0,4.903926402016152,0,0,-1,1,0,0,2.99792458,1e-08
reverse,off_axis,5,100,180,0,180,0,0,0,0,0.25,0,0.28125,0.37,-0.41,0.73,4.987513982081351,4.987513982081351,0,0,4.987513982081351,0,0,-1,1,0,0,2.99792458,1e-08
reverse,slice,5,100,180,0,180,0,0,0,0,0.25,0,0.28125,-0.4,0.6,0,-0.9754516100806414,-0.9754516100806414,-0,-0,0.9754516100806414,0,0,-1,1,0,0,2.99792458,1e-08
reverse,A,5,100,180,0,180,0,0,0,0,0.25,0,0.3125,0,0,0,-1.913417161825449,-1.913417161825449,-0,-0,1.913417161825449,0,0,-1,1,0,0,2.99792458,1e-08
reverse,B,5,100,180,0,180,0,0,0,0,0.25,0,0.3125,0,0,-0.25,4.619397662556434,4.619397662556434,0,0,4.619397662556434,0,0,-1,1,0,0,2.99792458,1e-08
reverse,off_axis,5,100,180,0,180,0,0,0,0,0.25,0,0.3125,0.37,-0.41,0.73,4.822787092288991,4.822787092288991,0,0,4.822787092288991,0,0,-1,1,0,0,2.99792458,1e-08
reverse,slice,5,100,180,0,180,0,0,0,0,0.25,0,0.3125,-0.4,0.6,0,-1.913417161825449,-1.913417161825449,-0,-0,1.913417161825449,0,0,-1,1,0,0,2.99792458,1e-08
reverse,A,5,100,180,0,180,0,0,0,0,0.25,0,0.34375,0,0,0,-2.777851165098011,-2.777851165098011,-0,-0,2.777851165098011,0,0,-1,1,0,0,2.99792458,1e-08
reverse,B,5,100,180,0,180,0,0,0,0,0.25,0,0.34375,0,0,-0.25,4.157348061512726,4.157348061512726,0,0,4.157348061512726,0,0,-1,1,0,0,2.99792458,1e-08
reverse,off_axis,5,100,180,0,180,0,0,0,0,0.25,0,0.34375,0.37,-0.41,0.73,4.472723199190126,4.472723199190126,0,0,4.472723199190126,0,0,-1,1,0,0,2.99792458,1e-08
reverse,slice,5,100,180,0,180,0,0,0,0,0.25,0,0.34375,-0.4,0.6,0,-2.777851165098011,-2.777851165098011,-0,-0,2.777851165098011,0,0,-1,1,0,0,2.99792458,1e-08
reverse,A,5,100,180,0,180,0,0,0,0,0.25,0,0.375,0,0,0,-3.535533905932738,-3.535533905932738,-0,-0,3.535533905932738,0,0,-1,1,0,0,2.99792458,1e-08
reverse,B,5,100,180,0,180,0,0,0,0,0.25,0,0.375,0,0,-0.25,3.535533905932738,3.535533905932738,0,0,3.535533905932738,0,0,-1,1,0,0,2.99792458,1e-08
reverse,off_axis,5,100,180,0,180,0,0,0,0,0.25,0,0.375,0.37,-0.41,0.73,3.950775061878452,3.950775061878452,0,0,3.950775061878452,0,0,-1,1,0,0,2.99792458,1e-08
reverse,slice,5,100,180,0,180,0,0,0,0,0.25,0,0.375,-0.4,0.6,0,-3.535533905932738,-3.535533905932738,-0,-0,3.535533905932738,0,0,-1,1,0,0,2.99792458,1e-08
reverse,A,5,100,180,0,180,0,0,0,0,0.25,0,0.40625,0,0,0,-4.157348061512726,-4.157348061512726,-0,-0,4.157348061512726,0,0,-1,1,0,0,2.99792458,1e-08
reverse,B,5,100,180,0,180,0,0,0,0,0.25,0,0.40625,0,0,-0.25,2.777851165098011,2.777851165098011,0,0,2.777851165098011,0,0,-1,1,0,0,2.99792458,1e-08
reverse,off_axis,5,100,180,0,180,0,0,0,0,0.25,0,0.40625,0.37,-0.41,0.73,3.27700085455897,3.27700085455897,0,0,3.27700085455897,0,0,-1,1,0,0,2.99792458,1e-08
reverse,slice,5,100,180,0,180,0,0,0,0,0.25,0,0.40625,-0.4,0.6,0,-4.157348061512726,-4.157348061512726,-0,-0,4.157348061512726,0,0,-1,1,0,0,2.99792458,1e-08
reverse,A,5,100,180,0,180,0,0,0,0,0.25,0,0.4375,0,0,0,-4.619397662556434,-4.619397662556434,-0,-0,4.619397662556434,0,0,-1,1,0,0,2.99792458,1e-08
reverse,B,5,100,180,0,180,0,0,0,0,0.25,0,0.4375,0,0,-0.25,1.913417161825449,1.913417161825449,0,0,1.913417161825449,0,0,-1,1,0,0,2.99792458,1e-08
reverse,off_axis,5,100,180,0,180,0,0,0,0,0.25,0,0.4375,0.37,-0.41,0.73,2.477293342162038,2.477293342162038,0,0,2.477293342162038,0,0,-1,1,0,0,2.99792458,1e-08
reverse,slice,5,100,180,0,180,0,0,0,0,0.25,0,0.4375,-0.4,0.6,0,-4.619397662556434,-4.619397662556434,-0,-0,4.619397662556434,0,0,-1,1,0,0,2.99792458,1e-08
reverse,A,5,100,180,0,180,0,0,0,0,0.25,0,0.46875,0,0,0,-4.903926402016152,-4.903926402016152,-0,-0,4.903926402016152,0,0,-1,1,0,0,2.99792458,1e-08
reverse,B,5,100,180,0,180,0,0,0,0,0.25,0,0.46875,0,0,-0.25,0.9754516100806414,0.9754516100806414,0,0,0.9754516100806414,0,0,-1,1,0,0,2.99792458,1e-08
reverse,off_axis,5,100,180,0,180,0,0,0,0,0.25,0,0.46875,0.37,-0.41,0.73,1.582384835907931,1.582384835907931,0,0,1.582384835907931,0,0,-1,1,0,0,2.99792458,1e-08
reverse,slice,5,100,180,0,180,0,0,0,0,0.25,0,0.46875,-0.4,0.6,0,-4.903926402016152,-4.903926402016152,-0,-0,4.903926402016152,0,0,-1,1,0,0,2.99792458,1e-08
reverse,A,5,100,180,0,180,0,0,0,0,0.25,0,0.5,0,0,0,-5,-5,-0,-0,5,0,0,-1,1,0,0,2.99792458,1e-08
reverse,B,5,100,180,0,180,0,0,0,0,0.25,0,0.5,0,0,-0.25,0,0,0,0,0,0,0,-1,1,0,0,2.99792458,1e-08
reverse,off_axis,5,100,180,0,180,0,0,0,0,0.25,0,0.5,0.37,-0.41,0.73,0.6266661678215218,0.6266661678215218,0,0,0.6266661678215218,0,0,-1,1,0,0,2.99792458,1e-08
reverse,slice,5,100,180,0,180,0,0,0,0,0.25,0,0.5,-0.4,0.6,0,-5,-5,-0,-0,5,0,0,-1,1,0,0,2.99792458,1e-08
reverse,A,5,100,180,0,180,0,0,0,0,0.25,0,0.53125,0,0,0,-4.903926402016152,-4.903926402016152,-0,-0,4.903926402016152,0,0,-1,1,0,0,2.99792458,1e-08
reverse,B,5,100,180,0,180,0,0,0,0,0.25,0,0.53125,0,0,-0.25,-0.9754516100806414,-0.9754516100806414,-0,-0,0.9754516100806414,0,0,-1,1,0,0,2.99792458,1e-08
reverse,off_axis,5,100,180,0,180,0,0,0,0,0.25,0,0.53125,0.37,-0.41,0.73,-0.3531349296558328,-0.3531349296558328,-0,-0,0.3531349296558328,0,0,-1,1,0,0,2.99792458,1e-08
reverse,slice,5,100,180,0,180,0,0,0,0,0.25,0,0.53125,-0.4,0.6,0,-4.903926402016152,-4.903926402016152,-0,-0,4.903926402016152,0,0,-1,1,0,0,2.99792458,1e-08
reverse,A,5,100,180,0,180,0,0,0,0,0.25,0,0.5625,0,0,0,-4.619397662556434,-4.619397662556434,-0,-0,4.619397662556434,0,0,-1,1,0,0,2.99792458,1e-08
reverse,B,5,100,180,0,180,0,0,0,0,0.25,0,0.5625,0,0,-0.25,-1.913417161825449,-1.913417161825449,-0,-0,1.913417161825449,0,0,-1,1,0,0,2.99792458,1e-08
reverse,off_axis,5,100,180,0,180,0,0,0,0,0.25,0,0.5625,0.37,-0.41,0.73,-1.319365249826864,-1.319365249826864,-0,-0,1.319365249826864,0,0,-1,1,0,0,2.99792458,1e-08
reverse,slice,5,100,180,0,180,0,0,0,0,0.25,0,0.5625,-0.4,0.6,0,-4.619397662556434,-4.619397662556434,-0,-0,4.619397662556434,0,0,-1,1,0,0,2.99792458,1e-08
reverse,A,5,100,180,0,180,0,0,0,0,0.25,0,0.59375,0,0,0,-4.157348061512726,-4.157348061512726,-0,-0,4.157348061512726,0,0,-1,1,0,0,2.99792458,1e-08
reverse,B,5,100,180,0,180,0,0,0,0,0.25,0,0.59375,0,0,-0.25,-2.777851165098011,-2.777851165098011,-0,-0,2.777851165098011,0,0,-1,1,0,0,2.99792458,1e-08
reverse,off_axis,5,100,180,0,180,0,0,0,0,0.25,0,0.59375,0.37,-0.41,0.73,-2.234893103355605,-2.234893103355605,-0,-0,2.234893103355605,0,0,-1,1,0,0,2.99792458,1e-08
reverse,slice,5,100,180,0,180,0,0,0,0,0.25,0,0.59375,-0.4,0.6,0,-4.157348061512726,-4.157348061512726,-0,-0,4.157348061512726,0,0,-1,1,0,0,2.99792458,1e-08
reverse,A,5,100,180,0,180,0,0,0,0,0.25,0,0.625,0,0,0,-3.535533905932738,-3.535533905932738,-0,-0,3.535533905932738,0,0,-1,1,0,0,2.99792458,1e-08
reverse,B,5,100,180,0,180,0,0,0,0,0.25,0,0.625,0,0,-0.25,-3.535533905932738,-3.535533905932738,-0,-0,3.535533905932738,0,0,-1,1,0,0,2.99792458,1e-08
reverse,off_axis,5,100,180,0,180,0,0,0,0,0.25,0,0.625,0.37,-0.41,0.73,-3.064535268264882,-3.064535268264882,-0,-0,3.064535268264882,0,0,-1,1,0,0,2.99792458,1e-08
reverse,slice,5,100,180,0,180,0,0,0,0,0.25,0,0.625,-0.4,0.6,0,-3.535533905932738,-3.535533905932738,-0,-0,3.535533905932738,0,0,-1,1,0,0,2.99792458,1e-08
reverse,A,5,100,180,0,180,0,0,0,0,0.25,0,0.65625,0,0,0,-2.777851165098011,-2.777851165098011,-0,-0,2.777851165098011,0,0,-1,1,0,0,2.99792458,1e-08
reverse,B,5,100,180,0,180,0,0,0,0,0.25,0,0.65625,0,0,-0.25,-4.157348061512726,-4.157348061512726,-0,-0,4.157348061512726,0,0,-1,1,0,0,2.99792458,1e-08
reverse,off_axis,5,100,180,0,180,0,0,0,0,0.25,0,0.65625,0.37,-0.41,0.73,-3.776409061425918,-3.776409061425918,-0,-0,3.776409061425918,0,0,-1,1,0,0,2.99792458,1e-08
reverse,slice,5,100,180,0,180,0,0,0,0,0.25,0,0.65625,-0.4,0.6,0,-2.777851165098011,-2.777851165098011,-0,-0,2.777851165098011,0,0,-1,1,0,0,2.99792458,1e-08
reverse,A,5,100,180,0,180,0,0,0,0,0.25,0,0.6875,0,0,0,-1.913417161825449,-1.913417161825449,-0,-0,1.913417161825449,0,0,-1,1,0,0,2.99792458,1e-08
reverse,B,5,100,180,0,180,0,0,0,0,0.25,0,0.6875,0,0,-0.25,-4.619397662556434,-4.619397662556434,-0,-0,4.619397662556434,0,0,-1,1,0,0,2.99792458,1e-08
reverse,off_axis,5,100,180,0,180,0,0,0,0,0.25,0,0.6875,0.37,-0.41,0.73,-4.343157572190956,-4.343157572190956,-0,-0,4.343157572190956,0,0,-1,1,0,0,2.99792458,1e-08
reverse,slice,5,100,180,0,180,0,0,0,0,0.25,0,0.6875,-0.4,0.6,0,-1.913417161825449,-1.913417161825449,-0,-0,1.913417161825449,0,0,-1,1,0,0,2.99792458,1e-08
reverse,A,5,100,180,0,180,0,0,0,0,0.25,0,0.71875,0,0,0,-0.9754516100806414,-0.9754516100806414,-0,-0,0.9754516100806414,0,0,-1,1,0,0,2.99792458,1e-08
reverse,B,5,100,180,0,180,0,0,0,0,0.25,0,0.71875,0,0,-0.25,-4.903926402016152,-4.903926402016152,-0,-0,4.903926402016152,0,0,-1,1,0,0,2.99792458,1e-08
reverse,off_axis,5,100,180,0,180,0,0,0,0,0.25,0,0.71875,0.37,-0.41,0.73,-4.743000973127523,-4.743000973127523,-0,-0,4.743000973127523,0,0,-1,1,0,0,2.99792458,1e-08
reverse,slice,5,100,180,0,180,0,0,0,0,0.25,0,0.71875,-0.4,0.6,0,-0.9754516100806414,-0.9754516100806414,-0,-0,0.9754516100806414,0,0,-1,1,0,0,2.99792458,1e-08
reverse,A,5,100,180,0,180,0,0,0,0,0.25,0,0.75,0,0,0,0,0,0,0,0,0,0,-1,1,0,0,2.99792458,1e-08
reverse,B,5,100,180,0,180,0,0,0,0,0.25,0,0.75,0,0,-0.25,-5,-5,-0,-0,5,0,0,-1,1,0,0,2.99792458,1e-08
reverse,off_axis,5,100,180,0,180,0,0,0,0,0.25,0,0.75,0.37,-0.41,0.73,-4.960573506572389,-4.960573506572389,-0,-0,4.960573506572389,0,0,-1,1,0,0,2.99792458,1e-08
reverse,slice,5,100,180,0,180,0,0,0,0,0.25,0,0.75,-0.4,0.6,0,0,0,0,0,0,0,0,-1,1,0,0,2.99792458,1e-08
reverse,A,5,100,180,0,180,0,0,0,0,0.25,0,0.78125,0,0,0,0.9754516100806414,0.9754516100806414,0,0,0.9754516100806414,0,0,-1,1,0,0,2.99792458,1e-08
reverse,B,5,100,180,0,180,0,0,0,0,0.25,0,0.78125,0,0,-0.25,-4.903926402016152,-4.903926402016152,-0,-0,4.903926402016152,0,0,-1,1,0,0,2.99792458,1e-08
reverse,off_axis,5,100,180,0,180,0,0,0,0,0.25,0,0.78125,0.37,-0.41,0.73,-4.987513982081351,-4.987513982081351,-0,-0,4.987513982081351,0,0,-1,1,0,0,2.99792458,1e-08
reverse,slice,5,100,180,0,180,0,0,0,0,0.25,0,0.78125,-0.4,0.6,0,0.9754516100806414,0.9754516100806414,0,0,0.9754516100806414,0,0,-1,1,0,0,2.99792458,1e-08
reverse,A,5,100,180,0,180,0,0,0,0,0.25,0,0.8125,0,0,0,1.913417161825449,1.913417161825449,0,0,1.913417161825449,0,0,-1,1,0,0,2.99792458,1e-08
reverse,B,5,100,180,0,180,0,0,0,0,0.25,0,0.8125,0,0,-0.25,-4.619397662556434,-4.619397662556434,-0,-0,4.619397662556434,0,0,-1,1,0,0,2.99792458,1e-08
reverse,off_axis,5,100,180,0,180,0,0,0,0,0.25,0,0.8125,0.37,-0.41,0.73,-4.822787092288991,-4.822787092288991,-0,-0,4.822787092288991,0,0,-1,1,0,0,2.99792458,1e-08
reverse,slice,5,100,180,0,180,0,0,0,0,0.25,0,0.8125,-0.4,0.6,0,1.913417161825449,1.913417161825449,0,0,1.913417161825449,0,0,-1,1,0,0,2.99792458,1e-08
reverse,A,5,100,180,0,180,0,0,0,0,0.25,0,0.84375,0,0,0,2.777851165098011,2.777851165098011,0,0,2.777851165098011,0,0,-1,1,0,0,2.99792458,1e-08
reverse,B,5,100,180,0,180,0,0,0,0,0.25,0,0.84375,0,0,-0.25,-4.157348061512726,-4.157348061512726,-0,-0,4.157348061512726,0,0,-1,1,0,0,2.99792458,1e-08
reverse,off_axis,5,100,180,0,180,0,0,0,0,0.25,0,0.84375,0.37,-0.41,0.73,-4.472723199190126,-4.472723199190126,-0,-0,4.472723199190126,0,0,-1,1,0,0,2.99792458,1e-08
reverse,slice,5,100,180,0,180,0,0,0,0,0.25,0,0.84375,-0.4,0.6,0,2.777851165098011,2.777851165098011,0,0,2.777851165098011,0,0,-1,1,0,0,2.99792458,1e-08
reverse,A,5,100,180,0,180,0,0,0,0,0.25,0,0.875,0,0,0,3.535533905932738,3.535533905932738,0,0,3.535533905932738,0,0,-1,1,0,0,2.99792458,1e-08
reverse,B,5,100,180,0,180,0,0,0,0,0.25,0,0.875,0,0,-0.25,-3.535533905932738,-3.535533905932738,-0,-0,3.535533905932738,0,0,-1,1,0,0,2.99792458,1e-08
reverse,off_axis,5,100,180,0,180,0,0,0,0,0.25,0,0.875,0.37,-0.41,0.73,-3.950775061878452,-3.950775061878452,-0,-0,3.950775061878452,0,0,-1,1,0,0,2.99792458,1e-08
reverse,slice,5,100,180,0,180,0,0,0,0,0.25,0,0.875,-0.4,0.6,0,3.535533905932738,3.535533905932738,0,0,3.535533905932738,0,0,-1,1,0,0,2.99792458,1e-08
reverse,A,5,100,180,0,180,0,0,0,0,0.25,0,0.90625,0,0,0,4.157348061512726,4.157348061512726,0,0,4.157348061512726,0,0,-1,1,0,0,2.99792458,1e-08
reverse,B,5,100,180,0,180,0,0,0,0,0.25,0,0.90625,0,0,-0.25,-2.777851165098011,-2.777851165098011,-0,-0,2.777851165098011,0,0,-1,1,0,0,2.99792458,1e-08
reverse,off_axis,5,100,180,0,180,0,0,0,0,0.25,0,0.90625,0.37,-0.41,0.73,-3.27700085455897,-3.27700085455897,-0,-0,3.27700085455897,0,0,-1,1,0,0,2.99792458,1e-08
reverse,slice,5,100,180,0,180,0,0,0,0,0.25,0,0.90625,-0.4,0.6,0,4.157348061512726,4.157348061512726,0,0,4.157348061512726,0,0,-1,1,0,0,2.99792458,1e-08
reverse,A,5,100,180,0,180,0,0,0,0,0.25,0,0.9375,0,0,0,4.619397662556434,4.619397662556434,0,0,4.619397662556434,0,0,-1,1,0,0,2.99792458,1e-08
reverse,B,5,100,180,0,180,0,0,0,0,0.25,0,0.9375,0,0,-0.25,-1.913417161825449,-1.913417161825449,-0,-0,1.913417161825449,0,0,-1,1,0,0,2.99792458,1e-08
reverse,off_axis,5,100,180,0,180,0,0,0,0,0.25,0,0.9375,0.37,-0.41,0.73,-2.477293342162038,-2.477293342162038,-0,-0,2.477293342162038,0,0,-1,1,0,0,2.99792458,1e-08
reverse,slice,5,100,180,0,180,0,0,0,0,0.25,0,0.9375,-0.4,0.6,0,4.619397662556434,4.619397662556434,0,0,4.619397662556434,0,0,-1,1,0,0,2.99792458,1e-08
reverse,A,5,100,180,0,180,0,0,0,0,0.25,0,0.96875,0,0,0,4.903926402016152,4.903926402016152,0,0,4.903926402016152,0,0,-1,1,0,0,2.99792458,1e-08
reverse,B,5,100,180,0,180,0,0,0,0,0.25,0,0.96875,0,0,-0.25,-0.9754516100806414,-0.9754516100806414,-0,-0,0.9754516100806414,0,0,-1,1,0,0,2.99792458,1e-08
reverse,off_axis,5,100,180,0,180,0,0,0,0,0.25,0,0.96875,0.37,-0.41,0.73,-1.582384835907931,-1.582384835907931,-0,-0,1.582384835907931,0,0,-1,1,0,0,2.99792458,1e-08
reverse,slice,5,100,180,0,180,0,0,0,0,0.25,0,0.96875,-0.4,0.6,0,4.903926402016152,4.903926402016152,0,0,4.903926402016152,0,0,-1,1,0,0,2.99792458,1e-08
reverse,A,5,100,180,0,180,0,0,0,0,0.25,0,1,0,0,0,5,5,0,0,5,0,0,-1,1,0,0,2.99792458,1e-08
reverse,B,5,100,180,0,180,0,0,0,0,0.25,0,1,0,0,-0.25,0,0,0,0,0,0,0,-1,1,0,0,2.99792458,1e-08
reverse,off_axis,5,100,180,0,180,0,0,0,0,0.25,0,1,0.37,-0.41,0.73,-0.6266661678215218,-0.6266661678215218,-0,-0,0.6266661678215218,0,0,-1,1,0,0,2.99792458,1e-08
reverse,slice,5,100,180,0,180,0,0,0,0,0.25,0,1,-0.4,0.6,0,5,5,0,0,5,0,0,-1,1,0,0,2.99792458,1e-08
reverse,A,5,100,180,0,180,0,0,0,0,0.25,0,1.03125,0,0,0,4.903926402016152,4.903926402016152,0,0,4.903926402016152,0,0,-1,1,0,0,2.99792458,1e-08
reverse,B,5,100,180,0,180,0,0,0,0,0.25,0,1.03125,0,0,-0.25,0.9754516100806414,0.9754516100806414,0,0,0.9754516100806414,0,0,-1,1,0,0,2.99792458,1e-08
reverse,off_axis,5,100,180,0,180,0,0,0,0,0.25,0,1.03125,0.37,-0.41,0.73,0.3531349296558328,0.3531349296558328,0,0,0.3531349296558328,0,0,-1,1,0,0,2.99792458,1e-08
reverse,slice,5,100,180,0,180,0,0,0,0,0.25,0,1.03125,-0.4,0.6,0,4.903926402016152,4.903926402016152,0,0,4.903926402016152,0,0,-1,1,0,0,2.99792458,1e-08
reverse,A,5,100,180,0,180,0,0,0,0,0.25,0,1.0625,0,0,0,4.619397662556434,4.619397662556434,0,0,4.619397662556434,0,0,-1,1,0,0,2.99792458,1e-08
reverse,B,5,100,180,0,180,0,0,0,0,0.25,0,1.0625,0,0,-0.25,1.913417161825449,1.913417161825449,0,0,1.913417161825449,0,0,-1,1,0,0,2.99792458,1e-08
reverse,off_axis,5,100,180,0,180,0,0,0,0,0.25,0,1.0625,0.37,-0.41,0.73,1.319365249826864,1.319365249826864,0,0,1.319365249826864,0,0,-1,1,0,0,2.99792458,1e-08
reverse,slice,5,100,180,0,180,0,0,0,0,0.25,0,1.0625,-0.4,0.6,0,4.619397662556434,4.619397662556434,0,0,4.619397662556434,0,0,-1,1,0,0,2.99792458,1e-08
reverse,A,5,100,180,0,180,0,0,0,0,0.25,0,1.09375,0,0,0,4.157348061512726,4.157348061512726,0,0,4.157348061512726,0,0,-1,1,0,0,2.99792458,1e-08
reverse,B,5,100,180,0,180,0,0,0,0,0.25,0,1.09375,0,0,-0.25,2.777851165098011,2.777851165098011,0,0,2.777851165098011,0,0,-1,1,0,0,2.99792458,1e-08
reverse,off_axis,5,100,180,0,180,0,0,0,0,0.25,0,1.09375,0.37,-0.41,0.73,2.234893103355605,2.234893103355605,0,0,2.234893103355605,0,0,-1,1,0,0,2.99792458,1e-08
reverse,slice,5,100,180,0,180,0,0,0,0,0.25,0,1.09375,-0.4,0.6,0,4.157348061512726,4.157348061512726,0,0,4.157348061512726,0,0,-1,1,0,0,2.99792458,1e-08
reverse,A,5,100,180,0,180,0,0,0,0,0.25,0,1.125,0,0,0,3.535533905932738,3.535533905932738,0,0,3.535533905932738,0,0,-1,1,0,0,2.99792458,1e-08
reverse,B,5,100,180,0,180,0,0,0,0,0.25,0,1.125,0,0,-0.25,3.535533905932738,3.535533905932738,0,0,3.535533905932738,0,0,-1,1,0,0,2.99792458,1e-08
reverse,off_axis,5,100,180,0,180,0,0,0,0,0.25,0,1.125,0.37,-0.41,0.73,3.064535268264882,3.064535268264882,0,0,3.064535268264882,0,0,-1,1,0,0,2.99792458,1e-08
reverse,slice,5,100,180,0,180,0,0,0,0,0.25,0,1.125,-0.4,0.6,0,3.535533905932738,3.535533905932738,0,0,3.535533905932738,0,0,-1,1,0,0,2.99792458,1e-08
reverse,A,5,100,180,0,180,0,0,0,0,0.25,0,1.15625,0,0,0,2.777851165098011,2.777851165098011,0,0,2.777851165098011,0,0,-1,1,0,0,2.99792458,1e-08
reverse,B,5,100,180,0,180,0,0,0,0,0.25,0,1.15625,0,0,-0.25,4.157348061512726,4.157348061512726,0,0,4.157348061512726,0,0,-1,1,0,0,2.99792458,1e-08
reverse,off_axis,5,100,180,0,180,0,0,0,0,0.25,0,1.15625,0.37,-0.41,0.73,3.776409061425918,3.776409061425918,0,0,3.776409061425918,0,0,-1,1,0,0,2.99792458,1e-08
reverse,slice,5,100,180,0,180,0,0,0,0,0.25,0,1.15625,-0.4,0.6,0,2.777851165098011,2.777851165098011,0,0,2.777851165098011,0,0,-1,1,0,0,2.99792458,1e-08
reverse,A,5,100,180,0,180,0,0,0,0,0.25,0,1.1875,0,0,0,1.913417161825449,1.913417161825449,0,0,1.913417161825449,0,0,-1,1,0,0,2.99792458,1e-08
reverse,B,5,100,180,0,180,0,0,0,0,0.25,0,1.1875,0,0,-0.25,4.619397662556434,4.619397662556434,0,0,4.619397662556434,0,0,-1,1,0,0,2.99792458,1e-08
reverse,off_axis,5,100,180,0,180,0,0,0,0,0.25,0,1.1875,0.37,-0.41,0.73,4.343157572190956,4.343157572190956,0,0,4.343157572190956,0,0,-1,1,0,0,2.99792458,1e-08
reverse,slice,5,100,180,0,180,0,0,0,0,0.25,0,1.1875,-0.4,0.6,0,1.913417161825449,1.913417161825449,0,0,1.913417161825449,0,0,-1,1,0,0,2.99792458,1e-08
reverse,A,5,100,180,0,180,0,0,0,0,0.25,0,1.21875,0,0,0,0.9754516100806414,0.9754516100806414,0,0,0.9754516100806414,0,0,-1,1,0,0,2.99792458,1e-08
reverse,B,5,100,180,0,180,0,0,0,0,0.25,0,1.21875,0,0,-0.25,4.903926402016152,4.903926402016152,0,0,4.903926402016152,0,0,-1,1,0,0,2.99792458,1e-08
reverse,off_axis,5,100,180,0,180,0,0,0,0,0.25,0,1.21875,0.37,-0.41,0.73,4.743000973127523,4.743000973127523,0,0,4.743000973127523,0,0,-1,1,0,0,2.99792458,1e-08
reverse,slice,5,100,180,0,180,0,0,0,0,0.25,0,1.21875,-0.4,0.6,0,0.9754516100806414,0.9754516100806414,0,0,0.9754516100806414,0,0,-1,1,0,0,2.99792458,1e-08
reverse,A,5,100,180,0,180,0,0,0,0,0.25,0,1.25,0,0,0,0,0,0,0,0,0,0,-1,1,0,0,2.99792458,1e-08
reverse,B,5,100,180,0,180,0,0,0,0,0.25,0,1.25,0,0,-0.25,5,5,0,0,5,0,0,-1,1,0,0,2.99792458,1e-08
reverse,off_axis,5,100,180,0,180,0,0,0,0,0.25,0,1.25,0.37,-0.41,0.73,4.960573506572389,4.960573506572389,0,0,4.960573506572389,0,0,-1,1,0,0,2.99792458,1e-08
reverse,slice,5,100,180,0,180,0,0,0,0,0.25,0,1.25,-0.4,0.6,0,0,0,0,0,0,0,0,-1,1,0,0,2.99792458,1e-08
reverse,A,5,100,180,0,180,0,0,0,0,0.25,0,1.28125,0,0,0,-0.9754516100806414,-0.9754516100806414,-0,-0,0.9754516100806414,0,0,-1,1,0,0,2.99792458,1e-08
reverse,B,5,100,180,0,180,0,0,0,0,0.25,0,1.28125,0,0,-0.25,4.903926402016152,4.903926402016152,0,0,4.903926402016152,0,0,-1,1,0,0,2.99792458,1e-08
reverse,off_axis,5,100,180,0,180,0,0,0,0,0.25,0,1.28125,0.37,-0.41,0.73,4.987513982081351,4.987513982081351,0,0,4.987513982081351,0,0,-1,1,0,0,2.99792458,1e-08
reverse,slice,5,100,180,0,180,0,0,0,0,0.25,0,1.28125,-0.4,0.6,0,-0.9754516100806414,-0.9754516100806414,-0,-0,0.9754516100806414,0,0,-1,1,0,0,2.99792458,1e-08
reverse,A,5,100,180,0,180,0,0,0,0,0.25,0,1.3125,0,0,0,-1.913417161825449,-1.913417161825449,-0,-0,1.913417161825449,0,0,-1,1,0,0,2.99792458,1e-08
reverse,B,5,100,180,0,180,0,0,0,0,0.25,0,1.3125,0,0,-0.25,4.619397662556434,4.619397662556434,0,0,4.619397662556434,0,0,-1,1,0,0,2.99792458,1e-08
reverse,off_axis,5,100,180,0,180,0,0,0,0,0.25,0,1.3125,0.37,-0.41,0.73,4.822787092288991,4.822787092288991,0,0,4.822787092288991,0,0,-1,1,0,0,2.99792458,1e-08
reverse,slice,5,100,180,0,180,0,0,0,0,0.25,0,1.3125,-0.4,0.6,0,-1.913417161825449,-1.913417161825449,-0,-0,1.913417161825449,0,0,-1,1,0,0,2.99792458,1e-08
reverse,A,5,100,180,0,180,0,0,0,0,0.25,0,1.34375,0,0,0,-2.777851165098011,-2.777851165098011,-0,-0,2.777851165098011,0,0,-1,1,0,0,2.99792458,1e-08
reverse,B,5,100,180,0,180,0,0,0,0,0.25,0,1.34375,0,0,-0.25,4.157348061512726,4.157348061512726,0,0,4.157348061512726,0,0,-1,1,0,0,2.99792458,1e-08
reverse,off_axis,5,100,180,0,180,0,0,0,0,0.25,0,1.34375,0.37,-0.41,0.73,4.472723199190126,4.472723199190126,0,0,4.472723199190126,0,0,-1,1,0,0,2.99792458,1e-08
reverse,slice,5,100,180,0,180,0,0,0,0,0.25,0,1.34375,-0.4,0.6,0,-2.777851165098011,-2.777851165098011,-0,-0,2.777851165098011,0,0,-1,1,0,0,2.99792458,1e-08
reverse,A,5,100,180,0,180,0,0,0,0,0.25,0,1.375,0,0,0,-3.535533905932738,-3.535533905932738,-0,-0,3.535533905932738,0,0,-1,1,0,0,2.99792458,1e-08
reverse,B,5,100,180,0,180,0,0,0,0,0.25,0,1.375,0,0,-0.25,3.535533905932738,3.535533905932738,0,0,3.535533905932738,0,0,-1,1,0,0,2.99792458,1e-08
reverse,off_axis,5,100,180,0,180,0,0,0,0,0.25,0,1.375,0.37,-0.41,0.73,3.950775061878452,3.950775061878452,0,0,3.950775061878452,0,0,-1,1,0,0,2.99792458,1e-08
reverse,slice,5,100,180,0,180,0,0,0,0,0.25,0,1.375,-0.4,0.6,0,-3.535533905932738,-3.535533905932738,-0,-0,3.535533905932738,0,0,-1,1,0,0,2.99792458,1e-08
reverse,A,5,100,180,0,180,0,0,0,0,0.25,0,1.40625,0,0,0,-4.157348061512726,-4.157348061512726,-0,-0,4.157348061512726,0,0,-1,1,0,0,2.99792458,1e-08
reverse,B,5,100,180,0,180,0,0,0,0,0.25,0,1.40625,0,0,-0.25,2.777851165098011,2.777851165098011,0,0,2.777851165098011,0,0,-1,1,0,0,2.99792458,1e-08
reverse,off_axis,5,100,180,0,180,0,0,0,0,0.25,0,1.40625,0.37,-0.41,0.73,3.27700085455897,3.27700085455897,0,0,3.27700085455897,0,0,-1,1,0,0,2.99792458,1e-08
reverse,slice,5,100,180,0,180,0,0,0,0,0.25,0,1.40625,-0.4,0.6,0,-4.157348061512726,-4.157348061512726,-0,-0,4.157348061512726,0,0,-1,1,0,0,2.99792458,1e-08
reverse,A,5,100,180,0,180,0,0,0,0,0.25,0,1.4375,0,0,0,-4.619397662556434,-4.619397662556434,-0,-0,4.619397662556434,0,0,-1,1,0,0,2.99792458,1e-08
reverse,B,5,100,180,0,180,0,0,0,0,0.25,0,1.4375,0,0,-0.25,1.913417161825449,1.913417161825449,0,0,1.913417161825449,0,0,-1,1,0,0,2.99792458,1e-08
reverse,off_axis,5,100,180,0,180,0,0,0,0,0.25,0,1.4375,0.37,-0.41,0.73,2.477293342162038,2.477293342162038,0,0,2.477293342162038,0,0,-1,1,0,0,2.99792458,1e-08
reverse,slice,5,100,180,0,180,0,0,0,0,0.25,0,1.4375,-0.4,0.6,0,-4.619397662556434,-4.619397662556434,-0,-0,4.619397662556434,0,0,-1,1,0,0,2.99792458,1e-08
reverse,A,5,100,180,0,180,0,0,0,0,0.25,0,1.46875,0,0,0,-4.903926402016152,-4.903926402016152,-0,-0,4.903926402016152,0,0,-1,1,0,0,2.99792458,1e-08
reverse,B,5,100,180,0,180,0,0,0,0,0.25,0,1.46875,0,0,-0.25,0.9754516100806414,0.9754516100806414,0,0,0.9754516100806414,0,0,-1,1,0,0,2.99792458,1e-08
reverse,off_axis,5,100,180,0,180,0,0,0,0,0.25,0,1.46875,0.37,-0.41,0.73,1.582384835907931,1.582384835907931,0,0,1.582384835907931,0,0,-1,1,0,0,2.99792458,1e-08
reverse,slice,5,100,180,0,180,0,0,0,0,0.25,0,1.46875,-0.4,0.6,0,-4.903926402016152,-4.903926402016152,-0,-0,4.903926402016152,0,0,-1,1,0,0,2.99792458,1e-08
reverse,A,5,100,180,0,180,0,0,0,0,0.25,0,1.5,0,0,0,-5,-5,-0,-0,5,0,0,-1,1,0,0,2.99792458,1e-08
reverse,B,5,100,180,0,180,0,0,0,0,0.25,0,1.5,0,0,-0.25,0,0,0,0,0,0,0,-1,1,0,0,2.99792458,1e-08
reverse,off_axis,5,100,180,0,180,0,0,0,0,0.25,0,1.5,0.37,-0.41,0.73,0.6266661678215218,0.6266661678215218,0,0,0.6266661678215218,0,0,-1,1,0,0,2.99792458,1e-08
reverse,slice,5,100,180,0,180,0,0,0,0,0.25,0,1.5,-0.4,0.6,0,-5,-5,-0,-0,5,0,0,-1,1,0,0,2.99792458,1e-08
reverse,A,5,100,180,0,180,0,0,0,0,0.25,0,1.53125,0,0,0,-4.903926402016152,-4.903926402016152,-0,-0,4.903926402016152,0,0,-1,1,0,0,2.99792458,1e-08
reverse,B,5,100,180,0,180,0,0,0,0,0.25,0,1.53125,0,0,-0.25,-0.9754516100806414,-0.9754516100806414,-0,-0,0.9754516100806414,0,0,-1,1,0,0,2.99792458,1e-08
reverse,off_axis,5,100,180,0,180,0,0,0,0,0.25,0,1.53125,0.37,-0.41,0.73,-0.3531349296558328,-0.3531349296558328,-0,-0,0.3531349296558328,0,0,-1,1,0,0,2.99792458,1e-08
reverse,slice,5,100,180,0,180,0,0,0,0,0.25,0,1.53125,-0.4,0.6,0,-4.903926402016152,-4.903926402016152,-0,-0,4.903926402016152,0,0,-1,1,0,0,2.99792458,1e-08
reverse,A,5,100,180,0,180,0,0,0,0,0.25,0,1.5625,0,0,0,-4.619397662556434,-4.619397662556434,-0,-0,4.619397662556434,0,0,-1,1,0,0,2.99792458,1e-08
reverse,B,5,100,180,0,180,0,0,0,0,0.25,0,1.5625,0,0,-0.25,-1.913417161825449,-1.913417161825449,-0,-0,1.913417161825449,0,0,-1,1,0,0,2.99792458,1e-08
reverse,off_axis,5,100,180,0,180,0,0,0,0,0.25,0,1.5625,0.37,-0.41,0.73,-1.319365249826864,-1.319365249826864,-0,-0,1.319365249826864,0,0,-1,1,0,0,2.99792458,1e-08
reverse,slice,5,100,180,0,180,0,0,0,0,0.25,0,1.5625,-0.4,0.6,0,-4.619397662556434,-4.619397662556434,-0,-0,4.619397662556434,0,0,-1,1,0,0,2.99792458,1e-08
reverse,A,5,100,180,0,180,0,0,0,0,0.25,0,1.59375,0,0,0,-4.157348061512726,-4.157348061512726,-0,-0,4.157348061512726,0,0,-1,1,0,0,2.99792458,1e-08
reverse,B,5,100,180,0,180,0,0,0,0,0.25,0,1.59375,0,0,-0.25,-2.777851165098011,-2.777851165098011,-0,-0,2.777851165098011,0,0,-1,1,0,0,2.99792458,1e-08
reverse,off_axis,5,100,180,0,180,0,0,0,0,0.25,0,1.59375,0.37,-0.41,0.73,-2.234893103355605,-2.234893103355605,-0,-0,2.234893103355605,0,0,-1,1,0,0,2.99792458,1e-08
reverse,slice,5,100,180,0,180,0,0,0,0,0.25,0,1.59375,-0.4,0.6,0,-4.157348061512726,-4.157348061512726,-0,-0,4.157348061512726,0,0,-1,1,0,0,2.99792458,1e-08
reverse,A,5,100,180,0,180,0,0,0,0,0.25,0,1.625,0,0,0,-3.535533905932738,-3.535533905932738,-0,-0,3.535533905932738,0,0,-1,1,0,0,2.99792458,1e-08
reverse,B,5,100,180,0,180,0,0,0,0,0.25,0,1.625,0,0,-0.25,-3.535533905932738,-3.535533905932738,-0,-0,3.535533905932738,0,0,-1,1,0,0,2.99792458,1e-08
reverse,off_axis,5,100,180,0,180,0,0,0,0,0.25,0,1.625,0.37,-0.41,0.73,-3.064535268264882,-3.064535268264882,-0,-0,3.064535268264882,0,0,-1,1,0,0,2.99792458,1e-08
reverse,slice,5,100,180,0,180,0,0,0,0,0.25,0,1.625,-0.4,0.6,0,-3.535533905932738,-3.535533905932738,-0,-0,3.535533905932738,0,0,-1,1,0,0,2.99792458,1e-08
reverse,A,5,100,180,0,180,0,0,0,0,0.25,0,1.65625,0,0,0,-2.777851165098011,-2.777851165098011,-0,-0,2.777851165098011,0,0,-1,1,0,0,2.99792458,1e-08
reverse,B,5,100,180,0,180,0,0,0,0,0.25,0,1.65625,0,0,-0.25,-4.157348061512726,-4.157348061512726,-0,-0,4.157348061512726,0,0,-1,1,0,0,2.99792458,1e-08
reverse,off_axis,5,100,180,0,180,0,0,0,0,0.25,0,1.65625,0.37,-0.41,0.73,-3.776409061425918,-3.776409061425918,-0,-0,3.776409061425918,0,0,-1,1,0,0,2.99792458,1e-08
reverse,slice,5,100,180,0,180,0,0,0,0,0.25,0,1.65625,-0.4,0.6,0,-2.777851165098011,-2.777851165098011,-0,-0,2.777851165098011,0,0,-1,1,0,0,2.99792458,1e-08
reverse,A,5,100,180,0,180,0,0,0,0,0.25,0,1.6875,0,0,0,-1.913417161825449,-1.913417161825449,-0,-0,1.913417161825449,0,0,-1,1,0,0,2.99792458,1e-08
reverse,B,5,100,180,0,180,0,0,0,0,0.25,0,1.6875,0,0,-0.25,-4.619397662556434,-4.619397662556434,-0,-0,4.619397662556434,0,0,-1,1,0,0,2.99792458,1e-08
reverse,off_axis,5,100,180,0,180,0,0,0,0,0.25,0,1.6875,0.37,-0.41,0.73,-4.343157572190956,-4.343157572190956,-0,-0,4.343157572190956,0,0,-1,1,0,0,2.99792458,1e-08
reverse,slice,5,100,180,0,180,0,0,0,0,0.25,0,1.6875,-0.4,0.6,0,-1.913417161825449,-1.913417161825449,-0,-0,1.913417161825449,0,0,-1,1,0,0,2.99792458,1e-08
reverse,A,5,100,180,0,180,0,0,0,0,0.25,0,1.71875,0,0,0,-0.9754516100806414,-0.9754516100806414,-0,-0,0.9754516100806414,0,0,-1,1,0,0,2.99792458,1e-08
reverse,B,5,100,180,0,180,0,0,0,0,0.25,0,1.71875,0,0,-0.25,-4.903926402016152,-4.903926402016152,-0,-0,4.903926402016152,0,0,-1,1,0,0,2.99792458,1e-08
reverse,off_axis,5,100,180,0,180,0,0,0,0,0.25,0,1.71875,0.37,-0.41,0.73,-4.743000973127523,-4.743000973127523,-0,-0,4.743000973127523,0,0,-1,1,0,0,2.99792458,1e-08
reverse,slice,5,100,180,0,180,0,0,0,0,0.25,0,1.71875,-0.4,0.6,0,-0.9754516100806414,-0.9754516100806414,-0,-0,0.9754516100806414,0,0,-1,1,0,0,2.99792458,1e-08
reverse,A,5,100,180,0,180,0,0,0,0,0.25,0,1.75,0,0,0,0,0,0,0,0,0,0,-1,1,0,0,2.99792458,1e-08
reverse,B,5,100,180,0,180,0,0,0,0,0.25,0,1.75,0,0,-0.25,-5,-5,-0,-0,5,0,0,-1,1,0,0,2.99792458,1e-08
reverse,off_axis,5,100,180,0,180,0,0,0,0,0.25,0,1.75,0.37,-0.41,0.73,-4.960573506572389,-4.960573506572389,-0,-0,4.960573506572389,0,0,-1,1,0,0,2.99792458,1e-08
reverse,slice,5,100,180,0,180,0,0,0,0,0.25,0,1.75,-0.4,0.6,0,0,0,0,0,0,0,0,-1,1,0,0,2.99792458,1e-08
reverse,A,5,100,180,0,180,0,0,0,0,0.25,0,1.78125,0,0,0,0.9754516100806414,0.9754516100806414,0,0,0.9754516100806414,0,0,-1,1,0,0,2.99792458,1e-08
reverse,B,5,100,180,0,180,0,0,0,0,0.25,0,1.78125,0,0,-0.25,-4.903926402016152,-4.903926402016152,-0,-0,4.903926402016152,0,0,-1,1,0,0,2.99792458,1e-08
reverse,off_axis,5,100,180,0,180,0,0,0,0,0.25,0,1.78125,0.37,-0.41,0.73,-4.987513982081351,-4.987513982081351,-0,-0,4.987513982081351,0,0,-1,1,0,0,2.99792458,1e-08
reverse,slice,5,100,180,0,180,0,0,0,0,0.25,0,1.78125,-0.4,0.6,0,0.9754516100806414,0.9754516100806414,0,0,0.9754516100806414,0,0,-1,1,0,0,2.99792458,1e-08
reverse,A,5,100,180,0,180,0,0,0,0,0.25,0,1.8125,0,0,0,1.913417161825449,1.913417161825449,0,0,1.913417161825449,0,0,-1,1,0,0,2.99792458,1e-08
reverse,B,5,100,180,0,180,0,0,0,0,0.25,0,1.8125,0,0,-0.25,-4.619397662556434,-4.619397662556434,-0,-0,4.619397662556434,0,0,-1,1,0,0,2.99792458,1e-08
reverse,off_axis,5,100,180,0,180,0,0,0,0,0.25,0,1.8125,0.37,-0.41,0.73,-4.822787092288991,-4.822787092288991,-0,-0,4.822787092288991,0,0,-1,1,0,0,2.99792458,1e-08
reverse,slice,5,100,180,0,180,0,0,0,0,0.25,0,1.8125,-0.4,0.6,0,1.913417161825449,1.913417161825449,0,0,1.913417161825449,0,0,-1,1,0,0,2.99792458,1e-08
reverse,A,5,100,180,0,180,0,0,0,0,0.25,0,1.84375,0,0,0,2.777851165098011,2.777851165098011,0,0,2.777851165098011,0,0,-1,1,0,0,2.99792458,1e-08
reverse,B,5,100,180,0,180,0,0,0,0,0.25,0,1.84375,0,0,-0.25,-4.157348061512726,-4.157348061512726,-0,-0,4.157348061512726,0,0,-1,1,0,0,2.99792458,1e-08
reverse,off_axis,5,100,180,0,180,0,0,0,0,0.25,0,1.84375,0.37,-0.41,0.73,-4.472723199190126,-4.472723199190126,-0,-0,4.472723199190126,0,0,-1,1,0,0,2.99792458,1e-08
reverse,slice,5,100,180,0,180,0,0,0,0,0.25,0,1.84375,-0.4,0.6,0,2.777851165098011,2.777851165098011,0,0,2.777851165098011,0,0,-1,1,0,0,2.99792458,1e-08
reverse,A,5,100,180,0,180,0,0,0,0,0.25,0,1.875,0,0,0,3.535533905932738,3.535533905932738,0,0,3.535533905932738,0,0,-1,1,0,0,2.99792458,1e-08
reverse,B,5,100,180,0,180,0,0,0,0,0.25,0,1.875,0,0,-0.25,-3.535533905932738,-3.535533905932738,-0,-0,3.535533905932738,0,0,-1,1,0,0,2.99792458,1e-08
reverse,off_axis,5,100,180,0,180,0,0,0,0,0.25,0,1.875,0.37,-0.41,0.73,-3.950775061878452,-3.950775061878452,-0,-0,3.950775061878452,0,0,-1,1,0,0,2.99792458,1e-08
reverse,slice,5,100,180,0,180,0,0,0,0,0.25,0,1.875,-0.4,0.6,0,3.535533905932738,3.535533905932738,0,0,3.535533905932738,0,0,-1,1,0,0,2.99792458,1e-08
reverse,A,5,100,180,0,180,0,0,0,0,0.25,0,1.90625,0,0,0,4.157348061512726,4.157348061512726,0,0,4.157348061512726,0,0,-1,1,0,0,2.99792458,1e-08
reverse,B,5,100,180,0,180,0,0,0,0,0.25,0,1.90625,0,0,-0.25,-2.777851165098011,-2.777851165098011,-0,-0,2.777851165098011,0,0,-1,1,0,0,2.99792458,1e-08
reverse,off_axis,5,100,180,0,180,0,0,0,0,0.25,0,1.90625,0.37,-0.41,0.73,-3.27700085455897,-3.27700085455897,-0,-0,3.27700085455897,0,0,-1,1,0,0,2.99792458,1e-08
reverse,slice,5,100,180,0,180,0,0,0,0,0.25,0,1.90625,-0.4,0.6,0,4.157348061512726,4.157348061512726,0,0,4.157348061512726,0,0,-1,1,0,0,2.99792458,1e-08
reverse,A,5,100,180,0,180,0,0,0,0,0.25,0,1.9375,0,0,0,4.619397662556434,4.619397662556434,0,0,4.619397662556434,0,0,-1,1,0,0,2.99792458,1e-08
reverse,B,5,100,180,0,180,0,0,0,0,0.25,0,1.9375,0,0,-0.25,-1.913417161825449,-1.913417161825449,-0,-0,1.913417161825449,0,0,-1,1,0,0,2.99792458,1e-08
reverse,off_axis,5,100,180,0,180,0,0,0,0,0.25,0,1.9375,0.37,-0.41,0.73,-2.477293342162038,-2.477293342162038,-0,-0,2.477293342162038,0,0,-1,1,0,0,2.99792458,1e-08
reverse,slice,5,100,180,0,180,0,0,0,0,0.25,0,1.9375,-0.4,0.6,0,4.619397662556434,4.619397662556434,0,0,4.619397662556434,0,0,-1,1,0,0,2.99792458,1e-08
reverse,A,5,100,180,0,180,0,0,0,0,0.25,0,1.96875,0,0,0,4.903926402016152,4.903926402016152,0,0,4.903926402016152,0,0,-1,1,0,0,2.99792458,1e-08
reverse,B,5,100,180,0,180,0,0,0,0,0.25,0,1.96875,0,0,-0.25,-0.9754516100806414,-0.9754516100806414,-0,-0,0.9754516100806414,0,0,-1,1,0,0,2.99792458,1e-08
reverse,off_axis,5,100,180,0,180,0,0,0,0,0.25,0,1.96875,0.37,-0.41,0.73,-1.582384835907931,-1.582384835907931,-0,-0,1.582384835907931,0,0,-1,1,0,0,2.99792458,1e-08
reverse,slice,5,100,180,0,180,0,0,0,0,0.25,0,1.96875,-0.4,0.6,0,4.903926402016152,4.903926402016152,0,0,4.903926402016152,0,0,-1,1,0,0,2.99792458,1e-08
reverse,A,5,100,180,0,180,0,0,0,0,0.25,0,2,0,0,0,5,5,0,0,5,0,0,-1,1,0,0,2.99792458,1e-08
reverse,B,5,100,180,0,180,0,0,0,0,0.25,0,2,0,0,-0.25,0,0,0,0,0,0,0,-1,1,0,0,2.99792458,1e-08
reverse,off_axis,5,100,180,0,180,0,0,0,0,0.25,0,2,0.37,-0.41,0.73,-0.6266661678215218,-0.6266661678215218,-0,-0,0.6266661678215218,0,0,-1,1,0,0,2.99792458,1e-08
reverse,slice,5,100,180,0,180,0,0,0,0,0.25,0,2,-0.4,0.6,0,5,5,0,0,5,0,0,-1,1,0,0,2.99792458,1e-08
oblique,A,5,100,55,35,25,0,0.2,-0.2,0.1,0.25,0,0,0.2,-0.2,0.1,4.089114986870059,0.7500315772221932,2.634840652685083,-3.035774817731538,4.089114986870059,0.6710100716628343,0.4698463103929542,0.573576436351046,0.1834214933134692,0.6443547469673567,-0.7424038765061041,2.99792458,1e-08
oblique,B,5,100,55,35,25,0,0.2,-0.2,0.1,0.25,0,0,0.3677525179157086,-0.08253842240176147,0.2433941090877615,-2.877349235695012,-0.5277676935955483,-1.854033638702977,2.136155226641853,2.877349235695012,0.6710100716628343,0.4698463103929542,0.573576436351046,0.1834214933134692,0.6443547469673567,-0.7424038765061041,2.99792458,1e-08
oblique,off_axis,5,100,55,35,25,0,0.2,-0.2,0.1,0.25,0,0,0.37,-0.41,0.73,-4.93519366621486,-0.9052205920483044,-3.180015466028778,3.663906909106284,4.93519366621486,0.6710100716628343,0.4698463103929542,0.573576436351046,0.1834214933134692,0.6443547469673567,-0.7424038765061041,2.99792458,1e-08
oblique,slice,5,100,55,35,25,0,0.2,-0.2,0.1,0.25,0,0,-0.4,0.6,0,4.982013425688826,0.9138083422475967,3.210184000297697,-3.69866608003684,4.982013425688826,0.6710100716628343,0.4698463103929542,0.573576436351046,0.1834214933134692,0.6443547469673567,-0.7424038765061041,2.99792458,1e-08
oblique,A,5,100,55,35,25,0,0.2,-0.2,0.1,0.25,0,0.03125,0.2,-0.2,0.1,4.571886777943003,0.8385823000704108,2.945916947964868,-3.394186466891888,4.571886777943003,0.6710100716628343,0.4698463103929542,0.573576436351046,0.1834214933134692,0.6443547469673567,-0.7424038765061041,2.99792458,1e-08
oblique,B,5,100,55,35,25,0,0.2,-0.2,0.1,0.25,0,0.03125,0.3677525179157086,-0.08253842240176147,0.2433941090877615,-2.024315017399697,-0.3713028834283338,-1.304376990818802,1.502859316187057,2.024315017399697,0.6710100716628343,0.4698463103929542,0.573576436351046,0.1834214933134692,0.6443547469673567,-0.7424038765061041,2.99792458,1e-08
oblique,off_axis,5,100,55,35,25,0,0.2,-0.2,0.1,0.25,0,0.03125,0.37,-0.41,0.73,-4.683822675599483,-0.8591137495739459,-3.018043374975873,3.477288111232248,4.683822675599483,0.6710100716628343,0.4698463103929542,0.573576436351046,0.1834214933134692,0.6443547469673567,-0.7424038765061041,2.99792458,1e-08
oblique,slice,5,100,55,35,25,0,0.2,-0.2,0.1,0.25,0,0.03125,-0.4,0.6,0,4.968949931892728,0.9114122167076252,3.201766476058203,-3.688967691601903,4.968949931892728,0.6710100716628343,0.4698463103929542,0.573576436351046,0.1834214933134692,0.6443547469673567,-0.7424038765061041,2.99792458,1e-08
oblique,A,5,100,55,35,25,0,0.2,-0.2,0.1,0.25,0,0.0625,0.2,-0.2,0.1,4.878963524083241,0.8949067754092943,3.14378330702362,-3.622161433611281,4.878963524083241,0.6710100716628343,0.4698463103929542,0.573576436351046,0.1834214933134692,0.6443547469673567,-0.7424038765061041,2.99792458,1e-08
oblique,B,5,100,55,35,25,0,0.2,-0.2,0.1,0.25,0,0.0625,0.3677525179157086,-0.08253842240176147,0.2433941090877615,-1.093487508234653,-0.2005691116800244,-0.7045938666805051,0.8118093650244066,1.093487508234653,0.6710100716628343,0.4698463103929542,0.573576436351046,0.1834214933134692,0.6443547469673567,-0.7424038765061041,2.99792458,1e-08
oblique,off_axis,5,100,55,35,25,0,0.2,-0.2,0.1,0.25,0,0.0625,0.37,-0.41,0.73,-4.252455006278836,-0.779991647500002,-2.740089569560868,3.157039081329196,4.252455006278836,0.6710100716628343,0.4698463103929542,0.573576436351046,0.1834214933134692,0.6443547469673567,-0.7424038765061041,2.99792458,1e-08
oblique,slice,5,100,55,35,25,0,0.2,-0.2,0.1,0.25,0,0.0625,-0.4,0.6,0,4.764932478833218,0.8739910308054393,3.070306861715118,-3.537504343575621,4.764932478833218,0.6710100716628343,0.4698463103929542,0.573576436351046,0.1834214933134692,0.6443547469673567,-0.7424038765061041,2.99792458,1e-08
oblique,A,5,100,55,35,25,0,0.2,-0.2,0.1,0.25,0,0.09375,0.2,-0.2,0.1,4.998544438147229,0.9168404852387004,3.220835836647446,-3.710938767768528,4.998544438147229,0.6710100716628343,0.4698463103929542,0.573576436351046,0.1834214933134692,0.6443547469673567,-0.7424038765061041,2.99792458,1e-08
oblique,B,5,100,55,35,25,0,0.2,-0.2,0.1,0.25,0,0.09375,0.3677525179157086,-0.08253842240176147,0.2433941090877615,-0.1206378873630099,-0.02212758145030536,-0.07773359538646871,0.08956203523180527,0.1206378873630099,0.6710100716628343,0.4698463103929542,0.573576436351046,0.1834214933134692,0.6443547469673567,-0.7424038765061041,2.99792458,1e-08
oblique,off_axis,5,100,55,35,25,0,0.2,-0.2,0.1,0.25,0,0.09375,0.37,-0.41,0.73,-3.657667875871135,-0.6708949038369884,-2.356835658647574,2.715466810018578,3.657667875871135,0.6710100716628343,0.4698463103929542,0.573576436351046,0.1834214933134692,0.6443547469673567,-0.7424038765061041,2.99792458,1e-08
oblique,slice,5,100,55,35,25,0,0.2,-0.2,0.1,0.25,0,0.09375,-0.4,0.6,0,4.377801342817068,0.8029828597292172,2.820857076524246,-3.250096687481019,4.377801342817068,0.6710100716628343,0.4698463103929542,0.573576436351046,0.1834214933134692,0.6443547469673567,-0.7424038765061041,2.99792458,1e-08
oblique,A,5,100,55,35,25,0,0.2,-0.2,0.1,0.25,0,0.125,0.2,-0.2,0.1,4.926034092669233,0.9035405293904509,3.174113451334456,-3.657106806198867,4.926034092669233,0.6710100716628343,0.4698463103929542,0.573576436351046,0.1834214933134692,0.6443547469673567,-0.7424038765061041,2.99792458,1e-08
oblique,B,5,100,55,35,25,0,0.2,-0.2,0.1,0.25,0,0.125,0.3677525179157086,-0.08253842240176147,0.2433941090877615,0.8568477798654867,0.1571642993252583,0.5521139343847671,-0.6361271133477862,0.8568477798654867,0.6710100716628343,0.4698463103929542,0.573576436351046,0.1834214933134692,0.6443547469673567,-0.7424038765061041,2.99792458,1e-08
oblique,off_axis,5,100,55,35,25,0,0.2,-0.2,0.1,0.25,0,0.125,0.37,-0.41,0.73,-2.922318620237482,-0.5360160452617159,-1.883009875101118,2.169540672050276,2.922318620237482,0.6710100716628343,0.4698463103929542,0.573576436351046,0.1834214933134692,0.6443547469673567,-0.7424038765061041,2.99792458,1e-08
oblique,slice,5,100,55,35,25,0,0.2,-0.2,0.1,0.25,0,0.125,-0.4,0.6,0,3.822433756295736,0.7011165076715772,2.463003335837421,-2.837789638361743,3.822433756295736,0.6710100716628343,0.4698463103929542,0.573576436351046,0.1834214933134692,0.6443547469673567,-0.7424038765061041,2.99792458,1e-08
oblique,A,5,100,55,35,25,0,0.2,-0.2,0.1,0.25,0,0.15625,0.2,-0.2,0.1,4.664219019561704,0.855518017709093,3.005411666150015,-3.462734280996109,4.664219019561704,0.6710100716628343,0.4698463103929542,0.573576436351046,0.1834214933134692,0.6443547469673567,-0.7424038765061041,2.99792458,1e-08
oblique,B,5,100,55,35,25,0,0.2,-0.2,0.1,0.25,0,0.15625,0.3677525179157086,-0.08253842240176147,0.2433941090877615,1.801405267439524,0.3304164442165068,1.160744035286658,-1.337370253705618,1.801405267439524,0.6710100716628343,0.4698463103929542,0.573576436351046,0.1834214933134692,0.6443547469673567,-0.7424038765061041,2.99792458,1e-08
oblique,off_axis,5,100,55,35,25,0,0.2,-0.2,0.1,0.25,0,0.15625,0.37,-0.41,0.73,-2.074666298883267,-0.380538390668297,-1.33682107805863,1.540240302747509,2.074666298883267,0.6710100716628343,0.4698463103929542,0.573576436351046,0.1834214933134692,0.6443547469673567,-0.7424038765061041,2.99792458,1e-08
oblique,slice,5,100,55,35,25,0,0.2,-0.2,0.1,0.25,0,0.15625,-0.4,0.6,0,3.120172184165504,0.5723066414147856,2.010497758222548,-2.316427924890988,3.120172184165504,0.6710100716628343,0.4698463103929542,0.573576436351046,0.1834214933134692,0.6443547469673567,-0.7424038765061041,2.99792458,1e-08
oblique,A,5,100,55,35,25,0,0.2,-0.2,0.1,0.25,0,0.1875,0.2,-0.2,0.1,4.223160625256581,0.7746184283872063,2.721213596089708,-3.135290819298428,4.223160625256581,0.6710100716628343,0.4698463103929542,0.573576436351046,0.1834214933134692,0.6443547469673567,-0.7424038765061041,2.99792458,1e-08
oblique,B,5,100,55,35,25,0,0.2,-0.2,0.1,0.25,0,0.1875,0.3677525179157086,-0.08253842240176147,0.2433941090877615,2.676735760825572,0.4909708704561915,1.724767393865237,-1.987219005219421,2.676735760825572,0.6710100716628343,0.4698463103929542,0.573576436351046,0.1834214933134692,0.6443547469673567,-0.7424038765061041,2.99792458,1e-08
oblique,off_axis,5,100,55,35,25,0,0.2,-0.2,0.1,0.25,0,0.1875,0.37,-0.41,0.73,-1.147285715149232,-0.2104368591298836,-0.7392589966842464,0.8517493623868678,1.147285715149232,0.6710100716628343,0.4698463103929542,0.573576436351046,0.1834214933134692,0.6443547469673567,-0.7424038765061041,2.99792458,1e-08
oblique,slice,5,100,55,35,25,0,0.2,-0.2,0.1,0.25,0,0.1875,-0.4,0.6,0,2.298004144810514,0.4215033518816861,1.480729879259315,-1.70604718533442,2.298004144810514,0.6710100716628343,0.4698463103929542,0.573576436351046,0.1834214933134692,0.6443547469673567,-0.7424038765061041,2.99792458,1e-08
oblique,A,5,100,55,35,25,0,0.2,-0.2,0.1,0.25,0,0.21875,0.2,-0.2,0.1,3.61980853649861,0.6639506872734185,2.33244081360584,-2.687359889706455,3.61980853649861,0.6710100716628343,0.4698463103929542,0.573576436351046,0.1834214933134692,0.6443547469673567,-0.7424038765061041,2.99792458,1e-08
oblique,B,5,100,55,35,25,0,0.2,-0.2,0.1,0.25,0,0.21875,0.3677525179157086,-0.08253842240176147,0.2433941090877615,3.449200800053803,0.6326575614838812,2.222508908758273,-2.560700044807899,3.449200800053803,0.6710100716628343,0.4698463103929542,0.573576436351046,0.1834214933134692,0.6443547469673567,-0.7424038765061041,2.99792458,1e-08
oblique,off_axis,5,100,55,35,25,0,0.2,-0.2,0.1,0.25,0,0.21875,0.37,-0.41,0.73,-0.1758155847872541,-0.032248357109459,-0.1132876066485089,0.130526171696245,0.1758155847872541,0.6710100716628343,0.4698463103929542,0.573576436351046,0.1834214933134692,0.6443547469673567,-0.7424038765061041,2.99792458,1e-08
oblique,slice,5,100,55,35,25,0,0.2,-0.2,0.1,0.25,0,0.21875,-0.4,0.6,0,1.387525094906026,0.2545019249175763,0.89405838143903,-1.030104009207734,1.387525094906026,0.6710100716628343,0.4698463103929542,0.573576436351046,0.1834214933134692,0.6443547469673567,-0.7424038765061041,2.99792458,1e-08
oblique,A,5,100,55,35,25,0,0.2,-0.2,0.1,0.25,0,0.25,0.2,-0.2,0.1,2.877349235695013,0.5277676935955485,1.854033638702978,-2.136155226641854,2.877349235695013,0.6710100716628343,0.4698463103929542,0.573576436351046,0.1834214933134692,0.6443547469673567,-0.7424038765061041,2.99792458,1e-08
oblique,B,5,100,55,35,25,0,0.2,-0.2,0.1,0.25,0,0.25,0.3677525179157086,-0.08253842240176147,0.2433941090877615,4.08911498687006,0.7500315772221933,2.634840652685084,-3.035774817731539,4.08911498687006,0.6710100716628343,0.4698463103929542,0.573576436351046,0.1834214933134692,0.6443547469673567,-0.7424038765061041,2.99792458,1e-08
oblique,off_axis,5,100,55,35,25,0,0.2,-0.2,0.1,0.25,0,0.25,0.37,-0.41,0.73,0.8024110398995823,0.1471794311895951,0.5170373625783089,-0.595713066572744,0.8024110398995823,0.6710100716628343,0.4698463103929542,0.573576436351046,0.1834214933134692,0.6443547469673567,-0.7424038765061041,2.99792458,1e-08
oblique,slice,5,100,55,35,25,0,0.2,-0.2,0.1,0.25,0,0.25,-0.4,0.6,0,0.4237242337373376,0.07772013170520793,0.2730287214137593,-0.314574513696178,0.4237242337373376,0.6710100716628343,0.4698463103929542,0.573576436351046,0.1834214933134692,0.6443547469673567,-0.7424038765061041,2.99792458,1e-08
oblique,A,5,100,55,35,25,0,0.2,-0.2,0.1,0.25,0,0.28125,0.2,-0.2,0.1,2.024315017399699,0.3713028834283341,1.304376990818803,-1.502859316187058,2.024315017399699,0.6710100716628343,0.4698463103929542,0.573576436351046,0.1834214933134692,0.6443547469673567,-0.7424038765061041,2.99792458,1e-08
oblique,B,5,100,55,35,25,0,0.2,-0.2,0.1,0.25,0,0.28125,0.3677525179157086,-0.08253842240176147,0.2433941090877615,4.571886777943003,0.8385823000704108,2.945916947964868,-3.394186466891888,4.571886777943003,0.6710100716628343,0.4698463103929542,0.573576436351046,0.1834214933134692,0.6443547469673567,-0.7424038765061041,2.99792458,1e-08
oblique,off_axis,5,100,55,35,25,0,0.2,-0.2,0.1,0.25,0,0.28125,0.37,-0.41,0.73,1.749801458320373,0.320951196487209,1.127492875919136,-1.299059385773079,1.749801458320373,0.6710100716628343,0.4698463103929542,0.573576436351046,0.1834214933134692,0.6443547469673567,-0.7424038765061041,2.99792458,1e-08
oblique,slice,5,100,55,35,25,0,0.2,-0.2,0.1,0.25,0,0.28125,-0.4,0.6,0,-0.5563601121065885,-0.1020484025826396,-0.3584932792591711,0.413043903961302,0.5563601121065885,0.6710100716628343,0.4698463103929542,0.573576436351046,0.1834214933134692,0.6443547469673567,-0.7424038765061041,2.99792458,1e-08
oblique,A,5,100,55,35,25,0,0.2,-0.2,0.1,0.25,0,0.3125,0.2,-0.2,0.1,1.093487508234654,0.2005691116800248,0.7045938666805062,-0.8118093650244078,1.093487508234654,0.6710100716628343,0.4698463103929542,0.573576436351046,0.1834214933134692,0.6443547469673567,-0.7424038765061041,2.99792458,1e-08
oblique,B,5,100,55,35,25,0,0.2,-0.2,0.1,0.25,0,0.3125,0.3677525179157086,-0.08253842240176147,0.2433941090877615,4.878963524083242,0.8949067754092945,3.143783307023621,-3.622161433611282,4.878963524083242,0.6710100716628343,0.4698463103929542,0.573576436351046,0.1834214933134692,0.6443547469673567,-0.7424038765061041,2.99792458,1e-08
oblique,off_axis,5,100,55,35,25,0,0.2,-0.2,0.1,0.25,0,0.3125,0.37,-0.41,0.73,2.629947987997876,0.4823889872953241,1.69461947034368,-1.952483581299052,2.629947987997876,0.6710100716628343,0.4698463103929542,0.573576436351046,0.1834214933134692,0.6443547469673567,-0.7424038765061041,2.99792458,1e-08
oblique,slice,5,100,55,35,25,0,0.2,-0.2,0.1,0.25,0,0.3125,-0.4,0.6,0,-1.515063850852604,-0.2778952739886398,-0.9762385842555187,1.124789276027239,1.515063850852604,0.6710100716628343,0.4698463103929542,0.573576436351046,0.1834214933134692,0.6443547469673567,-0.7424038765061041,2.99792458,1e-08
oblique,A,5,100,55,35,25,0,0.2,-0.2,0.1,0.25,0,0.34375,0.2,-0.2,0.1,0.1206378873630116,0.02212758145030569,0.07773359538646984,-0.08956203523180659,0.1206378873630116,0.6710100716628343,0.4698463103929542,0.573576436351046,0.1834214933134692,0.6443547469673567,-0.7424038765061041,2.99792458,1e-08
oblique,B,5,100,55,35,25,0,0.2,-0.2,0.1,0.25,0,0.34375,0.3677525179157086,-0.08253842240176147,0.2433941090877615,4.998544438147229,0.9168404852387004,3.220835836647446,-3.710938767768528,4.998544438147229,0.6710100716628343,0.4698463103929542,0.573576436351046,0.1834214933134692,0.6443547469673567,-0.7424038765061041,2.99792458,1e-08
oblique,off_axis,5,100,55,35,25,0,0.2,-0.2,0.1,0.25,0,0.34375,0.37,-0.41,0.73,3.409027091388443,0.6252888398485407,2.196622788876464,-2.530874927761109,3.409027091388443,0.6710100716628343,0.4698463103929542,0.573576436351046,0.1834214933134692,0.6443547469673567,-0.7424038765061041,2.99792458,1e-08
oblique,slice,5,100,55,35,25,0,0.2,-0.2,0.1,0.25,0,0.34375,-0.4,0.6,0,-2.41554453546795,-0.4430627858607216,-1.556467587939832,1.793309627004543,2.41554453546795,0.6710100716628343,0.4698463103929542,0.573576436351046,0.1834214933134692,0.6443547469673567,-0.7424038765061041,2.99792458,1e-08
oblique,A,5,100,55,35,25,0,0.2,-0.2,0.1,0.25,0,0.375,0.2,-0.2,0.1,-0.856847779865485,-0.157164299325258,-0.552113934384766,0.6361271133477849,0.856847779865485,0.6710100716628343,0.4698463103929542,0.573576436351046,0.1834214933134692,0.6443547469673567,-0.7424038765061041,2.99792458,1e-08
oblique,B,5,100,55,35,25,0,0.2,-0.2,0.1,0.25,0,0.375,0.3677525179157086,-0.08253842240176147,0.2433941090877615,4.926034092669233,0.9035405293904509,3.174113451334456,-3.657106806198867,4.926034092669233,0.6710100716628343,0.4698463103929542,0.573576436351046,0.1834214933134692,0.6443547469673567,-0.7424038765061041,2.99792458,1e-08
oblique,off_axis,5,100,55,35,25,0,0.2,-0.2,0.1,0.25,0,0.375,0.37,-0.41,0.73,4.057099195461371,0.744159192952399,2.614211125512978,-3.012006170080318,4.057099195461371,0.6710100716628343,0.4698463103929542,0.573576436351046,0.1834214933134692,0.6443547469673567,-0.7424038765061041,2.99792458,1e-08
oblique,slice,5,100,55,35,25,0,0.2,-0.2,0.1,0.25,0,0.375,-0.4,0.6,0,-3.223197198238245,-0.5912036433446489,-2.076882415096698,2.392914094715687,3.223197198238245,0.6710100716628343,0.4698463103929542,0.573576436351046,0.1834214933134692,0.6443547469673567,-0.7424038765061041,2.99792458,1e-08
oblique,A,5,100,55,35,25,0,0.2,-0.2,0.1,0.25,0,0.40625,0.2,-0.2,0.1,-1.801405267439522,-0.3304164442165065,-1.160744035286657,1.337370253705616,1.801405267439522,0.6710100716628343,0.4698463103929542,0.573576436351046,0.1834214933134692,0.6443547469673567,-0.7424038765061041,2.99792458,1e-08
oblique,B,5,100,55,35,25,0,0.2,-0.2,0.1,0.25,0,0.40625,0.3677525179157086,-0.08253842240176147,0.2433941090877615,4.664219019561703,0.8555180177090927,3.005411666150014,-3.462734280996109,4.664219019561703,0.6710100716628343,0.4698463103929542,0.573576436351046,0.1834214933134692,0.6443547469673567,-0.7424038765061041,2.99792458,1e-08
oblique,off_axis,5,100,55,35,25,0,0.2,-0.2,0.1,0.25,0,0.40625,0.37,-0.41,0.73,4.549259252700159,0.83443192560038,2.931336794662517,-3.37738770443586,4.549259252700159,0.6710100716628343,0.4698463103929542,0.573576436351046,0.1834214933134692,0.6443547469673567,-0.7424038765061041,2.99792458,1e-08
oblique,slice,5,100,55,35,25,0,0.2,-0.2,0.1,0.25,0,0.40625,-0.4,0.6,0,-3.906984200270058,-0.7166248763656642,-2.517483815770474,2.900560215728592,3.906984200270058,0.6710100716628343,0.4698463103929542,0.573576436351046,0.1834214933134692,0.6443547469673567,-0.7424038765061041,2.99792458,1e-08
oblique,A,5,100,55,35,25,0,0.2,-0.2,0.1,0.25,0,0.4375,0.2,-0.2,0.1,-2.676735760825571,-0.4909708704561913,-1.724767393865236,1.98721900521942,2.676735760825571,0.6710100716628343,0.4698463103929542,0.573576436351046,0.1834214933134692,0.6443547469673567,-0.7424038765061041,2.99792458,1e-08
oblique,B,5,100,55,35,25,0,0.2,-0.2,0.1,0.25,0,0.4375,0.3677525179157086,-0.08253842240176147,0.2433941090877615,4.22316062525658,0.7746184283872061,2.721213596089707,-3.135290819298427,4.22316062525658,0.6710100716628343,0.4698463103929542,0.573576436351046,0.1834214933134692,0.6443547469673567,-0.7424038765061041,2.99792458,1e-08
oblique,off_axis,5,100,55,35,25,0,0.2,-0.2,0.1,0.25,0,0.4375,0.37,-0.41,0.73,4.866593828111662,0.8926379073023536,3.13581283470579,-3.612978123370779,4.866593828111662,0.6710100716628343,0.4698463103929542,0.573576436351046,0.1834214933134692,0.6443547469673567,-0.7424038765061041,2.99792458,1e-08
oblique,slice,5,100,55,35,25,0,0.2,-0.2,0.1,0.25,0,0.4375,-0.4,0.6,0,-4.440627990547474,-0.8145066172758076,-2.86133972522538,3.296739434303956,4.440627990547474,0.6710100716628343,0.4698463103929542,0.573576436351046,0.1834214933134692,0.6443547469673567,-0.7424038765061041,2.99792458,1e-08
oblique,A,5,100,55,35,25,0,0.2,-0.2,0.1,0.25,0,0.46875,0.2,-0.2,0.1,-3.449200800053802,-0.632657561483881,-2.222508908758272,2.560700044807898,3.449200800053802,0.6710100716628343,0.4698463103929542,0.573576436351046,0.1834214933134692,0.6443547469673567,-0.7424038765061041,2.99792458,1e-08
oblique,B,5,100,55,35,25,0,0.2,-0.2,0.1,0.25,0,0.46875,0.3677525179157086,-0.08253842240176147,0.2433941090877615,3.619808536498609,0.6639506872734183,2.332440813605839,-2.687359889706455,3.619808536498609,0.6710100716628343,0.4698463103929542,0.573576436351046,0.1834214933134692,0.6443547469673567,-0.7424038765061041,2.99792458,1e-08
oblique,off_axis,5,100,55,35,25,0,0.2,-0.2,0.1,0.25,0,0.46875,0.37,-0.41,0.73,4.996907931926094,0.9165403148238032,3.219781346095416,-3.709723819206032,4.996907931926094,0.6710100716628343,0.4698463103929542,0.573576436351046,0.1834214933134692,0.6443547469673567,-0.7424038765061041,2.99792458,1e-08
oblique,slice,5,100,55,35,25,0,0.2,-0.2,0.1,0.25,0,0.46875,-0.4,0.6,0,-4.803620937481019,-0.8810873256646155,-3.095235953697679,3.566226805251794,4.803620937481019,0.6710100716628343,0.4698463103929542,0.573576436351046,0.1834214933134692,0.6443547469673567,-0.7424038765061041,2.99792458,1e-08
oblique,A,5,100,55,35,25,0,0.2,-0.2,0.1,0.25,0,0.5,0.2,-0.2,0.1,-4.089114986870059,-0.7500315772221932,-2.634840652685083,3.035774817731538,4.089114986870059,0.6710100716628343,0.4698463103929542,0.573576436351046,0.1834214933134692,0.6443547469673567,-0.7424038765061041,2.99792458,1e-08
oblique,B,5,100,55,35,25,0,0.2,-0.2,0.1,0.25,0,0.5,0.3677525179157086,-0.08253842240176147,0.2433941090877615,2.877349235695012,0.5277676935955483,1.854033638702977,-2.136155226641853,2.877349235695012,0.6710100716628343,0.4698463103929542,0.573576436351046,0.1834214933134692,0.6443547469673567,-0.7424038765061041,2.99792458,1e-08
oblique,off_axis,5,100,55,35,25,0,0.2,-0.2,0.1,0.25,0,0.5,0.37,-0.41,0.73,4.93519366621486,0.9052205920483044,3.180015466028778,-3.663906909106284,4.93519366621486,0.6710100716628343,0.4698463103929542,0.573576436351046,0.1834214933134692,0.6443547469673567,-0.7424038765061041,2.99792458,1e-08
oblique,slice,5,100,55,35,25,0,0.2,-0.2,0.1,0.25,0,0.5,-0.4,0.6,0,-4.982013425688826,-0.9138083422475967,-3.210184000297697,3.69866608003684,4.982013425688826,0.6710100716628343,0.4698463103929542,0.573576436351046,0.1834214933134692,0.6443547469673567,-0.7424038765061041,2.99792458,1e-08
oblique,A,5,100,55,35,25,0,0.2,-0.2,0.1,0.25,0,0.53125,0.2,-0.2,0.1,-4.571886777943003,-0.8385823000704108,-2.945916947964868,3.394186466891888,4.571886777943003,0.6710100716628343,0.4698463103929542,0.573576436351046,0.1834214933134692,0.6443547469673567,-0.7424038765061041,2.99792458,1e-08
oblique,B,5,100,55,35,25,0,0.2,-0.2,0.1,0.25,0,0.53125,0.3677525179157086,-0.08253842240176147,0.2433941090877615,2.024315017399697,0.3713028834283338,1.304376990818802,-1.502859316187057,2.024315017399697,0.6710100716628343,0.4698463103929542,0.573576436351046,0.1834214933134692,0.6443547469673567,-0.7424038765061041,2.99792458,1e-08
oblique,off_axis,5,100,55,35,25,0,0.2,-0.2,0.1,0.25,0,0.53125,0.37,-0.41,0.73,4.683822675599483,0.8591137495739459,3.018043374975873,-3.477288111232248,4.683822675599483,0.6710100716628343,0.4698463103929542,0.573576436351046,0.1834214933134692,0.6443547469673567,-0.7424038765061041,2.99792458,1e-08
oblique,slice,5,100,55,35,25,0,0.2,-0.2,0.1,0.25,0,0.53125,-0.4,0.6,0,-4.968949931892728,-0.9114122167076252,-3.201766476058203,3.688967691601903,4.968949931892728,0.6710100716628343,0.4698463103929542,0.573576436351046,0.1834214933134692,0.6443547469673567,-0.7424038765061041,2.99792458,1e-08
oblique,A,5,100,55,35,25,0,0.2,-0.2,0.1,0.25,0,0.5625,0.2,-0.2,0.1,-4.878963524083241,-0.8949067754092943,-3.14378330702362,3.622161433611281,4.878963524083241,0.6710100716628343,0.4698463103929542,0.573576436351046,0.1834214933134692,0.6443547469673567,-0.7424038765061041,2.99792458,1e-08
oblique,B,5,100,55,35,25,0,0.2,-0.2,0.1,0.25,0,0.5625,0.3677525179157086,-0.08253842240176147,0.2433941090877615,1.093487508234653,0.2005691116800244,0.7045938666805051,-0.8118093650244066,1.093487508234653,0.6710100716628343,0.4698463103929542,0.573576436351046,0.1834214933134692,0.6443547469673567,-0.7424038765061041,2.99792458,1e-08
oblique,off_axis,5,100,55,35,25,0,0.2,-0.2,0.1,0.25,0,0.5625,0.37,-0.41,0.73,4.252455006278836,0.779991647500002,2.740089569560868,-3.157039081329196,4.252455006278836,0.6710100716628343,0.4698463103929542,0.573576436351046,0.1834214933134692,0.6443547469673567,-0.7424038765061041,2.99792458,1e-08
oblique,slice,5,100,55,35,25,0,0.2,-0.2,0.1,0.25,0,0.5625,-0.4,0.6,0,-4.764932478833217,-0.8739910308054392,-3.070306861715118,3.53750434357562,4.764932478833217,0.6710100716628343,0.4698463103929542,0.573576436351046,0.1834214933134692,0.6443547469673567,-0.7424038765061041,2.99792458,1e-08
oblique,A,5,100,55,35,25,0,0.2,-0.2,0.1,0.25,0,0.59375,0.2,-0.2,0.1,-4.998544438147229,-0.9168404852387004,-3.220835836647446,3.710938767768528,4.998544438147229,0.6710100716628343,0.4698463103929542,0.573576436351046,0.1834214933134692,0.6443547469673567,-0.7424038765061041,2.99792458,1e-08
oblique,B,5,100,55,35,25,0,0.2,-0.2,0.1,0.25,0,0.59375,0.3677525179157086,-0.08253842240176147,0.2433941090877615,0.1206378873630099,0.02212758145030536,0.07773359538646871,-0.08956203523180527,0.1206378873630099,0.6710100716628343,0.4698463103929542,0.573576436351046,0.1834214933134692,0.6443547469673567,-0.7424038765061041,2.99792458,1e-08
oblique,off_axis,5,100,55,35,25,0,0.2,-0.2,0.1,0.25,0,0.59375,0.37,-0.41,0.73,3.657667875871135,0.6708949038369884,2.356835658647574,-2.715466810018578,3.657667875871135,0.6710100716628343,0.4698463103929542,0.573576436351046,0.1834214933134692,0.6443547469673567,-0.7424038765061041,2.99792458,1e-08
oblique,slice,5,100,55,35,25,0,0.2,-0.2,0.1,0.25,0,0.59375,-0.4,0.6,0,-4.377801342817067,-0.8029828597292171,-2.820857076524246,3.250096687481018,4.377801342817067,0.6710100716628343,0.4698463103929542,0.573576436351046,0.1834214933134692,0.6443547469673567,-0.7424038765061041,2.99792458,1e-08
oblique,A,5,100,55,35,25,0,0.2,-0.2,0.1,0.25,0,0.625,0.2,-0.2,0.1,-4.926034092669233,-0.9035405293904509,-3.174113451334456,3.657106806198867,4.926034092669233,0.6710100716628343,0.4698463103929542,0.573576436351046,0.1834214933134692,0.6443547469673567,-0.7424038765061041,2.99792458,1e-08
oblique,B,5,100,55,35,25,0,0.2,-0.2,0.1,0.25,0,0.625,0.3677525179157086,-0.08253842240176147,0.2433941090877615,-0.8568477798654867,-0.1571642993252583,-0.5521139343847671,0.6361271133477862,0.8568477798654867,0.6710100716628343,0.4698463103929542,0.573576436351046,0.1834214933134692,0.6443547469673567,-0.7424038765061041,2.99792458,1e-08
oblique,off_axis,5,100,55,35,25,0,0.2,-0.2,0.1,0.25,0,0.625,0.37,-0.41,0.73,2.922318620237482,0.5360160452617159,1.883009875101118,-2.169540672050276,2.922318620237482,0.6710100716628343,0.4698463103929542,0.573576436351046,0.1834214933134692,0.6443547469673567,-0.7424038765061041,2.99792458,1e-08
oblique,slice,5,100,55,35,25,0,0.2,-0.2,0.1,0.25,0,0.625,-0.4,0.6,0,-3.822433756295735,-0.701116507671577,-2.463003335837421,2.837789638361742,3.822433756295735,0.6710100716628343,0.4698463103929542,0.573576436351046,0.1834214933134692,0.6443547469673567,-0.7424038765061041,2.99792458,1e-08
oblique,A,5,100,55,35,25,0,0.2,-0.2,0.1,0.25,0,0.65625,0.2,-0.2,0.1,-4.664219019561704,-0.855518017709093,-3.005411666150015,3.462734280996109,4.664219019561704,0.6710100716628343,0.4698463103929542,0.573576436351046,0.1834214933134692,0.6443547469673567,-0.7424038765061041,2.99792458,1e-08
oblique,B,5,100,55,35,25,0,0.2,-0.2,0.1,0.25,0,0.65625,0.3677525179157086,-0.08253842240176147,0.2433941090877615,-1.801405267439524,-0.3304164442165068,-1.160744035286658,1.337370253705618,1.801405267439524,0.6710100716628343,0.4698463103929542,0.573576436351046,0.1834214933134692,0.6443547469673567,-0.7424038765061041,2.99792458,1e-08
oblique,off_axis,5,100,55,35,25,0,0.2,-0.2,0.1,0.25,0,0.65625,0.37,-0.41,0.73,2.074666298883267,0.380538390668297,1.33682107805863,-1.540240302747509,2.074666298883267,0.6710100716628343,0.4698463103929542,0.573576436351046,0.1834214933134692,0.6443547469673567,-0.7424038765061041,2.99792458,1e-08
oblique,slice,5,100,55,35,25,0,0.2,-0.2,0.1,0.25,0,0.65625,-0.4,0.6,0,-3.120172184165503,-0.5723066414147855,-2.010497758222548,2.316427924890987,3.120172184165503,0.6710100716628343,0.4698463103929542,0.573576436351046,0.1834214933134692,0.6443547469673567,-0.7424038765061041,2.99792458,1e-08
oblique,A,5,100,55,35,25,0,0.2,-0.2,0.1,0.25,0,0.6875,0.2,-0.2,0.1,-4.223160625256581,-0.7746184283872063,-2.721213596089708,3.135290819298428,4.223160625256581,0.6710100716628343,0.4698463103929542,0.573576436351046,0.1834214933134692,0.6443547469673567,-0.7424038765061041,2.99792458,1e-08
oblique,B,5,100,55,35,25,0,0.2,-0.2,0.1,0.25,0,0.6875,0.3677525179157086,-0.08253842240176147,0.2433941090877615,-2.676735760825572,-0.4909708704561915,-1.724767393865237,1.987219005219421,2.676735760825572,0.6710100716628343,0.4698463103929542,0.573576436351046,0.1834214933134692,0.6443547469673567,-0.7424038765061041,2.99792458,1e-08
oblique,off_axis,5,100,55,35,25,0,0.2,-0.2,0.1,0.25,0,0.6875,0.37,-0.41,0.73,1.147285715149232,0.2104368591298836,0.7392589966842464,-0.8517493623868678,1.147285715149232,0.6710100716628343,0.4698463103929542,0.573576436351046,0.1834214933134692,0.6443547469673567,-0.7424038765061041,2.99792458,1e-08
oblique,slice,5,100,55,35,25,0,0.2,-0.2,0.1,0.25,0,0.6875,-0.4,0.6,0,-2.298004144810512,-0.4215033518816859,-1.480729879259315,1.706047185334419,2.298004144810512,0.6710100716628343,0.4698463103929542,0.573576436351046,0.1834214933134692,0.6443547469673567,-0.7424038765061041,2.99792458,1e-08
oblique,A,5,100,55,35,25,0,0.2,-0.2,0.1,0.25,0,0.71875,0.2,-0.2,0.1,-3.619808536498612,-0.6639506872734189,-2.332440813605841,2.687359889706457,3.619808536498612,0.6710100716628343,0.4698463103929542,0.573576436351046,0.1834214933134692,0.6443547469673567,-0.7424038765061041,2.99792458,1e-08
oblique,B,5,100,55,35,25,0,0.2,-0.2,0.1,0.25,0,0.71875,0.3677525179157086,-0.08253842240176147,0.2433941090877615,-3.449200800053803,-0.6326575614838812,-2.222508908758273,2.560700044807899,3.449200800053803,0.6710100716628343,0.4698463103929542,0.573576436351046,0.1834214933134692,0.6443547469673567,-0.7424038765061041,2.99792458,1e-08
oblique,off_axis,5,100,55,35,25,0,0.2,-0.2,0.1,0.25,0,0.71875,0.37,-0.41,0.73,0.1758155847872541,0.032248357109459,0.1132876066485089,-0.130526171696245,0.1758155847872541,0.6710100716628343,0.4698463103929542,0.573576436351046,0.1834214933134692,0.6443547469673567,-0.7424038765061041,2.99792458,1e-08
oblique,slice,5,100,55,35,25,0,0.2,-0.2,0.1,0.25,0,0.71875,-0.4,0.6,0,-1.387525094906024,-0.254501924917576,-0.8940583814390287,1.030104009207732,1.387525094906024,0.6710100716628343,0.4698463103929542,0.573576436351046,0.1834214933134692,0.6443547469673567,-0.7424038765061041,2.99792458,1e-08
oblique,A,5,100,55,35,25,0,0.2,-0.2,0.1,0.25,0,0.75,0.2,-0.2,0.1,-2.877349235695015,-0.5277676935955489,-1.854033638702979,2.136155226641855,2.877349235695015,0.6710100716628343,0.4698463103929542,0.573576436351046,0.1834214933134692,0.6443547469673567,-0.7424038765061041,2.99792458,1e-08
oblique,B,5,100,55,35,25,0,0.2,-0.2,0.1,0.25,0,0.75,0.3677525179157086,-0.08253842240176147,0.2433941090877615,-4.08911498687006,-0.7500315772221933,-2.634840652685084,3.035774817731539,4.08911498687006,0.6710100716628343,0.4698463103929542,0.573576436351046,0.1834214933134692,0.6443547469673567,-0.7424038765061041,2.99792458,1e-08
oblique,off_axis,5,100,55,35,25,0,0.2,-0.2,0.1,0.25,0,0.75,0.37,-0.41,0.73,-0.8024110398995823,-0.1471794311895951,-0.5170373625783089,0.595713066572744,0.8024110398995823,0.6710100716628343,0.4698463103929542,0.573576436351046,0.1834214933134692,0.6443547469673567,-0.7424038765061041,2.99792458,1e-08
oblique,slice,5,100,55,35,25,0,0.2,-0.2,0.1,0.25,0,0.75,-0.4,0.6,0,-0.4237242337373359,-0.07772013170520761,-0.2730287214137582,0.3145745136961767,0.4237242337373359,0.6710100716628343,0.4698463103929542,0.573576436351046,0.1834214933134692,0.6443547469673567,-0.7424038765061041,2.99792458,1e-08
oblique,A,5,100,55,35,25,0,0.2,-0.2,0.1,0.25,0,0.78125,0.2,-0.2,0.1,-2.0243150173997,-0.3713028834283344,-1.304376990818804,1.502859316187059,2.0243150173997,0.6710100716628343,0.4698463103929542,0.573576436351046,0.1834214933134692,0.6443547469673567,-0.7424038765061041,2.99792458,1e-08
oblique,B,5,100,55,35,25,0,0.2,-0.2,0.1,0.25,0,0.78125,0.3677525179157086,-0.08253842240176147,0.2433941090877615,-4.571886777943003,-0.8385823000704108,-2.945916947964868,3.394186466891888,4.571886777943003,0.6710100716628343,0.4698463103929542,0.573576436351046,0.1834214933134692,0.6443547469673567,-0.7424038765061041,2.99792458,1e-08
oblique,off_axis,5,100,55,35,25,0,0.2,-0.2,0.1,0.25,0,0.78125,0.37,-0.41,0.73,-1.749801458320373,-0.320951196487209,-1.127492875919136,1.299059385773079,1.749801458320373,0.6710100716628343,0.4698463103929542,0.573576436351046,0.1834214933134692,0.6443547469673567,-0.7424038765061041,2.99792458,1e-08
oblique,slice,5,100,55,35,25,0,0.2,-0.2,0.1,0.25,0,0.78125,-0.4,0.6,0,0.5563601121065903,0.1020484025826399,0.3584932792591722,-0.4130439039613033,0.5563601121065903,0.6710100716628343,0.4698463103929542,0.573576436351046,0.1834214933134692,0.6443547469673567,-0.7424038765061041,2.99792458,1e-08
oblique,A,5,100,55,35,25,0,0.2,-0.2,0.1,0.25,0,0.8125,0.2,-0.2,0.1,-1.093487508234656,-0.200569111680025,-0.7045938666805072,0.811809365024409,1.093487508234656,0.6710100716628343,0.4698463103929542,0.573576436351046,0.1834214933134692,0.6443547469673567,-0.7424038765061041,2.99792458,1e-08
oblique,B,5,100,55,35,25,0,0.2,-0.2,0.1,0.25,0,0.8125,0.3677525179157086,-0.08253842240176147,0.2433941090877615,-4.878963524083242,-0.8949067754092945,-3.143783307023621,3.622161433611282,4.878963524083242,0.6710100716628343,0.4698463103929542,0.573576436351046,0.1834214933134692,0.6443547469673567,-0.7424038765061041,2.99792458,1e-08
oblique,off_axis,5,100,55,35,25,0,0.2,-0.2,0.1,0.25,0,0.8125,0.37,-0.41,0.73,-2.629947987997876,-0.4823889872953241,-1.69461947034368,1.952483581299052,2.629947987997876,0.6710100716628343,0.4698463103929542,0.573576436351046,0.1834214933134692,0.6443547469673567,-0.7424038765061041,2.99792458,1e-08
oblique,slice,5,100,55,35,25,0,0.2,-0.2,0.1,0.25,0,0.8125,-0.4,0.6,0,1.515063850852606,0.2778952739886401,0.9762385842555199,-1.12478927602724,1.515063850852606,0.6710100716628343,0.4698463103929542,0.573576436351046,0.1834214933134692,0.6443547469673567,-0.7424038765061041,2.99792458,1e-08
oblique,A,5,100,55,35,25,0,0.2,-0.2,0.1,0.25,0,0.84375,0.2,-0.2,0.1,-0.1206378873630134,-0.022127581450306,-0.07773359538647096,0.08956203523180786,0.1206378873630134,0.6710100716628343,0.4698463103929542,0.573576436351046,0.1834214933134692,0.6443547469673567,-0.7424038765061041,2.99792458,1e-08
oblique,B,5,100,55,35,25,0,0.2,-0.2,0.1,0.25,0,0.84375,0.3677525179157086,-0.08253842240176147,0.2433941090877615,-4.998544438147229,-0.9168404852387004,-3.220835836647446,3.710938767768528,4.998544438147229,0.6710100716628343,0.4698463103929542,0.573576436351046,0.1834214933134692,0.6443547469673567,-0.7424038765061041,2.99792458,1e-08
oblique,off_axis,5,100,55,35,25,0,0.2,-0.2,0.1,0.25,0,0.84375,0.37,-0.41,0.73,-3.409027091388443,-0.6252888398485407,-2.196622788876464,2.530874927761109,3.409027091388443,0.6710100716628343,0.4698463103929542,0.573576436351046,0.1834214933134692,0.6443547469673567,-0.7424038765061041,2.99792458,1e-08
oblique,slice,5,100,55,35,25,0,0.2,-0.2,0.1,0.25,0,0.84375,-0.4,0.6,0,2.415544535467951,0.4430627858607219,1.556467587939833,-1.793309627004543,2.415544535467951,0.6710100716628343,0.4698463103929542,0.573576436351046,0.1834214933134692,0.6443547469673567,-0.7424038765061041,2.99792458,1e-08
oblique,A,5,100,55,35,25,0,0.2,-0.2,0.1,0.25,0,0.875,0.2,-0.2,0.1,0.8568477798654833,0.1571642993252577,0.5521139343847649,-0.6361271133477837,0.8568477798654833,0.6710100716628343,0.4698463103929542,0.573576436351046,0.1834214933134692,0.6443547469673567,-0.7424038765061041,2.99792458,1e-08
oblique,B,5,100,55,35,25,0,0.2,-0.2,0.1,0.25,0,0.875,0.3677525179157086,-0.08253842240176147,0.2433941090877615,-4.926034092669233,-0.9035405293904509,-3.174113451334456,3.657106806198867,4.926034092669233,0.6710100716628343,0.4698463103929542,0.573576436351046,0.1834214933134692,0.6443547469673567,-0.7424038765061041,2.99792458,1e-08
oblique,off_axis,5,100,55,35,25,0,0.2,-0.2,0.1,0.25,0,0.875,0.37,-0.41,0.73,-4.057099195461371,-0.744159192952399,-2.614211125512978,3.012006170080318,4.057099195461371,0.6710100716628343,0.4698463103929542,0.573576436351046,0.1834214933134692,0.6443547469673567,-0.7424038765061041,2.99792458,1e-08
oblique,slice,5,100,55,35,25,0,0.2,-0.2,0.1,0.25,0,0.875,-0.4,0.6,0,3.223197198238246,0.591203643344649,2.076882415096698,-2.392914094715688,3.223197198238246,0.6710100716628343,0.4698463103929542,0.573576436351046,0.1834214933134692,0.6443547469673567,-0.7424038765061041,2.99792458,1e-08
oblique,A,5,100,55,35,25,0,0.2,-0.2,0.1,0.25,0,0.90625,0.2,-0.2,0.1,1.80140526743952,0.3304164442165061,1.160744035286656,-1.337370253705615,1.80140526743952,0.6710100716628343,0.4698463103929542,0.573576436351046,0.1834214933134692,0.6443547469673567,-0.7424038765061041,2.99792458,1e-08
oblique,B,5,100,55,35,25,0,0.2,-0.2,0.1,0.25,0,0.90625,0.3677525179157086,-0.08253842240176147,0.2433941090877615,-4.664219019561703,-0.8555180177090927,-3.005411666150014,3.462734280996109,4.664219019561703,0.6710100716628343,0.4698463103929542,0.573576436351046,0.1834214933134692,0.6443547469673567,-0.7424038765061041,2.99792458,1e-08
oblique,off_axis,5,100,55,35,25,0,0.2,-0.2,0.1,0.25,0,0.90625,0.37,-0.41,0.73,-4.549259252700159,-0.83443192560038,-2.931336794662517,3.37738770443586,4.549259252700159,0.6710100716628343,0.4698463103929542,0.573576436351046,0.1834214933134692,0.6443547469673567,-0.7424038765061041,2.99792458,1e-08
oblique,slice,5,100,55,35,25,0,0.2,-0.2,0.1,0.25,0,0.90625,-0.4,0.6,0,3.906984200270059,0.7166248763656643,2.517483815770474,-2.900560215728592,3.906984200270059,0.6710100716628343,0.4698463103929542,0.573576436351046,0.1834214933134692,0.6443547469673567,-0.7424038765061041,2.99792458,1e-08
oblique,A,5,100,55,35,25,0,0.2,-0.2,0.1,0.25,0,0.9375,0.2,-0.2,0.1,2.67673576082557,0.490970870456191,1.724767393865235,-1.987219005219419,2.67673576082557,0.6710100716628343,0.4698463103929542,0.573576436351046,0.1834214933134692,0.6443547469673567,-0.7424038765061041,2.99792458,1e-08
oblique,B,5,100,55,35,25,0,0.2,-0.2,0.1,0.25,0,0.9375,0.3677525179157086,-0.08253842240176147,0.2433941090877615,-4.22316062525658,-0.7746184283872061,-2.721213596089707,3.135290819298427,4.22316062525658,0.6710100716628343,0.4698463103929542,0.573576436351046,0.1834214933134692,0.6443547469673567,-0.7424038765061041,2.99792458,1e-08
oblique,off_axis,5,100,55,35,25,0,0.2,-0.2,0.1,0.25,0,0.9375,0.37,-0.41,0.73,-4.866593828111662,-0.8926379073023536,-3.13581283470579,3.612978123370779,4.866593828111662,0.6710100716628343,0.4698463103929542,0.573576436351046,0.1834214933134692,0.6443547469673567,-0.7424038765061041,2.99792458,1e-08
oblique,slice,5,100,55,35,25,0,0.2,-0.2,0.1,0.25,0,0.9375,-0.4,0.6,0,4.440627990547475,0.8145066172758079,2.86133972522538,-3.296739434303957,4.440627990547475,0.6710100716628343,0.4698463103929542,0.573576436351046,0.1834214933134692,0.6443547469673567,-0.7424038765061041,2.99792458,1e-08
oblique,A,5,100,55,35,25,0,0.2,-0.2,0.1,0.25,0,0.96875,0.2,-0.2,0.1,3.4492008000538,0.6326575614838807,2.222508908758271,-2.560700044807897,3.4492008000538,0.6710100716628343,0.4698463103929542,0.573576436351046,0.1834214933134692,0.6443547469673567,-0.7424038765061041,2.99792458,1e-08
oblique,B,5,100,55,35,25,0,0.2,-0.2,0.1,0.25,0,0.96875,0.3677525179157086,-0.08253842240176147,0.2433941090877615,-3.619808536498609,-0.6639506872734183,-2.332440813605839,2.687359889706455,3.619808536498609,0.6710100716628343,0.4698463103929542,0.573576436351046,0.1834214933134692,0.6443547469673567,-0.7424038765061041,2.99792458,1e-08
oblique,off_axis,5,100,55,35,25,0,0.2,-0.2,0.1,0.25,0,0.96875,0.37,-0.41,0.73,-4.996907931926094,-0.9165403148238032,-3.219781346095416,3.709723819206032,4.996907931926094,0.6710100716628343,0.4698463103929542,0.573576436351046,0.1834214933134692,0.6443547469673567,-0.7424038765061041,2.99792458,1e-08
oblique,slice,5,100,55,35,25,0,0.2,-0.2,0.1,0.25,0,0.96875,-0.4,0.6,0,4.803620937481019,0.8810873256646155,3.095235953697679,-3.566226805251794,4.803620937481019,0.6710100716628343,0.4698463103929542,0.573576436351046,0.1834214933134692,0.6443547469673567,-0.7424038765061041,2.99792458,1e-08
oblique,A,5,100,55,35,25,0,0.2,-0.2,0.1,0.25,0,1,0.2,-0.2,0.1,4.089114986870058,0.7500315772221929,2.634840652685082,-3.035774817731538,4.089114986870058,0.6710100716628343,0.4698463103929542,0.573576436351046,0.1834214933134692,0.6443547469673567,-0.7424038765061041,2.99792458,1e-08
oblique,B,5,100,55,35,25,0,0.2,-0.2,0.1,0.25,0,1,0.3677525179157086,-0.08253842240176147,0.2433941090877615,-2.877349235695012,-0.5277676935955483,-1.854033638702977,2.136155226641853,2.877349235695012,0.6710100716628343,0.4698463103929542,0.573576436351046,0.1834214933134692,0.6443547469673567,-0.7424038765061041,2.99792458,1e-08
oblique,off_axis,5,100,55,35,25,0,0.2,-0.2,0.1,0.25,0,1,0.37,-0.41,0.73,-4.93519366621486,-0.9052205920483044,-3.180015466028778,3.663906909106284,4.93519366621486,0.6710100716628343,0.4698463103929542,0.573576436351046,0.1834214933134692,0.6443547469673567,-0.7424038765061041,2.99792458,1e-08
oblique,slice,5,100,55,35,25,0,0.2,-0.2,0.1,0.25,0,1,-0.4,0.6,0,4.982013425688826,0.9138083422475967,3.210184000297697,-3.69866608003684,4.982013425688826,0.6710100716628343,0.4698463103929542,0.573576436351046,0.1834214933134692,0.6443547469673567,-0.7424038765061041,2.99792458,1e-08
oblique,A,5,100,55,35,25,0,0.2,-0.2,0.1,0.25,0,1.03125,0.2,-0.2,0.1,4.571886777943003,0.8385823000704107,2.945916947964867,-3.394186466891887,4.571886777943003,0.6710100716628343,0.4698463103929542,0.573576436351046,0.1834214933134692,0.6443547469673567,-0.7424038765061041,2.99792458,1e-08
oblique,B,5,100,55,35,25,0,0.2,-0.2,0.1,0.25,0,1.03125,0.3677525179157086,-0.08253842240176147,0.2433941090877615,-2.024315017399697,-0.3713028834283338,-1.304376990818802,1.502859316187057,2.024315017399697,0.6710100716628343,0.4698463103929542,0.573576436351046,0.1834214933134692,0.6443547469673567,-0.7424038765061041,2.99792458,1e-08
oblique,off_axis,5,100,55,35,25,0,0.2,-0.2,0.1,0.25,0,1.03125,0.37,-0.41,0.73,-4.683822675599483,-0.8591137495739459,-3.018043374975873,3.477288111232248,4.683822675599483,0.6710100716628343,0.4698463103929542,0.573576436351046,0.1834214933134692,0.6443547469673567,-0.7424038765061041,2.99792458,1e-08
oblique,slice,5,100,55,35,25,0,0.2,-0.2,0.1,0.25,0,1.03125,-0.4,0.6,0,4.968949931892728,0.9114122167076252,3.201766476058203,-3.688967691601903,4.968949931892728,0.6710100716628343,0.4698463103929542,0.573576436351046,0.1834214933134692,0.6443547469673567,-0.7424038765061041,2.99792458,1e-08
oblique,A,5,100,55,35,25,0,0.2,-0.2,0.1,0.25,0,1.0625,0.2,-0.2,0.1,4.878963524083241,0.8949067754092943,3.14378330702362,-3.622161433611281,4.878963524083241,0.6710100716628343,0.4698463103929542,0.573576436351046,0.1834214933134692,0.6443547469673567,-0.7424038765061041,2.99792458,1e-08
oblique,B,5,100,55,35,25,0,0.2,-0.2,0.1,0.25,0,1.0625,0.3677525179157086,-0.08253842240176147,0.2433941090877615,-1.093487508234653,-0.2005691116800244,-0.7045938666805051,0.8118093650244066,1.093487508234653,0.6710100716628343,0.4698463103929542,0.573576436351046,0.1834214933134692,0.6443547469673567,-0.7424038765061041,2.99792458,1e-08
oblique,off_axis,5,100,55,35,25,0,0.2,-0.2,0.1,0.25,0,1.0625,0.37,-0.41,0.73,-4.252455006278836,-0.779991647500002,-2.740089569560868,3.157039081329196,4.252455006278836,0.6710100716628343,0.4698463103929542,0.573576436351046,0.1834214933134692,0.6443547469673567,-0.7424038765061041,2.99792458,1e-08
oblique,slice,5,100,55,35,25,0,0.2,-0.2,0.1,0.25,0,1.0625,-0.4,0.6,0,4.764932478833217,0.8739910308054392,3.070306861715118,-3.53750434357562,4.764932478833217,0.6710100716628343,0.4698463103929542,0.573576436351046,0.1834214933134692,0.6443547469673567,-0.7424038765061041,2.99792458,1e-08
oblique,A,5,100,55,35,25,0,0.2,-0.2,0.1,0.25,0,1.09375,0.2,-0.2,0.1,4.998544438147229,0.9168404852387004,3.220835836647446,-3.710938767768528,4.998544438147229,0.6710100716628343,0.4698463103929542,0.573576436351046,0.1834214933134692,0.6443547469673567,-0.7424038765061041,2.99792458,1e-08
oblique,B,5,100,55,35,25,0,0.2,-0.2,0.1,0.25,0,1.09375,0.3677525179157086,-0.08253842240176147,0.2433941090877615,-0.1206378873630099,-0.02212758145030536,-0.07773359538646871,0.08956203523180527,0.1206378873630099,0.6710100716628343,0.4698463103929542,0.573576436351046,0.1834214933134692,0.6443547469673567,-0.7424038765061041,2.99792458,1e-08
oblique,off_axis,5,100,55,35,25,0,0.2,-0.2,0.1,0.25,0,1.09375,0.37,-0.41,0.73,-3.657667875871135,-0.6708949038369884,-2.356835658647574,2.715466810018578,3.657667875871135,0.6710100716628343,0.4698463103929542,0.573576436351046,0.1834214933134692,0.6443547469673567,-0.7424038765061041,2.99792458,1e-08
oblique,slice,5,100,55,35,25,0,0.2,-0.2,0.1,0.25,0,1.09375,-0.4,0.6,0,4.377801342817067,0.8029828597292171,2.820857076524246,-3.250096687481018,4.377801342817067,0.6710100716628343,0.4698463103929542,0.573576436351046,0.1834214933134692,0.6443547469673567,-0.7424038765061041,2.99792458,1e-08
oblique,A,5,100,55,35,25,0,0.2,-0.2,0.1,0.25,0,1.125,0.2,-0.2,0.1,4.926034092669233,0.9035405293904509,3.174113451334456,-3.657106806198867,4.926034092669233,0.6710100716628343,0.4698463103929542,0.573576436351046,0.1834214933134692,0.6443547469673567,-0.7424038765061041,2.99792458,1e-08
oblique,B,5,100,55,35,25,0,0.2,-0.2,0.1,0.25,0,1.125,0.3677525179157086,-0.08253842240176147,0.2433941090877615,0.8568477798654867,0.1571642993252583,0.5521139343847671,-0.6361271133477862,0.8568477798654867,0.6710100716628343,0.4698463103929542,0.573576436351046,0.1834214933134692,0.6443547469673567,-0.7424038765061041,2.99792458,1e-08
oblique,off_axis,5,100,55,35,25,0,0.2,-0.2,0.1,0.25,0,1.125,0.37,-0.41,0.73,-2.922318620237482,-0.5360160452617159,-1.883009875101118,2.169540672050276,2.922318620237482,0.6710100716628343,0.4698463103929542,0.573576436351046,0.1834214933134692,0.6443547469673567,-0.7424038765061041,2.99792458,1e-08
oblique,slice,5,100,55,35,25,0,0.2,-0.2,0.1,0.25,0,1.125,-0.4,0.6,0,3.822433756295735,0.701116507671577,2.463003335837421,-2.837789638361742,3.822433756295735,0.6710100716628343,0.4698463103929542,0.573576436351046,0.1834214933134692,0.6443547469673567,-0.7424038765061041,2.99792458,1e-08
oblique,A,5,100,55,35,25,0,0.2,-0.2,0.1,0.25,0,1.15625,0.2,-0.2,0.1,4.664219019561704,0.855518017709093,3.005411666150015,-3.462734280996109,4.664219019561704,0.6710100716628343,0.4698463103929542,0.573576436351046,0.1834214933134692,0.6443547469673567,-0.7424038765061041,2.99792458,1e-08
oblique,B,5,100,55,35,25,0,0.2,-0.2,0.1,0.25,0,1.15625,0.3677525179157086,-0.08253842240176147,0.2433941090877615,1.801405267439524,0.3304164442165068,1.160744035286658,-1.337370253705618,1.801405267439524,0.6710100716628343,0.4698463103929542,0.573576436351046,0.1834214933134692,0.6443547469673567,-0.7424038765061041,2.99792458,1e-08
oblique,off_axis,5,100,55,35,25,0,0.2,-0.2,0.1,0.25,0,1.15625,0.37,-0.41,0.73,-2.074666298883267,-0.380538390668297,-1.33682107805863,1.540240302747509,2.074666298883267,0.6710100716628343,0.4698463103929542,0.573576436351046,0.1834214933134692,0.6443547469673567,-0.7424038765061041,2.99792458,1e-08
oblique,slice,5,100,55,35,25,0,0.2,-0.2,0.1,0.25,0,1.15625,-0.4,0.6,0,3.120172184165503,0.5723066414147855,2.010497758222548,-2.316427924890987,3.120172184165503,0.6710100716628343,0.4698463103929542,0.573576436351046,0.1834214933134692,0.6443547469673567,-0.7424038765061041,2.99792458,1e-08
oblique,A,5,100,55,35,25,0,0.2,-0.2,0.1,0.25,0,1.1875,0.2,-0.2,0.1,4.223160625256581,0.7746184283872063,2.721213596089708,-3.135290819298428,4.223160625256581,0.6710100716628343,0.4698463103929542,0.573576436351046,0.1834214933134692,0.6443547469673567,-0.7424038765061041,2.99792458,1e-08
oblique,B,5,100,55,35,25,0,0.2,-0.2,0.1,0.25,0,1.1875,0.3677525179157086,-0.08253842240176147,0.2433941090877615,2.676735760825572,0.4909708704561915,1.724767393865237,-1.987219005219421,2.676735760825572,0.6710100716628343,0.4698463103929542,0.573576436351046,0.1834214933134692,0.6443547469673567,-0.7424038765061041,2.99792458,1e-08
oblique,off_axis,5,100,55,35,25,0,0.2,-0.2,0.1,0.25,0,1.1875,0.37,-0.41,0.73,-1.147285715149232,-0.2104368591298836,-0.7392589966842464,0.8517493623868678,1.147285715149232,0.6710100716628343,0.4698463103929542,0.573576436351046,0.1834214933134692,0.6443547469673567,-0.7424038765061041,2.99792458,1e-08
oblique,slice,5,100,55,35,25,0,0.2,-0.2,0.1,0.25,0,1.1875,-0.4,0.6,0,2.298004144810512,0.4215033518816859,1.480729879259315,-1.706047185334419,2.298004144810512,0.6710100716628343,0.4698463103929542,0.573576436351046,0.1834214933134692,0.6443547469673567,-0.7424038765061041,2.99792458,1e-08
oblique,A,5,100,55,35,25,0,0.2,-0.2,0.1,0.25,0,1.21875,0.2,-0.2,0.1,3.619808536498612,0.6639506872734189,2.332440813605841,-2.687359889706457,3.619808536498612,0.6710100716628343,0.4698463103929542,0.573576436351046,0.1834214933134692,0.6443547469673567,-0.7424038765061041,2.99792458,1e-08
oblique,B,5,100,55,35,25,0,0.2,-0.2,0.1,0.25,0,1.21875,0.3677525179157086,-0.08253842240176147,0.2433941090877615,3.449200800053803,0.6326575614838812,2.222508908758273,-2.560700044807899,3.449200800053803,0.6710100716628343,0.4698463103929542,0.573576436351046,0.1834214933134692,0.6443547469673567,-0.7424038765061041,2.99792458,1e-08
oblique,off_axis,5,100,55,35,25,0,0.2,-0.2,0.1,0.25,0,1.21875,0.37,-0.41,0.73,-0.1758155847872541,-0.032248357109459,-0.1132876066485089,0.130526171696245,0.1758155847872541,0.6710100716628343,0.4698463103929542,0.573576436351046,0.1834214933134692,0.6443547469673567,-0.7424038765061041,2.99792458,1e-08
oblique,slice,5,100,55,35,25,0,0.2,-0.2,0.1,0.25,0,1.21875,-0.4,0.6,0,1.387525094906024,0.254501924917576,0.8940583814390287,-1.030104009207732,1.387525094906024,0.6710100716628343,0.4698463103929542,0.573576436351046,0.1834214933134692,0.6443547469673567,-0.7424038765061041,2.99792458,1e-08
oblique,A,5,100,55,35,25,0,0.2,-0.2,0.1,0.25,0,1.25,0.2,-0.2,0.1,2.877349235695015,0.5277676935955489,1.854033638702979,-2.136155226641855,2.877349235695015,0.6710100716628343,0.4698463103929542,0.573576436351046,0.1834214933134692,0.6443547469673567,-0.7424038765061041,2.99792458,1e-08
oblique,B,5,100,55,35,25,0,0.2,-0.2,0.1,0.25,0,1.25,0.3677525179157086,-0.08253842240176147,0.2433941090877615,4.08911498687006,0.7500315772221933,2.634840652685084,-3.035774817731539,4.08911498687006,0.6710100716628343,0.4698463103929542,0.573576436351046,0.1834214933134692,0.6443547469673567,-0.7424038765061041,2.99792458,1e-08
oblique,off_axis,5,100,55,35,25,0,0.2,-0.2,0.1,0.25,0,1.25,0.37,-0.41,0.73,0.8024110398995823,0.1471794311895951,0.5170373625783089,-0.595713066572744,0.8024110398995823,0.6710100716628343,0.4698463103929542,0.573576436351046,0.1834214933134692,0.6443547469673567,-0.7424038765061041,2.99792458,1e-08
oblique,slice,5,100,55,35,25,0,0.2,-0.2,0.1,0.25,0,1.25,-0.4,0.6,0,0.4237242337373359,0.07772013170520761,0.2730287214137582,-0.3145745136961767,0.4237242337373359,0.6710100716628343,0.4698463103929542,0.573576436351046,0.1834214933134692,0.6443547469673567,-0.7424038765061041,2.99792458,1e-08
oblique,A,5,100,55,35,25,0,0.2,-0.2,0.1,0.25,0,1.28125,0.2,-0.2,0.1,2.0243150173997,0.3713028834283344,1.304376990818804,-1.502859316187059,2.0243150173997,0.6710100716628343,0.4698463103929542,0.573576436351046,0.1834214933134692,0.6443547469673567,-0.7424038765061041,2.99792458,1e-08
oblique,B,5,100,55,35,25,0,0.2,-0.2,0.1,0.25,0,1.28125,0.3677525179157086,-0.08253842240176147,0.2433941090877615,4.571886777943003,0.8385823000704108,2.945916947964868,-3.394186466891888,4.571886777943003,0.6710100716628343,0.4698463103929542,0.573576436351046,0.1834214933134692,0.6443547469673567,-0.7424038765061041,2.99792458,1e-08
oblique,off_axis,5,100,55,35,25,0,0.2,-0.2,0.1,0.25,0,1.28125,0.37,-0.41,0.73,1.749801458320373,0.320951196487209,1.127492875919136,-1.299059385773079,1.749801458320373,0.6710100716628343,0.4698463103929542,0.573576436351046,0.1834214933134692,0.6443547469673567,-0.7424038765061041,2.99792458,1e-08
oblique,slice,5,100,55,35,25,0,0.2,-0.2,0.1,0.25,0,1.28125,-0.4,0.6,0,-0.5563601121065903,-0.1020484025826399,-0.3584932792591722,0.4130439039613033,0.5563601121065903,0.6710100716628343,0.4698463103929542,0.573576436351046,0.1834214933134692,0.6443547469673567,-0.7424038765061041,2.99792458,1e-08
oblique,A,5,100,55,35,25,0,0.2,-0.2,0.1,0.25,0,1.3125,0.2,-0.2,0.1,1.093487508234656,0.200569111680025,0.7045938666805072,-0.811809365024409,1.093487508234656,0.6710100716628343,0.4698463103929542,0.573576436351046,0.1834214933134692,0.6443547469673567,-0.7424038765061041,2.99792458,1e-08
oblique,B,5,100,55,35,25,0,0.2,-0.2,0.1,0.25,0,1.3125,0.3677525179157086,-0.08253842240176147,0.2433941090877615,4.878963524083242,0.8949067754092945,3.143783307023621,-3.622161433611282,4.878963524083242,0.6710100716628343,0.4698463103929542,0.573576436351046,0.1834214933134692,0.6443547469673567,-0.7424038765061041,2.99792458,1e-08
oblique,off_axis,5,100,55,35,25,0,0.2,-0.2,0.1,0.25,0,1.3125,0.37,-0.41,0.73,2.629947987997876,0.4823889872953241,1.69461947034368,-1.952483581299052,2.629947987997876,0.6710100716628343,0.4698463103929542,0.573576436351046,0.1834214933134692,0.6443547469673567,-0.7424038765061041,2.99792458,1e-08
oblique,slice,5,100,55,35,25,0,0.2,-0.2,0.1,0.25,0,1.3125,-0.4,0.6,0,-1.515063850852606,-0.2778952739886401,-0.9762385842555199,1.12478927602724,1.515063850852606,0.6710100716628343,0.4698463103929542,0.573576436351046,0.1834214933134692,0.6443547469673567,-0.7424038765061041,2.99792458,1e-08
oblique,A,5,100,55,35,25,0,0.2,-0.2,0.1,0.25,0,1.34375,0.2,-0.2,0.1,0.1206378873630134,0.022127581450306,0.07773359538647096,-0.08956203523180786,0.1206378873630134,0.6710100716628343,0.4698463103929542,0.573576436351046,0.1834214933134692,0.6443547469673567,-0.7424038765061041,2.99792458,1e-08
oblique,B,5,100,55,35,25,0,0.2,-0.2,0.1,0.25,0,1.34375,0.3677525179157086,-0.08253842240176147,0.2433941090877615,4.998544438147229,0.9168404852387004,3.220835836647446,-3.710938767768528,4.998544438147229,0.6710100716628343,0.4698463103929542,0.573576436351046,0.1834214933134692,0.6443547469673567,-0.7424038765061041,2.99792458,1e-08
oblique,off_axis,5,100,55,35,25,0,0.2,-0.2,0.1,0.25,0,1.34375,0.37,-0.41,0.73,3.409027091388443,0.6252888398485407,2.196622788876464,-2.530874927761109,3.409027091388443,0.6710100716628343,0.4698463103929542,0.573576436351046,0.1834214933134692,0.6443547469673567,-0.7424038765061041,2.99792458,1e-08
oblique,slice,5,100,55,35,25,0,0.2,-0.2,0.1,0.25,0,1.34375,-0.4,0.6,0,-2.415544535467951,-0.4430627858607219,-1.556467587939833,1.793309627004543,2.415544535467951,0.6710100716628343,0.4698463103929542,0.573576436351046,0.1834214933134692,0.6443547469673567,-0.7424038765061041,2.99792458,1e-08
oblique,A,5,100,55,35,25,0,0.2,-0.2,0.1,0.25,0,1.375,0.2,-0.2,0.1,-0.8568477798654833,-0.1571642993252577,-0.5521139343847649,0.6361271133477837,0.8568477798654833,0.6710100716628343,0.4698463103929542,0.573576436351046,0.1834214933134692,0.6443547469673567,-0.7424038765061041,2.99792458,1e-08
oblique,B,5,100,55,35,25,0,0.2,-0.2,0.1,0.25,0,1.375,0.3677525179157086,-0.08253842240176147,0.2433941090877615,4.926034092669232,0.9035405293904507,3.174113451334456,-3.657106806198867,4.926034092669232,0.6710100716628343,0.4698463103929542,0.573576436351046,0.1834214933134692,0.6443547469673567,-0.7424038765061041,2.99792458,1e-08
oblique,off_axis,5,100,55,35,25,0,0.2,-0.2,0.1,0.25,0,1.375,0.37,-0.41,0.73,4.057099195461371,0.744159192952399,2.614211125512978,-3.012006170080318,4.057099195461371,0.6710100716628343,0.4698463103929542,0.573576436351046,0.1834214933134692,0.6443547469673567,-0.7424038765061041,2.99792458,1e-08
oblique,slice,5,100,55,35,25,0,0.2,-0.2,0.1,0.25,0,1.375,-0.4,0.6,0,-3.223197198238246,-0.591203643344649,-2.076882415096698,2.392914094715688,3.223197198238246,0.6710100716628343,0.4698463103929542,0.573576436351046,0.1834214933134692,0.6443547469673567,-0.7424038765061041,2.99792458,1e-08
oblique,A,5,100,55,35,25,0,0.2,-0.2,0.1,0.25,0,1.40625,0.2,-0.2,0.1,-1.80140526743952,-0.3304164442165061,-1.160744035286656,1.337370253705615,1.80140526743952,0.6710100716628343,0.4698463103929542,0.573576436351046,0.1834214933134692,0.6443547469673567,-0.7424038765061041,2.99792458,1e-08
oblique,B,5,100,55,35,25,0,0.2,-0.2,0.1,0.25,0,1.40625,0.3677525179157086,-0.08253842240176147,0.2433941090877615,4.664219019561703,0.8555180177090926,3.005411666150013,-3.462734280996108,4.664219019561703,0.6710100716628343,0.4698463103929542,0.573576436351046,0.1834214933134692,0.6443547469673567,-0.7424038765061041,2.99792458,1e-08
oblique,off_axis,5,100,55,35,25,0,0.2,-0.2,0.1,0.25,0,1.40625,0.37,-0.41,0.73,4.549259252700159,0.83443192560038,2.931336794662517,-3.37738770443586,4.549259252700159,0.6710100716628343,0.4698463103929542,0.573576436351046,0.1834214933134692,0.6443547469673567,-0.7424038765061041,2.99792458,1e-08
oblique,slice,5,100,55,35,25,0,0.2,-0.2,0.1,0.25,0,1.40625,-0.4,0.6,0,-3.906984200270059,-0.7166248763656643,-2.517483815770474,2.900560215728592,3.906984200270059,0.6710100716628343,0.4698463103929542,0.573576436351046,0.1834214933134692,0.6443547469673567,-0.7424038765061041,2.99792458,1e-08
oblique,A,5,100,55,35,25,0,0.2,-0.2,0.1,0.25,0,1.4375,0.2,-0.2,0.1,-2.67673576082557,-0.490970870456191,-1.724767393865235,1.987219005219419,2.67673576082557,0.6710100716628343,0.4698463103929542,0.573576436351046,0.1834214933134692,0.6443547469673567,-0.7424038765061041,2.99792458,1e-08
oblique,B,5,100,55,35,25,0,0.2,-0.2,0.1,0.25,0,1.4375,0.3677525179157086,-0.08253842240176147,0.2433941090877615,4.223160625256578,0.7746184283872057,2.721213596089707,-3.135290819298426,4.223160625256578,0.6710100716628343,0.4698463103929542,0.573576436351046,0.1834214933134692,0.6443547469673567,-0.7424038765061041,2.99792458,1e-08
oblique,off_axis,5,100,55,35,25,0,0.2,-0.2,0.1,0.25,0,1.4375,0.37,-0.41,0.73,4.866593828111662,0.8926379073023536,3.13581283470579,-3.612978123370779,4.866593828111662,0.6710100716628343,0.4698463103929542,0.573576436351046,0.1834214933134692,0.6443547469673567,-0.7424038765061041,2.99792458,1e-08
oblique,slice,5,100,55,35,25,0,0.2,-0.2,0.1,0.25,0,1.4375,-0.4,0.6,0,-4.440627990547475,-0.8145066172758079,-2.86133972522538,3.296739434303957,4.440627990547475,0.6710100716628343,0.4698463103929542,0.573576436351046,0.1834214933134692,0.6443547469673567,-0.7424038765061041,2.99792458,1e-08
oblique,A,5,100,55,35,25,0,0.2,-0.2,0.1,0.25,0,1.46875,0.2,-0.2,0.1,-3.4492008000538,-0.6326575614838807,-2.222508908758271,2.560700044807897,3.4492008000538,0.6710100716628343,0.4698463103929542,0.573576436351046,0.1834214933134692,0.6443547469673567,-0.7424038765061041,2.99792458,1e-08
oblique,B,5,100,55,35,25,0,0.2,-0.2,0.1,0.25,0,1.46875,0.3677525179157086,-0.08253842240176147,0.2433941090877615,3.619808536498607,0.663950687273418,2.332440813605838,-2.687359889706453,3.619808536498607,0.6710100716628343,0.4698463103929542,0.573576436351046,0.1834214933134692,0.6443547469673567,-0.7424038765061041,2.99792458,1e-08
oblique,off_axis,5,100,55,35,25,0,0.2,-0.2,0.1,0.25,0,1.46875,0.37,-0.41,0.73,4.996907931926094,0.9165403148238032,3.219781346095416,-3.709723819206032,4.996907931926094,0.6710100716628343,0.4698463103929542,0.573576436351046,0.1834214933134692,0.6443547469673567,-0.7424038765061041,2.99792458,1e-08
oblique,slice,5,100,55,35,25,0,0.2,-0.2,0.1,0.25,0,1.46875,-0.4,0.6,0,-4.803620937481019,-0.8810873256646155,-3.095235953697679,3.566226805251794,4.803620937481019,0.6710100716628343,0.4698463103929542,0.573576436351046,0.1834214933134692,0.6443547469673567,-0.7424038765061041,2.99792458,1e-08
oblique,A,5,100,55,35,25,0,0.2,-0.2,0.1,0.25,0,1.5,0.2,-0.2,0.1,-4.089114986870058,-0.7500315772221929,-2.634840652685082,3.035774817731538,4.089114986870058,0.6710100716628343,0.4698463103929542,0.573576436351046,0.1834214933134692,0.6443547469673567,-0.7424038765061041,2.99792458,1e-08
oblique,B,5,100,55,35,25,0,0.2,-0.2,0.1,0.25,0,1.5,0.3677525179157086,-0.08253842240176147,0.2433941090877615,2.877349235695009,0.5277676935955478,1.854033638702975,-2.13615522664185,2.877349235695009,0.6710100716628343,0.4698463103929542,0.573576436351046,0.1834214933134692,0.6443547469673567,-0.7424038765061041,2.99792458,1e-08
oblique,off_axis,5,100,55,35,25,0,0.2,-0.2,0.1,0.25,0,1.5,0.37,-0.41,0.73,4.935193666214859,0.9052205920483043,3.180015466028777,-3.663906909106283,4.935193666214859,0.6710100716628343,0.4698463103929542,0.573576436351046,0.1834214933134692,0.6443547469673567,-0.7424038765061041,2.99792458,1e-08
oblique,slice,5,100,55,35,25,0,0.2,-0.2,0.1,0.25,0,1.5,-0.4,0.6,0,-4.982013425688826,-0.9138083422475967,-3.210184000297697,3.69866608003684,4.982013425688826,0.6710100716628343,0.4698463103929542,0.573576436351046,0.1834214933134692,0.6443547469673567,-0.7424038765061041,2.99792458,1e-08
oblique,A,5,100,55,35,25,0,0.2,-0.2,0.1,0.25,0,1.53125,0.2,-0.2,0.1,-4.571886777943003,-0.8385823000704107,-2.945916947964867,3.394186466891887,4.571886777943003,0.6710100716628343,0.4698463103929542,0.573576436351046,0.1834214933134692,0.6443547469673567,-0.7424038765061041,2.99792458,1e-08
oblique,B,5,100,55,35,25,0,0.2,-0.2,0.1,0.25,0,1.53125,0.3677525179157086,-0.08253842240176147,0.2433941090877615,2.024315017399694,0.3713028834283333,1.3043769908188,-1.502859316187054,2.024315017399694,0.6710100716628343,0.4698463103929542,0.573576436351046,0.1834214933134692,0.6443547469673567,-0.7424038765061041,2.99792458,1e-08
oblique,off_axis,5,100,55,35,25,0,0.2,-0.2,0.1,0.25,0,1.53125,0.37,-0.41,0.73,4.683822675599481,0.8591137495739456,3.018043374975872,-3.477288111232247,4.683822675599481,0.6710100716628343,0.4698463103929542,0.573576436351046,0.1834214933134692,0.6443547469673567,-0.7424038765061041,2.99792458,1e-08
oblique,slice,5,100,55,35,25,0,0.2,-0.2,0.1,0.25,0,1.53125,-0.4,0.6,0,-4.968949931892728,-0.9114122167076252,-3.201766476058203,3.688967691601903,4.968949931892728,0.6710100716628343,0.4698463103929542,0.573576436351046,0.1834214933134692,0.6443547469673567,-0.7424038765061041,2.99792458,1e-08
oblique,A,5,100,55,35,25,0,0.2,-0.2,0.1,0.25,0,1.5625,0.2,-0.2,0.1,-4.878963524083241,-0.8949067754092943,-3.14378330702362,3.622161433611281,4.878963524083241,0.6710100716628343,0.4698463103929542,0.573576436351046,0.1834214933134692,0.6443547469673567,-0.7424038765061041,2.99792458,1e-08
oblique,B,5,100,55,35,25,0,0.2,-0.2,0.1,0.25,0,1.5625,0.3677525179157086,-0.08253842240176147,0.2433941090877615,1.093487508234649,0.2005691116800238,0.7045938666805029,-0.811809365024404,1.093487508234649,0.6710100716628343,0.4698463103929542,0.573576436351046,0.1834214933134692,0.6443547469673567,-0.7424038765061041,2.99792458,1e-08
oblique,off_axis,5,100,55,35,25,0,0.2,-0.2,0.1,0.25,0,1.5625,0.37,-0.41,0.73,4.252455006278833,0.7799916475000015,2.740089569560867,-3.157039081329195,4.252455006278833,0.6710100716628343,0.4698463103929542,0.573576436351046,0.1834214933134692,0.6443547469673567,-0.7424038765061041,2.99792458,1e-08
oblique,slice,5,100,55,35,25,0,0.2,-0.2,0.1,0.25,0,1.5625,-0.4,0.6,0,-4.764932478833217,-0.8739910308054392,-3.070306861715118,3.53750434357562,4.764932478833217,0.6710100716628343,0.4698463103929542,0.573576436351046,0.1834214933134692,0.6443547469673567,-0.7424038765061041,2.99792458,1e-08
oblique,A,5,100,55,35,25,0,0.2,-0.2,0.1,0.25,0,1.59375,0.2,-0.2,0.1,-4.998544438147229,-0.9168404852387004,-3.220835836647446,3.710938767768528,4.998544438147229,0.6710100716628343,0.4698463103929542,0.573576436351046,0.1834214933134692,0.6443547469673567,-0.7424038765061041,2.99792458,1e-08
oblique,B,5,100,55,35,25,0,0.2,-0.2,0.1,0.25,0,1.59375,0.3677525179157086,-0.08253842240176147,0.2433941090877615,0.1206378873630064,0.02212758145030472,0.07773359538646646,-0.08956203523180269,0.1206378873630064,0.6710100716628343,0.4698463103929542,0.573576436351046,0.1834214933134692,0.6443547469673567,-0.7424038765061041,2.99792458,1e-08
oblique,off_axis,5,100,55,35,25,0,0.2,-0.2,0.1,0.25,0,1.59375,0.37,-0.41,0.73,3.657667875871132,0.6708949038369878,2.356835658647572,-2.715466810018575,3.657667875871132,0.6710100716628343,0.4698463103929542,0.573576436351046,0.1834214933134692,0.6443547469673567,-0.7424038765061041,2.99792458,1e-08
oblique,slice,5,100,55,35,25,0,0.2,-0.2,0.1,0.25,0,1.59375,-0.4,0.6,0,-4.377801342817067,-0.8029828597292171,-2.820857076524246,3.250096687481018,4.377801342817067,0.6710100716628343,0.4698463103929542,0.573576436351046,0.1834214933134692,0.6443547469673567,-0.7424038765061041,2.99792458,1e-08
oblique,A,5,100,55,35,25,0,0.2,-0.2,0.1,0.25,0,1.625,0.2,-0.2,0.1,-4.926034092669233,-0.9035405293904509,-3.174113451334456,3.657106806198867,4.926034092669233,0.6710100716628343,0.4698463103929542,0.573576436351046,0.1834214933134692,0.6443547469673567,-0.7424038765061041,2.99792458,1e-08
oblique,B,5,100,55,35,25,0,0.2,-0.2,0.1,0.25,0,1.625,0.3677525179157086,-0.08253842240176147,0.2433941090877615,-0.8568477798654901,-0.1571642993252589,-0.5521139343847693,0.6361271133477887,0.8568477798654901,0.6710100716628343,0.4698463103929542,0.573576436351046,0.1834214933134692,0.6443547469673567,-0.7424038765061041,2.99792458,1e-08
oblique,off_axis,5,100,55,35,25,0,0.2,-0.2,0.1,0.25,0,1.625,0.37,-0.41,0.73,2.92231862023748,0.5360160452617154,1.883009875101116,-2.169540672050275,2.92231862023748,0.6710100716628343,0.4698463103929542,0.573576436351046,0.1834214933134692,0.6443547469673567,-0.7424038765061041,2.99792458,1e-08
oblique,slice,5,100,55,35,25,0,0.2,-0.2,0.1,0.25,0,1.625,-0.4,0.6,0,-3.822433756295735,-0.701116507671577,-2.463003335837421,2.837789638361742,3.822433756295735,0.6710100716628343,0.4698463103929542,0.573576436351046,0.1834214933134692,0.6443547469673567,-0.7424038765061041,2.99792458,1e-08
oblique,A,5,100,55,35,25,0,0.2,-0.2,0.1,0.25,0,1.65625,0.2,-0.2,0.1,-4.664219019561704,-0.855518017709093,-3.005411666150015,3.462734280996109,4.664219019561704,0.6710100716628343,0.4698463103929542,0.573576436351046,0.1834214933134692,0.6443547469673567,-0.7424038765061041,2.99792458,1e-08
oblique,B,5,100,55,35,25,0,0.2,-0.2,0.1,0.25,0,1.65625,0.3677525179157086,-0.08253842240176147,0.2433941090877615,-1.801405267439527,-0.3304164442165073,-1.16074403528666,1.33737025370562,1.801405267439527,0.6710100716628343,0.4698463103929542,0.573576436351046,0.1834214933134692,0.6443547469673567,-0.7424038765061041,2.99792458,1e-08
oblique,off_axis,5,100,55,35,25,0,0.2,-0.2,0.1,0.25,0,1.65625,0.37,-0.41,0.73,2.074666298883264,0.3805383906682964,1.336821078058628,-1.540240302747506,2.074666298883264,0.6710100716628343,0.4698463103929542,0.573576436351046,0.1834214933134692,0.6443547469673567,-0.7424038765061041,2.99792458,1e-08
oblique,slice,5,100,55,35,25,0,0.2,-0.2,0.1,0.25,0,1.65625,-0.4,0.6,0,-3.120172184165503,-0.5723066414147855,-2.010497758222548,2.316427924890987,3.120172184165503,0.6710100716628343,0.4698463103929542,0.573576436351046,0.1834214933134692,0.6443547469673567,-0.7424038765061041,2.99792458,1e-08
oblique,A,5,100,55,35,25,0,0.2,-0.2,0.1,0.25,0,1.6875,0.2,-0.2,0.1,-4.223160625256581,-0.7746184283872063,-2.721213596089708,3.135290819298428,4.223160625256581,0.6710100716628343,0.4698463103929542,0.573576436351046,0.1834214933134692,0.6443547469673567,-0.7424038765061041,2.99792458,1e-08
oblique,B,5,100,55,35,25,0,0.2,-0.2,0.1,0.25,0,1.6875,0.3677525179157086,-0.08253842240176147,0.2433941090877615,-2.676735760825575,-0.4909708704561921,-1.724767393865239,1.987219005219423,2.676735760825575,0.6710100716628343,0.4698463103929542,0.573576436351046,0.1834214933134692,0.6443547469673567,-0.7424038765061041,2.99792458,1e-08
oblique,off_axis,5,100,55,35,25,0,0.2,-0.2,0.1,0.25,0,1.6875,0.37,-0.41,0.73,1.147285715149229,0.210436859129883,0.7392589966842442,-0.8517493623868654,1.147285715149229,0.6710100716628343,0.4698463103929542,0.573576436351046,0.1834214933134692,0.6443547469673567,-0.7424038765061041,2.99792458,1e-08
oblique,slice,5,100,55,35,25,0,0.2,-0.2,0.1,0.25,0,1.6875,-0.4,0.6,0,-2.298004144810512,-0.4215033518816859,-1.480729879259315,1.706047185334419,2.298004144810512,0.6710100716628343,0.4698463103929542,0.573576436351046,0.1834214933134692,0.6443547469673567,-0.7424038765061041,2.99792458,1e-08
oblique,A,5,100,55,35,25,0,0.2,-0.2,0.1,0.25,0,1.71875,0.2,-0.2,0.1,-3.619808536498612,-0.6639506872734189,-2.332440813605841,2.687359889706457,3.619808536498612,0.6710100716628343,0.4698463103929542,0.573576436351046,0.1834214933134692,0.6443547469673567,-0.7424038765061041,2.99792458,1e-08
oblique,B,5,100,55,35,25,0,0.2,-0.2,0.1,0.25,0,1.71875,0.3677525179157086,-0.08253842240176147,0.2433941090877615,-3.449200800053806,-0.6326575614838816,-2.222508908758274,2.560700044807901,3.449200800053806,0.6710100716628343,0.4698463103929542,0.573576436351046,0.1834214933134692,0.6443547469673567,-0.7424038765061041,2.99792458,1e-08
oblique,off_axis,5,100,55,35,25,0,0.2,-0.2,0.1,0.25,0,1.71875,0.37,-0.41,0.73,0.1758155847872506,0.03224835710945836,0.1132876066485067,-0.1305261716962424,0.1758155847872506,0.6710100716628343,0.4698463103929542,0.573576436351046,0.1834214933134692,0.6443547469673567,-0.7424038765061041,2.99792458,1e-08
oblique,slice,5,100,55,35,25,0,0.2,-0.2,0.1,0.25,0,1.71875,-0.4,0.6,0,-1.387525094906024,-0.254501924917576,-0.8940583814390287,1.030104009207732,1.387525094906024,0.6710100716628343,0.4698463103929542,0.573576436351046,0.1834214933134692,0.6443547469673567,-0.7424038765061041,2.99792458,1e-08
oblique,A,5,100,55,35,25,0,0.2,-0.2,0.1,0.25,0,1.75,0.2,-0.2,0.1,-2.877349235695015,-0.5277676935955489,-1.854033638702979,2.136155226641855,2.877349235695015,0.6710100716628343,0.4698463103929542,0.573576436351046,0.1834214933134692,0.6443547469673567,-0.7424038765061041,2.99792458,1e-08
oblique,B,5,100,55,35,25,0,0.2,-0.2,0.1,0.25,0,1.75,0.3677525179157086,-0.08253842240176147,0.2433941090877615,-4.089114986870062,-0.7500315772221936,-2.634840652685085,3.035774817731541,4.089114986870062,0.6710100716628343,0.4698463103929542,0.573576436351046,0.1834214933134692,0.6443547469673567,-0.7424038765061041,2.99792458,1e-08
oblique,off_axis,5,100,55,35,25,0,0.2,-0.2,0.1,0.25,0,1.75,0.37,-0.41,0.73,-0.8024110398995858,-0.1471794311895957,-0.5170373625783112,0.5957130665727467,0.8024110398995858,0.6710100716628343,0.4698463103929542,0.573576436351046,0.1834214933134692,0.6443547469673567,-0.7424038765061041,2.99792458,1e-08
oblique,slice,5,100,55,35,25,0,0.2,-0.2,0.1,0.25,0,1.75,-0.4,0.6,0,-0.4237242337373359,-0.07772013170520761,-0.2730287214137582,0.3145745136961767,0.4237242337373359,0.6710100716628343,0.4698463103929542,0.573576436351046,0.1834214933134692,0.6443547469673567,-0.7424038765061041,2.99792458,1e-08
oblique,A,5,100,55,35,25,0,0.2,-0.2,0.1,0.25,0,1.78125,0.2,-0.2,0.1,-2.0243150173997,-0.3713028834283344,-1.304376990818804,1.502859316187059,2.0243150173997,0.6710100716628343,0.4698463103929542,0.573576436351046,0.1834214933134692,0.6443547469673567,-0.7424038765061041,2.99792458,1e-08
oblique,B,5,100,55,35,25,0,0.2,-0.2,0.1,0.25,0,1.78125,0.3677525179157086,-0.08253842240176147,0.2433941090877615,-4.571886777943005,-0.8385823000704111,-2.945916947964869,3.394186466891889,4.571886777943005,0.6710100716628343,0.4698463103929542,0.573576436351046,0.1834214933134692,0.6443547469673567,-0.7424038765061041,2.99792458,1e-08
oblique,off_axis,5,100,55,35,25,0,0.2,-0.2,0.1,0.25,0,1.78125,0.37,-0.41,0.73,-1.749801458320377,-0.3209511964872096,-1.127492875919138,1.299059385773082,1.749801458320377,0.6710100716628343,0.4698463103929542,0.573576436351046,0.1834214933134692,0.6443547469673567,-0.7424038765061041,2.99792458,1e-08
oblique,slice,5,100,55,35,25,0,0.2,-0.2,0.1,0.25,0,1.78125,-0.4,0.6,0,0.5563601121065903,0.1020484025826399,0.3584932792591722,-0.4130439039613033,0.5563601121065903,0.6710100716628343,0.4698463103929542,0.573576436351046,0.1834214933134692,0.6443547469673567,-0.7424038765061041,2.99792458,1e-08
oblique,A,5,100,55,35,25,0,0.2,-0.2,0.1,0.25,0,1.8125,0.2,-0.2,0.1,-1.093487508234656,-0.200569111680025,-0.7045938666805072,0.811809365024409,1.093487508234656,0.6710100716628343,0.4698463103929542,0.573576436351046,0.1834214933134692,0.6443547469673567,-0.7424038765061041,2.99792458,1e-08
oblique,B,5,100,55,35,25,0,0.2,-0.2,0.1,0.25,0,1.8125,0.3677525179157086,-0.08253842240176147,0.2433941090877615,-4.878963524083243,-0.8949067754092946,-3.143783307023621,3.622161433611282,4.878963524083243,0.6710100716628343,0.4698463103929542,0.573576436351046,0.1834214933134692,0.6443547469673567,-0.7424038765061041,2.99792458,1e-08
oblique,off_axis,5,100,55,35,25,0,0.2,-0.2,0.1,0.25,0,1.8125,0.37,-0.41,0.73,-2.629947987997878,-0.4823889872953245,-1.694619470343682,1.952483581299054,2.629947987997878,0.6710100716628343,0.4698463103929542,0.573576436351046,0.1834214933134692,0.6443547469673567,-0.7424038765061041,2.99792458,1e-08
oblique,slice,5,100,55,35,25,0,0.2,-0.2,0.1,0.25,0,1.8125,-0.4,0.6,0,1.515063850852606,0.2778952739886401,0.9762385842555199,-1.12478927602724,1.515063850852606,0.6710100716628343,0.4698463103929542,0.573576436351046,0.1834214933134692,0.6443547469673567,-0.7424038765061041,2.99792458,1e-08
oblique,A,5,100,55,35,25,0,0.2,-0.2,0.1,0.25,0,1.84375,0.2,-0.2,0.1,-0.1206378873630134,-0.022127581450306,-0.07773359538647096,0.08956203523180786,0.1206378873630134,0.6710100716628343,0.4698463103929542,0.573576436351046,0.1834214933134692,0.6443547469673567,-0.7424038765061041,2.99792458,1e-08
oblique,B,5,100,55,35,25,0,0.2,-0.2,0.1,0.25,0,1.84375,0.3677525179157086,-0.08253842240176147,0.2433941090877615,-4.998544438147229,-0.9168404852387004,-3.220835836647446,3.710938767768528,4.998544438147229,0.6710100716628343,0.4698463103929542,0.573576436351046,0.1834214933134692,0.6443547469673567,-0.7424038765061041,2.99792458,1e-08
oblique,off_axis,5,100,55,35,25,0,0.2,-0.2,0.1,0.25,0,1.84375,0.37,-0.41,0.73,-3.409027091388445,-0.625288839848541,-2.196622788876466,2.53087492776111,3.409027091388445,0.6710100716628343,0.4698463103929542,0.573576436351046,0.1834214933134692,0.6443547469673567,-0.7424038765061041,2.99792458,1e-08
oblique,slice,5,100,55,35,25,0,0.2,-0.2,0.1,0.25,0,1.84375,-0.4,0.6,0,2.415544535467951,0.4430627858607219,1.556467587939833,-1.793309627004543,2.415544535467951,0.6710100716628343,0.4698463103929542,0.573576436351046,0.1834214933134692,0.6443547469673567,-0.7424038765061041,2.99792458,1e-08
oblique,A,5,100,55,35,25,0,0.2,-0.2,0.1,0.25,0,1.875,0.2,-0.2,0.1,0.8568477798654833,0.1571642993252577,0.5521139343847649,-0.6361271133477837,0.8568477798654833,0.6710100716628343,0.4698463103929542,0.573576436351046,0.1834214933134692,0.6443547469673567,-0.7424038765061041,2.99792458,1e-08
oblique,B,5,100,55,35,25,0,0.2,-0.2,0.1,0.25,0,1.875,0.3677525179157086,-0.08253842240176147,0.2433941090877615,-4.926034092669232,-0.9035405293904507,-3.174113451334456,3.657106806198867,4.926034092669232,0.6710100716628343,0.4698463103929542,0.573576436351046,0.1834214933134692,0.6443547469673567,-0.7424038765061041,2.99792458,1e-08
oblique,off_axis,5,100,55,35,25,0,0.2,-0.2,0.1,0.25,0,1.875,0.37,-0.41,0.73,-4.057099195461372,-0.7441591929523993,-2.614211125512979,3.012006170080319,4.057099195461372,0.6710100716628343,0.4698463103929542,0.573576436351046,0.1834214933134692,0.6443547469673567,-0.7424038765061041,2.99792458,1e-08
oblique,slice,5,100,55,35,25,0,0.2,-0.2,0.1,0.25,0,1.875,-0.4,0.6,0,3.223197198238246,0.591203643344649,2.076882415096698,-2.392914094715688,3.223197198238246,0.6710100716628343,0.4698463103929542,0.573576436351046,0.1834214933134692,0.6443547469673567,-0.7424038765061041,2.99792458,1e-08
oblique,A,5,100,55,35,25,0,0.2,-0.2,0.1,0.25,0,1.90625,0.2,-0.2,0.1,1.80140526743952,0.3304164442165061,1.160744035286656,-1.337370253705615,1.80140526743952,0.6710100716628343,0.4698463103929542,0.573576436351046,0.1834214933134692,0.6443547469673567,-0.7424038765061041,2.99792458,1e-08
oblique,B,5,100,55,35,25,0,0.2,-0.2,0.1,0.25,0,1.90625,0.3677525179157086,-0.08253842240176147,0.2433941090877615,-4.664219019561703,-0.8555180177090926,-3.005411666150013,3.462734280996108,4.664219019561703,0.6710100716628343,0.4698463103929542,0.573576436351046,0.1834214933134692,0.6443547469673567,-0.7424038765061041,2.99792458,1e-08
oblique,off_axis,5,100,55,35,25,0,0.2,-0.2,0.1,0.25,0,1.90625,0.37,-0.41,0.73,-4.549259252700161,-0.8344319256003803,-2.931336794662518,3.377387704435861,4.549259252700161,0.6710100716628343,0.4698463103929542,0.573576436351046,0.1834214933134692,0.6443547469673567,-0.7424038765061041,2.99792458,1e-08
oblique,slice,5,100,55,35,25,0,0.2,-0.2,0.1,0.25,0,1.90625,-0.4,0.6,0,3.906984200270059,0.7166248763656643,2.517483815770474,-2.900560215728592,3.906984200270059,0.6710100716628343,0.4698463103929542,0.573576436351046,0.1834214933134692,0.6443547469673567,-0.7424038765061041,2.99792458,1e-08
oblique,A,5,100,55,35,25,0,0.2,-0.2,0.1,0.25,0,1.9375,0.2,-0.2,0.1,2.67673576082557,0.490970870456191,1.724767393865235,-1.987219005219419,2.67673576082557,0.6710100716628343,0.4698463103929542,0.573576436351046,0.1834214933134692,0.6443547469673567,-0.7424038765061041,2.99792458,1e-08
oblique,B,5,100,55,35,25,0,0.2,-0.2,0.1,0.25,0,1.9375,0.3677525179157086,-0.08253842240176147,0.2433941090877615,-4.223160625256578,-0.7746184283872057,-2.721213596089707,3.135290819298426,4.223160625256578,0.6710100716628343,0.4698463103929542,0.573576436351046,0.1834214933134692,0.6443547469673567,-0.7424038765061041,2.99792458,1e-08
oblique,off_axis,5,100,55,35,25,0,0.2,-0.2,0.1,0.25,0,1.9375,0.37,-0.41,0.73,-4.866593828111662,-0.8926379073023536,-3.13581283470579,3.612978123370779,4.866593828111662,0.6710100716628343,0.4698463103929542,0.573576436351046,0.1834214933134692,0.6443547469673567,-0.7424038765061041,2.99792458,1e-08
oblique,slice,5,100,55,35,25,0,0.2,-0.2,0.1,0.25,0,1.9375,-0.4,0.6,0,4.440627990547475,0.8145066172758079,2.86133972522538,-3.296739434303957,4.440627990547475,0.6710100716628343,0.4698463103929542,0.573576436351046,0.1834214933134692,0.6443547469673567,-0.7424038765061041,2.99792458,1e-08
oblique,A,5,100,55,35,25,0,0.2,-0.2,0.1,0.25,0,1.96875,0.2,-0.2,0.1,3.4492008000538,0.6326575614838807,2.222508908758271,-2.560700044807897,3.4492008000538,0.6710100716628343,0.4698463103929542,0.573576436351046,0.1834214933134692,0.6443547469673567,-0.7424038765061041,2.99792458,1e-08
oblique,B,5,100,55,35,25,0,0.2,-0.2,0.1,0.25,0,1.96875,0.3677525179157086,-0.08253842240176147,0.2433941090877615,-3.619808536498607,-0.663950687273418,-2.332440813605838,2.687359889706453,3.619808536498607,0.6710100716628343,0.4698463103929542,0.573576436351046,0.1834214933134692,0.6443547469673567,-0.7424038765061041,2.99792458,1e-08
oblique,off_axis,5,100,55,35,25,0,0.2,-0.2,0.1,0.25,0,1.96875,0.37,-0.41,0.73,-4.996907931926095,-0.9165403148238033,-3.219781346095417,3.709723819206032,4.996907931926095,0.6710100716628343,0.4698463103929542,0.573576436351046,0.1834214933134692,0.6443547469673567,-0.7424038765061041,2.99792458,1e-08
oblique,slice,5,100,55,35,25,0,0.2,-0.2,0.1,0.25,0,1.96875,-0.4,0.6,0,4.803620937481019,0.8810873256646155,3.095235953697679,-3.566226805251794,4.803620937481019,0.6710100716628343,0.4698463103929542,0.573576436351046,0.1834214933134692,0.6443547469673567,-0.7424038765061041,2.99792458,1e-08
oblique,A,5,100,55,35,25,0,0.2,-0.2,0.1,0.25,0,2,0.2,-0.2,0.1,4.089114986870058,0.7500315772221929,2.634840652685082,-3.035774817731538,4.089114986870058,0.6710100716628343,0.4698463103929542,0.573576436351046,0.1834214933134692,0.6443547469673567,-0.7424038765061041,2.99792458,1e-08
oblique,B,5,100,55,35,25,0,0.2,-0.2,0.1,0.25,0,2,0.3677525179157086,-0.08253842240176147,0.2433941090877615,-2.877349235695009,-0.5277676935955478,-1.854033638702975,2.13615522664185,2.877349235695009,0.6710100716628343,0.4698463103929542,0.573576436351046,0.1834214933134692,0.6443547469673567,-0.7424038765061041,2.99792458,1e-08
oblique,off_axis,5,100,55,35,25,0,0.2,-0.2,0.1,0.25,0,2,0.37,-0.41,0.73,-4.935193666214859,-0.9052205920483043,-3.180015466028777,3.663906909106283,4.935193666214859,0.6710100716628343,0.4698463103929542,0.573576436351046,0.1834214933134692,0.6443547469673567,-0.7424038765061041,2.99792458,1e-08
oblique,slice,5,100,55,35,25,0,0.2,-0.2,0.1,0.25,0,2,-0.4,0.6,0,4.982013425688826,0.9138083422475967,3.210184000297697,-3.69866608003684,4.982013425688826,0.6710100716628343,0.4698463103929542,0.573576436351046,0.1834214933134692,0.6443547469673567,-0.7424038765061041,2.99792458,1e-08
rotated,A,5,100,0,0,90,0,0,0,0,0.25,0,0,0,0,0,5,0,5,0,5,0,0,1,0,1,0,2.99792458,1e-08
rotated,B,5,100,0,0,90,0,0,0,0,0.25,0,0,0,0,0.25,0,0,0,0,0,0,0,1,0,1,0,2.99792458,1e-08
rotated,off_axis,5,100,0,0,90,0,0,0,0,0.25,0,0,0.37,-0.41,0.73,-0.6266661678215218,-0,-0.6266661678215218,-0,0.6266661678215218,0,0,1,0,1,0,2.99792458,1e-08
rotated,slice,5,100,0,0,90,0,0,0,0,0.25,0,0,-0.4,0.6,0,5,0,5,0,5,0,0,1,0,1,0,2.99792458,1e-08
rotated,A,5,100,0,0,90,0,0,0,0,0.25,0,0.03125,0,0,0,4.903926402016152,0,4.903926402016152,0,4.903926402016152,0,0,1,0,1,0,2.99792458,1e-08
rotated,B,5,100,0,0,90,0,0,0,0,0.25,0,0.03125,0,0,0.25,0.9754516100806414,0,0.9754516100806414,0,0.9754516100806414,0,0,1,0,1,0,2.99792458,1e-08
rotated,off_axis,5,100,0,0,90,0,0,0,0,0.25,0,0.03125,0.37,-0.41,0.73,-1.582384835907931,-0,-1.582384835907931,-0,1.582384835907931,0,0,1,0,1,0,2.99792458,1e-08
rotated,slice,5,100,0,0,90,0,0,0,0,0.25,0,0.03125,-0.4,0.6,0,4.903926402016152,0,4.903926402016152,0,4.903926402016152,0,0,1,0,1,0,2.99792458,1e-08
rotated,A,5,100,0,0,90,0,0,0,0,0.25,0,0.0625,0,0,0,4.619397662556434,0,4.619397662556434,0,4.619397662556434,0,0,1,0,1,0,2.99792458,1e-08
rotated,B,5,100,0,0,90,0,0,0,0,0.25,0,0.0625,0,0,0.25,1.913417161825449,0,1.913417161825449,0,1.913417161825449,0,0,1,0,1,0,2.99792458,1e-08
rotated,off_axis,5,100,0,0,90,0,0,0,0,0.25,0,0.0625,0.37,-0.41,0.73,-2.477293342162038,-0,-2.477293342162038,-0,2.477293342162038,0,0,1,0,1,0,2.99792458,1e-08
rotated,slice,5,100,0,0,90,0,0,0,0,0.25,0,0.0625,-0.4,0.6,0,4.619397662556434,0,4.619397662556434,0,4.619397662556434,0,0,1,0,1,0,2.99792458,1e-08
rotated,A,5,100,0,0,90,0,0,0,0,0.25,0,0.09375,0,0,0,4.157348061512726,0,4.157348061512726,0,4.157348061512726,0,0,1,0,1,0,2.99792458,1e-08
rotated,B,5,100,0,0,90,0,0,0,0,0.25,0,0.09375,0,0,0.25,2.777851165098011,0,2.777851165098011,0,2.777851165098011,0,0,1,0,1,0,2.99792458,1e-08
rotated,off_axis,5,100,0,0,90,0,0,0,0,0.25,0,0.09375,0.37,-0.41,0.73,-3.27700085455897,-0,-3.27700085455897,-0,3.27700085455897,0,0,1,0,1,0,2.99792458,1e-08
rotated,slice,5,100,0,0,90,0,0,0,0,0.25,0,0.09375,-0.4,0.6,0,4.157348061512726,0,4.157348061512726,0,4.157348061512726,0,0,1,0,1,0,2.99792458,1e-08
rotated,A,5,100,0,0,90,0,0,0,0,0.25,0,0.125,0,0,0,3.535533905932738,0,3.535533905932738,0,3.535533905932738,0,0,1,0,1,0,2.99792458,1e-08
rotated,B,5,100,0,0,90,0,0,0,0,0.25,0,0.125,0,0,0.25,3.535533905932738,0,3.535533905932738,0,3.535533905932738,0,0,1,0,1,0,2.99792458,1e-08
rotated,off_axis,5,100,0,0,90,0,0,0,0,0.25,0,0.125,0.37,-0.41,0.73,-3.950775061878452,-0,-3.950775061878452,-0,3.950775061878452,0,0,1,0,1,0,2.99792458,1e-08
rotated,slice,5,100,0,0,90,0,0,0,0,0.25,0,0.125,-0.4,0.6,0,3.535533905932738,0,3.535533905932738,0,3.535533905932738,0,0,1,0,1,0,2.99792458,1e-08
rotated,A,5,100,0,0,90,0,0,0,0,0.25,0,0.15625,0,0,0,2.777851165098011,0,2.777851165098011,0,2.777851165098011,0,0,1,0,1,0,2.99792458,1e-08
rotated,B,5,100,0,0,90,0,0,0,0,0.25,0,0.15625,0,0,0.25,4.157348061512726,0,4.157348061512726,0,4.157348061512726,0,0,1,0,1,0,2.99792458,1e-08
rotated,off_axis,5,100,0,0,90,0,0,0,0,0.25,0,0.15625,0.37,-0.41,0.73,-4.472723199190126,-0,-4.472723199190126,-0,4.472723199190126,0,0,1,0,1,0,2.99792458,1e-08
rotated,slice,5,100,0,0,90,0,0,0,0,0.25,0,0.15625,-0.4,0.6,0,2.777851165098011,0,2.777851165098011,0,2.777851165098011,0,0,1,0,1,0,2.99792458,1e-08
rotated,A,5,100,0,0,90,0,0,0,0,0.25,0,0.1875,0,0,0,1.913417161825449,0,1.913417161825449,0,1.913417161825449,0,0,1,0,1,0,2.99792458,1e-08
rotated,B,5,100,0,0,90,0,0,0,0,0.25,0,0.1875,0,0,0.25,4.619397662556434,0,4.619397662556434,0,4.619397662556434,0,0,1,0,1,0,2.99792458,1e-08
rotated,off_axis,5,100,0,0,90,0,0,0,0,0.25,0,0.1875,0.37,-0.41,0.73,-4.822787092288991,-0,-4.822787092288991,-0,4.822787092288991,0,0,1,0,1,0,2.99792458,1e-08
rotated,slice,5,100,0,0,90,0,0,0,0,0.25,0,0.1875,-0.4,0.6,0,1.913417161825449,0,1.913417161825449,0,1.913417161825449,0,0,1,0,1,0,2.99792458,1e-08
rotated,A,5,100,0,0,90,0,0,0,0,0.25,0,0.21875,0,0,0,0.9754516100806414,0,0.9754516100806414,0,0.9754516100806414,0,0,1,0,1,0,2.99792458,1e-08
rotated,B,5,100,0,0,90,0,0,0,0,0.25,0,0.21875,0,0,0.25,4.903926402016152,0,4.903926402016152,0,4.903926402016152,0,0,1,0,1,0,2.99792458,1e-08
rotated,off_axis,5,100,0,0,90,0,0,0,0,0.25,0,0.21875,0.37,-0.41,0.73,-4.987513982081351,-0,-4.987513982081351,-0,4.987513982081351,0,0,1,0,1,0,2.99792458,1e-08
rotated,slice,5,100,0,0,90,0,0,0,0,0.25,0,0.21875,-0.4,0.6,0,0.9754516100806414,0,0.9754516100806414,0,0.9754516100806414,0,0,1,0,1,0,2.99792458,1e-08
rotated,A,5,100,0,0,90,0,0,0,0,0.25,0,0.25,0,0,0,0,0,0,0,0,0,0,1,0,1,0,2.99792458,1e-08
rotated,B,5,100,0,0,90,0,0,0,0,0.25,0,0.25,0,0,0.25,5,0,5,0,5,0,0,1,0,1,0,2.99792458,1e-08
rotated,off_axis,5,100,0,0,90,0,0,0,0,0.25,0,0.25,0.37,-0.41,0.73,-4.960573506572389,-0,-4.960573506572389,-0,4.960573506572389,0,0,1,0,1,0,2.99792458,1e-08
rotated,slice,5,100,0,0,90,0,0,0,0,0.25,0,0.25,-0.4,0.6,0,0,0,0,0,0,0,0,1,0,1,0,2.99792458,1e-08
rotated,A,5,100,0,0,90,0,0,0,0,0.25,0,0.28125,0,0,0,-0.9754516100806414,-0,-0.9754516100806414,-0,0.9754516100806414,0,0,1,0,1,0,2.99792458,1e-08
rotated,B,5,100,0,0,90,0,0,0,0,0.25,0,0.28125,0,0,0.25,4.903926402016152,0,4.903926402016152,0,4.903926402016152,0,0,1,0,1,0,2.99792458,1e-08
rotated,off_axis,5,100,0,0,90,0,0,0,0,0.25,0,0.28125,0.37,-0.41,0.73,-4.743000973127523,-0,-4.743000973127523,-0,4.743000973127523,0,0,1,0,1,0,2.99792458,1e-08
rotated,slice,5,100,0,0,90,0,0,0,0,0.25,0,0.28125,-0.4,0.6,0,-0.9754516100806414,-0,-0.9754516100806414,-0,0.9754516100806414,0,0,1,0,1,0,2.99792458,1e-08
rotated,A,5,100,0,0,90,0,0,0,0,0.25,0,0.3125,0,0,0,-1.913417161825449,-0,-1.913417161825449,-0,1.913417161825449,0,0,1,0,1,0,2.99792458,1e-08
rotated,B,5,100,0,0,90,0,0,0,0,0.25,0,0.3125,0,0,0.25,4.619397662556434,0,4.619397662556434,0,4.619397662556434,0,0,1,0,1,0,2.99792458,1e-08
rotated,off_axis,5,100,0,0,90,0,0,0,0,0.25,0,0.3125,0.37,-0.41,0.73,-4.343157572190956,-0,-4.343157572190956,-0,4.343157572190956,0,0,1,0,1,0,2.99792458,1e-08
rotated,slice,5,100,0,0,90,0,0,0,0,0.25,0,0.3125,-0.4,0.6,0,-1.913417161825449,-0,-1.913417161825449,-0,1.913417161825449,0,0,1,0,1,0,2.99792458,1e-08
rotated,A,5,100,0,0,90,0,0,0,0,0.25,0,0.34375,0,0,0,-2.777851165098011,-0,-2.777851165098011,-0,2.777851165098011,0,0,1,0,1,0,2.99792458,1e-08
rotated,B,5,100,0,0,90,0,0,0,0,0.25,0,0.34375,0,0,0.25,4.157348061512726,0,4.157348061512726,0,4.157348061512726,0,0,1,0,1,0,2.99792458,1e-08
rotated,off_axis,5,100,0,0,90,0,0,0,0,0.25,0,0.34375,0.37,-0.41,0.73,-3.776409061425918,-0,-3.776409061425918,-0,3.776409061425918,0,0,1,0,1,0,2.99792458,1e-08
rotated,slice,5,100,0,0,90,0,0,0,0,0.25,0,0.34375,-0.4,0.6,0,-2.777851165098011,-0,-2.777851165098011,-0,2.777851165098011,0,0,1,0,1,0,2.99792458,1e-08
rotated,A,5,100,0,0,90,0,0,0,0,0.25,0,0.375,0,0,0,-3.535533905932738,-0,-3.535533905932738,-0,3.535533905932738,0,0,1,0,1,0,2.99792458,1e-08
rotated,B,5,100,0,0,90,0,0,0,0,0.25,0,0.375,0,0,0.25,3.535533905932738,0,3.535533905932738,0,3.535533905932738,0,0,1,0,1,0,2.99792458,1e-08
rotated,off_axis,5,100,0,0,90,0,0,0,0,0.25,0,0.375,0.37,-0.41,0.73,-3.064535268264882,-0,-3.064535268264882,-0,3.064535268264882,0,0,1,0,1,0,2.99792458,1e-08
rotated,slice,5,100,0,0,90,0,0,0,0,0.25,0,0.375,-0.4,0.6,0,-3.535533905932738,-0,-3.535533905932738,-0,3.535533905932738,0,0,1,0,1,0,2.99792458,1e-08
rotated,A,5,100,0,0,90,0,0,0,0,0.25,0,0.40625,0,0,0,-4.157348061512726,-0,-4.157348061512726,-0,4.157348061512726,0,0,1,0,1,0,2.99792458,1e-08
rotated,B,5,100,0,0,90,0,0,0,0,0.25,0,0.40625,0,0,0.25,2.777851165098011,0,2.777851165098011,0,2.777851165098011,0,0,1,0,1,0,2.99792458,1e-08
rotated,off_axis,5,100,0,0,90,0,0,0,0,0.25,0,0.40625,0.37,-0.41,0.73,-2.234893103355605,-0,-2.234893103355605,-0,2.234893103355605,0,0,1,0,1,0,2.99792458,1e-08
rotated,slice,5,100,0,0,90,0,0,0,0,0.25,0,0.40625,-0.4,0.6,0,-4.157348061512726,-0,-4.157348061512726,-0,4.157348061512726,0,0,1,0,1,0,2.99792458,1e-08
rotated,A,5,100,0,0,90,0,0,0,0,0.25,0,0.4375,0,0,0,-4.619397662556434,-0,-4.619397662556434,-0,4.619397662556434,0,0,1,0,1,0,2.99792458,1e-08
rotated,B,5,100,0,0,90,0,0,0,0,0.25,0,0.4375,0,0,0.25,1.913417161825449,0,1.913417161825449,0,1.913417161825449,0,0,1,0,1,0,2.99792458,1e-08
rotated,off_axis,5,100,0,0,90,0,0,0,0,0.25,0,0.4375,0.37,-0.41,0.73,-1.319365249826864,-0,-1.319365249826864,-0,1.319365249826864,0,0,1,0,1,0,2.99792458,1e-08
rotated,slice,5,100,0,0,90,0,0,0,0,0.25,0,0.4375,-0.4,0.6,0,-4.619397662556434,-0,-4.619397662556434,-0,4.619397662556434,0,0,1,0,1,0,2.99792458,1e-08
rotated,A,5,100,0,0,90,0,0,0,0,0.25,0,0.46875,0,0,0,-4.903926402016152,-0,-4.903926402016152,-0,4.903926402016152,0,0,1,0,1,0,2.99792458,1e-08
rotated,B,5,100,0,0,90,0,0,0,0,0.25,0,0.46875,0,0,0.25,0.9754516100806414,0,0.9754516100806414,0,0.9754516100806414,0,0,1,0,1,0,2.99792458,1e-08
rotated,off_axis,5,100,0,0,90,0,0,0,0,0.25,0,0.46875,0.37,-0.41,0.73,-0.3531349296558328,-0,-0.3531349296558328,-0,0.3531349296558328,0,0,1,0,1,0,2.99792458,1e-08
rotated,slice,5,100,0,0,90,0,0,0,0,0.25,0,0.46875,-0.4,0.6,0,-4.903926402016152,-0,-4.903926402016152,-0,4.903926402016152,0,0,1,0,1,0,2.99792458,1e-08
rotated,A,5,100,0,0,90,0,0,0,0,0.25,0,0.5,0,0,0,-5,-0,-5,-0,5,0,0,1,0,1,0,2.99792458,1e-08
rotated,B,5,100,0,0,90,0,0,0,0,0.25,0,0.5,0,0,0.25,0,0,0,0,0,0,0,1,0,1,0,2.99792458,1e-08
rotated,off_axis,5,100,0,0,90,0,0,0,0,0.25,0,0.5,0.37,-0.41,0.73,0.6266661678215218,0,0.6266661678215218,0,0.6266661678215218,0,0,1,0,1,0,2.99792458,1e-08
rotated,slice,5,100,0,0,90,0,0,0,0,0.25,0,0.5,-0.4,0.6,0,-5,-0,-5,-0,5,0,0,1,0,1,0,2.99792458,1e-08
rotated,A,5,100,0,0,90,0,0,0,0,0.25,0,0.53125,0,0,0,-4.903926402016152,-0,-4.903926402016152,-0,4.903926402016152,0,0,1,0,1,0,2.99792458,1e-08
rotated,B,5,100,0,0,90,0,0,0,0,0.25,0,0.53125,0,0,0.25,-0.9754516100806414,-0,-0.9754516100806414,-0,0.9754516100806414,0,0,1,0,1,0,2.99792458,1e-08
rotated,off_axis,5,100,0,0,90,0,0,0,0,0.25,0,0.53125,0.37,-0.41,0.73,1.582384835907931,0,1.582384835907931,0,1.582384835907931,0,0,1,0,1,0,2.99792458,1e-08
rotated,slice,5,100,0,0,90,0,0,0,0,0.25,0,0.53125,-0.4,0.6,0,-4.903926402016152,-0,-4.903926402016152,-0,4.903926402016152,0,0,1,0,1,0,2.99792458,1e-08
rotated,A,5,100,0,0,90,0,0,0,0,0.25,0,0.5625,0,0,0,-4.619397662556434,-0,-4.619397662556434,-0,4.619397662556434,0,0,1,0,1,0,2.99792458,1e-08
rotated,B,5,100,0,0,90,0,0,0,0,0.25,0,0.5625,0,0,0.25,-1.913417161825449,-0,-1.913417161825449,-0,1.913417161825449,0,0,1,0,1,0,2.99792458,1e-08
rotated,off_axis,5,100,0,0,90,0,0,0,0,0.25,0,0.5625,0.37,-0.41,0.73,2.477293342162038,0,2.477293342162038,0,2.477293342162038,0,0,1,0,1,0,2.99792458,1e-08
rotated,slice,5,100,0,0,90,0,0,0,0,0.25,0,0.5625,-0.4,0.6,0,-4.619397662556434,-0,-4.619397662556434,-0,4.619397662556434,0,0,1,0,1,0,2.99792458,1e-08
rotated,A,5,100,0,0,90,0,0,0,0,0.25,0,0.59375,0,0,0,-4.157348061512726,-0,-4.157348061512726,-0,4.157348061512726,0,0,1,0,1,0,2.99792458,1e-08
rotated,B,5,100,0,0,90,0,0,0,0,0.25,0,0.59375,0,0,0.25,-2.777851165098011,-0,-2.777851165098011,-0,2.777851165098011,0,0,1,0,1,0,2.99792458,1e-08
rotated,off_axis,5,100,0,0,90,0,0,0,0,0.25,0,0.59375,0.37,-0.41,0.73,3.27700085455897,0,3.27700085455897,0,3.27700085455897,0,0,1,0,1,0,2.99792458,1e-08
rotated,slice,5,100,0,0,90,0,0,0,0,0.25,0,0.59375,-0.4,0.6,0,-4.157348061512726,-0,-4.157348061512726,-0,4.157348061512726,0,0,1,0,1,0,2.99792458,1e-08
rotated,A,5,100,0,0,90,0,0,0,0,0.25,0,0.625,0,0,0,-3.535533905932738,-0,-3.535533905932738,-0,3.535533905932738,0,0,1,0,1,0,2.99792458,1e-08
rotated,B,5,100,0,0,90,0,0,0,0,0.25,0,0.625,0,0,0.25,-3.535533905932738,-0,-3.535533905932738,-0,3.535533905932738,0,0,1,0,1,0,2.99792458,1e-08
rotated,off_axis,5,100,0,0,90,0,0,0,0,0.25,0,0.625,0.37,-0.41,0.73,3.950775061878452,0,3.950775061878452,0,3.950775061878452,0,0,1,0,1,0,2.99792458,1e-08
rotated,slice,5,100,0,0,90,0,0,0,0,0.25,0,0.625,-0.4,0.6,0,-3.535533905932738,-0,-3.535533905932738,-0,3.535533905932738,0,0,1,0,1,0,2.99792458,1e-08
rotated,A,5,100,0,0,90,0,0,0,0,0.25,0,0.65625,0,0,0,-2.777851165098011,-0,-2.777851165098011,-0,2.777851165098011,0,0,1,0,1,0,2.99792458,1e-08
rotated,B,5,100,0,0,90,0,0,0,0,0.25,0,0.65625,0,0,0.25,-4.157348061512726,-0,-4.157348061512726,-0,4.157348061512726,0,0,1,0,1,0,2.99792458,1e-08
rotated,off_axis,5,100,0,0,90,0,0,0,0,0.25,0,0.65625,0.37,-0.41,0.73,4.472723199190126,0,4.472723199190126,0,4.472723199190126,0,0,1,0,1,0,2.99792458,1e-08
rotated,slice,5,100,0,0,90,0,0,0,0,0.25,0,0.65625,-0.4,0.6,0,-2.777851165098011,-0,-2.777851165098011,-0,2.777851165098011,0,0,1,0,1,0,2.99792458,1e-08
rotated,A,5,100,0,0,90,0,0,0,0,0.25,0,0.6875,0,0,0,-1.913417161825449,-0,-1.913417161825449,-0,1.913417161825449,0,0,1,0,1,0,2.99792458,1e-08
rotated,B,5,100,0,0,90,0,0,0,0,0.25,0,0.6875,0,0,0.25,-4.619397662556434,-0,-4.619397662556434,-0,4.619397662556434,0,0,1,0,1,0,2.99792458,1e-08
rotated,off_axis,5,100,0,0,90,0,0,0,0,0.25,0,0.6875,0.37,-0.41,0.73,4.822787092288991,0,4.822787092288991,0,4.822787092288991,0,0,1,0,1,0,2.99792458,1e-08
rotated,slice,5,100,0,0,90,0,0,0,0,0.25,0,0.6875,-0.4,0.6,0,-1.913417161825449,-0,-1.913417161825449,-0,1.913417161825449,0,0,1,0,1,0,2.99792458,1e-08
rotated,A,5,100,0,0,90,0,0,0,0,0.25,0,0.71875,0,0,0,-0.9754516100806414,-0,-0.9754516100806414,-0,0.9754516100806414,0,0,1,0,1,0,2.99792458,1e-08
rotated,B,5,100,0,0,90,0,0,0,0,0.25,0,0.71875,0,0,0.25,-4.903926402016152,-0,-4.903926402016152,-0,4.903926402016152,0,0,1,0,1,0,2.99792458,1e-08
rotated,off_axis,5,100,0,0,90,0,0,0,0,0.25,0,0.71875,0.37,-0.41,0.73,4.987513982081351,0,4.987513982081351,0,4.987513982081351,0,0,1,0,1,0,2.99792458,1e-08
rotated,slice,5,100,0,0,90,0,0,0,0,0.25,0,0.71875,-0.4,0.6,0,-0.9754516100806414,-0,-0.9754516100806414,-0,0.9754516100806414,0,0,1,0,1,0,2.99792458,1e-08
rotated,A,5,100,0,0,90,0,0,0,0,0.25,0,0.75,0,0,0,0,0,0,0,0,0,0,1,0,1,0,2.99792458,1e-08
rotated,B,5,100,0,0,90,0,0,0,0,0.25,0,0.75,0,0,0.25,-5,-0,-5,-0,5,0,0,1,0,1,0,2.99792458,1e-08
rotated,off_axis,5,100,0,0,90,0,0,0,0,0.25,0,0.75,0.37,-0.41,0.73,4.960573506572389,0,4.960573506572389,0,4.960573506572389,0,0,1,0,1,0,2.99792458,1e-08
rotated,slice,5,100,0,0,90,0,0,0,0,0.25,0,0.75,-0.4,0.6,0,0,0,0,0,0,0,0,1,0,1,0,2.99792458,1e-08
rotated,A,5,100,0,0,90,0,0,0,0,0.25,0,0.78125,0,0,0,0.9754516100806414,0,0.9754516100806414,0,0.9754516100806414,0,0,1,0,1,0,2.99792458,1e-08
rotated,B,5,100,0,0,90,0,0,0,0,0.25,0,0.78125,0,0,0.25,-4.903926402016152,-0,-4.903926402016152,-0,4.903926402016152,0,0,1,0,1,0,2.99792458,1e-08
rotated,off_axis,5,100,0,0,90,0,0,0,0,0.25,0,0.78125,0.37,-0.41,0.73,4.743000973127523,0,4.743000973127523,0,4.743000973127523,0,0,1,0,1,0,2.99792458,1e-08
rotated,slice,5,100,0,0,90,0,0,0,0,0.25,0,0.78125,-0.4,0.6,0,0.9754516100806414,0,0.9754516100806414,0,0.9754516100806414,0,0,1,0,1,0,2.99792458,1e-08
rotated,A,5,100,0,0,90,0,0,0,0,0.25,0,0.8125,0,0,0,1.913417161825449,0,1.913417161825449,0,1.913417161825449,0,0,1,0,1,0,2.99792458,1e-08
rotated,B,5,100,0,0,90,0,0,0,0,0.25,0,0.8125,0,0,0.25,-4.619397662556434,-0,-4.619397662556434,-0,4.619397662556434,0,0,1,0,1,0,2.99792458,1e-08
rotated,off_axis,5,100,0,0,90,0,0,0,0,0.25,0,0.8125,0.37,-0.41,0.73,4.343157572190956,0,4.343157572190956,0,4.343157572190956,0,0,1,0,1,0,2.99792458,1e-08
rotated,slice,5,100,0,0,90,0,0,0,0,0.25,0,0.8125,-0.4,0.6,0,1.913417161825449,0,1.913417161825449,0,1.913417161825449,0,0,1,0,1,0,2.99792458,1e-08
rotated,A,5,100,0,0,90,0,0,0,0,0.25,0,0.84375,0,0,0,2.777851165098011,0,2.777851165098011,0,2.777851165098011,0,0,1,0,1,0,2.99792458,1e-08
rotated,B,5,100,0,0,90,0,0,0,0,0.25,0,0.84375,0,0,0.25,-4.157348061512726,-0,-4.157348061512726,-0,4.157348061512726,0,0,1,0,1,0,2.99792458,1e-08
rotated,off_axis,5,100,0,0,90,0,0,0,0,0.25,0,0.84375,0.37,-0.41,0.73,3.776409061425918,0,3.776409061425918,0,3.776409061425918,0,0,1,0,1,0,2.99792458,1e-08
rotated,slice,5,100,0,0,90,0,0,0,0,0.25,0,0.84375,-0.4,0.6,0,2.777851165098011,0,2.777851165098011,0,2.777851165098011,0,0,1,0,1,0,2.99792458,1e-08
rotated,A,5,100,0,0,90,0,0,0,0,0.25,0,0.875,0,0,0,3.535533905932738,0,3.535533905932738,0,3.535533905932738,0,0,1,0,1,0,2.99792458,1e-08
rotated,B,5,100,0,0,90,0,0,0,0,0.25,0,0.875,0,0,0.25,-3.535533905932738,-0,-3.535533905932738,-0,3.535533905932738,0,0,1,0,1,0,2.99792458,1e-08
rotated,off_axis,5,100,0,0,90,0,0,0,0,0.25,0,0.875,0.37,-0.41,0.73,3.064535268264882,0,3.064535268264882,0,3.064535268264882,0,0,1,0,1,0,2.99792458,1e-08
rotated,slice,5,100,0,0,90,0,0,0,0,0.25,0,0.875,-0.4,0.6,0,3.535533905932738,0,3.535533905932738,0,3.535533905932738,0,0,1,0,1,0,2.99792458,1e-08
rotated,A,5,100,0,0,90,0,0,0,0,0.25,0,0.90625,0,0,0,4.157348061512726,0,4.157348061512726,0,4.157348061512726,0,0,1,0,1,0,2.99792458,1e-08
rotated,B,5,100,0,0,90,0,0,0,0,0.25,0,0.90625,0,0,0.25,-2.777851165098011,-0,-2.777851165098011,-0,2.777851165098011,0,0,1,0,1,0,2.99792458,1e-08
rotated,off_axis,5,100,0,0,90,0,0,0,0,0.25,0,0.90625,0.37,-0.41,0.73,2.234893103355605,0,2.234893103355605,0,2.234893103355605,0,0,1,0,1,0,2.99792458,1e-08
rotated,slice,5,100,0,0,90,0,0,0,0,0.25,0,0.90625,-0.4,0.6,0,4.157348061512726,0,4.157348061512726,0,4.157348061512726,0,0,1,0,1,0,2.99792458,1e-08
rotated,A,5,100,0,0,90,0,0,0,0,0.25,0,0.9375,0,0,0,4.619397662556434,0,4.619397662556434,0,4.619397662556434,0,0,1,0,1,0,2.99792458,1e-08
rotated,B,5,100,0,0,90,0,0,0,0,0.25,0,0.9375,0,0,0.25,-1.913417161825449,-0,-1.913417161825449,-0,1.913417161825449,0,0,1,0,1,0,2.99792458,1e-08
rotated,off_axis,5,100,0,0,90,0,0,0,0,0.25,0,0.9375,0.37,-0.41,0.73,1.319365249826864,0,1.319365249826864,0,1.319365249826864,0,0,1,0,1,0,2.99792458,1e-08
rotated,slice,5,100,0,0,90,0,0,0,0,0.25,0,0.9375,-0.4,0.6,0,4.619397662556434,0,4.619397662556434,0,4.619397662556434,0,0,1,0,1,0,2.99792458,1e-08
rotated,A,5,100,0,0,90,0,0,0,0,0.25,0,0.96875,0,0,0,4.903926402016152,0,4.903926402016152,0,4.903926402016152,0,0,1,0,1,0,2.99792458,1e-08
rotated,B,5,100,0,0,90,0,0,0,0,0.25,0,0.96875,0,0,0.25,-0.9754516100806414,-0,-0.9754516100806414,-0,0.9754516100806414,0,0,1,0,1,0,2.99792458,1e-08
rotated,off_axis,5,100,0,0,90,0,0,0,0,0.25,0,0.96875,0.37,-0.41,0.73,0.3531349296558328,0,0.3531349296558328,0,0.3531349296558328,0,0,1,0,1,0,2.99792458,1e-08
rotated,slice,5,100,0,0,90,0,0,0,0,0.25,0,0.96875,-0.4,0.6,0,4.903926402016152,0,4.903926402016152,0,4.903926402016152,0,0,1,0,1,0,2.99792458,1e-08
rotated,A,5,100,0,0,90,0,0,0,0,0.25,0,1,0,0,0,5,0,5,0,5,0,0,1,0,1,0,2.99792458,1e-08
rotated,B,5,100,0,0,90,0,0,0,0,0.25,0,1,0,0,0.25,0,0,0,0,0,0,0,1,0,1,0,2.99792458,1e-08
rotated,off_axis,5,100,0,0,90,0,0,0,0,0.25,0,1,0.37,-0.41,0.73,-0.6266661678215218,-0,-0.6266661678215218,-0,0.6266661678215218,0,0,1,0,1,0,2.99792458,1e-08
rotated,slice,5,100,0,0,90,0,0,0,0,0.25,0,1,-0.4,0.6,0,5,0,5,0,5,0,0,1,0,1,0,2.99792458,1e-08
rotated,A,5,100,0,0,90,0,0,0,0,0.25,0,1.03125,0,0,0,4.903926402016152,0,4.903926402016152,0,4.903926402016152,0,0,1,0,1,0,2.99792458,1e-08
rotated,B,5,100,0,0,90,0,0,0,0,0.25,0,1.03125,0,0,0.25,0.9754516100806414,0,0.9754516100806414,0,0.9754516100806414,0,0,1,0,1,0,2.99792458,1e-08
rotated,off_axis,5,100,0,0,90,0,0,0,0,0.25,0,1.03125,0.37,-0.41,0.73,-1.582384835907931,-0,-1.582384835907931,-0,1.582384835907931,0,0,1,0,1,0,2.99792458,1e-08
rotated,slice,5,100,0,0,90,0,0,0,0,0.25,0,1.03125,-0.4,0.6,0,4.903926402016152,0,4.903926402016152,0,4.903926402016152,0,0,1,0,1,0,2.99792458,1e-08
rotated,A,5,100,0,0,90,0,0,0,0,0.25,0,1.0625,0,0,0,4.619397662556434,0,4.619397662556434,0,4.619397662556434,0,0,1,0,1,0,2.99792458,1e-08
rotated,B,5,100,0,0,90,0,0,0,0,0.25,0,1.0625,0,0,0.25,1.913417161825449,0,1.913417161825449,0,1.913417161825449,0,0,1,0,1,0,2.99792458,1e-08
rotated,off_axis,5,100,0,0,90,0,0,0,0,0.25,0,1.0625,0.37,-0.41,0.73,-2.477293342162038,-0,-2.477293342162038,-0,2.477293342162038,0,0,1,0,1,0,2.99792458,1e-08
rotated,slice,5,100,0,0,90,0,0,0,0,0.25,0,1.0625,-0.4,0.6,0,4.619397662556434,0,4.619397662556434,0,4.619397662556434,0,0,1,0,1,0,2.99792458,1e-08
rotated,A,5,100,0,0,90,0,0,0,0,0.25,0,1.09375,0,0,0,4.157348061512726,0,4.157348061512726,0,4.157348061512726,0,0,1,0,1,0,2.99792458,1e-08
rotated,B,5,100,0,0,90,0,0,0,0,0.25,0,1.09375,0,0,0.25,2.777851165098011,0,2.777851165098011,0,2.777851165098011,0,0,1,0,1,0,2.99792458,1e-08
rotated,off_axis,5,100,0,0,90,0,0,0,0,0.25,0,1.09375,0.37,-0.41,0.73,-3.27700085455897,-0,-3.27700085455897,-0,3.27700085455897,0,0,1,0,1,0,2.99792458,1e-08
rotated,slice,5,100,0,0,90,0,0,0,0,0.25,0,1.09375,-0.4,0.6,0,4.157348061512726,0,4.157348061512726,0,4.157348061512726,0,0,1,0,1,0,2.99792458,1e-08
rotated,A,5,100,0,0,90,0,0,0,0,0.25,0,1.125,0,0,0,3.535533905932738,0,3.535533905932738,0,3.535533905932738,0,0,1,0,1,0,2.99792458,1e-08
rotated,B,5,100,0,0,90,0,0,0,0,0.25,0,1.125,0,0,0.25,3.535533905932738,0,3.535533905932738,0,3.535533905932738,0,0,1,0,1,0,2.99792458,1e-08
rotated,off_axis,5,100,0,0,90,0,0,0,0,0.25,0,1.125,0.37,-0.41,0.73,-3.950775061878452,-0,-3.950775061878452,-0,3.950775061878452,0,0,1,0,1,0,2.99792458,1e-08
rotated,slice,5,100,0,0,90,0,0,0,0,0.25,0,1.125,-0.4,0.6,0,3.535533905932738,0,3.535533905932738,0,3.535533905932738,0,0,1,0,1,0,2.99792458,1e-08
rotated,A,5,100,0,0,90,0,0,0,0,0.25,0,1.15625,0,0,0,2.777851165098011,0,2.777851165098011,0,2.777851165098011,0,0,1,0,1,0,2.99792458,1e-08
rotated,B,5,100,0,0,90,0,0,0,0,0.25,0,1.15625,0,0,0.25,4.157348061512726,0,4.157348061512726,0,4.157348061512726,0,0,1,0,1,0,2.99792458,1e-08
rotated,off_axis,5,100,0,0,90,0,0,0,0,0.25,0,1.15625,0.37,-0.41,0.73,-4.472723199190126,-0,-4.472723199190126,-0,4.472723199190126,0,0,1,0,1,0,2.99792458,1e-08
rotated,slice,5,100,0,0,90,0,0,0,0,0.25,0,1.15625,-0.4,0.6,0,2.777851165098011,0,2.777851165098011,0,2.777851165098011,0,0,1,0,1,0,2.99792458,1e-08
rotated,A,5,100,0,0,90,0,0,0,0,0.25,0,1.1875,0,0,0,1.913417161825449,0,1.913417161825449,0,1.913417161825449,0,0,1,0,1,0,2.99792458,1e-08
rotated,B,5,100,0,0,90,0,0,0,0,0.25,0,1.1875,0,0,0.25,4.619397662556434,0,4.619397662556434,0,4.619397662556434,0,0,1,0,1,0,2.99792458,1e-08
rotated,off_axis,5,100,0,0,90,0,0,0,0,0.25,0,1.1875,0.37,-0.41,0.73,-4.822787092288991,-0,-4.822787092288991,-0,4.822787092288991,0,0,1,0,1,0,2.99792458,1e-08
rotated,slice,5,100,0,0,90,0,0,0,0,0.25,0,1.1875,-0.4,0.6,0,1.913417161825449,0,1.913417161825449,0,1.913417161825449,0,0,1,0,1,0,2.99792458,1e-08
rotated,A,5,100,0,0,90,0,0,0,0,0.25,0,1.21875,0,0,0,0.9754516100806414,0,0.9754516100806414,0,0.9754516100806414,0,0,1,0,1,0,2.99792458,1e-08
rotated,B,5,100,0,0,90,0,0,0,0,0.25,0,1.21875,0,0,0.25,4.903926402016152,0,4.903926402016152,0,4.903926402016152,0,0,1,0,1,0,2.99792458,1e-08
rotated,off_axis,5,100,0,0,90,0,0,0,0,0.25,0,1.21875,0.37,-0.41,0.73,-4.987513982081351,-0,-4.987513982081351,-0,4.987513982081351,0,0,1,0,1,0,2.99792458,1e-08
rotated,slice,5,100,0,0,90,0,0,0,0,0.25,0,1.21875,-0.4,0.6,0,0.9754516100806414,0,0.9754516100806414,0,0.9754516100806414,0,0,1,0,1,0,2.99792458,1e-08
rotated,A,5,100,0,0,90,0,0,0,0,0.25,0,1.25,0,0,0,0,0,0,0,0,0,0,1,0,1,0,2.99792458,1e-08
rotated,B,5,100,0,0,90,0,0,0,0,0.25,0,1.25,0,0,0.25,5,0,5,0,5,0,0,1,0,1,0,2.99792458,1e-08
rotated,off_axis,5,100,0,0,90,0,0,0,0,0.25,0,1.25,0.37,-0.41,0.73,-4.960573506572389,-0,-4.960573506572389,-0,4.960573506572389,0,0,1,0,1,0,2.99792458,1e-08
rotated,slice,5,100,0,0,90,0,0,0,0,0.25,0,1.25,-0.4,0.6,0,0,0,0,0,0,0,0,1,0,1,0,2.99792458,1e-08
rotated,A,5,100,0,0,90,0,0,0,0,0.25,0,1.28125,0,0,0,-0.9754516100806414,-0,-0.9754516100806414,-0,0.9754516100806414,0,0,1,0,1,0,2.99792458,1e-08
rotated,B,5,100,0,0,90,0,0,0,0,0.25,0,1.28125,0,0,0.25,4.903926402016152,0,4.903926402016152,0,4.903926402016152,0,0,1,0,1,0,2.99792458,1e-08
rotated,off_axis,5,100,0,0,90,0,0,0,0,0.25,0,1.28125,0.37,-0.41,0.73,-4.743000973127523,-0,-4.743000973127523,-0,4.743000973127523,0,0,1,0,1,0,2.99792458,1e-08
rotated,slice,5,100,0,0,90,0,0,0,0,0.25,0,1.28125,-0.4,0.6,0,-0.9754516100806414,-0,-0.9754516100806414,-0,0.9754516100806414,0,0,1,0,1,0,2.99792458,1e-08
rotated,A,5,100,0,0,90,0,0,0,0,0.25,0,1.3125,0,0,0,-1.913417161825449,-0,-1.913417161825449,-0,1.913417161825449,0,0,1,0,1,0,2.99792458,1e-08
rotated,B,5,100,0,0,90,0,0,0,0,0.25,0,1.3125,0,0,0.25,4.619397662556434,0,4.619397662556434,0,4.619397662556434,0,0,1,0,1,0,2.99792458,1e-08
rotated,off_axis,5,100,0,0,90,0,0,0,0,0.25,0,1.3125,0.37,-0.41,0.73,-4.343157572190956,-0,-4.343157572190956,-0,4.343157572190956,0,0,1,0,1,0,2.99792458,1e-08
rotated,slice,5,100,0,0,90,0,0,0,0,0.25,0,1.3125,-0.4,0.6,0,-1.913417161825449,-0,-1.913417161825449,-0,1.913417161825449,0,0,1,0,1,0,2.99792458,1e-08
rotated,A,5,100,0,0,90,0,0,0,0,0.25,0,1.34375,0,0,0,-2.777851165098011,-0,-2.777851165098011,-0,2.777851165098011,0,0,1,0,1,0,2.99792458,1e-08
rotated,B,5,100,0,0,90,0,0,0,0,0.25,0,1.34375,0,0,0.25,4.157348061512726,0,4.157348061512726,0,4.157348061512726,0,0,1,0,1,0,2.99792458,1e-08
rotated,off_axis,5,100,0,0,90,0,0,0,0,0.25,0,1.34375,0.37,-0.41,0.73,-3.776409061425918,-0,-3.776409061425918,-0,3.776409061425918,0,0,1,0,1,0,2.99792458,1e-08
rotated,slice,5,100,0,0,90,0,0,0,0,0.25,0,1.34375,-0.4,0.6,0,-2.777851165098011,-0,-2.777851165098011,-0,2.777851165098011,0,0,1,0,1,0,2.99792458,1e-08
rotated,A,5,100,0,0,90,0,0,0,0,0.25,0,1.375,0,0,0,-3.535533905932738,-0,-3.535533905932738,-0,3.535533905932738,0,0,1,0,1,0,2.99792458,1e-08
rotated,B,5,100,0,0,90,0,0,0,0,0.25,0,1.375,0,0,0.25,3.535533905932738,0,3.535533905932738,0,3.535533905932738,0,0,1,0,1,0,2.99792458,1e-08
rotated,off_axis,5,100,0,0,90,0,0,0,0,0.25,0,1.375,0.37,-0.41,0.73,-3.064535268264882,-0,-3.064535268264882,-0,3.064535268264882,0,0,1,0,1,0,2.99792458,1e-08
rotated,slice,5,100,0,0,90,0,0,0,0,0.25,0,1.375,-0.4,0.6,0,-3.535533905932738,-0,-3.535533905932738,-0,3.535533905932738,0,0,1,0,1,0,2.99792458,1e-08
rotated,A,5,100,0,0,90,0,0,0,0,0.25,0,1.40625,0,0,0,-4.157348061512726,-0,-4.157348061512726,-0,4.157348061512726,0,0,1,0,1,0,2.99792458,1e-08
rotated,B,5,100,0,0,90,0,0,0,0,0.25,0,1.40625,0,0,0.25,2.777851165098011,0,2.777851165098011,0,2.777851165098011,0,0,1,0,1,0,2.99792458,1e-08
rotated,off_axis,5,100,0,0,90,0,0,0,0,0.25,0,1.40625,0.37,-0.41,0.73,-2.234893103355605,-0,-2.234893103355605,-0,2.234893103355605,0,0,1,0,1,0,2.99792458,1e-08
rotated,slice,5,100,0,0,90,0,0,0,0,0.25,0,1.40625,-0.4,0.6,0,-4.157348061512726,-0,-4.157348061512726,-0,4.157348061512726,0,0,1,0,1,0,2.99792458,1e-08
rotated,A,5,100,0,0,90,0,0,0,0,0.25,0,1.4375,0,0,0,-4.619397662556434,-0,-4.619397662556434,-0,4.619397662556434,0,0,1,0,1,0,2.99792458,1e-08
rotated,B,5,100,0,0,90,0,0,0,0,0.25,0,1.4375,0,0,0.25,1.913417161825449,0,1.913417161825449,0,1.913417161825449,0,0,1,0,1,0,2.99792458,1e-08
rotated,off_axis,5,100,0,0,90,0,0,0,0,0.25,0,1.4375,0.37,-0.41,0.73,-1.319365249826864,-0,-1.319365249826864,-0,1.319365249826864,0,0,1,0,1,0,2.99792458,1e-08
rotated,slice,5,100,0,0,90,0,0,0,0,0.25,0,1.4375,-0.4,0.6,0,-4.619397662556434,-0,-4.619397662556434,-0,4.619397662556434,0,0,1,0,1,0,2.99792458,1e-08
rotated,A,5,100,0,0,90,0,0,0,0,0.25,0,1.46875,0,0,0,-4.903926402016152,-0,-4.903926402016152,-0,4.903926402016152,0,0,1,0,1,0,2.99792458,1e-08
rotated,B,5,100,0,0,90,0,0,0,0,0.25,0,1.46875,0,0,0.25,0.9754516100806414,0,0.9754516100806414,0,0.9754516100806414,0,0,1,0,1,0,2.99792458,1e-08
rotated,off_axis,5,100,0,0,90,0,0,0,0,0.25,0,1.46875,0.37,-0.41,0.73,-0.3531349296558328,-0,-0.3531349296558328,-0,0.3531349296558328,0,0,1,0,1,0,2.99792458,1e-08
rotated,slice,5,100,0,0,90,0,0,0,0,0.25,0,1.46875,-0.4,0.6,0,-4.903926402016152,-0,-4.903926402016152,-0,4.903926402016152,0,0,1,0,1,0,2.99792458,1e-08
rotated,A,5,100,0,0,90,0,0,0,0,0.25,0,1.5,0,0,0,-5,-0,-5,-0,5,0,0,1,0,1,0,2.99792458,1e-08
rotated,B,5,100,0,0,90,0,0,0,0,0.25,0,1.5,0,0,0.25,0,0,0,0,0,0,0,1,0,1,0,2.99792458,1e-08
rotated,off_axis,5,100,0,0,90,0,0,0,0,0.25,0,1.5,0.37,-0.41,0.73,0.6266661678215218,0,0.6266661678215218,0,0.6266661678215218,0,0,1,0,1,0,2.99792458,1e-08
rotated,slice,5,100,0,0,90,0,0,0,0,0.25,0,1.5,-0.4,0.6,0,-5,-0,-5,-0,5,0,0,1,0,1,0,2.99792458,1e-08
rotated,A,5,100,0,0,90,0,0,0,0,0.25,0,1.53125,0,0,0,-4.903926402016152,-0,-4.903926402016152,-0,4.903926402016152,0,0,1,0,1,0,2.99792458,1e-08
rotated,B,5,100,0,0,90,0,0,0,0,0.25,0,1.53125,0,0,0.25,-0.9754516100806414,-0,-0.9754516100806414,-0,0.9754516100806414,0,0,1,0,1,0,2.99792458,1e-08
rotated,off_axis,5,100,0,0,90,0,0,0,0,0.25,0,1.53125,0.37,-0.41,0.73,1.582384835907931,0,1.582384835907931,0,1.582384835907931,0,0,1,0,1,0,2.99792458,1e-08
rotated,slice,5,100,0,0,90,0,0,0,0,0.25,0,1.53125,-0.4,0.6,0,-4.903926402016152,-0,-4.903926402016152,-0,4.903926402016152,0,0,1,0,1,0,2.99792458,1e-08
rotated,A,5,100,0,0,90,0,0,0,0,0.25,0,1.5625,0,0,0,-4.619397662556434,-0,-4.619397662556434,-0,4.619397662556434,0,0,1,0,1,0,2.99792458,1e-08
rotated,B,5,100,0,0,90,0,0,0,0,0.25,0,1.5625,0,0,0.25,-1.913417161825449,-0,-1.913417161825449,-0,1.913417161825449,0,0,1,0,1,0,2.99792458,1e-08
rotated,off_axis,5,100,0,0,90,0,0,0,0,0.25,0,1.5625,0.37,-0.41,0.73,2.477293342162038,0,2.477293342162038,0,2.477293342162038,0,0,1,0,1,0,2.99792458,1e-08
rotated,slice,5,100,0,0,90,0,0,0,0,0.25,0,1.5625,-0.4,0.6,0,-4.619397662556434,-0,-4.619397662556434,-0,4.619397662556434,0,0,1,0,1,0,2.99792458,1e-08
rotated,A,5,100,0,0,90,0,0,0,0,0.25,0,1.59375,0,0,0,-4.157348061512726,-0,-4.157348061512726,-0,4.157348061512726,0,0,1,0,1,0,2.99792458,1e-08
rotated,B,5,100,0,0,90,0,0,0,0,0.25,0,1.59375,0,0,0.25,-2.777851165098011,-0,-2.777851165098011,-0,2.777851165098011,0,0,1,0,1,0,2.99792458,1e-08
rotated,off_axis,5,100,0,0,90,0,0,0,0,0.25,0,1.59375,0.37,-0.41,0.73,3.27700085455897,0,3.27700085455897,0,3.27700085455897,0,0,1,0,1,0,2.99792458,1e-08
rotated,slice,5,100,0,0,90,0,0,0,0,0.25,0,1.59375,-0.4,0.6,0,-4.157348061512726,-0,-4.157348061512726,-0,4.157348061512726,0,0,1,0,1,0,2.99792458,1e-08
rotated,A,5,100,0,0,90,0,0,0,0,0.25,0,1.625,0,0,0,-3.535533905932738,-0,-3.535533905932738,-0,3.535533905932738,0,0,1,0,1,0,2.99792458,1e-08
rotated,B,5,100,0,0,90,0,0,0,0,0.25,0,1.625,0,0,0.25,-3.535533905932738,-0,-3.535533905932738,-0,3.535533905932738,0,0,1,0,1,0,2.99792458,1e-08
rotated,off_axis,5,100,0,0,90,0,0,0,0,0.25,0,1.625,0.37,-0.41,0.73,3.950775061878452,0,3.950775061878452,0,3.950775061878452,0,0,1,0,1,0,2.99792458,1e-08
rotated,slice,5,100,0,0,90,0,0,0,0,0.25,0,1.625,-0.4,0.6,0,-3.535533905932738,-0,-3.535533905932738,-0,3.535533905932738,0,0,1,0,1,0,2.99792458,1e-08
rotated,A,5,100,0,0,90,0,0,0,0,0.25,0,1.65625,0,0,0,-2.777851165098011,-0,-2.777851165098011,-0,2.777851165098011,0,0,1,0,1,0,2.99792458,1e-08
rotated,B,5,100,0,0,90,0,0,0,0,0.25,0,1.65625,0,0,0.25,-4.157348061512726,-0,-4.157348061512726,-0,4.157348061512726,0,0,1,0,1,0,2.99792458,1e-08
rotated,off_axis,5,100,0,0,90,0,0,0,0,0.25,0,1.65625,0.37,-0.41,0.73,4.472723199190126,0,4.472723199190126,0,4.472723199190126,0,0,1,0,1,0,2.99792458,1e-08
rotated,slice,5,100,0,0,90,0,0,0,0,0.25,0,1.65625,-0.4,0.6,0,-2.777851165098011,-0,-2.777851165098011,-0,2.777851165098011,0,0,1,0,1,0,2.99792458,1e-08
rotated,A,5,100,0,0,90,0,0,0,0,0.25,0,1.6875,0,0,0,-1.913417161825449,-0,-1.913417161825449,-0,1.913417161825449,0,0,1,0,1,0,2.99792458,1e-08
rotated,B,5,100,0,0,90,0,0,0,0,0.25,0,1.6875,0,0,0.25,-4.619397662556434,-0,-4.619397662556434,-0,4.619397662556434,0,0,1,0,1,0,2.99792458,1e-08
rotated,off_axis,5,100,0,0,90,0,0,0,0,0.25,0,1.6875,0.37,-0.41,0.73,4.822787092288991,0,4.822787092288991,0,4.822787092288991,0,0,1,0,1,0,2.99792458,1e-08
rotated,slice,5,100,0,0,90,0,0,0,0,0.25,0,1.6875,-0.4,0.6,0,-1.913417161825449,-0,-1.913417161825449,-0,1.913417161825449,0,0,1,0,1,0,2.99792458,1e-08
rotated,A,5,100,0,0,90,0,0,0,0,0.25,0,1.71875,0,0,0,-0.9754516100806414,-0,-0.9754516100806414,-0,0.9754516100806414,0,0,1,0,1,0,2.99792458,1e-08
rotated,B,5,100,0,0,90,0,0,0,0,0.25,0,1.71875,0,0,0.25,-4.903926402016152,-0,-4.903926402016152,-0,4.903926402016152,0,0,1,0,1,0,2.99792458,1e-08
rotated,off_axis,5,100,0,0,90,0,0,0,0,0.25,0,1.71875,0.37,-0.41,0.73,4.987513982081351,0,4.987513982081351,0,4.987513982081351,0,0,1,0,1,0,2.99792458,1e-08
rotated,slice,5,100,0,0,90,0,0,0,0,0.25,0,1.71875,-0.4,0.6,0,-0.9754516100806414,-0,-0.9754516100806414,-0,0.9754516100806414,0,0,1,0,1,0,2.99792458,1e-08
rotated,A,5,100,0,0,90,0,0,0,0,0.25,0,1.75,0,0,0,0,0,0,0,0,0,0,1,0,1,0,2.99792458,1e-08
rotated,B,5,100,0,0,90,0,0,0,0,0.25,0,1.75,0,0,0.25,-5,-0,-5,-0,5,0,0,1,0,1,0,2.99792458,1e-08
rotated,off_axis,5,100,0,0,90,0,0,0,0,0.25,0,1.75,0.37,-0.41,0.73,4.960573506572389,0,4.960573506572389,0,4.960573506572389,0,0,1,0,1,0,2.99792458,1e-08
rotated,slice,5,100,0,0,90,0,0,0,0,0.25,0,1.75,-0.4,0.6,0,0,0,0,0,0,0,0,1,0,1,0,2.99792458,1e-08
rotated,A,5,100,0,0,90,0,0,0,0,0.25,0,1.78125,0,0,0,0.9754516100806414,0,0.9754516100806414,0,0.9754516100806414,0,0,1,0,1,0,2.99792458,1e-08
rotated,B,5,100,0,0,90,0,0,0,0,0.25,0,1.78125,0,0,0.25,-4.903926402016152,-0,-4.903926402016152,-0,4.903926402016152,0,0,1,0,1,0,2.99792458,1e-08
rotated,off_axis,5,100,0,0,90,0,0,0,0,0.25,0,1.78125,0.37,-0.41,0.73,4.743000973127523,0,4.743000973127523,0,4.743000973127523,0,0,1,0,1,0,2.99792458,1e-08
rotated,slice,5,100,0,0,90,0,0,0,0,0.25,0,1.78125,-0.4,0.6,0,0.9754516100806414,0,0.9754516100806414,0,0.9754516100806414,0,0,1,0,1,0,2.99792458,1e-08
rotated,A,5,100,0,0,90,0,0,0,0,0.25,0,1.8125,0,0,0,1.913417161825449,0,1.913417161825449,0,1.913417161825449,0,0,1,0,1,0,2.99792458,1e-08
rotated,B,5,100,0,0,90,0,0,0,0,0.25,0,1.8125,0,0,0.25,-4.619397662556434,-0,-4.619397662556434,-0,4.619397662556434,0,0,1,0,1,0,2.99792458,1e-08
rotated,off_axis,5,100,0,0,90,0,0,0,0,0.25,0,1.8125,0.37,-0.41,0.73,4.343157572190956,0,4.343157572190956,0,4.343157572190956,0,0,1,0,1,0,2.99792458,1e-08
rotated,slice,5,100,0,0,90,0,0,0,0,0.25,0,1.8125,-0.4,0.6,0,1.913417161825449,0,1.913417161825449,0,1.913417161825449,0,0,1,0,1,0,2.99792458,1e-08
rotated,A,5,100,0,0,90,0,0,0,0,0.25,0,1.84375,0,0,0,2.777851165098011,0,2.777851165098011,0,2.777851165098011,0,0,1,0,1,0,2.99792458,1e-08
rotated,B,5,100,0,0,90,0,0,0,0,0.25,0,1.84375,0,0,0.25,-4.157348061512726,-0,-4.157348061512726,-0,4.157348061512726,0,0,1,0,1,0,2.99792458,1e-08
rotated,off_axis,5,100,0,0,90,0,0,0,0,0.25,0,1.84375,0.37,-0.41,0.73,3.776409061425918,0,3.776409061425918,0,3.776409061425918,0,0,1,0,1,0,2.99792458,1e-08
rotated,slice,5,100,0,0,90,0,0,0,0,0.25,0,1.84375,-0.4,0.6,0,2.777851165098011,0,2.777851165098011,0,2.777851165098011,0,0,1,0,1,0,2.99792458,1e-08
rotated,A,5,100,0,0,90,0,0,0,0,0.25,0,1.875,0,0,0,3.535533905932738,0,3.535533905932738,0,3.535533905932738,0,0,1,0,1,0,2.99792458,1e-08
rotated,B,5,100,0,0,90,0,0,0,0,0.25,0,1.875,0,0,0.25,-3.535533905932738,-0,-3.535533905932738,-0,3.535533905932738,0,0,1,0,1,0,2.99792458,1e-08
rotated,off_axis,5,100,0,0,90,0,0,0,0,0.25,0,1.875,0.37,-0.41,0.73,3.064535268264882,0,3.064535268264882,0,3.064535268264882,0,0,1,0,1,0,2.99792458,1e-08
rotated,slice,5,100,0,0,90,0,0,0,0,0.25,0,1.875,-0.4,0.6,0,3.535533905932738,0,3.535533905932738,0,3.535533905932738,0,0,1,0,1,0,2.99792458,1e-08
rotated,A,5,100,0,0,90,0,0,0,0,0.25,0,1.90625,0,0,0,4.157348061512726,0,4.157348061512726,0,4.157348061512726,0,0,1,0,1,0,2.99792458,1e-08
rotated,B,5,100,0,0,90,0,0,0,0,0.25,0,1.90625,0,0,0.25,-2.777851165098011,-0,-2.777851165098011,-0,2.777851165098011,0,0,1,0,1,0,2.99792458,1e-08
rotated,off_axis,5,100,0,0,90,0,0,0,0,0.25,0,1.90625,0.37,-0.41,0.73,2.234893103355605,0,2.234893103355605,0,2.234893103355605,0,0,1,0,1,0,2.99792458,1e-08
rotated,slice,5,100,0,0,90,0,0,0,0,0.25,0,1.90625,-0.4,0.6,0,4.157348061512726,0,4.157348061512726,0,4.157348061512726,0,0,1,0,1,0,2.99792458,1e-08
rotated,A,5,100,0,0,90,0,0,0,0,0.25,0,1.9375,0,0,0,4.619397662556434,0,4.619397662556434,0,4.619397662556434,0,0,1,0,1,0,2.99792458,1e-08
rotated,B,5,100,0,0,90,0,0,0,0,0.25,0,1.9375,0,0,0.25,-1.913417161825449,-0,-1.913417161825449,-0,1.913417161825449,0,0,1,0,1,0,2.99792458,1e-08
rotated,off_axis,5,100,0,0,90,0,0,0,0,0.25,0,1.9375,0.37,-0.41,0.73,1.319365249826864,0,1.319365249826864,0,1.319365249826864,0,0,1,0,1,0,2.99792458,1e-08
rotated,slice,5,100,0,0,90,0,0,0,0,0.25,0,1.9375,-0.4,0.6,0,4.619397662556434,0,4.619397662556434,0,4.619397662556434,0,0,1,0,1,0,2.99792458,1e-08
rotated,A,5,100,0,0,90,0,0,0,0,0.25,0,1.96875,0,0,0,4.903926402016152,0,4.903926402016152,0,4.903926402016152,0,0,1,0,1,0,2.99792458,1e-08
rotated,B,5,100,0,0,90,0,0,0,0,0.25,0,1.96875,0,0,0.25,-0.9754516100806414,-0,-0.9754516100806414,-0,0.9754516100806414,0,0,1,0,1,0,2.99792458,1e-08
rotated,off_axis,5,100,0,0,90,0,0,0,0,0.25,0,1.96875,0.37,-0.41,0.73,0.3531349296558328,0,0.3531349296558328,0,0.3531349296558328,0,0,1,0,1,0,2.99792458,1e-08
rotated,slice,5,100,0,0,90,0,0,0,0,0.25,0,1.96875,-0.4,0.6,0,4.903926402016152,0,4.903926402016152,0,4.903926402016152,0,0,1,0,1,0,2.99792458,1e-08
rotated,A,5,100,0,0,90,0,0,0,0,0.25,0,2,0,0,0,5,0,5,0,5,0,0,1,0,1,0,2.99792458,1e-08
rotated,B,5,100,0,0,90,0,0,0,0,0.25,0,2,0,0,0.25,0,0,0,0,0,0,0,1,0,1,0,2.99792458,1e-08
rotated,off_axis,5,100,0,0,90,0,0,0,0,0.25,0,2,0.37,-0.41,0.73,-0.6266661678215218,-0,-0.6266661678215218,-0,0.6266661678215218,0,0,1,0,1,0,2.99792458,1e-08
rotated,slice,5,100,0,0,90,0,0,0,0,0.25,0,2,-0.4,0.6,0,5,0,5,0,5,0,0,1,0,1,0,2.99792458,1e-08
gps,A,5,1575.42,0,0,0,0,0,0,0,0.25,0,0,0,0,0,5,5,0,0,5,0,0,1,1,0,0,0.1902936727983649,6.347513678891978e-10
gps,B,5,1575.42,0,0,0,0,0,0,0,0.25,0,0,0,0,0.25,0,0,0,0,0,0,0,1,1,0,0,0.1902936727983649,6.347513678891978e-10
gps,off_axis,5,1575.42,0,0,0,0,0,0,0,0.25,0,0,0.37,-0.41,0.73,-0.6266661678215218,-0.6266661678215218,-0,-0,0.6266661678215218,0,0,1,1,0,0,0.1902936727983649,6.347513678891978e-10
gps,slice,5,1575.42,0,0,0,0,0,0,0,0.25,0,0,-0.4,0.6,0,5,5,0,0,5,0,0,1,1,0,0,0.1902936727983649,6.347513678891978e-10
gps,A,5,1575.42,0,0,0,0,0,0,0,0.25,0,0.03125,0,0,0,4.903926402016152,4.903926402016152,0,0,4.903926402016152,0,0,1,1,0,0,0.1902936727983649,6.347513678891978e-10
gps,B,5,1575.42,0,0,0,0,0,0,0,0.25,0,0.03125,0,0,0.25,0.9754516100806414,0.9754516100806414,0,0,0.9754516100806414,0,0,1,1,0,0,0.1902936727983649,6.347513678891978e-10
gps,off_axis,5,1575.42,0,0,0,0,0,0,0,0.25,0,0.03125,0.37,-0.41,0.73,-1.582384835907931,-1.582384835907931,-0,-0,1.582384835907931,0,0,1,1,0,0,0.1902936727983649,6.347513678891978e-10
gps,slice,5,1575.42,0,0,0,0,0,0,0,0.25,0,0.03125,-0.4,0.6,0,4.903926402016152,4.903926402016152,0,0,4.903926402016152,0,0,1,1,0,0,0.1902936727983649,6.347513678891978e-10
gps,A,5,1575.42,0,0,0,0,0,0,0,0.25,0,0.0625,0,0,0,4.619397662556434,4.619397662556434,0,0,4.619397662556434,0,0,1,1,0,0,0.1902936727983649,6.347513678891978e-10
gps,B,5,1575.42,0,0,0,0,0,0,0,0.25,0,0.0625,0,0,0.25,1.913417161825449,1.913417161825449,0,0,1.913417161825449,0,0,1,1,0,0,0.1902936727983649,6.347513678891978e-10
gps,off_axis,5,1575.42,0,0,0,0,0,0,0,0.25,0,0.0625,0.37,-0.41,0.73,-2.477293342162038,-2.477293342162038,-0,-0,2.477293342162038,0,0,1,1,0,0,0.1902936727983649,6.347513678891978e-10
gps,slice,5,1575.42,0,0,0,0,0,0,0,0.25,0,0.0625,-0.4,0.6,0,4.619397662556434,4.619397662556434,0,0,4.619397662556434,0,0,1,1,0,0,0.1902936727983649,6.347513678891978e-10
gps,A,5,1575.42,0,0,0,0,0,0,0,0.25,0,0.09375,0,0,0,4.157348061512726,4.157348061512726,0,0,4.157348061512726,0,0,1,1,0,0,0.1902936727983649,6.347513678891978e-10
gps,B,5,1575.42,0,0,0,0,0,0,0,0.25,0,0.09375,0,0,0.25,2.777851165098011,2.777851165098011,0,0,2.777851165098011,0,0,1,1,0,0,0.1902936727983649,6.347513678891978e-10
gps,off_axis,5,1575.42,0,0,0,0,0,0,0,0.25,0,0.09375,0.37,-0.41,0.73,-3.27700085455897,-3.27700085455897,-0,-0,3.27700085455897,0,0,1,1,0,0,0.1902936727983649,6.347513678891978e-10
gps,slice,5,1575.42,0,0,0,0,0,0,0,0.25,0,0.09375,-0.4,0.6,0,4.157348061512726,4.157348061512726,0,0,4.157348061512726,0,0,1,1,0,0,0.1902936727983649,6.347513678891978e-10
gps,A,5,1575.42,0,0,0,0,0,0,0,0.25,0,0.125,0,0,0,3.535533905932738,3.535533905932738,0,0,3.535533905932738,0,0,1,1,0,0,0.1902936727983649,6.347513678891978e-10
gps,B,5,1575.42,0,0,0,0,0,0,0,0.25,0,0.125,0,0,0.25,3.535533905932738,3.535533905932738,0,0,3.535533905932738,0,0,1,1,0,0,0.1902936727983649,6.347513678891978e-10
gps,off_axis,5,1575.42,0,0,0,0,0,0,0,0.25,0,0.125,0.37,-0.41,0.73,-3.950775061878452,-3.950775061878452,-0,-0,3.950775061878452,0,0,1,1,0,0,0.1902936727983649,6.347513678891978e-10
gps,slice,5,1575.42,0,0,0,0,0,0,0,0.25,0,0.125,-0.4,0.6,0,3.535533905932738,3.535533905932738,0,0,3.535533905932738,0,0,1,1,0,0,0.1902936727983649,6.347513678891978e-10
gps,A,5,1575.42,0,0,0,0,0,0,0,0.25,0,0.15625,0,0,0,2.777851165098011,2.777851165098011,0,0,2.777851165098011,0,0,1,1,0,0,0.1902936727983649,6.347513678891978e-10
gps,B,5,1575.42,0,0,0,0,0,0,0,0.25,0,0.15625,0,0,0.25,4.157348061512726,4.157348061512726,0,0,4.157348061512726,0,0,1,1,0,0,0.1902936727983649,6.347513678891978e-10
gps,off_axis,5,1575.42,0,0,0,0,0,0,0,0.25,0,0.15625,0.37,-0.41,0.73,-4.472723199190126,-4.472723199190126,-0,-0,4.472723199190126,0,0,1,1,0,0,0.1902936727983649,6.347513678891978e-10
gps,slice,5,1575.42,0,0,0,0,0,0,0,0.25,0,0.15625,-0.4,0.6,0,2.777851165098011,2.777851165098011,0,0,2.777851165098011,0,0,1,1,0,0,0.1902936727983649,6.347513678891978e-10
gps,A,5,1575.42,0,0,0,0,0,0,0,0.25,0,0.1875,0,0,0,1.913417161825449,1.913417161825449,0,0,1.913417161825449,0,0,1,1,0,0,0.1902936727983649,6.347513678891978e-10
gps,B,5,1575.42,0,0,0,0,0,0,0,0.25,0,0.1875,0,0,0.25,4.619397662556434,4.619397662556434,0,0,4.619397662556434,0,0,1,1,0,0,0.1902936727983649,6.347513678891978e-10
gps,off_axis,5,1575.42,0,0,0,0,0,0,0,0.25,0,0.1875,0.37,-0.41,0.73,-4.822787092288991,-4.822787092288991,-0,-0,4.822787092288991,0,0,1,1,0,0,0.1902936727983649,6.347513678891978e-10
gps,slice,5,1575.42,0,0,0,0,0,0,0,0.25,0,0.1875,-0.4,0.6,0,1.913417161825449,1.913417161825449,0,0,1.913417161825449,0,0,1,1,0,0,0.1902936727983649,6.347513678891978e-10
gps,A,5,1575.42,0,0,0,0,0,0,0,0.25,0,0.21875,0,0,0,0.9754516100806414,0.9754516100806414,0,0,0.9754516100806414,0,0,1,1,0,0,0.1902936727983649,6.347513678891978e-10
gps,B,5,1575.42,0,0,0,0,0,0,0,0.25,0,0.21875,0,0,0.25,4.903926402016152,4.903926402016152,0,0,4.903926402016152,0,0,1,1,0,0,0.1902936727983649,6.347513678891978e-10
gps,off_axis,5,1575.42,0,0,0,0,0,0,0,0.25,0,0.21875,0.37,-0.41,0.73,-4.987513982081351,-4.987513982081351,-0,-0,4.987513982081351,0,0,1,1,0,0,0.1902936727983649,6.347513678891978e-10
gps,slice,5,1575.42,0,0,0,0,0,0,0,0.25,0,0.21875,-0.4,0.6,0,0.9754516100806414,0.9754516100806414,0,0,0.9754516100806414,0,0,1,1,0,0,0.1902936727983649,6.347513678891978e-10
gps,A,5,1575.42,0,0,0,0,0,0,0,0.25,0,0.25,0,0,0,0,0,0,0,0,0,0,1,1,0,0,0.1902936727983649,6.347513678891978e-10
gps,B,5,1575.42,0,0,0,0,0,0,0,0.25,0,0.25,0,0,0.25,5,5,0,0,5,0,0,1,1,0,0,0.1902936727983649,6.347513678891978e-10
gps,off_axis,5,1575.42,0,0,0,0,0,0,0,0.25,0,0.25,0.37,-0.41,0.73,-4.960573506572389,-4.960573506572389,-0,-0,4.960573506572389,0,0,1,1,0,0,0.1902936727983649,6.347513678891978e-10
gps,slice,5,1575.42,0,0,0,0,0,0,0,0.25,0,0.25,-0.4,0.6,0,0,0,0,0,0,0,0,1,1,0,0,0.1902936727983649,6.347513678891978e-10
gps,A,5,1575.42,0,0,0,0,0,0,0,0.25,0,0.28125,0,0,0,-0.9754516100806414,-0.9754516100806414,-0,-0,0.9754516100806414,0,0,1,1,0,0,0.1902936727983649,6.347513678891978e-10
gps,B,5,1575.42,0,0,0,0,0,0,0,0.25,0,0.28125,0,0,0.25,4.903926402016152,4.903926402016152,0,0,4.903926402016152,0,0,1,1,0,0,0.1902936727983649,6.347513678891978e-10
gps,off_axis,5,1575.42,0,0,0,0,0,0,0,0.25,0,0.28125,0.37,-0.41,0.73,-4.743000973127523,-4.743000973127523,-0,-0,4.743000973127523,0,0,1,1,0,0,0.1902936727983649,6.347513678891978e-10
gps,slice,5,1575.42,0,0,0,0,0,0,0,0.25,0,0.28125,-0.4,0.6,0,-0.9754516100806414,-0.9754516100806414,-0,-0,0.9754516100806414,0,0,1,1,0,0,0.1902936727983649,6.347513678891978e-10
gps,A,5,1575.42,0,0,0,0,0,0,0,0.25,0,0.3125,0,0,0,-1.913417161825449,-1.913417161825449,-0,-0,1.913417161825449,0,0,1,1,0,0,0.1902936727983649,6.347513678891978e-10
gps,B,5,1575.42,0,0,0,0,0,0,0,0.25,0,0.3125,0,0,0.25,4.619397662556434,4.619397662556434,0,0,4.619397662556434,0,0,1,1,0,0,0.1902936727983649,6.347513678891978e-10
gps,off_axis,5,1575.42,0,0,0,0,0,0,0,0.25,0,0.3125,0.37,-0.41,0.73,-4.343157572190956,-4.343157572190956,-0,-0,4.343157572190956,0,0,1,1,0,0,0.1902936727983649,6.347513678891978e-10
gps,slice,5,1575.42,0,0,0,0,0,0,0,0.25,0,0.3125,-0.4,0.6,0,-1.913417161825449,-1.913417161825449,-0,-0,1.913417161825449,0,0,1,1,0,0,0.1902936727983649,6.347513678891978e-10
gps,A,5,1575.42,0,0,0,0,0,0,0,0.25,0,0.34375,0,0,0,-2.777851165098011,-2.777851165098011,-0,-0,2.777851165098011,0,0,1,1,0,0,0.1902936727983649,6.347513678891978e-10
gps,B,5,1575.42,0,0,0,0,0,0,0,0.25,0,0.34375,0,0,0.25,4.157348061512726,4.157348061512726,0,0,4.157348061512726,0,0,1,1,0,0,0.1902936727983649,6.347513678891978e-10
gps,off_axis,5,1575.42,0,0,0,0,0,0,0,0.25,0,0.34375,0.37,-0.41,0.73,-3.776409061425918,-3.776409061425918,-0,-0,3.776409061425918,0,0,1,1,0,0,0.1902936727983649,6.347513678891978e-10
gps,slice,5,1575.42,0,0,0,0,0,0,0,0.25,0,0.34375,-0.4,0.6,0,-2.777851165098011,-2.777851165098011,-0,-0,2.777851165098011,0,0,1,1,0,0,0.1902936727983649,6.347513678891978e-10
gps,A,5,1575.42,0,0,0,0,0,0,0,0.25,0,0.375,0,0,0,-3.535533905932738,-3.535533905932738,-0,-0,3.535533905932738,0,0,1,1,0,0,0.1902936727983649,6.347513678891978e-10
gps,B,5,1575.42,0,0,0,0,0,0,0,0.25,0,0.375,0,0,0.25,3.535533905932738,3.535533905932738,0,0,3.535533905932738,0,0,1,1,0,0,0.1902936727983649,6.347513678891978e-10
gps,off_axis,5,1575.42,0,0,0,0,0,0,0,0.25,0,0.375,0.37,-0.41,0.73,-3.064535268264882,-3.064535268264882,-0,-0,3.064535268264882,0,0,1,1,0,0,0.1902936727983649,6.347513678891978e-10
gps,slice,5,1575.42,0,0,0,0,0,0,0,0.25,0,0.375,-0.4,0.6,0,-3.535533905932738,-3.535533905932738,-0,-0,3.535533905932738,0,0,1,1,0,0,0.1902936727983649,6.347513678891978e-10
gps,A,5,1575.42,0,0,0,0,0,0,0,0.25,0,0.40625,0,0,0,-4.157348061512726,-4.157348061512726,-0,-0,4.157348061512726,0,0,1,1,0,0,0.1902936727983649,6.347513678891978e-10
gps,B,5,1575.42,0,0,0,0,0,0,0,0.25,0,0.40625,0,0,0.25,2.777851165098011,2.777851165098011,0,0,2.777851165098011,0,0,1,1,0,0,0.1902936727983649,6.347513678891978e-10
gps,off_axis,5,1575.42,0,0,0,0,0,0,0,0.25,0,0.40625,0.37,-0.41,0.73,-2.234893103355605,-2.234893103355605,-0,-0,2.234893103355605,0,0,1,1,0,0,0.1902936727983649,6.347513678891978e-10
gps,slice,5,1575.42,0,0,0,0,0,0,0,0.25,0,0.40625,-0.4,0.6,0,-4.157348061512726,-4.157348061512726,-0,-0,4.157348061512726,0,0,1,1,0,0,0.1902936727983649,6.347513678891978e-10
gps,A,5,1575.42,0,0,0,0,0,0,0,0.25,0,0.4375,0,0,0,-4.619397662556434,-4.619397662556434,-0,-0,4.619397662556434,0,0,1,1,0,0,0.1902936727983649,6.347513678891978e-10
gps,B,5,1575.42,0,0,0,0,0,0,0,0.25,0,0.4375,0,0,0.25,1.913417161825449,1.913417161825449,0,0,1.913417161825449,0,0,1,1,0,0,0.1902936727983649,6.347513678891978e-10
gps,off_axis,5,1575.42,0,0,0,0,0,0,0,0.25,0,0.4375,0.37,-0.41,0.73,-1.319365249826864,-1.319365249826864,-0,-0,1.319365249826864,0,0,1,1,0,0,0.1902936727983649,6.347513678891978e-10
gps,slice,5,1575.42,0,0,0,0,0,0,0,0.25,0,0.4375,-0.4,0.6,0,-4.619397662556434,-4.619397662556434,-0,-0,4.619397662556434,0,0,1,1,0,0,0.1902936727983649,6.347513678891978e-10
gps,A,5,1575.42,0,0,0,0,0,0,0,0.25,0,0.46875,0,0,0,-4.903926402016152,-4.903926402016152,-0,-0,4.903926402016152,0,0,1,1,0,0,0.1902936727983649,6.347513678891978e-10
gps,B,5,1575.42,0,0,0,0,0,0,0,0.25,0,0.46875,0,0,0.25,0.9754516100806414,0.9754516100806414,0,0,0.9754516100806414,0,0,1,1,0,0,0.1902936727983649,6.347513678891978e-10
gps,off_axis,5,1575.42,0,0,0,0,0,0,0,0.25,0,0.46875,0.37,-0.41,0.73,-0.3531349296558328,-0.3531349296558328,-0,-0,0.3531349296558328,0,0,1,1,0,0,0.1902936727983649,6.347513678891978e-10
gps,slice,5,1575.42,0,0,0,0,0,0,0,0.25,0,0.46875,-0.4,0.6,0,-4.903926402016152,-4.903926402016152,-0,-0,4.903926402016152,0,0,1,1,0,0,0.1902936727983649,6.347513678891978e-10
gps,A,5,1575.42,0,0,0,0,0,0,0,0.25,0,0.5,0,0,0,-5,-5,-0,-0,5,0,0,1,1,0,0,0.1902936727983649,6.347513678891978e-10
gps,B,5,1575.42,0,0,0,0,0,0,0,0.25,0,0.5,0,0,0.25,0,0,0,0,0,0,0,1,1,0,0,0.1902936727983649,6.347513678891978e-10
gps,off_axis,5,1575.42,0,0,0,0,0,0,0,0.25,0,0.5,0.37,-0.41,0.73,0.6266661678215218,0.6266661678215218,0,0,0.6266661678215218,0,0,1,1,0,0,0.1902936727983649,6.347513678891978e-10
gps,slice,5,1575.42,0,0,0,0,0,0,0,0.25,0,0.5,-0.4,0.6,0,-5,-5,-0,-0,5,0,0,1,1,0,0,0.1902936727983649,6.347513678891978e-10
gps,A,5,1575.42,0,0,0,0,0,0,0,0.25,0,0.53125,0,0,0,-4.903926402016152,-4.903926402016152,-0,-0,4.903926402016152,0,0,1,1,0,0,0.1902936727983649,6.347513678891978e-10
gps,B,5,1575.42,0,0,0,0,0,0,0,0.25,0,0.53125,0,0,0.25,-0.9754516100806414,-0.9754516100806414,-0,-0,0.9754516100806414,0,0,1,1,0,0,0.1902936727983649,6.347513678891978e-10
gps,off_axis,5,1575.42,0,0,0,0,0,0,0,0.25,0,0.53125,0.37,-0.41,0.73,1.582384835907931,1.582384835907931,0,0,1.582384835907931,0,0,1,1,0,0,0.1902936727983649,6.347513678891978e-10
gps,slice,5,1575.42,0,0,0,0,0,0,0,0.25,0,0.53125,-0.4,0.6,0,-4.903926402016152,-4.903926402016152,-0,-0,4.903926402016152,0,0,1,1,0,0,0.1902936727983649,6.347513678891978e-10
gps,A,5,1575.42,0,0,0,0,0,0,0,0.25,0,0.5625,0,0,0,-4.619397662556434,-4.619397662556434,-0,-0,4.619397662556434,0,0,1,1,0,0,0.1902936727983649,6.347513678891978e-10
gps,B,5,1575.42,0,0,0,0,0,0,0,0.25,0,0.5625,0,0,0.25,-1.913417161825449,-1.913417161825449,-0,-0,1.913417161825449,0,0,1,1,0,0,0.1902936727983649,6.347513678891978e-10
gps,off_axis,5,1575.42,0,0,0,0,0,0,0,0.25,0,0.5625,0.37,-0.41,0.73,2.477293342162038,2.477293342162038,0,0,2.477293342162038,0,0,1,1,0,0,0.1902936727983649,6.347513678891978e-10
gps,slice,5,1575.42,0,0,0,0,0,0,0,0.25,0,0.5625,-0.4,0.6,0,-4.619397662556434,-4.619397662556434,-0,-0,4.619397662556434,0,0,1,1,0,0,0.1902936727983649,6.347513678891978e-10
gps,A,5,1575.42,0,0,0,0,0,0,0,0.25,0,0.59375,0,0,0,-4.157348061512726,-4.157348061512726,-0,-0,4.157348061512726,0,0,1,1,0,0,0.1902936727983649,6.347513678891978e-10
gps,B,5,1575.42,0,0,0,0,0,0,0,0.25,0,0.59375,0,0,0.25,-2.777851165098011,-2.777851165098011,-0,-0,2.777851165098011,0,0,1,1,0,0,0.1902936727983649,6.347513678891978e-10
gps,off_axis,5,1575.42,0,0,0,0,0,0,0,0.25,0,0.59375,0.37,-0.41,0.73,3.27700085455897,3.27700085455897,0,0,3.27700085455897,0,0,1,1,0,0,0.1902936727983649,6.347513678891978e-10
gps,slice,5,1575.42,0,0,0,0,0,0,0,0.25,0,0.59375,-0.4,0.6,0,-4.157348061512726,-4.157348061512726,-0,-0,4.157348061512726,0,0,1,1,0,0,0.1902936727983649,6.347513678891978e-10
gps,A,5,1575.42,0,0,0,0,0,0,0,0.25,0,0.625,0,0,0,-3.535533905932738,-3.535533905932738,-0,-0,3.535533905932738,0,0,1,1,0,0,0.1902936727983649,6.347513678891978e-10
gps,B,5,1575.42,0,0,0,0,0,0,0,0.25,0,0.625,0,0,0.25,-3.535533905932738,-3.535533905932738,-0,-0,3.535533905932738,0,0,1,1,0,0,0.1902936727983649,6.347513678891978e-10
gps,off_axis,5,1575.42,0,0,0,0,0,0,0,0.25,0,0.625,0.37,-0.41,0.73,3.950775061878452,3.950775061878452,0,0,3.950775061878452,0,0,1,1,0,0,0.1902936727983649,6.347513678891978e-10
gps,slice,5,1575.42,0,0,0,0,0,0,0,0.25,0,0.625,-0.4,0.6,0,-3.535533905932738,-3.535533905932738,-0,-0,3.535533905932738,0,0,1,1,0,0,0.1902936727983649,6.347513678891978e-10
gps,A,5,1575.42,0,0,0,0,0,0,0,0.25,0,0.65625,0,0,0,-2.777851165098011,-2.777851165098011,-0,-0,2.777851165098011,0,0,1,1,0,0,0.1902936727983649,6.347513678891978e-10
gps,B,5,1575.42,0,0,0,0,0,0,0,0.25,0,0.65625,0,0,0.25,-4.157348061512726,-4.157348061512726,-0,-0,4.157348061512726,0,0,1,1,0,0,0.1902936727983649,6.347513678891978e-10
gps,off_axis,5,1575.42,0,0,0,0,0,0,0,0.25,0,0.65625,0.37,-0.41,0.73,4.472723199190126,4.472723199190126,0,0,4.472723199190126,0,0,1,1,0,0,0.1902936727983649,6.347513678891978e-10
gps,slice,5,1575.42,0,0,0,0,0,0,0,0.25,0,0.65625,-0.4,0.6,0,-2.777851165098011,-2.777851165098011,-0,-0,2.777851165098011,0,0,1,1,0,0,0.1902936727983649,6.347513678891978e-10
gps,A,5,1575.42,0,0,0,0,0,0,0,0.25,0,0.6875,0,0,0,-1.913417161825449,-1.913417161825449,-0,-0,1.913417161825449,0,0,1,1,0,0,0.1902936727983649,6.347513678891978e-10
gps,B,5,1575.42,0,0,0,0,0,0,0,0.25,0,0.6875,0,0,0.25,-4.619397662556434,-4.619397662556434,-0,-0,4.619397662556434,0,0,1,1,0,0,0.1902936727983649,6.347513678891978e-10
gps,off_axis,5,1575.42,0,0,0,0,0,0,0,0.25,0,0.6875,0.37,-0.41,0.73,4.822787092288991,4.822787092288991,0,0,4.822787092288991,0,0,1,1,0,0,0.1902936727983649,6.347513678891978e-10
gps,slice,5,1575.42,0,0,0,0,0,0,0,0.25,0,0.6875,-0.4,0.6,0,-1.913417161825449,-1.913417161825449,-0,-0,1.913417161825449,0,0,1,1,0,0,0.1902936727983649,6.347513678891978e-10
gps,A,5,1575.42,0,0,0,0,0,0,0,0.25,0,0.71875,0,0,0,-0.9754516100806414,-0.9754516100806414,-0,-0,0.9754516100806414,0,0,1,1,0,0,0.1902936727983649,6.347513678891978e-10
gps,B,5,1575.42,0,0,0,0,0,0,0,0.25,0,0.71875,0,0,0.25,-4.903926402016152,-4.903926402016152,-0,-0,4.903926402016152,0,0,1,1,0,0,0.1902936727983649,6.347513678891978e-10
gps,off_axis,5,1575.42,0,0,0,0,0,0,0,0.25,0,0.71875,0.37,-0.41,0.73,4.987513982081351,4.987513982081351,0,0,4.987513982081351,0,0,1,1,0,0,0.1902936727983649,6.347513678891978e-10
gps,slice,5,1575.42,0,0,0,0,0,0,0,0.25,0,0.71875,-0.4,0.6,0,-0.9754516100806414,-0.9754516100806414,-0,-0,0.9754516100806414,0,0,1,1,0,0,0.1902936727983649,6.347513678891978e-10
gps,A,5,1575.42,0,0,0,0,0,0,0,0.25,0,0.75,0,0,0,0,0,0,0,0,0,0,1,1,0,0,0.1902936727983649,6.347513678891978e-10
gps,B,5,1575.42,0,0,0,0,0,0,0,0.25,0,0.75,0,0,0.25,-5,-5,-0,-0,5,0,0,1,1,0,0,0.1902936727983649,6.347513678891978e-10
gps,off_axis,5,1575.42,0,0,0,0,0,0,0,0.25,0,0.75,0.37,-0.41,0.73,4.960573506572389,4.960573506572389,0,0,4.960573506572389,0,0,1,1,0,0,0.1902936727983649,6.347513678891978e-10
gps,slice,5,1575.42,0,0,0,0,0,0,0,0.25,0,0.75,-0.4,0.6,0,0,0,0,0,0,0,0,1,1,0,0,0.1902936727983649,6.347513678891978e-10
gps,A,5,1575.42,0,0,0,0,0,0,0,0.25,0,0.78125,0,0,0,0.9754516100806414,0.9754516100806414,0,0,0.9754516100806414,0,0,1,1,0,0,0.1902936727983649,6.347513678891978e-10
gps,B,5,1575.42,0,0,0,0,0,0,0,0.25,0,0.78125,0,0,0.25,-4.903926402016152,-4.903926402016152,-0,-0,4.903926402016152,0,0,1,1,0,0,0.1902936727983649,6.347513678891978e-10
gps,off_axis,5,1575.42,0,0,0,0,0,0,0,0.25,0,0.78125,0.37,-0.41,0.73,4.743000973127523,4.743000973127523,0,0,4.743000973127523,0,0,1,1,0,0,0.1902936727983649,6.347513678891978e-10
gps,slice,5,1575.42,0,0,0,0,0,0,0,0.25,0,0.78125,-0.4,0.6,0,0.9754516100806414,0.9754516100806414,0,0,0.9754516100806414,0,0,1,1,0,0,0.1902936727983649,6.347513678891978e-10
gps,A,5,1575.42,0,0,0,0,0,0,0,0.25,0,0.8125,0,0,0,1.913417161825449,1.913417161825449,0,0,1.913417161825449,0,0,1,1,0,0,0.1902936727983649,6.347513678891978e-10
gps,B,5,1575.42,0,0,0,0,0,0,0,0.25,0,0.8125,0,0,0.25,-4.619397662556434,-4.619397662556434,-0,-0,4.619397662556434,0,0,1,1,0,0,0.1902936727983649,6.347513678891978e-10
gps,off_axis,5,1575.42,0,0,0,0,0,0,0,0.25,0,0.8125,0.37,-0.41,0.73,4.343157572190956,4.343157572190956,0,0,4.343157572190956,0,0,1,1,0,0,0.1902936727983649,6.347513678891978e-10
gps,slice,5,1575.42,0,0,0,0,0,0,0,0.25,0,0.8125,-0.4,0.6,0,1.913417161825449,1.913417161825449,0,0,1.913417161825449,0,0,1,1,0,0,0.1902936727983649,6.347513678891978e-10
gps,A,5,1575.42,0,0,0,0,0,0,0,0.25,0,0.84375,0,0,0,2.777851165098011,2.777851165098011,0,0,2.777851165098011,0,0,1,1,0,0,0.1902936727983649,6.347513678891978e-10
gps,B,5,1575.42,0,0,0,0,0,0,0,0.25,0,0.84375,0,0,0.25,-4.157348061512726,-4.157348061512726,-0,-0,4.157348061512726,0,0,1,1,0,0,0.1902936727983649,6.347513678891978e-10
gps,off_axis,5,1575.42,0,0,0,0,0,0,0,0.25,0,0.84375,0.37,-0.41,0.73,3.776409061425918,3.776409061425918,0,0,3.776409061425918,0,0,1,1,0,0,0.1902936727983649,6.347513678891978e-10
gps,slice,5,1575.42,0,0,0,0,0,0,0,0.25,0,0.84375,-0.4,0.6,0,2.777851165098011,2.777851165098011,0,0,2.777851165098011,0,0,1,1,0,0,0.1902936727983649,6.347513678891978e-10
gps,A,5,1575.42,0,0,0,0,0,0,0,0.25,0,0.875,0,0,0,3.535533905932738,3.535533905932738,0,0,3.535533905932738,0,0,1,1,0,0,0.1902936727983649,6.347513678891978e-10
gps,B,5,1575.42,0,0,0,0,0,0,0,0.25,0,0.875,0,0,0.25,-3.535533905932738,-3.535533905932738,-0,-0,3.535533905932738,0,0,1,1,0,0,0.1902936727983649,6.347513678891978e-10
gps,off_axis,5,1575.42,0,0,0,0,0,0,0,0.25,0,0.875,0.37,-0.41,0.73,3.064535268264882,3.064535268264882,0,0,3.064535268264882,0,0,1,1,0,0,0.1902936727983649,6.347513678891978e-10
gps,slice,5,1575.42,0,0,0,0,0,0,0,0.25,0,0.875,-0.4,0.6,0,3.535533905932738,3.535533905932738,0,0,3.535533905932738,0,0,1,1,0,0,0.1902936727983649,6.347513678891978e-10
gps,A,5,1575.42,0,0,0,0,0,0,0,0.25,0,0.90625,0,0,0,4.157348061512726,4.157348061512726,0,0,4.157348061512726,0,0,1,1,0,0,0.1902936727983649,6.347513678891978e-10
gps,B,5,1575.42,0,0,0,0,0,0,0,0.25,0,0.90625,0,0,0.25,-2.777851165098011,-2.777851165098011,-0,-0,2.777851165098011,0,0,1,1,0,0,0.1902936727983649,6.347513678891978e-10
gps,off_axis,5,1575.42,0,0,0,0,0,0,0,0.25,0,0.90625,0.37,-0.41,0.73,2.234893103355605,2.234893103355605,0,0,2.234893103355605,0,0,1,1,0,0,0.1902936727983649,6.347513678891978e-10
gps,slice,5,1575.42,0,0,0,0,0,0,0,0.25,0,0.90625,-0.4,0.6,0,4.157348061512726,4.157348061512726,0,0,4.157348061512726,0,0,1,1,0,0,0.1902936727983649,6.347513678891978e-10
gps,A,5,1575.42,0,0,0,0,0,0,0,0.25,0,0.9375,0,0,0,4.619397662556434,4.619397662556434,0,0,4.619397662556434,0,0,1,1,0,0,0.1902936727983649,6.347513678891978e-10
gps,B,5,1575.42,0,0,0,0,0,0,0,0.25,0,0.9375,0,0,0.25,-1.913417161825449,-1.913417161825449,-0,-0,1.913417161825449,0,0,1,1,0,0,0.1902936727983649,6.347513678891978e-10
gps,off_axis,5,1575.42,0,0,0,0,0,0,0,0.25,0,0.9375,0.37,-0.41,0.73,1.319365249826864,1.319365249826864,0,0,1.319365249826864,0,0,1,1,0,0,0.1902936727983649,6.347513678891978e-10
gps,slice,5,1575.42,0,0,0,0,0,0,0,0.25,0,0.9375,-0.4,0.6,0,4.619397662556434,4.619397662556434,0,0,4.619397662556434,0,0,1,1,0,0,0.1902936727983649,6.347513678891978e-10
gps,A,5,1575.42,0,0,0,0,0,0,0,0.25,0,0.96875,0,0,0,4.903926402016152,4.903926402016152,0,0,4.903926402016152,0,0,1,1,0,0,0.1902936727983649,6.347513678891978e-10
gps,B,5,1575.42,0,0,0,0,0,0,0,0.25,0,0.96875,0,0,0.25,-0.9754516100806414,-0.9754516100806414,-0,-0,0.9754516100806414,0,0,1,1,0,0,0.1902936727983649,6.347513678891978e-10
gps,off_axis,5,1575.42,0,0,0,0,0,0,0,0.25,0,0.96875,0.37,-0.41,0.73,0.3531349296558328,0.3531349296558328,0,0,0.3531349296558328,0,0,1,1,0,0,0.1902936727983649,6.347513678891978e-10
gps,slice,5,1575.42,0,0,0,0,0,0,0,0.25,0,0.96875,-0.4,0.6,0,4.903926402016152,4.903926402016152,0,0,4.903926402016152,0,0,1,1,0,0,0.1902936727983649,6.347513678891978e-10
gps,A,5,1575.42,0,0,0,0,0,0,0,0.25,0,1,0,0,0,5,5,0,0,5,0,0,1,1,0,0,0.1902936727983649,6.347513678891978e-10
gps,B,5,1575.42,0,0,0,0,0,0,0,0.25,0,1,0,0,0.25,0,0,0,0,0,0,0,1,1,0,0,0.1902936727983649,6.347513678891978e-10
gps,off_axis,5,1575.42,0,0,0,0,0,0,0,0.25,0,1,0.37,-0.41,0.73,-0.6266661678215218,-0.6266661678215218,-0,-0,0.6266661678215218,0,0,1,1,0,0,0.1902936727983649,6.347513678891978e-10
gps,slice,5,1575.42,0,0,0,0,0,0,0,0.25,0,1,-0.4,0.6,0,5,5,0,0,5,0,0,1,1,0,0,0.1902936727983649,6.347513678891978e-10
gps,A,5,1575.42,0,0,0,0,0,0,0,0.25,0,1.03125,0,0,0,4.903926402016152,4.903926402016152,0,0,4.903926402016152,0,0,1,1,0,0,0.1902936727983649,6.347513678891978e-10
gps,B,5,1575.42,0,0,0,0,0,0,0,0.25,0,1.03125,0,0,0.25,0.9754516100806414,0.9754516100806414,0,0,0.9754516100806414,0,0,1,1,0,0,0.1902936727983649,6.347513678891978e-10
gps,off_axis,5,1575.42,0,0,0,0,0,0,0,0.25,0,1.03125,0.37,-0.41,0.73,-1.582384835907931,-1.582384835907931,-0,-0,1.582384835907931,0,0,1,1,0,0,0.1902936727983649,6.347513678891978e-10
gps,slice,5,1575.42,0,0,0,0,0,0,0,0.25,0,1.03125,-0.4,0.6,0,4.903926402016152,4.903926402016152,0,0,4.903926402016152,0,0,1,1,0,0,0.1902936727983649,6.347513678891978e-10
gps,A,5,1575.42,0,0,0,0,0,0,0,0.25,0,1.0625,0,0,0,4.619397662556434,4.619397662556434,0,0,4.619397662556434,0,0,1,1,0,0,0.1902936727983649,6.347513678891978e-10
gps,B,5,1575.42,0,0,0,0,0,0,0,0.25,0,1.0625,0,0,0.25,1.913417161825449,1.913417161825449,0,0,1.913417161825449,0,0,1,1,0,0,0.1902936727983649,6.347513678891978e-10
gps,off_axis,5,1575.42,0,0,0,0,0,0,0,0.25,0,1.0625,0.37,-0.41,0.73,-2.477293342162038,-2.477293342162038,-0,-0,2.477293342162038,0,0,1,1,0,0,0.1902936727983649,6.347513678891978e-10
gps,slice,5,1575.42,0,0,0,0,0,0,0,0.25,0,1.0625,-0.4,0.6,0,4.619397662556434,4.619397662556434,0,0,4.619397662556434,0,0,1,1,0,0,0.1902936727983649,6.347513678891978e-10
gps,A,5,1575.42,0,0,0,0,0,0,0,0.25,0,1.09375,0,0,0,4.157348061512726,4.157348061512726,0,0,4.157348061512726,0,0,1,1,0,0,0.1902936727983649,6.347513678891978e-10
gps,B,5,1575.42,0,0,0,0,0,0,0,0.25,0,1.09375,0,0,0.25,2.777851165098011,2.777851165098011,0,0,2.777851165098011,0,0,1,1,0,0,0.1902936727983649,6.347513678891978e-10
gps,off_axis,5,1575.42,0,0,0,0,0,0,0,0.25,0,1.09375,0.37,-0.41,0.73,-3.27700085455897,-3.27700085455897,-0,-0,3.27700085455897,0,0,1,1,0,0,0.1902936727983649,6.347513678891978e-10
gps,slice,5,1575.42,0,0,0,0,0,0,0,0.25,0,1.09375,-0.4,0.6,0,4.157348061512726,4.157348061512726,0,0,4.157348061512726,0,0,1,1,0,0,0.1902936727983649,6.347513678891978e-10
gps,A,5,1575.42,0,0,0,0,0,0,0,0.25,0,1.125,0,0,0,3.535533905932738,3.535533905932738,0,0,3.535533905932738,0,0,1,1,0,0,0.1902936727983649,6.347513678891978e-10
gps,B,5,1575.42,0,0,0,0,0,0,0,0.25,0,1.125,0,0,0.25,3.535533905932738,3.535533905932738,0,0,3.535533905932738,0,0,1,1,0,0,0.1902936727983649,6.347513678891978e-10
gps,off_axis,5,1575.42,0,0,0,0,0,0,0,0.25,0,1.125,0.37,-0.41,0.73,-3.950775061878452,-3.950775061878452,-0,-0,3.950775061878452,0,0,1,1,0,0,0.1902936727983649,6.347513678891978e-10
gps,slice,5,1575.42,0,0,0,0,0,0,0,0.25,0,1.125,-0.4,0.6,0,3.535533905932738,3.535533905932738,0,0,3.535533905932738,0,0,1,1,0,0,0.1902936727983649,6.347513678891978e-10
gps,A,5,1575.42,0,0,0,0,0,0,0,0.25,0,1.15625,0,0,0,2.777851165098011,2.777851165098011,0,0,2.777851165098011,0,0,1,1,0,0,0.1902936727983649,6.347513678891978e-10
gps,B,5,1575.42,0,0,0,0,0,0,0,0.25,0,1.15625,0,0,0.25,4.157348061512726,4.157348061512726,0,0,4.157348061512726,0,0,1,1,0,0,0.1902936727983649,6.347513678891978e-10
gps,off_axis,5,1575.42,0,0,0,0,0,0,0,0.25,0,1.15625,0.37,-0.41,0.73,-4.472723199190126,-4.472723199190126,-0,-0,4.472723199190126,0,0,1,1,0,0,0.1902936727983649,6.347513678891978e-10
gps,slice,5,1575.42,0,0,0,0,0,0,0,0.25,0,1.15625,-0.4,0.6,0,2.777851165098011,2.777851165098011,0,0,2.777851165098011,0,0,1,1,0,0,0.1902936727983649,6.347513678891978e-10
gps,A,5,1575.42,0,0,0,0,0,0,0,0.25,0,1.1875,0,0,0,1.913417161825449,1.913417161825449,0,0,1.913417161825449,0,0,1,1,0,0,0.1902936727983649,6.347513678891978e-10
gps,B,5,1575.42,0,0,0,0,0,0,0,0.25,0,1.1875,0,0,0.25,4.619397662556434,4.619397662556434,0,0,4.619397662556434,0,0,1,1,0,0,0.1902936727983649,6.347513678891978e-10
gps,off_axis,5,1575.42,0,0,0,0,0,0,0,0.25,0,1.1875,0.37,-0.41,0.73,-4.822787092288991,-4.822787092288991,-0,-0,4.822787092288991,0,0,1,1,0,0,0.1902936727983649,6.347513678891978e-10
gps,slice,5,1575.42,0,0,0,0,0,0,0,0.25,0,1.1875,-0.4,0.6,0,1.913417161825449,1.913417161825449,0,0,1.913417161825449,0,0,1,1,0,0,0.1902936727983649,6.347513678891978e-10
gps,A,5,1575.42,0,0,0,0,0,0,0,0.25,0,1.21875,0,0,0,0.9754516100806414,0.9754516100806414,0,0,0.9754516100806414,0,0,1,1,0,0,0.1902936727983649,6.347513678891978e-10
gps,B,5,1575.42,0,0,0,0,0,0,0,0.25,0,1.21875,0,0,0.25,4.903926402016152,4.903926402016152,0,0,4.903926402016152,0,0,1,1,0,0,0.1902936727983649,6.347513678891978e-10
gps,off_axis,5,1575.42,0,0,0,0,0,0,0,0.25,0,1.21875,0.37,-0.41,0.73,-4.987513982081351,-4.987513982081351,-0,-0,4.987513982081351,0,0,1,1,0,0,0.1902936727983649,6.347513678891978e-10
gps,slice,5,1575.42,0,0,0,0,0,0,0,0.25,0,1.21875,-0.4,0.6,0,0.9754516100806414,0.9754516100806414,0,0,0.9754516100806414,0,0,1,1,0,0,0.1902936727983649,6.347513678891978e-10
gps,A,5,1575.42,0,0,0,0,0,0,0,0.25,0,1.25,0,0,0,0,0,0,0,0,0,0,1,1,0,0,0.1902936727983649,6.347513678891978e-10
gps,B,5,1575.42,0,0,0,0,0,0,0,0.25,0,1.25,0,0,0.25,5,5,0,0,5,0,0,1,1,0,0,0.1902936727983649,6.347513678891978e-10
gps,off_axis,5,1575.42,0,0,0,0,0,0,0,0.25,0,1.25,0.37,-0.41,0.73,-4.960573506572389,-4.960573506572389,-0,-0,4.960573506572389,0,0,1,1,0,0,0.1902936727983649,6.347513678891978e-10
gps,slice,5,1575.42,0,0,0,0,0,0,0,0.25,0,1.25,-0.4,0.6,0,0,0,0,0,0,0,0,1,1,0,0,0.1902936727983649,6.347513678891978e-10
gps,A,5,1575.42,0,0,0,0,0,0,0,0.25,0,1.28125,0,0,0,-0.9754516100806414,-0.9754516100806414,-0,-0,0.9754516100806414,0,0,1,1,0,0,0.1902936727983649,6.347513678891978e-10
gps,B,5,1575.42,0,0,0,0,0,0,0,0.25,0,1.28125,0,0,0.25,4.903926402016152,4.903926402016152,0,0,4.903926402016152,0,0,1,1,0,0,0.1902936727983649,6.347513678891978e-10
gps,off_axis,5,1575.42,0,0,0,0,0,0,0,0.25,0,1.28125,0.37,-0.41,0.73,-4.743000973127523,-4.743000973127523,-0,-0,4.743000973127523,0,0,1,1,0,0,0.1902936727983649,6.347513678891978e-10
gps,slice,5,1575.42,0,0,0,0,0,0,0,0.25,0,1.28125,-0.4,0.6,0,-0.9754516100806414,-0.9754516100806414,-0,-0,0.9754516100806414,0,0,1,1,0,0,0.1902936727983649,6.347513678891978e-10
gps,A,5,1575.42,0,0,0,0,0,0,0,0.25,0,1.3125,0,0,0,-1.913417161825449,-1.913417161825449,-0,-0,1.913417161825449,0,0,1,1,0,0,0.1902936727983649,6.347513678891978e-10
gps,B,5,1575.42,0,0,0,0,0,0,0,0.25,0,1.3125,0,0,0.25,4.619397662556434,4.619397662556434,0,0,4.619397662556434,0,0,1,1,0,0,0.1902936727983649,6.347513678891978e-10
gps,off_axis,5,1575.42,0,0,0,0,0,0,0,0.25,0,1.3125,0.37,-0.41,0.73,-4.343157572190956,-4.343157572190956,-0,-0,4.343157572190956,0,0,1,1,0,0,0.1902936727983649,6.347513678891978e-10
gps,slice,5,1575.42,0,0,0,0,0,0,0,0.25,0,1.3125,-0.4,0.6,0,-1.913417161825449,-1.913417161825449,-0,-0,1.913417161825449,0,0,1,1,0,0,0.1902936727983649,6.347513678891978e-10
gps,A,5,1575.42,0,0,0,0,0,0,0,0.25,0,1.34375,0,0,0,-2.777851165098011,-2.777851165098011,-0,-0,2.777851165098011,0,0,1,1,0,0,0.1902936727983649,6.347513678891978e-10
gps,B,5,1575.42,0,0,0,0,0,0,0,0.25,0,1.34375,0,0,0.25,4.157348061512726,4.157348061512726,0,0,4.157348061512726,0,0,1,1,0,0,0.1902936727983649,6.347513678891978e-10
gps,off_axis,5,1575.42,0,0,0,0,0,0,0,0.25,0,1.34375,0.37,-0.41,0.73,-3.776409061425918,-3.776409061425918,-0,-0,3.776409061425918,0,0,1,1,0,0,0.1902936727983649,6.347513678891978e-10
gps,slice,5,1575.42,0,0,0,0,0,0,0,0.25,0,1.34375,-0.4,0.6,0,-2.777851165098011,-2.777851165098011,-0,-0,2.777851165098011,0,0,1,1,0,0,0.1902936727983649,6.347513678891978e-10
gps,A,5,1575.42,0,0,0,0,0,0,0,0.25,0,1.375,0,0,0,-3.535533905932738,-3.535533905932738,-0,-0,3.535533905932738,0,0,1,1,0,0,0.1902936727983649,6.347513678891978e-10
gps,B,5,1575.42,0,0,0,0,0,0,0,0.25,0,1.375,0,0,0.25,3.535533905932738,3.535533905932738,0,0,3.535533905932738,0,0,1,1,0,0,0.1902936727983649,6.347513678891978e-10
gps,off_axis,5,1575.42,0,0,0,0,0,0,0,0.25,0,1.375,0.37,-0.41,0.73,-3.064535268264882,-3.064535268264882,-0,-0,3.064535268264882,0,0,1,1,0,0,0.1902936727983649,6.347513678891978e-10
gps,slice,5,1575.42,0,0,0,0,0,0,0,0.25,0,1.375,-0.4,0.6,0,-3.535533905932738,-3.535533905932738,-0,-0,3.535533905932738,0,0,1,1,0,0,0.1902936727983649,6.347513678891978e-10
gps,A,5,1575.42,0,0,0,0,0,0,0,0.25,0,1.40625,0,0,0,-4.157348061512726,-4.157348061512726,-0,-0,4.157348061512726,0,0,1,1,0,0,0.1902936727983649,6.347513678891978e-10
gps,B,5,1575.42,0,0,0,0,0,0,0,0.25,0,1.40625,0,0,0.25,2.777851165098011,2.777851165098011,0,0,2.777851165098011,0,0,1,1,0,0,0.1902936727983649,6.347513678891978e-10
gps,off_axis,5,1575.42,0,0,0,0,0,0,0,0.25,0,1.40625,0.37,-0.41,0.73,-2.234893103355605,-2.234893103355605,-0,-0,2.234893103355605,0,0,1,1,0,0,0.1902936727983649,6.347513678891978e-10
gps,slice,5,1575.42,0,0,0,0,0,0,0,0.25,0,1.40625,-0.4,0.6,0,-4.157348061512726,-4.157348061512726,-0,-0,4.157348061512726,0,0,1,1,0,0,0.1902936727983649,6.347513678891978e-10
gps,A,5,1575.42,0,0,0,0,0,0,0,0.25,0,1.4375,0,0,0,-4.619397662556434,-4.619397662556434,-0,-0,4.619397662556434,0,0,1,1,0,0,0.1902936727983649,6.347513678891978e-10
gps,B,5,1575.42,0,0,0,0,0,0,0,0.25,0,1.4375,0,0,0.25,1.913417161825449,1.913417161825449,0,0,1.913417161825449,0,0,1,1,0,0,0.1902936727983649,6.347513678891978e-10
gps,off_axis,5,1575.42,0,0,0,0,0,0,0,0.25,0,1.4375,0.37,-0.41,0.73,-1.319365249826864,-1.319365249826864,-0,-0,1.319365249826864,0,0,1,1,0,0,0.1902936727983649,6.347513678891978e-10
gps,slice,5,1575.42,0,0,0,0,0,0,0,0.25,0,1.4375,-0.4,0.6,0,-4.619397662556434,-4.619397662556434,-0,-0,4.619397662556434,0,0,1,1,0,0,0.1902936727983649,6.347513678891978e-10
gps,A,5,1575.42,0,0,0,0,0,0,0,0.25,0,1.46875,0,0,0,-4.903926402016152,-4.903926402016152,-0,-0,4.903926402016152,0,0,1,1,0,0,0.1902936727983649,6.347513678891978e-10
gps,B,5,1575.42,0,0,0,0,0,0,0,0.25,0,1.46875,0,0,0.25,0.9754516100806414,0.9754516100806414,0,0,0.9754516100806414,0,0,1,1,0,0,0.1902936727983649,6.347513678891978e-10
gps,off_axis,5,1575.42,0,0,0,0,0,0,0,0.25,0,1.46875,0.37,-0.41,0.73,-0.3531349296558328,-0.3531349296558328,-0,-0,0.3531349296558328,0,0,1,1,0,0,0.1902936727983649,6.347513678891978e-10
gps,slice,5,1575.42,0,0,0,0,0,0,0,0.25,0,1.46875,-0.4,0.6,0,-4.903926402016152,-4.903926402016152,-0,-0,4.903926402016152,0,0,1,1,0,0,0.1902936727983649,6.347513678891978e-10
gps,A,5,1575.42,0,0,0,0,0,0,0,0.25,0,1.5,0,0,0,-5,-5,-0,-0,5,0,0,1,1,0,0,0.1902936727983649,6.347513678891978e-10
gps,B,5,1575.42,0,0,0,0,0,0,0,0.25,0,1.5,0,0,0.25,0,0,0,0,0,0,0,1,1,0,0,0.1902936727983649,6.347513678891978e-10
gps,off_axis,5,1575.42,0,0,0,0,0,0,0,0.25,0,1.5,0.37,-0.41,0.73,0.6266661678215218,0.6266661678215218,0,0,0.6266661678215218,0,0,1,1,0,0,0.1902936727983649,6.347513678891978e-10
gps,slice,5,1575.42,0,0,0,0,0,0,0,0.25,0,1.5,-0.4,0.6,0,-5,-5,-0,-0,5,0,0,1,1,0,0,0.1902936727983649,6.347513678891978e-10
gps,A,5,1575.42,0,0,0,0,0,0,0,0.25,0,1.53125,0,0,0,-4.903926402016152,-4.903926402016152,-0,-0,4.903926402016152,0,0,1,1,0,0,0.1902936727983649,6.347513678891978e-10
gps,B,5,1575.42,0,0,0,0,0,0,0,0.25,0,1.53125,0,0,0.25,-0.9754516100806414,-0.9754516100806414,-0,-0,0.9754516100806414,0,0,1,1,0,0,0.1902936727983649,6.347513678891978e-10
gps,off_axis,5,1575.42,0,0,0,0,0,0,0,0.25,0,1.53125,0.37,-0.41,0.73,1.582384835907931,1.582384835907931,0,0,1.582384835907931,0,0,1,1,0,0,0.1902936727983649,6.347513678891978e-10
gps,slice,5,1575.42,0,0,0,0,0,0,0,0.25,0,1.53125,-0.4,0.6,0,-4.903926402016152,-4.903926402016152,-0,-0,4.903926402016152,0,0,1,1,0,0,0.1902936727983649,6.347513678891978e-10
gps,A,5,1575.42,0,0,0,0,0,0,0,0.25,0,1.5625,0,0,0,-4.619397662556434,-4.619397662556434,-0,-0,4.619397662556434,0,0,1,1,0,0,0.1902936727983649,6.347513678891978e-10
gps,B,5,1575.42,0,0,0,0,0,0,0,0.25,0,1.5625,0,0,0.25,-1.913417161825449,-1.913417161825449,-0,-0,1.913417161825449,0,0,1,1,0,0,0.1902936727983649,6.347513678891978e-10
gps,off_axis,5,1575.42,0,0,0,0,0,0,0,0.25,0,1.5625,0.37,-0.41,0.73,2.477293342162038,2.477293342162038,0,0,2.477293342162038,0,0,1,1,0,0,0.1902936727983649,6.347513678891978e-10
gps,slice,5,1575.42,0,0,0,0,0,0,0,0.25,0,1.5625,-0.4,0.6,0,-4.619397662556434,-4.619397662556434,-0,-0,4.619397662556434,0,0,1,1,0,0,0.1902936727983649,6.347513678891978e-10
gps,A,5,1575.42,0,0,0,0,0,0,0,0.25,0,1.59375,0,0,0,-4.157348061512726,-4.157348061512726,-0,-0,4.157348061512726,0,0,1,1,0,0,0.1902936727983649,6.347513678891978e-10
gps,B,5,1575.42,0,0,0,0,0,0,0,0.25,0,1.59375,0,0,0.25,-2.777851165098011,-2.777851165098011,-0,-0,2.777851165098011,0,0,1,1,0,0,0.1902936727983649,6.347513678891978e-10
gps,off_axis,5,1575.42,0,0,0,0,0,0,0,0.25,0,1.59375,0.37,-0.41,0.73,3.27700085455897,3.27700085455897,0,0,3.27700085455897,0,0,1,1,0,0,0.1902936727983649,6.347513678891978e-10
gps,slice,5,1575.42,0,0,0,0,0,0,0,0.25,0,1.59375,-0.4,0.6,0,-4.157348061512726,-4.157348061512726,-0,-0,4.157348061512726,0,0,1,1,0,0,0.1902936727983649,6.347513678891978e-10
gps,A,5,1575.42,0,0,0,0,0,0,0,0.25,0,1.625,0,0,0,-3.535533905932738,-3.535533905932738,-0,-0,3.535533905932738,0,0,1,1,0,0,0.1902936727983649,6.347513678891978e-10
gps,B,5,1575.42,0,0,0,0,0,0,0,0.25,0,1.625,0,0,0.25,-3.535533905932738,-3.535533905932738,-0,-0,3.535533905932738,0,0,1,1,0,0,0.1902936727983649,6.347513678891978e-10
gps,off_axis,5,1575.42,0,0,0,0,0,0,0,0.25,0,1.625,0.37,-0.41,0.73,3.950775061878452,3.950775061878452,0,0,3.950775061878452,0,0,1,1,0,0,0.1902936727983649,6.347513678891978e-10
gps,slice,5,1575.42,0,0,0,0,0,0,0,0.25,0,1.625,-0.4,0.6,0,-3.535533905932738,-3.535533905932738,-0,-0,3.535533905932738,0,0,1,1,0,0,0.1902936727983649,6.347513678891978e-10
gps,A,5,1575.42,0,0,0,0,0,0,0,0.25,0,1.65625,0,0,0,-2.777851165098011,-2.777851165098011,-0,-0,2.777851165098011,0,0,1,1,0,0,0.1902936727983649,6.347513678891978e-10
gps,B,5,1575.42,0,0,0,0,0,0,0,0.25,0,1.65625,0,0,0.25,-4.157348061512726,-4.157348061512726,-0,-0,4.157348061512726,0,0,1,1,0,0,0.1902936727983649,6.347513678891978e-10
gps,off_axis,5,1575.42,0,0,0,0,0,0,0,0.25,0,1.65625,0.37,-0.41,0.73,4.472723199190126,4.472723199190126,0,0,4.472723199190126,0,0,1,1,0,0,0.1902936727983649,6.347513678891978e-10
gps,slice,5,1575.42,0,0,0,0,0,0,0,0.25,0,1.65625,-0.4,0.6,0,-2.777851165098011,-2.777851165098011,-0,-0,2.777851165098011,0,0,1,1,0,0,0.1902936727983649,6.347513678891978e-10
gps,A,5,1575.42,0,0,0,0,0,0,0,0.25,0,1.6875,0,0,0,-1.913417161825449,-1.913417161825449,-0,-0,1.913417161825449,0,0,1,1,0,0,0.1902936727983649,6.347513678891978e-10
gps,B,5,1575.42,0,0,0,0,0,0,0,0.25,0,1.6875,0,0,0.25,-4.619397662556434,-4.619397662556434,-0,-0,4.619397662556434,0,0,1,1,0,0,0.1902936727983649,6.347513678891978e-10
gps,off_axis,5,1575.42,0,0,0,0,0,0,0,0.25,0,1.6875,0.37,-0.41,0.73,4.822787092288991,4.822787092288991,0,0,4.822787092288991,0,0,1,1,0,0,0.1902936727983649,6.347513678891978e-10
gps,slice,5,1575.42,0,0,0,0,0,0,0,0.25,0,1.6875,-0.4,0.6,0,-1.913417161825449,-1.913417161825449,-0,-0,1.913417161825449,0,0,1,1,0,0,0.1902936727983649,6.347513678891978e-10
gps,A,5,1575.42,0,0,0,0,0,0,0,0.25,0,1.71875,0,0,0,-0.9754516100806414,-0.9754516100806414,-0,-0,0.9754516100806414,0,0,1,1,0,0,0.1902936727983649,6.347513678891978e-10
gps,B,5,1575.42,0,0,0,0,0,0,0,0.25,0,1.71875,0,0,0.25,-4.903926402016152,-4.903926402016152,-0,-0,4.903926402016152,0,0,1,1,0,0,0.1902936727983649,6.347513678891978e-10
gps,off_axis,5,1575.42,0,0,0,0,0,0,0,0.25,0,1.71875,0.37,-0.41,0.73,4.987513982081351,4.987513982081351,0,0,4.987513982081351,0,0,1,1,0,0,0.1902936727983649,6.347513678891978e-10
gps,slice,5,1575.42,0,0,0,0,0,0,0,0.25,0,1.71875,-0.4,0.6,0,-0.9754516100806414,-0.9754516100806414,-0,-0,0.9754516100806414,0,0,1,1,0,0,0.1902936727983649,6.347513678891978e-10
gps,A,5,1575.42,0,0,0,0,0,0,0,0.25,0,1.75,0,0,0,0,0,0,0,0,0,0,1,1,0,0,0.1902936727983649,6.347513678891978e-10
gps,B,5,1575.42,0,0,0,0,0,0,0,0.25,0,1.75,0,0,0.25,-5,-5,-0,-0,5,0,0,1,1,0,0,0.1902936727983649,6.347513678891978e-10
gps,off_axis,5,1575.42,0,0,0,0,0,0,0,0.25,0,1.75,0.37,-0.41,0.73,4.960573506572389,4.960573506572389,0,0,4.960573506572389,0,0,1,1,0,0,0.1902936727983649,6.347513678891978e-10
gps,slice,5,1575.42,0,0,0,0,0,0,0,0.25,0,1.75,-0.4,0.6,0,0,0,0,0,0,0,0,1,1,0,0,0.1902936727983649,6.347513678891978e-10
gps,A,5,1575.42,0,0,0,0,0,0,0,0.25,0,1.78125,0,0,0,0.9754516100806414,0.9754516100806414,0,0,0.9754516100806414,0,0,1,1,0,0,0.1902936727983649,6.347513678891978e-10
gps,B,5,1575.42,0,0,0,0,0,0,0,0.25,0,1.78125,0,0,0.25,-4.903926402016152,-4.903926402016152,-0,-0,4.903926402016152,0,0,1,1,0,0,0.1902936727983649,6.347513678891978e-10
gps,off_axis,5,1575.42,0,0,0,0,0,0,0,0.25,0,1.78125,0.37,-0.41,0.73,4.743000973127523,4.743000973127523,0,0,4.743000973127523,0,0,1,1,0,0,0.1902936727983649,6.347513678891978e-10
gps,slice,5,1575.42,0,0,0,0,0,0,0,0.25,0,1.78125,-0.4,0.6,0,0.9754516100806414,0.9754516100806414,0,0,0.9754516100806414,0,0,1,1,0,0,0.1902936727983649,6.347513678891978e-10
gps,A,5,1575.42,0,0,0,0,0,0,0,0.25,0,1.8125,0,0,0,1.913417161825449,1.913417161825449,0,0,1.913417161825449,0,0,1,1,0,0,0.1902936727983649,6.347513678891978e-10
gps,B,5,1575.42,0,0,0,0,0,0,0,0.25,0,1.8125,0,0,0.25,-4.619397662556434,-4.619397662556434,-0,-0,4.619397662556434,0,0,1,1,0,0,0.1902936727983649,6.347513678891978e-10
gps,off_axis,5,1575.42,0,0,0,0,0,0,0,0.25,0,1.8125,0.37,-0.41,0.73,4.343157572190956,4.343157572190956,0,0,4.343157572190956,0,0,1,1,0,0,0.1902936727983649,6.347513678891978e-10
gps,slice,5,1575.42,0,0,0,0,0,0,0,0.25,0,1.8125,-0.4,0.6,0,1.913417161825449,1.913417161825449,0,0,1.913417161825449,0,0,1,1,0,0,0.1902936727983649,6.347513678891978e-10
gps,A,5,1575.42,0,0,0,0,0,0,0,0.25,0,1.84375,0,0,0,2.777851165098011,2.777851165098011,0,0,2.777851165098011,0,0,1,1,0,0,0.1902936727983649,6.347513678891978e-10
gps,B,5,1575.42,0,0,0,0,0,0,0,0.25,0,1.84375,0,0,0.25,-4.157348061512726,-4.157348061512726,-0,-0,4.157348061512726,0,0,1,1,0,0,0.1902936727983649,6.347513678891978e-10
gps,off_axis,5,1575.42,0,0,0,0,0,0,0,0.25,0,1.84375,0.37,-0.41,0.73,3.776409061425918,3.776409061425918,0,0,3.776409061425918,0,0,1,1,0,0,0.1902936727983649,6.347513678891978e-10
gps,slice,5,1575.42,0,0,0,0,0,0,0,0.25,0,1.84375,-0.4,0.6,0,2.777851165098011,2.777851165098011,0,0,2.777851165098011,0,0,1,1,0,0,0.1902936727983649,6.347513678891978e-10
gps,A,5,1575.42,0,0,0,0,0,0,0,0.25,0,1.875,0,0,0,3.535533905932738,3.535533905932738,0,0,3.535533905932738,0,0,1,1,0,0,0.1902936727983649,6.347513678891978e-10
gps,B,5,1575.42,0,0,0,0,0,0,0,0.25,0,1.875,0,0,0.25,-3.535533905932738,-3.535533905932738,-0,-0,3.535533905932738,0,0,1,1,0,0,0.1902936727983649,6.347513678891978e-10
gps,off_axis,5,1575.42,0,0,0,0,0,0,0,0.25,0,1.875,0.37,-0.41,0.73,3.064535268264882,3.064535268264882,0,0,3.064535268264882,0,0,1,1,0,0,0.1902936727983649,6.347513678891978e-10
gps,slice,5,1575.42,0,0,0,0,0,0,0,0.25,0,1.875,-0.4,0.6,0,3.535533905932738,3.535533905932738,0,0,3.535533905932738,0,0,1,1,0,0,0.1902936727983649,6.347513678891978e-10
gps,A,5,1575.42,0,0,0,0,0,0,0,0.25,0,1.90625,0,0,0,4.157348061512726,4.157348061512726,0,0,4.157348061512726,0,0,1,1,0,0,0.1902936727983649,6.347513678891978e-10
gps,B,5,1575.42,0,0,0,0,0,0,0,0.25,0,1.90625,0,0,0.25,-2.777851165098011,-2.777851165098011,-0,-0,2.777851165098011,0,0,1,1,0,0,0.1902936727983649,6.347513678891978e-10
gps,off_axis,5,1575.42,0,0,0,0,0,0,0,0.25,0,1.90625,0.37,-0.41,0.73,2.234893103355605,2.234893103355605,0,0,2.234893103355605,0,0,1,1,0,0,0.1902936727983649,6.347513678891978e-10
gps,slice,5,1575.42,0,0,0,0,0,0,0,0.25,0,1.90625,-0.4,0.6,0,4.157348061512726,4.157348061512726,0,0,4.157348061512726,0,0,1,1,0,0,0.1902936727983649,6.347513678891978e-10
gps,A,5,1575.42,0,0,0,0,0,0,0,0.25,0,1.9375,0,0,0,4.619397662556434,4.619397662556434,0,0,4.619397662556434,0,0,1,1,0,0,0.1902936727983649,6.347513678891978e-10
gps,B,5,1575.42,0,0,0,0,0,0,0,0.25,0,1.9375,0,0,0.25,-1.913417161825449,-1.913417161825449,-0,-0,1.913417161825449,0,0,1,1,0,0,0.1902936727983649,6.347513678891978e-10
gps,off_axis,5,1575.42,0,0,0,0,0,0,0,0.25,0,1.9375,0.37,-0.41,0.73,1.319365249826864,1.319365249826864,0,0,1.319365249826864,0,0,1,1,0,0,0.1902936727983649,6.347513678891978e-10
gps,slice,5,1575.42,0,0,0,0,0,0,0,0.25,0,1.9375,-0.4,0.6,0,4.619397662556434,4.619397662556434,0,0,4.619397662556434,0,0,1,1,0,0,0.1902936727983649,6.347513678891978e-10
gps,A,5,1575.42,0,0,0,0,0,0,0,0.25,0,1.96875,0,0,0,4.903926402016152,4.903926402016152,0,0,4.903926402016152,0,0,1,1,0,0,0.1902936727983649,6.347513678891978e-10
gps,B,5,1575.42,0,0,0,0,0,0,0,0.25,0,1.96875,0,0,0.25,-0.9754516100806414,-0.9754516100806414,-0,-0,0.9754516100806414,0,0,1,1,0,0,0.1902936727983649,6.347513678891978e-10
gps,off_axis,5,1575.42,0,0,0,0,0,0,0,0.25,0,1.96875,0.37,-0.41,0.73,0.3531349296558328,0.3531349296558328,0,0,0.3531349296558328,0,0,1,1,0,0,0.1902936727983649,6.347513678891978e-10
gps,slice,5,1575.42,0,0,0,0,0,0,0,0.25,0,1.96875,-0.4,0.6,0,4.903926402016152,4.903926402016152,0,0,4.903926402016152,0,0,1,1,0,0,0.1902936727983649,6.347513678891978e-10
gps,A,5,1575.42,0,0,0,0,0,0,0,0.25,0,2,0,0,0,5,5,0,0,5,0,0,1,1,0,0,0.1902936727983649,6.347513678891978e-10
gps,B,5,1575.42,0,0,0,0,0,0,0,0.25,0,2,0,0,0.25,0,0,0,0,0,0,0,1,1,0,0,0.1902936727983649,6.347513678891978e-10
gps,off_axis,5,1575.42,0,0,0,0,0,0,0,0.25,0,2,0.37,-0.41,0.73,-0.6266661678215218,-0.6266661678215218,-0,-0,0.6266661678215218,0,0,1,1,0,0,0.1902936727983649,6.347513678891978e-10
gps,slice,5,1575.42,0,0,0,0,0,0,0,0.25,0,2,-0.4,0.6,0,5,5,0,0,5,0,0,1,1,0,0,0.1902936727983649,6.347513678891978e-10
zero,A,0,100,0,0,0,0,0,0,0,0.25,0,0,0,0,0,0,0,0,0,0,0,0,1,1,0,0,2.99792458,1e-08
zero,B,0,100,0,0,0,0,0,0,0,0.25,0,0,0,0,0.25,0,0,0,0,0,0,0,1,1,0,0,2.99792458,1e-08
zero,off_axis,0,100,0,0,0,0,0,0,0,0.25,0,0,0.37,-0.41,0.73,-0,-0,-0,-0,0,0,0,1,1,0,0,2.99792458,1e-08
zero,slice,0,100,0,0,0,0,0,0,0,0.25,0,0,-0.4,0.6,0,0,0,0,0,0,0,0,1,1,0,0,2.99792458,1e-08
zero,A,0,100,0,0,0,0,0,0,0,0.25,0,0.03125,0,0,0,0,0,0,0,0,0,0,1,1,0,0,2.99792458,1e-08
zero,B,0,100,0,0,0,0,0,0,0,0.25,0,0.03125,0,0,0.25,0,0,0,0,0,0,0,1,1,0,0,2.99792458,1e-08
zero,off_axis,0,100,0,0,0,0,0,0,0,0.25,0,0.03125,0.37,-0.41,0.73,-0,-0,-0,-0,0,0,0,1,1,0,0,2.99792458,1e-08
zero,slice,0,100,0,0,0,0,0,0,0,0.25,0,0.03125,-0.4,0.6,0,0,0,0,0,0,0,0,1,1,0,0,2.99792458,1e-08
zero,A,0,100,0,0,0,0,0,0,0,0.25,0,0.0625,0,0,0,0,0,0,0,0,0,0,1,1,0,0,2.99792458,1e-08
zero,B,0,100,0,0,0,0,0,0,0,0.25,0,0.0625,0,0,0.25,0,0,0,0,0,0,0,1,1,0,0,2.99792458,1e-08
zero,off_axis,0,100,0,0,0,0,0,0,0,0.25,0,0.0625,0.37,-0.41,0.73,-0,-0,-0,-0,0,0,0,1,1,0,0,2.99792458,1e-08
zero,slice,0,100,0,0,0,0,0,0,0,0.25,0,0.0625,-0.4,0.6,0,0,0,0,0,0,0,0,1,1,0,0,2.99792458,1e-08
zero,A,0,100,0,0,0,0,0,0,0,0.25,0,0.09375,0,0,0,0,0,0,0,0,0,0,1,1,0,0,2.99792458,1e-08
zero,B,0,100,0,0,0,0,0,0,0,0.25,0,0.09375,0,0,0.25,0,0,0,0,0,0,0,1,1,0,0,2.99792458,1e-08
zero,off_axis,0,100,0,0,0,0,0,0,0,0.25,0,0.09375,0.37,-0.41,0.73,-0,-0,-0,-0,0,0,0,1,1,0,0,2.99792458,1e-08
zero,slice,0,100,0,0,0,0,0,0,0,0.25,0,0.09375,-0.4,0.6,0,0,0,0,0,0,0,0,1,1,0,0,2.99792458,1e-08
zero,A,0,100,0,0,0,0,0,0,0,0.25,0,0.125,0,0,0,0,0,0,0,0,0,0,1,1,0,0,2.99792458,1e-08
zero,B,0,100,0,0,0,0,0,0,0,0.25,0,0.125,0,0,0.25,0,0,0,0,0,0,0,1,1,0,0,2.99792458,1e-08
zero,off_axis,0,100,0,0,0,0,0,0,0,0.25,0,0.125,0.37,-0.41,0.73,-0,-0,-0,-0,0,0,0,1,1,0,0,2.99792458,1e-08
zero,slice,0,100,0,0,0,0,0,0,0,0.25,0,0.125,-0.4,0.6,0,0,0,0,0,0,0,0,1,1,0,0,2.99792458,1e-08
zero,A,0,100,0,0,0,0,0,0,0,0.25,0,0.15625,0,0,0,0,0,0,0,0,0,0,1,1,0,0,2.99792458,1e-08
zero,B,0,100,0,0,0,0,0,0,0,0.25,0,0.15625,0,0,0.25,0,0,0,0,0,0,0,1,1,0,0,2.99792458,1e-08
zero,off_axis,0,100,0,0,0,0,0,0,0,0.25,0,0.15625,0.37,-0.41,0.73,-0,-0,-0,-0,0,0,0,1,1,0,0,2.99792458,1e-08
zero,slice,0,100,0,0,0,0,0,0,0,0.25,0,0.15625,-0.4,0.6,0,0,0,0,0,0,0,0,1,1,0,0,2.99792458,1e-08
zero,A,0,100,0,0,0,0,0,0,0,0.25,0,0.1875,0,0,0,0,0,0,0,0,0,0,1,1,0,0,2.99792458,1e-08
zero,B,0,100,0,0,0,0,0,0,0,0.25,0,0.1875,0,0,0.25,0,0,0,0,0,0,0,1,1,0,0,2.99792458,1e-08
zero,off_axis,0,100,0,0,0,0,0,0,0,0.25,0,0.1875,0.37,-0.41,0.73,-0,-0,-0,-0,0,0,0,1,1,0,0,2.99792458,1e-08
zero,slice,0,100,0,0,0,0,0,0,0,0.25,0,0.1875,-0.4,0.6,0,0,0,0,0,0,0,0,1,1,0,0,2.99792458,1e-08
zero,A,0,100,0,0,0,0,0,0,0,0.25,0,0.21875,0,0,0,0,0,0,0,0,0,0,1,1,0,0,2.99792458,1e-08
zero,B,0,100,0,0,0,0,0,0,0,0.25,0,0.21875,0,0,0.25,0,0,0,0,0,0,0,1,1,0,0,2.99792458,1e-08
zero,off_axis,0,100,0,0,0,0,0,0,0,0.25,0,0.21875,0.37,-0.41,0.73,-0,-0,-0,-0,0,0,0,1,1,0,0,2.99792458,1e-08
zero,slice,0,100,0,0,0,0,0,0,0,0.25,0,0.21875,-0.4,0.6,0,0,0,0,0,0,0,0,1,1,0,0,2.99792458,1e-08
zero,A,0,100,0,0,0,0,0,0,0,0.25,0,0.25,0,0,0,0,0,0,0,0,0,0,1,1,0,0,2.99792458,1e-08
zero,B,0,100,0,0,0,0,0,0,0,0.25,0,0.25,0,0,0.25,0,0,0,0,0,0,0,1,1,0,0,2.99792458,1e-08
zero,off_axis,0,100,0,0,0,0,0,0,0,0.25,0,0.25,0.37,-0.41,0.73,-0,-0,-0,-0,0,0,0,1,1,0,0,2.99792458,1e-08
zero,slice,0,100,0,0,0,0,0,0,0,0.25,0,0.25,-0.4,0.6,0,0,0,0,0,0,0,0,1,1,0,0,2.99792458,1e-08
zero,A,0,100,0,0,0,0,0,0,0,0.25,0,0.28125,0,0,0,-0,-0,-0,-0,0,0,0,1,1,0,0,2.99792458,1e-08
zero,B,0,100,0,0,0,0,0,0,0,0.25,0,0.28125,0,0,0.25,0,0,0,0,0,0,0,1,1,0,0,2.99792458,1e-08
zero,off_axis,0,100,0,0,0,0,0,0,0,0.25,0,0.28125,0.37,-0.41,0.73,-0,-0,-0,-0,0,0,0,1,1,0,0,2.99792458,1e-08
zero,slice,0,100,0,0,0,0,0,0,0,0.25,0,0.28125,-0.4,0.6,0,-0,-0,-0,-0,0,0,0,1,1,0,0,2.99792458,1e-08
zero,A,0,100,0,0,0,0,0,0,0,0.25,0,0.3125,0,0,0,-0,-0,-0,-0,0,0,0,1,1,0,0,2.99792458,1e-08
zero,B,0,100,0,0,0,0,0,0,0,0.25,0,0.3125,0,0,0.25,0,0,0,0,0,0,0,1,1,0,0,2.99792458,1e-08
zero,off_axis,0,100,0,0,0,0,0,0,0,0.25,0,0.3125,0.37,-0.41,0.73,-0,-0,-0,-0,0,0,0,1,1,0,0,2.99792458,1e-08
zero,slice,0,100,0,0,0,0,0,0,0,0.25,0,0.3125,-0.4,0.6,0,-0,-0,-0,-0,0,0,0,1,1,0,0,2.99792458,1e-08
zero,A,0,100,0,0,0,0,0,0,0,0.25,0,0.34375,0,0,0,-0,-0,-0,-0,0,0,0,1,1,0,0,2.99792458,1e-08
zero,B,0,100,0,0,0,0,0,0,0,0.25,0,0.34375,0,0,0.25,0,0,0,0,0,0,0,1,1,0,0,2.99792458,1e-08
zero,off_axis,0,100,0,0,0,0,0,0,0,0.25,0,0.34375,0.37,-0.41,0.73,-0,-0,-0,-0,0,0,0,1,1,0,0,2.99792458,1e-08
zero,slice,0,100,0,0,0,0,0,0,0,0.25,0,0.34375,-0.4,0.6,0,-0,-0,-0,-0,0,0,0,1,1,0,0,2.99792458,1e-08
zero,A,0,100,0,0,0,0,0,0,0,0.25,0,0.375,0,0,0,-0,-0,-0,-0,0,0,0,1,1,0,0,2.99792458,1e-08
zero,B,0,100,0,0,0,0,0,0,0,0.25,0,0.375,0,0,0.25,0,0,0,0,0,0,0,1,1,0,0,2.99792458,1e-08
zero,off_axis,0,100,0,0,0,0,0,0,0,0.25,0,0.375,0.37,-0.41,0.73,-0,-0,-0,-0,0,0,0,1,1,0,0,2.99792458,1e-08
zero,slice,0,100,0,0,0,0,0,0,0,0.25,0,0.375,-0.4,0.6,0,-0,-0,-0,-0,0,0,0,1,1,0,0,2.99792458,1e-08
zero,A,0,100,0,0,0,0,0,0,0,0.25,0,0.40625,0,0,0,-0,-0,-0,-0,0,0,0,1,1,0,0,2.99792458,1e-08
zero,B,0,100,0,0,0,0,0,0,0,0.25,0,0.40625,0,0,0.25,0,0,0,0,0,0,0,1,1,0,0,2.99792458,1e-08
zero,off_axis,0,100,0,0,0,0,0,0,0,0.25,0,0.40625,0.37,-0.41,0.73,-0,-0,-0,-0,0,0,0,1,1,0,0,2.99792458,1e-08
zero,slice,0,100,0,0,0,0,0,0,0,0.25,0,0.40625,-0.4,0.6,0,-0,-0,-0,-0,0,0,0,1,1,0,0,2.99792458,1e-08
zero,A,0,100,0,0,0,0,0,0,0,0.25,0,0.4375,0,0,0,-0,-0,-0,-0,0,0,0,1,1,0,0,2.99792458,1e-08
zero,B,0,100,0,0,0,0,0,0,0,0.25,0,0.4375,0,0,0.25,0,0,0,0,0,0,0,1,1,0,0,2.99792458,1e-08
zero,off_axis,0,100,0,0,0,0,0,0,0,0.25,0,0.4375,0.37,-0.41,0.73,-0,-0,-0,-0,0,0,0,1,1,0,0,2.99792458,1e-08
zero,slice,0,100,0,0,0,0,0,0,0,0.25,0,0.4375,-0.4,0.6,0,-0,-0,-0,-0,0,0,0,1,1,0,0,2.99792458,1e-08
zero,A,0,100,0,0,0,0,0,0,0,0.25,0,0.46875,0,0,0,-0,-0,-0,-0,0,0,0,1,1,0,0,2.99792458,1e-08
zero,B,0,100,0,0,0,0,0,0,0,0.25,0,0.46875,0,0,0.25,0,0,0,0,0,0,0,1,1,0,0,2.99792458,1e-08
zero,off_axis,0,100,0,0,0,0,0,0,0,0.25,0,0.46875,0.37,-0.41,0.73,-0,-0,-0,-0,0,0,0,1,1,0,0,2.99792458,1e-08
zero,slice,0,100,0,0,0,0,0,0,0,0.25,0,0.46875,-0.4,0.6,0,-0,-0,-0,-0,0,0,0,1,1,0,0,2.99792458,1e-08
zero,A,0,100,0,0,0,0,0,0,0,0.25,0,0.5,0,0,0,-0,-0,-0,-0,0,0,0,1,1,0,0,2.99792458,1e-08
zero,B,0,100,0,0,0,0,0,0,0,0.25,0,0.5,0,0,0.25,0,0,0,0,0,0,0,1,1,0,0,2.99792458,1e-08
zero,off_axis,0,100,0,0,0,0,0,0,0,0.25,0,0.5,0.37,-0.41,0.73,0,0,0,0,0,0,0,1,1,0,0,2.99792458,1e-08
zero,slice,0,100,0,0,0,0,0,0,0,0.25,0,0.5,-0.4,0.6,0,-0,-0,-0,-0,0,0,0,1,1,0,0,2.99792458,1e-08
zero,A,0,100,0,0,0,0,0,0,0,0.25,0,0.53125,0,0,0,-0,-0,-0,-0,0,0,0,1,1,0,0,2.99792458,1e-08
zero,B,0,100,0,0,0,0,0,0,0,0.25,0,0.53125,0,0,0.25,-0,-0,-0,-0,0,0,0,1,1,0,0,2.99792458,1e-08
zero,off_axis,0,100,0,0,0,0,0,0,0,0.25,0,0.53125,0.37,-0.41,0.73,0,0,0,0,0,0,0,1,1,0,0,2.99792458,1e-08
zero,slice,0,100,0,0,0,0,0,0,0,0.25,0,0.53125,-0.4,0.6,0,-0,-0,-0,-0,0,0,0,1,1,0,0,2.99792458,1e-08
zero,A,0,100,0,0,0,0,0,0,0,0.25,0,0.5625,0,0,0,-0,-0,-0,-0,0,0,0,1,1,0,0,2.99792458,1e-08
zero,B,0,100,0,0,0,0,0,0,0,0.25,0,0.5625,0,0,0.25,-0,-0,-0,-0,0,0,0,1,1,0,0,2.99792458,1e-08
zero,off_axis,0,100,0,0,0,0,0,0,0,0.25,0,0.5625,0.37,-0.41,0.73,0,0,0,0,0,0,0,1,1,0,0,2.99792458,1e-08
zero,slice,0,100,0,0,0,0,0,0,0,0.25,0,0.5625,-0.4,0.6,0,-0,-0,-0,-0,0,0,0,1,1,0,0,2.99792458,1e-08
zero,A,0,100,0,0,0,0,0,0,0,0.25,0,0.59375,0,0,0,-0,-0,-0,-0,0,0,0,1,1,0,0,2.99792458,1e-08
zero,B,0,100,0,0,0,0,0,0,0,0.25,0,0.59375,0,0,0.25,-0,-0,-0,-0,0,0,0,1,1,0,0,2.99792458,1e-08
zero,off_axis,0,100,0,0,0,0,0,0,0,0.25,0,0.59375,0.37,-0.41,0.73,0,0,0,0,0,0,0,1,1,0,0,2.99792458,1e-08
zero,slice,0,100,0,0,0,0,0,0,0,0.25,0,0.59375,-0.4,0.6,0,-0,-0,-0,-0,0,0,0,1,1,0,0,2.99792458,1e-08
zero,A,0,100,0,0,0,0,0,0,0,0.25,0,0.625,0,0,0,-0,-0,-0,-0,0,0,0,1,1,0,0,2.99792458,1e-08
zero,B,0,100,0,0,0,0,0,0,0,0.25,0,0.625,0,0,0.25,-0,-0,-0,-0,0,0,0,1,1,0,0,2.99792458,1e-08
zero,off_axis,0,100,0,0,0,0,0,0,0,0.25,0,0.625,0.37,-0.41,0.73,0,0,0,0,0,0,0,1,1,0,0,2.99792458,1e-08
zero,slice,0,100,0,0,0,0,0,0,0,0.25,0,0.625,-0.4,0.6,0,-0,-0,-0,-0,0,0,0,1,1,0,0,2.99792458,1e-08
zero,A,0,100,0,0,0,0,0,0,0,0.25,0,0.65625,0,0,0,-0,-0,-0,-0,0,0,0,1,1,0,0,2.99792458,1e-08
zero,B,0,100,0,0,0,0,0,0,0,0.25,0,0.65625,0,0,0.25,-0,-0,-0,-0,0,0,0,1,1,0,0,2.99792458,1e-08
zero,off_axis,0,100,0,0,0,0,0,0,0,0.25,0,0.65625,0.37,-0.41,0.73,0,0,0,0,0,0,0,1,1,0,0,2.99792458,1e-08
zero,slice,0,100,0,0,0,0,0,0,0,0.25,0,0.65625,-0.4,0.6,0,-0,-0,-0,-0,0,0,0,1,1,0,0,2.99792458,1e-08
zero,A,0,100,0,0,0,0,0,0,0,0.25,0,0.6875,0,0,0,-0,-0,-0,-0,0,0,0,1,1,0,0,2.99792458,1e-08
zero,B,0,100,0,0,0,0,0,0,0,0.25,0,0.6875,0,0,0.25,-0,-0,-0,-0,0,0,0,1,1,0,0,2.99792458,1e-08
zero,off_axis,0,100,0,0,0,0,0,0,0,0.25,0,0.6875,0.37,-0.41,0.73,0,0,0,0,0,0,0,1,1,0,0,2.99792458,1e-08
zero,slice,0,100,0,0,0,0,0,0,0,0.25,0,0.6875,-0.4,0.6,0,-0,-0,-0,-0,0,0,0,1,1,0,0,2.99792458,1e-08
zero,A,0,100,0,0,0,0,0,0,0,0.25,0,0.71875,0,0,0,-0,-0,-0,-0,0,0,0,1,1,0,0,2.99792458,1e-08
zero,B,0,100,0,0,0,0,0,0,0,0.25,0,0.71875,0,0,0.25,-0,-0,-0,-0,0,0,0,1,1,0,0,2.99792458,1e-08
zero,off_axis,0,100,0,0,0,0,0,0,0,0.25,0,0.71875,0.37,-0.41,0.73,0,0,0,0,0,0,0,1,1,0,0,2.99792458,1e-08
zero,slice,0,100,0,0,0,0,0,0,0,0.25,0,0.71875,-0.4,0.6,0,-0,-0,-0,-0,0,0,0,1,1,0,0,2.99792458,1e-08
zero,A,0,100,0,0,0,0,0,0,0,0.25,0,0.75,0,0,0,0,0,0,0,0,0,0,1,1,0,0,2.99792458,1e-08
zero,B,0,100,0,0,0,0,0,0,0,0.25,0,0.75,0,0,0.25,-0,-0,-0,-0,0,0,0,1,1,0,0,2.99792458,1e-08
zero,off_axis,0,100,0,0,0,0,0,0,0,0.25,0,0.75,0.37,-0.41,0.73,0,0,0,0,0,0,0,1,1,0,0,2.99792458,1e-08
zero,slice,0,100,0,0,0,0,0,0,0,0.25,0,0.75,-0.4,0.6,0,0,0,0,0,0,0,0,1,1,0,0,2.99792458,1e-08
zero,A,0,100,0,0,0,0,0,0,0,0.25,0,0.78125,0,0,0,0,0,0,0,0,0,0,1,1,0,0,2.99792458,1e-08
zero,B,0,100,0,0,0,0,0,0,0,0.25,0,0.78125,0,0,0.25,-0,-0,-0,-0,0,0,0,1,1,0,0,2.99792458,1e-08
zero,off_axis,0,100,0,0,0,0,0,0,0,0.25,0,0.78125,0.37,-0.41,0.73,0,0,0,0,0,0,0,1,1,0,0,2.99792458,1e-08
zero,slice,0,100,0,0,0,0,0,0,0,0.25,0,0.78125,-0.4,0.6,0,0,0,0,0,0,0,0,1,1,0,0,2.99792458,1e-08
zero,A,0,100,0,0,0,0,0,0,0,0.25,0,0.8125,0,0,0,0,0,0,0,0,0,0,1,1,0,0,2.99792458,1e-08
zero,B,0,100,0,0,0,0,0,0,0,0.25,0,0.8125,0,0,0.25,-0,-0,-0,-0,0,0,0,1,1,0,0,2.99792458,1e-08
zero,off_axis,0,100,0,0,0,0,0,0,0,0.25,0,0.8125,0.37,-0.41,0.73,0,0,0,0,0,0,0,1,1,0,0,2.99792458,1e-08
zero,slice,0,100,0,0,0,0,0,0,0,0.25,0,0.8125,-0.4,0.6,0,0,0,0,0,0,0,0,1,1,0,0,2.99792458,1e-08
zero,A,0,100,0,0,0,0,0,0,0,0.25,0,0.84375,0,0,0,0,0,0,0,0,0,0,1,1,0,0,2.99792458,1e-08
zero,B,0,100,0,0,0,0,0,0,0,0.25,0,0.84375,0,0,0.25,-0,-0,-0,-0,0,0,0,1,1,0,0,2.99792458,1e-08
zero,off_axis,0,100,0,0,0,0,0,0,0,0.25,0,0.84375,0.37,-0.41,0.73,0,0,0,0,0,0,0,1,1,0,0,2.99792458,1e-08
zero,slice,0,100,0,0,0,0,0,0,0,0.25,0,0.84375,-0.4,0.6,0,0,0,0,0,0,0,0,1,1,0,0,2.99792458,1e-08
zero,A,0,100,0,0,0,0,0,0,0,0.25,0,0.875,0,0,0,0,0,0,0,0,0,0,1,1,0,0,2.99792458,1e-08
zero,B,0,100,0,0,0,0,0,0,0,0.25,0,0.875,0,0,0.25,-0,-0,-0,-0,0,0,0,1,1,0,0,2.99792458,1e-08
zero,off_axis,0,100,0,0,0,0,0,0,0,0.25,0,0.875,0.37,-0.41,0.73,0,0,0,0,0,0,0,1,1,0,0,2.99792458,1e-08
zero,slice,0,100,0,0,0,0,0,0,0,0.25,0,0.875,-0.4,0.6,0,0,0,0,0,0,0,0,1,1,0,0,2.99792458,1e-08
zero,A,0,100,0,0,0,0,0,0,0,0.25,0,0.90625,0,0,0,0,0,0,0,0,0,0,1,1,0,0,2.99792458,1e-08
zero,B,0,100,0,0,0,0,0,0,0,0.25,0,0.90625,0,0,0.25,-0,-0,-0,-0,0,0,0,1,1,0,0,2.99792458,1e-08
zero,off_axis,0,100,0,0,0,0,0,0,0,0.25,0,0.90625,0.37,-0.41,0.73,0,0,0,0,0,0,0,1,1,0,0,2.99792458,1e-08
zero,slice,0,100,0,0,0,0,0,0,0,0.25,0,0.90625,-0.4,0.6,0,0,0,0,0,0,0,0,1,1,0,0,2.99792458,1e-08
zero,A,0,100,0,0,0,0,0,0,0,0.25,0,0.9375,0,0,0,0,0,0,0,0,0,0,1,1,0,0,2.99792458,1e-08
zero,B,0,100,0,0,0,0,0,0,0,0.25,0,0.9375,0,0,0.25,-0,-0,-0,-0,0,0,0,1,1,0,0,2.99792458,1e-08
zero,off_axis,0,100,0,0,0,0,0,0,0,0.25,0,0.9375,0.37,-0.41,0.73,0,0,0,0,0,0,0,1,1,0,0,2.99792458,1e-08
zero,slice,0,100,0,0,0,0,0,0,0,0.25,0,0.9375,-0.4,0.6,0,0,0,0,0,0,0,0,1,1,0,0,2.99792458,1e-08
zero,A,0,100,0,0,0,0,0,0,0,0.25,0,0.96875,0,0,0,0,0,0,0,0,0,0,1,1,0,0,2.99792458,1e-08
zero,B,0,100,0,0,0,0,0,0,0,0.25,0,0.96875,0,0,0.25,-0,-0,-0,-0,0,0,0,1,1,0,0,2.99792458,1e-08
zero,off_axis,0,100,0,0,0,0,0,0,0,0.25,0,0.96875,0.37,-0.41,0.73,0,0,0,0,0,0,0,1,1,0,0,2.99792458,1e-08
zero,slice,0,100,0,0,0,0,0,0,0,0.25,0,0.96875,-0.4,0.6,0,0,0,0,0,0,0,0,1,1,0,0,2.99792458,1e-08
zero,A,0,100,0,0,0,0,0,0,0,0.25,0,1,0,0,0,0,0,0,0,0,0,0,1,1,0,0,2.99792458,1e-08
zero,B,0,100,0,0,0,0,0,0,0,0.25,0,1,0,0,0.25,0,0,0,0,0,0,0,1,1,0,0,2.99792458,1e-08
zero,off_axis,0,100,0,0,0,0,0,0,0,0.25,0,1,0.37,-0.41,0.73,-0,-0,-0,-0,0,0,0,1,1,0,0,2.99792458,1e-08
zero,slice,0,100,0,0,0,0,0,0,0,0.25,0,1,-0.4,0.6,0,0,0,0,0,0,0,0,1,1,0,0,2.99792458,1e-08
zero,A,0,100,0,0,0,0,0,0,0,0.25,0,1.03125,0,0,0,0,0,0,0,0,0,0,1,1,0,0,2.99792458,1e-08
zero,B,0,100,0,0,0,0,0,0,0,0.25,0,1.03125,0,0,0.25,0,0,0,0,0,0,0,1,1,0,0,2.99792458,1e-08
zero,off_axis,0,100,0,0,0,0,0,0,0,0.25,0,1.03125,0.37,-0.41,0.73,-0,-0,-0,-0,0,0,0,1,1,0,0,2.99792458,1e-08
zero,slice,0,100,0,0,0,0,0,0,0,0.25,0,1.03125,-0.4,0.6,0,0,0,0,0,0,0,0,1,1,0,0,2.99792458,1e-08
zero,A,0,100,0,0,0,0,0,0,0,0.25,0,1.0625,0,0,0,0,0,0,0,0,0,0,1,1,0,0,2.99792458,1e-08
zero,B,0,100,0,0,0,0,0,0,0,0.25,0,1.0625,0,0,0.25,0,0,0,0,0,0,0,1,1,0,0,2.99792458,1e-08
zero,off_axis,0,100,0,0,0,0,0,0,0,0.25,0,1.0625,0.37,-0.41,0.73,-0,-0,-0,-0,0,0,0,1,1,0,0,2.99792458,1e-08
zero,slice,0,100,0,0,0,0,0,0,0,0.25,0,1.0625,-0.4,0.6,0,0,0,0,0,0,0,0,1,1,0,0,2.99792458,1e-08
zero,A,0,100,0,0,0,0,0,0,0,0.25,0,1.09375,0,0,0,0,0,0,0,0,0,0,1,1,0,0,2.99792458,1e-08
zero,B,0,100,0,0,0,0,0,0,0,0.25,0,1.09375,0,0,0.25,0,0,0,0,0,0,0,1,1,0,0,2.99792458,1e-08
zero,off_axis,0,100,0,0,0,0,0,0,0,0.25,0,1.09375,0.37,-0.41,0.73,-0,-0,-0,-0,0,0,0,1,1,0,0,2.99792458,1e-08
zero,slice,0,100,0,0,0,0,0,0,0,0.25,0,1.09375,-0.4,0.6,0,0,0,0,0,0,0,0,1,1,0,0,2.99792458,1e-08
zero,A,0,100,0,0,0,0,0,0,0,0.25,0,1.125,0,0,0,0,0,0,0,0,0,0,1,1,0,0,2.99792458,1e-08
zero,B,0,100,0,0,0,0,0,0,0,0.25,0,1.125,0,0,0.25,0,0,0,0,0,0,0,1,1,0,0,2.99792458,1e-08
zero,off_axis,0,100,0,0,0,0,0,0,0,0.25,0,1.125,0.37,-0.41,0.73,-0,-0,-0,-0,0,0,0,1,1,0,0,2.99792458,1e-08
zero,slice,0,100,0,0,0,0,0,0,0,0.25,0,1.125,-0.4,0.6,0,0,0,0,0,0,0,0,1,1,0,0,2.99792458,1e-08
zero,A,0,100,0,0,0,0,0,0,0,0.25,0,1.15625,0,0,0,0,0,0,0,0,0,0,1,1,0,0,2.99792458,1e-08
zero,B,0,100,0,0,0,0,0,0,0,0.25,0,1.15625,0,0,0.25,0,0,0,0,0,0,0,1,1,0,0,2.99792458,1e-08
zero,off_axis,0,100,0,0,0,0,0,0,0,0.25,0,1.15625,0.37,-0.41,0.73,-0,-0,-0,-0,0,0,0,1,1,0,0,2.99792458,1e-08
zero,slice,0,100,0,0,0,0,0,0,0,0.25,0,1.15625,-0.4,0.6,0,0,0,0,0,0,0,0,1,1,0,0,2.99792458,1e-08
zero,A,0,100,0,0,0,0,0,0,0,0.25,0,1.1875,0,0,0,0,0,0,0,0,0,0,1,1,0,0,2.99792458,1e-08
zero,B,0,100,0,0,0,0,0,0,0,0.25,0,1.1875,0,0,0.25,0,0,0,0,0,0,0,1,1,0,0,2.99792458,1e-08
zero,off_axis,0,100,0,0,0,0,0,0,0,0.25,0,1.1875,0.37,-0.41,0.73,-0,-0,-0,-0,0,0,0,1,1,0,0,2.99792458,1e-08
zero,slice,0,100,0,0,0,0,0,0,0,0.25,0,1.1875,-0.4,0.6,0,0,0,0,0,0,0,0,1,1,0,0,2.99792458,1e-08
zero,A,0,100,0,0,0,0,0,0,0,0.25,0,1.21875,0,0,0,0,0,0,0,0,0,0,1,1,0,0,2.99792458,1e-08
zero,B,0,100,0,0,0,0,0,0,0,0.25,0,1.21875,0,0,0.25,0,0,0,0,0,0,0,1,1,0,0,2.99792458,1e-08
zero,off_axis,0,100,0,0,0,0,0,0,0,0.25,0,1.21875,0.37,-0.41,0.73,-0,-0,-0,-0,0,0,0,1,1,0,0,2.99792458,1e-08
zero,slice,0,100,0,0,0,0,0,0,0,0.25,0,1.21875,-0.4,0.6,0,0,0,0,0,0,0,0,1,1,0,0,2.99792458,1e-08
zero,A,0,100,0,0,0,0,0,0,0,0.25,0,1.25,0,0,0,0,0,0,0,0,0,0,1,1,0,0,2.99792458,1e-08
zero,B,0,100,0,0,0,0,0,0,0,0.25,0,1.25,0,0,0.25,0,0,0,0,0,0,0,1,1,0,0,2.99792458,1e-08
zero,off_axis,0,100,0,0,0,0,0,0,0,0.25,0,1.25,0.37,-0.41,0.73,-0,-0,-0,-0,0,0,0,1,1,0,0,2.99792458,1e-08
zero,slice,0,100,0,0,0,0,0,0,0,0.25,0,1.25,-0.4,0.6,0,0,0,0,0,0,0,0,1,1,0,0,2.99792458,1e-08
zero,A,0,100,0,0,0,0,0,0,0,0.25,0,1.28125,0,0,0,-0,-0,-0,-0,0,0,0,1,1,0,0,2.99792458,1e-08
zero,B,0,100,0,0,0,0,0,0,0,0.25,0,1.28125,0,0,0.25,0,0,0,0,0,0,0,1,1,0,0,2.99792458,1e-08
zero,off_axis,0,100,0,0,0,0,0,0,0,0.25,0,1.28125,0.37,-0.41,0.73,-0,-0,-0,-0,0,0,0,1,1,0,0,2.99792458,1e-08
zero,slice,0,100,0,0,0,0,0,0,0,0.25,0,1.28125,-0.4,0.6,0,-0,-0,-0,-0,0,0,0,1,1,0,0,2.99792458,1e-08
zero,A,0,100,0,0,0,0,0,0,0,0.25,0,1.3125,0,0,0,-0,-0,-0,-0,0,0,0,1,1,0,0,2.99792458,1e-08
zero,B,0,100,0,0,0,0,0,0,0,0.25,0,1.3125,0,0,0.25,0,0,0,0,0,0,0,1,1,0,0,2.99792458,1e-08
zero,off_axis,0,100,0,0,0,0,0,0,0,0.25,0,1.3125,0.37,-0.41,0.73,-0,-0,-0,-0,0,0,0,1,1,0,0,2.99792458,1e-08
zero,slice,0,100,0,0,0,0,0,0,0,0.25,0,1.3125,-0.4,0.6,0,-0,-0,-0,-0,0,0,0,1,1,0,0,2.99792458,1e-08
zero,A,0,100,0,0,0,0,0,0,0,0.25,0,1.34375,0,0,0,-0,-0,-0,-0,0,0,0,1,1,0,0,2.99792458,1e-08
zero,B,0,100,0,0,0,0,0,0,0,0.25,0,1.34375,0,0,0.25,0,0,0,0,0,0,0,1,1,0,0,2.99792458,1e-08
zero,off_axis,0,100,0,0,0,0,0,0,0,0.25,0,1.34375,0.37,-0.41,0.73,-0,-0,-0,-0,0,0,0,1,1,0,0,2.99792458,1e-08
zero,slice,0,100,0,0,0,0,0,0,0,0.25,0,1.34375,-0.4,0.6,0,-0,-0,-0,-0,0,0,0,1,1,0,0,2.99792458,1e-08
zero,A,0,100,0,0,0,0,0,0,0,0.25,0,1.375,0,0,0,-0,-0,-0,-0,0,0,0,1,1,0,0,2.99792458,1e-08
zero,B,0,100,0,0,0,0,0,0,0,0.25,0,1.375,0,0,0.25,0,0,0,0,0,0,0,1,1,0,0,2.99792458,1e-08
zero,off_axis,0,100,0,0,0,0,0,0,0,0.25,0,1.375,0.37,-0.41,0.73,-0,-0,-0,-0,0,0,0,1,1,0,0,2.99792458,1e-08
zero,slice,0,100,0,0,0,0,0,0,0,0.25,0,1.375,-0.4,0.6,0,-0,-0,-0,-0,0,0,0,1,1,0,0,2.99792458,1e-08
zero,A,0,100,0,0,0,0,0,0,0,0.25,0,1.40625,0,0,0,-0,-0,-0,-0,0,0,0,1,1,0,0,2.99792458,1e-08
zero,B,0,100,0,0,0,0,0,0,0,0.25,0,1.40625,0,0,0.25,0,0,0,0,0,0,0,1,1,0,0,2.99792458,1e-08
zero,off_axis,0,100,0,0,0,0,0,0,0,0.25,0,1.40625,0.37,-0.41,0.73,-0,-0,-0,-0,0,0,0,1,1,0,0,2.99792458,1e-08
zero,slice,0,100,0,0,0,0,0,0,0,0.25,0,1.40625,-0.4,0.6,0,-0,-0,-0,-0,0,0,0,1,1,0,0,2.99792458,1e-08
zero,A,0,100,0,0,0,0,0,0,0,0.25,0,1.4375,0,0,0,-0,-0,-0,-0,0,0,0,1,1,0,0,2.99792458,1e-08
zero,B,0,100,0,0,0,0,0,0,0,0.25,0,1.4375,0,0,0.25,0,0,0,0,0,0,0,1,1,0,0,2.99792458,1e-08
zero,off_axis,0,100,0,0,0,0,0,0,0,0.25,0,1.4375,0.37,-0.41,0.73,-0,-0,-0,-0,0,0,0,1,1,0,0,2.99792458,1e-08
zero,slice,0,100,0,0,0,0,0,0,0,0.25,0,1.4375,-0.4,0.6,0,-0,-0,-0,-0,0,0,0,1,1,0,0,2.99792458,1e-08
zero,A,0,100,0,0,0,0,0,0,0,0.25,0,1.46875,0,0,0,-0,-0,-0,-0,0,0,0,1,1,0,0,2.99792458,1e-08
zero,B,0,100,0,0,0,0,0,0,0,0.25,0,1.46875,0,0,0.25,0,0,0,0,0,0,0,1,1,0,0,2.99792458,1e-08
zero,off_axis,0,100,0,0,0,0,0,0,0,0.25,0,1.46875,0.37,-0.41,0.73,-0,-0,-0,-0,0,0,0,1,1,0,0,2.99792458,1e-08
zero,slice,0,100,0,0,0,0,0,0,0,0.25,0,1.46875,-0.4,0.6,0,-0,-0,-0,-0,0,0,0,1,1,0,0,2.99792458,1e-08
zero,A,0,100,0,0,0,0,0,0,0,0.25,0,1.5,0,0,0,-0,-0,-0,-0,0,0,0,1,1,0,0,2.99792458,1e-08
zero,B,0,100,0,0,0,0,0,0,0,0.25,0,1.5,0,0,0.25,0,0,0,0,0,0,0,1,1,0,0,2.99792458,1e-08
zero,off_axis,0,100,0,0,0,0,0,0,0,0.25,0,1.5,0.37,-0.41,0.73,0,0,0,0,0,0,0,1,1,0,0,2.99792458,1e-08
zero,slice,0,100,0,0,0,0,0,0,0,0.25,0,1.5,-0.4,0.6,0,-0,-0,-0,-0,0,0,0,1,1,0,0,2.99792458,1e-08
zero,A,0,100,0,0,0,0,0,0,0,0.25,0,1.53125,0,0,0,-0,-0,-0,-0,0,0,0,1,1,0,0,2.99792458,1e-08
zero,B,0,100,0,0,0,0,0,0,0,0.25,0,1.53125,0,0,0.25,-0,-0,-0,-0,0,0,0,1,1,0,0,2.99792458,1e-08
zero,off_axis,0,100,0,0,0,0,0,0,0,0.25,0,1.53125,0.37,-0.41,0.73,0,0,0,0,0,0,0,1,1,0,0,2.99792458,1e-08
zero,slice,0,100,0,0,0,0,0,0,0,0.25,0,1.53125,-0.4,0.6,0,-0,-0,-0,-0,0,0,0,1,1,0,0,2.99792458,1e-08
zero,A,0,100,0,0,0,0,0,0,0,0.25,0,1.5625,0,0,0,-0,-0,-0,-0,0,0,0,1,1,0,0,2.99792458,1e-08
zero,B,0,100,0,0,0,0,0,0,0,0.25,0,1.5625,0,0,0.25,-0,-0,-0,-0,0,0,0,1,1,0,0,2.99792458,1e-08
zero,off_axis,0,100,0,0,0,0,0,0,0,0.25,0,1.5625,0.37,-0.41,0.73,0,0,0,0,0,0,0,1,1,0,0,2.99792458,1e-08
zero,slice,0,100,0,0,0,0,0,0,0,0.25,0,1.5625,-0.4,0.6,0,-0,-0,-0,-0,0,0,0,1,1,0,0,2.99792458,1e-08
zero,A,0,100,0,0,0,0,0,0,0,0.25,0,1.59375,0,0,0,-0,-0,-0,-0,0,0,0,1,1,0,0,2.99792458,1e-08
zero,B,0,100,0,0,0,0,0,0,0,0.25,0,1.59375,0,0,0.25,-0,-0,-0,-0,0,0,0,1,1,0,0,2.99792458,1e-08
zero,off_axis,0,100,0,0,0,0,0,0,0,0.25,0,1.59375,0.37,-0.41,0.73,0,0,0,0,0,0,0,1,1,0,0,2.99792458,1e-08
zero,slice,0,100,0,0,0,0,0,0,0,0.25,0,1.59375,-0.4,0.6,0,-0,-0,-0,-0,0,0,0,1,1,0,0,2.99792458,1e-08
zero,A,0,100,0,0,0,0,0,0,0,0.25,0,1.625,0,0,0,-0,-0,-0,-0,0,0,0,1,1,0,0,2.99792458,1e-08
zero,B,0,100,0,0,0,0,0,0,0,0.25,0,1.625,0,0,0.25,-0,-0,-0,-0,0,0,0,1,1,0,0,2.99792458,1e-08
zero,off_axis,0,100,0,0,0,0,0,0,0,0.25,0,1.625,0.37,-0.41,0.73,0,0,0,0,0,0,0,1,1,0,0,2.99792458,1e-08
zero,slice,0,100,0,0,0,0,0,0,0,0.25,0,1.625,-0.4,0.6,0,-0,-0,-0,-0,0,0,0,1,1,0,0,2.99792458,1e-08
zero,A,0,100,0,0,0,0,0,0,0,0.25,0,1.65625,0,0,0,-0,-0,-0,-0,0,0,0,1,1,0,0,2.99792458,1e-08
zero,B,0,100,0,0,0,0,0,0,0,0.25,0,1.65625,0,0,0.25,-0,-0,-0,-0,0,0,0,1,1,0,0,2.99792458,1e-08
zero,off_axis,0,100,0,0,0,0,0,0,0,0.25,0,1.65625,0.37,-0.41,0.73,0,0,0,0,0,0,0,1,1,0,0,2.99792458,1e-08
zero,slice,0,100,0,0,0,0,0,0,0,0.25,0,1.65625,-0.4,0.6,0,-0,-0,-0,-0,0,0,0,1,1,0,0,2.99792458,1e-08
zero,A,0,100,0,0,0,0,0,0,0,0.25,0,1.6875,0,0,0,-0,-0,-0,-0,0,0,0,1,1,0,0,2.99792458,1e-08
zero,B,0,100,0,0,0,0,0,0,0,0.25,0,1.6875,0,0,0.25,-0,-0,-0,-0,0,0,0,1,1,0,0,2.99792458,1e-08
zero,off_axis,0,100,0,0,0,0,0,0,0,0.25,0,1.6875,0.37,-0.41,0.73,0,0,0,0,0,0,0,1,1,0,0,2.99792458,1e-08
zero,slice,0,100,0,0,0,0,0,0,0,0.25,0,1.6875,-0.4,0.6,0,-0,-0,-0,-0,0,0,0,1,1,0,0,2.99792458,1e-08
zero,A,0,100,0,0,0,0,0,0,0,0.25,0,1.71875,0,0,0,-0,-0,-0,-0,0,0,0,1,1,0,0,2.99792458,1e-08
zero,B,0,100,0,0,0,0,0,0,0,0.25,0,1.71875,0,0,0.25,-0,-0,-0,-0,0,0,0,1,1,0,0,2.99792458,1e-08
zero,off_axis,0,100,0,0,0,0,0,0,0,0.25,0,1.71875,0.37,-0.41,0.73,0,0,0,0,0,0,0,1,1,0,0,2.99792458,1e-08
zero,slice,0,100,0,0,0,0,0,0,0,0.25,0,1.71875,-0.4,0.6,0,-0,-0,-0,-0,0,0,0,1,1,0,0,2.99792458,1e-08
zero,A,0,100,0,0,0,0,0,0,0,0.25,0,1.75,0,0,0,0,0,0,0,0,0,0,1,1,0,0,2.99792458,1e-08
zero,B,0,100,0,0,0,0,0,0,0,0.25,0,1.75,0,0,0.25,-0,-0,-0,-0,0,0,0,1,1,0,0,2.99792458,1e-08
zero,off_axis,0,100,0,0,0,0,0,0,0,0.25,0,1.75,0.37,-0.41,0.73,0,0,0,0,0,0,0,1,1,0,0,2.99792458,1e-08
zero,slice,0,100,0,0,0,0,0,0,0,0.25,0,1.75,-0.4,0.6,0,0,0,0,0,0,0,0,1,1,0,0,2.99792458,1e-08
zero,A,0,100,0,0,0,0,0,0,0,0.25,0,1.78125,0,0,0,0,0,0,0,0,0,0,1,1,0,0,2.99792458,1e-08
zero,B,0,100,0,0,0,0,0,0,0,0.25,0,1.78125,0,0,0.25,-0,-0,-0,-0,0,0,0,1,1,0,0,2.99792458,1e-08
zero,off_axis,0,100,0,0,0,0,0,0,0,0.25,0,1.78125,0.37,-0.41,0.73,0,0,0,0,0,0,0,1,1,0,0,2.99792458,1e-08
zero,slice,0,100,0,0,0,0,0,0,0,0.25,0,1.78125,-0.4,0.6,0,0,0,0,0,0,0,0,1,1,0,0,2.99792458,1e-08
zero,A,0,100,0,0,0,0,0,0,0,0.25,0,1.8125,0,0,0,0,0,0,0,0,0,0,1,1,0,0,2.99792458,1e-08
zero,B,0,100,0,0,0,0,0,0,0,0.25,0,1.8125,0,0,0.25,-0,-0,-0,-0,0,0,0,1,1,0,0,2.99792458,1e-08
zero,off_axis,0,100,0,0,0,0,0,0,0,0.25,0,1.8125,0.37,-0.41,0.73,0,0,0,0,0,0,0,1,1,0,0,2.99792458,1e-08
zero,slice,0,100,0,0,0,0,0,0,0,0.25,0,1.8125,-0.4,0.6,0,0,0,0,0,0,0,0,1,1,0,0,2.99792458,1e-08
zero,A,0,100,0,0,0,0,0,0,0,0.25,0,1.84375,0,0,0,0,0,0,0,0,0,0,1,1,0,0,2.99792458,1e-08
zero,B,0,100,0,0,0,0,0,0,0,0.25,0,1.84375,0,0,0.25,-0,-0,-0,-0,0,0,0,1,1,0,0,2.99792458,1e-08
zero,off_axis,0,100,0,0,0,0,0,0,0,0.25,0,1.84375,0.37,-0.41,0.73,0,0,0,0,0,0,0,1,1,0,0,2.99792458,1e-08
zero,slice,0,100,0,0,0,0,0,0,0,0.25,0,1.84375,-0.4,0.6,0,0,0,0,0,0,0,0,1,1,0,0,2.99792458,1e-08
zero,A,0,100,0,0,0,0,0,0,0,0.25,0,1.875,0,0,0,0,0,0,0,0,0,0,1,1,0,0,2.99792458,1e-08
zero,B,0,100,0,0,0,0,0,0,0,0.25,0,1.875,0,0,0.25,-0,-0,-0,-0,0,0,0,1,1,0,0,2.99792458,1e-08
zero,off_axis,0,100,0,0,0,0,0,0,0,0.25,0,1.875,0.37,-0.41,0.73,0,0,0,0,0,0,0,1,1,0,0,2.99792458,1e-08
zero,slice,0,100,0,0,0,0,0,0,0,0.25,0,1.875,-0.4,0.6,0,0,0,0,0,0,0,0,1,1,0,0,2.99792458,1e-08
zero,A,0,100,0,0,0,0,0,0,0,0.25,0,1.90625,0,0,0,0,0,0,0,0,0,0,1,1,0,0,2.99792458,1e-08
zero,B,0,100,0,0,0,0,0,0,0,0.25,0,1.90625,0,0,0.25,-0,-0,-0,-0,0,0,0,1,1,0,0,2.99792458,1e-08
zero,off_axis,0,100,0,0,0,0,0,0,0,0.25,0,1.90625,0.37,-0.41,0.73,0,0,0,0,0,0,0,1,1,0,0,2.99792458,1e-08
zero,slice,0,100,0,0,0,0,0,0,0,0.25,0,1.90625,-0.4,0.6,0,0,0,0,0,0,0,0,1,1,0,0,2.99792458,1e-08
zero,A,0,100,0,0,0,0,0,0,0,0.25,0,1.9375,0,0,0,0,0,0,0,0,0,0,1,1,0,0,2.99792458,1e-08
zero,B,0,100,0,0,0,0,0,0,0,0.25,0,1.9375,0,0,0.25,-0,-0,-0,-0,0,0,0,1,1,0,0,2.99792458,1e-08
zero,off_axis,0,100,0,0,0,0,0,0,0,0.25,0,1.9375,0.37,-0.41,0.73,0,0,0,0,0,0,0,1,1,0,0,2.99792458,1e-08
zero,slice,0,100,0,0,0,0,0,0,0,0.25,0,1.9375,-0.4,0.6,0,0,0,0,0,0,0,0,1,1,0,0,2.99792458,1e-08
zero,A,0,100,0,0,0,0,0,0,0,0.25,0,1.96875,0,0,0,0,0,0,0,0,0,0,1,1,0,0,2.99792458,1e-08
zero,B,0,100,0,0,0,0,0,0,0,0.25,0,1.96875,0,0,0.25,-0,-0,-0,-0,0,0,0,1,1,0,0,2.99792458,1e-08
zero,off_axis,0,100,0,0,0,0,0,0,0,0.25,0,1.96875,0.37,-0.41,0.73,0,0,0,0,0,0,0,1,1,0,0,2.99792458,1e-08
zero,slice,0,100,0,0,0,0,0,0,0,0.25,0,1.96875,-0.4,0.6,0,0,0,0,0,0,0,0,1,1,0,0,2.99792458,1e-08
zero,A,0,100,0,0,0,0,0,0,0,0.25,0,2,0,0,0,0,0,0,0,0,0,0,1,1,0,0,2.99792458,1e-08
zero,B,0,100,0,0,0,0,0,0,0,0.25,0,2,0,0,0.25,0,0,0,0,0,0,0,1,1,0,0,2.99792458,1e-08
zero,off_axis,0,100,0,0,0,0,0,0,0,0.25,0,2,0.37,-0.41,0.73,-0,-0,-0,-0,0,0,0,1,1,0,0,2.99792458,1e-08
zero,slice,0,100,0,0,0,0,0,0,0,0.25,0,2,-0.4,0.6,0,0,0,0,0,0,0,0,1,1,0,0,2.99792458,1e-08
edge,A,10,2000,132,300,175,330,0.5,-0.5,0.5,1,-1.1,0,0.5,-0.5,0.5,8.454078621061242,3.455784441912841,-4.511951230467718,6.258697573457178,8.454078621061242,0.3715724127386971,-0.6435822975543765,-0.6691306063588582,0.408771268497978,-0.5337011202175609,0.7403169350548957,0.149896229,5e-10
edge,B,10,2000,132,300,175,330,0.5,-0.5,0.5,1,-1.1,0,0.8715724127386971,-1.143582297554377,-0.1691306063588582,8.454078621061242,3.455784441912841,-4.511951230467718,6.258697573457178,8.454078621061242,0.3715724127386971,-0.6435822975543765,-0.6691306063588582,0.408771268497978,-0.5337011202175609,0.7403169350548957,0.149896229,5e-10
edge,off_axis,10,2000,132,300,175,330,0.5,-0.5,0.5,1,-1.1,0,0.37,-0.41,0.73,4.792843030038135,1.959176525100381,-2.557945694158282,3.548222862197052,4.792843030038135,0.3715724127386971,-0.6435822975543765,-0.6691306063588582,0.408771268497978,-0.5337011202175609,0.7403169350548957,0.149896229,5e-10
edge,slice,10,2000,132,300,175,330,0.5,-0.5,0.5,1,-1.1,0,-0.4,0.6,-1.1,7.378016327049632,3.015921093006871,-3.937655578729843,5.462070434026363,7.378016327049632,0.3715724127386971,-0.6435822975543765,-0.6691306063588582,0.408771268497978,-0.5337011202175609,0.7403169350548957,0.149896229,5e-10
edge,A,10,2000,132,300,175,330,0.5,-0.5,0.5,1,-1.1,0.03125,0.5,-0.5,0.5,9.333654805039536,3.815329914378259,-4.98138202517362,6.90986271812727,9.333654805039536,0.3715724127386971,-0.6435822975543765,-0.6691306063588582,0.408771268497978,-0.5337011202175609,0.7403169350548957,0.149896229,5e-10
edge,B,10,2000,132,300,175,330,0.5,-0.5,0.5,1,-1.1,0.03125,0.8715724127386971,-1.143582297554377,-0.1691306063588582,9.333654805039536,3.815329914378259,-4.98138202517362,6.90986271812727,9.333654805039536,0.3715724127386971,-0.6435822975543765,-0.6691306063588582,0.408771268497978,-0.5337011202175609,0.7403169350548957,0.149896229,5e-10
edge,off_axis,10,2000,132,300,175,330,0.5,-0.5,0.5,1,-1.1,0.03125,0.37,-0.41,0.73,2.98852075143964,1.221621418498512,-1.594976872836763,2.212452523053748,2.98852075143964,0.3715724127386971,-0.6435822975543765,-0.6691306063588582,0.408771268497978,-0.5337011202175609,0.7403169350548957,0.149896229,5e-10
edge,slice,10,2000,132,300,175,330,0.5,-0.5,0.5,1,-1.1,0.03125,-0.4,0.6,-1.1,8.553143807876253,3.496279443991202,-4.56482243164545,6.332037208930708,8.553143807876253,0.3715724127386971,-0.6435822975543765,-0.6691306063588582,0.408771268497978,-0.5337011202175609,0.7403169350548957,0.149896229,5e-10
edge,A,10,2000,132,300,175,330,0.5,-0.5,0.5,1,-1.1,0.0625,0.5,-0.5,0.5,9.854543869234082,4.028254397895788,-5.259381102243326,7.295485713635388,9.854543869234082,0.3715724127386971,-0.6435822975543765,-0.6691306063588582,0.408771268497978,-0.5337011202175609,0.7403169350548957,0.149896229,5e-10
edge,B,10,2000,132,300,175,330,0.5,-0.5,0.5,1,-1.1,0.0625,0.8715724127386971,-1.143582297554377,-0.1691306063588582,9.854543869234082,4.028254397895788,-5.259381102243326,7.295485713635388,9.854543869234082,0.3715724127386971,-0.6435822975543765,-0.6691306063588582,0.408771268497978,-0.5337011202175609,0.7403169350548957,0.149896229,5e-10
edge,off_axis,10,2000,132,300,175,330,0.5,-0.5,0.5,1,-1.1,0.0625,0.37,-0.41,0.73,1.069351296345064,0.437120085876929,-0.5707139847654615,0.7916588742071573,1.069351296345064,0.3715724127386971,-0.6435822975543765,-0.6691306063588582,0.408771268497978,-0.5337011202175609,0.7403169350548957,0.149896229,5e-10
edge,slice,10,2000,132,300,175,330,0.5,-0.5,0.5,1,-1.1,0.0625,-0.4,0.6,-1.1,9.399578768824497,3.842277736679052,-5.016565718494836,6.958667344943222,9.399578768824497,0.3715724127386971,-0.6435822975543765,-0.6691306063588582,0.408771268497978,-0.5337011202175609,0.7403169350548957,0.149896229,5e-10
edge,A,10,2000,132,300,175,330,0.5,-0.5,0.5,1,-1.1,0.09375,0.5,-0.5,0.5,9.996728339025832,4.086375323973274,-5.335265113048724,7.400747284524023,9.996728339025832,0.3715724127386971,-0.6435822975543765,-0.6691306063588582,0.408771268497978,-0.5337011202175609,0.7403169350548957,0.149896229,5e-10
edge,B,10,2000,132,300,175,330,0.5,-0.5,0.5,1,-1.1,0.09375,0.8715724127386971,-1.143582297554377,-0.1691306063588582,9.996728339025832,4.086375323973274,-5.335265113048724,7.400747284524023,9.996728339025832,0.3715724127386971,-0.6435822975543765,-0.6691306063588582,0.408771268497978,-0.5337011202175609,0.7403169350548957,0.149896229,5e-10
edge,off_axis,10,2000,132,300,175,330,0.5,-0.5,0.5,1,-1.1,0.09375,0.37,-0.41,0.73,-0.8909127293689363,-0.3641795265051359,0.4754811216802859,-0.6595577812078027,0.8909127293689363,0.3715724127386971,-0.6435822975543765,-0.6691306063588582,0.408771268497978,-0.5337011202175609,0.7403169350548957,0.149896229,5e-10
edge,slice,10,2000,132,300,175,330,0.5,-0.5,0.5,1,-1.1,0.09375,-0.4,0.6,-1.1,9.884793189031319,4.040619450720506,-5.275525198104931,7.317879797355174,9.884793189031319,0.3715724127386971,-0.6435822975543765,-0.6691306063588582,0.408771268497978,-0.5337011202175609,0.7403169350548957,0.149896229,5e-10
edge,A,10,2000,132,300,175,330,0.5,-0.5,0.5,1,-1.1,0.125,0.5,-0.5,0.5,9.754744144978657,3.987459138016149,-5.206117877610803,7.221602287655289,9.754744144978657,0.3715724127386971,-0.6435822975543765,-0.6691306063588582,0.408771268497978,-0.5337011202175609,0.7403169350548957,0.149896229,5e-10
edge,B,10,2000,132,300,175,330,0.5,-0.5,0.5,1,-1.1,0.125,0.8715724127386971,-1.143582297554377,-0.1691306063588582,9.754744144978659,3.98745913801615,-5.206117877610803,7.22160228765529,9.754744144978659,0.3715724127386971,-0.6435822975543765,-0.6691306063588582,0.408771268497978,-0.5337011202175609,0.7403169350548957,0.149896229,5e-10
edge,off_axis,10,2000,132,300,175,330,0.5,-0.5,0.5,1,-1.1,0.125,0.37,-0.41,0.73,-2.816939478522903,-1.15148392391784,1.503403755272745,-2.085428000975212,2.816939478522903,0.3715724127386971,-0.6435822975543765,-0.6691306063588582,0.408771268497978,-0.5337011202175609,0.7403169350548957,0.149896229,5e-10
edge,slice,10,2000,132,300,175,330,0.5,-0.5,0.5,1,-1.1,0.125,-0.4,0.6,-1.1,9.990140550439552,4.083682425276264,-5.331749202900469,7.395870233069038,9.990140550439552,0.3715724127386971,-0.6435822975543765,-0.6691306063588582,0.408771268497978,-0.5337011202175609,0.7403169350548957,0.149896229,5e-10
edge,A,10,2000,132,300,175,330,0.5,-0.5,0.5,1,-1.1,0.15625,0.5,-0.5,0.5,9.137890603963495,3.735307133577912,-4.876902451760841,6.764935164793184,9.137890603963495,0.3715724127386971,-0.6435822975543765,-0.6691306063588582,0.408771268497978,-0.5337011202175609,0.7403169350548957,0.149896229,5e-10
edge,B,10,2000,132,300,175,330,0.5,-0.5,0.5,1,-1.1,0.15625,0.8715724127386971,-1.143582297554377,-0.1691306063588582,9.137890603963498,3.735307133577914,-4.876902451760843,6.764935164793187,9.137890603963498,0.3715724127386971,-0.6435822975543765,-0.6691306063588582,0.408771268497978,-0.5337011202175609,0.7403169350548957,0.149896229,5e-10
edge,off_axis,10,2000,132,300,175,330,0.5,-0.5,0.5,1,-1.1,0.15625,0.37,-0.41,0.73,-4.634712823275094,-1.894537439894005,2.473551425668612,-3.43115639218664,4.634712823275094,0.3715724127386971,-0.6435822975543765,-0.6691306063588582,0.408771268497978,-0.5337011202175609,0.7403169350548957,0.149896229,5e-10
edge,slice,10,2000,132,300,175,330,0.5,-0.5,0.5,1,-1.1,0.15625,-0.4,0.6,-1.1,9.71157241302976,3.969811774384144,-5.183077075907944,7.18964152337787,9.71157241302976,0.3715724127386971,-0.6435822975543765,-0.6691306063588582,0.408771268497978,-0.5337011202175609,0.7403169350548957,0.149896229,5e-10
edge,A,10,2000,132,300,175,330,0.5,-0.5,0.5,1,-1.1,0.1875,0.5,-0.5,0.5,8.169873051626105,3.33960937078065,-4.360270399688115,6.048295377367426,8.169873051626105,0.3715724127386971,-0.6435822975543765,-0.6691306063588582,0.408771268497978,-0.5337011202175609,0.7403169350548957,0.149896229,5e-10
edge,B,10,2000,132,300,175,330,0.5,-0.5,0.5,1,-1.1,0.1875,0.8715724127386971,-1.143582297554377,-0.1691306063588582,8.169873051626109,3.339609370780651,-4.360270399688117,6.048295377367428,8.169873051626109,0.3715724127386971,-0.6435822975543765,-0.6691306063588582,0.408771268497978,-0.5337011202175609,0.7403169350548957,0.149896229,5e-10
edge,off_axis,10,2000,132,300,175,330,0.5,-0.5,0.5,1,-1.1,0.1875,0.37,-0.41,0.73,-6.274376753405719,-2.564784944523881,3.348641901959655,-4.645027367461009,6.274376753405719,0.3715724127386971,-0.6435822975543765,-0.6691306063588582,0.408771268497978,-0.5337011202175609,0.7403169350548957,0.149896229,5e-10
edge,slice,10,2000,132,300,175,330,0.5,-0.5,0.5,1,-1.1,0.1875,-0.4,0.6,-1.1,9.059793994099788,3.703383483298533,-4.835222203591387,6.707118921940707,9.059793994099788,0.3715724127386971,-0.6435822975543765,-0.6691306063588582,0.408771268497978,-0.5337011202175609,0.7403169350548957,0.149896229,5e-10
edge,A,10,2000,132,300,175,330,0.5,-0.5,0.5,1,-1.1,0.21875,0.5,-0.5,0.5,6.887891859632315,2.815572292738798,-3.676075601423185,5.099222990512562,6.887891859632315,0.3715724127386971,-0.6435822975543765,-0.6691306063588582,0.408771268497978,-0.5337011202175609,0.7403169350548957,0.149896229,5e-10
edge,B,10,2000,132,300,175,330,0.5,-0.5,0.5,1,-1.1,0.21875,0.8715724127386971,-1.143582297554377,-0.1691306063588582,6.887891859632321,2.8155722927388,-3.676075601423188,5.099222990512565,6.887891859632321,0.3715724127386971,-0.6435822975543765,-0.6691306063588582,0.408771268497978,-0.5337011202175609,0.7403169350548957,0.149896229,5e-10
edge,off_axis,10,2000,132,300,175,330,0.5,-0.5,0.5,1,-1.1,0.21875,0.37,-0.41,0.73,-7.672919903613983,-3.136469202083671,4.095045947898402,-5.680392545965209,7.672919903613983,0.3715724127386971,-0.6435822975543765,-0.6691306063588582,0.408771268497978,-0.5337011202175609,0.7403169350548957,0.149896229,5e-10
edge,slice,10,2000,132,300,175,330,0.5,-0.5,0.5,1,-1.1,0.21875,-0.4,0.6,-1.1,8.059852772767568,3.294636241831144,-4.301552453614666,5.966845501728989,8.059852772767568,0.3715724127386971,-0.6435822975543765,-0.6691306063588582,0.408771268497978,-0.5337011202175609,0.7403169350548957,0.149896229,5e-10
edge,A,10,2000,132,300,175,330,0.5,-0.5,0.5,1,-1.1,0.25,0.5,-0.5,0.5,5.341212846247113,2.183334350478128,-2.850611279362511,3.954190323809498,5.341212846247113,0.3715724127386971,-0.6435822975543765,-0.6691306063588582,0.408771268497978,-0.5337011202175609,0.7403169350548957,0.149896229,5e-10
edge,B,10,2000,132,300,175,330,0.5,-0.5,0.5,1,-1.1,0.25,0.8715724127386971,-1.143582297554377,-0.1691306063588582,5.341212846247119,2.18333435047813,-2.850611279362514,3.954190323809503,5.341212846247119,0.3715724127386971,-0.6435822975543765,-0.6691306063588582,0.408771268497978,-0.5337011202175609,0.7403169350548957,0.149896229,5e-10
edge,off_axis,10,2000,132,300,175,330,0.5,-0.5,0.5,1,-1.1,0.25,0.37,-0.41,0.73,-8.776597044949419,-3.58762070715958,4.68407967458764,-6.497463424528808,8.776597044949419,0.3715724127386971,-0.6435822975543765,-0.6691306063588582,0.408771268497978,-0.5337011202175609,0.7403169350548957,0.149896229,5e-10
edge,slice,10,2000,132,300,175,330,0.5,-0.5,0.5,1,-1.1,0.25,-0.4,0.6,-1.1,6.750175929395398,2.759277977243475,-3.602576455183939,4.997269555131333,6.750175929395398,0.3715724127386971,-0.6435822975543765,-0.6691306063588582,0.408771268497978,-0.5337011202175609,0.7403169350548957,0.149896229,5e-10
edge,A,10,2000,132,300,175,330,0.5,-0.5,0.5,1,-1.1,0.28125,0.5,-0.5,0.5,3.589274018567307,1.467192093556593,-1.915599564477158,2.657200340497918,3.589274018567307,0.3715724127386971,-0.6435822975543765,-0.6691306063588582,0.408771268497978,-0.5337011202175609,0.7403169350548957,0.149896229,5e-10
edge,B,10,2000,132,300,175,330,0.5,-0.5,0.5,1,-1.1,0.28125,0.8715724127386971,-1.143582297554377,-0.1691306063588582,3.589274018567314,1.467192093556596,-1.915599564477162,2.657200340497922,3.589274018567314,0.3715724127386971,-0.6435822975543765,-0.6691306063588582,0.408771268497978,-0.5337011202175609,0.7403169350548957,0.149896229,5e-10
edge,off_axis,10,2000,132,300,175,330,0.5,-0.5,0.5,1,-1.1,0.28125,0.37,-0.41,0.73,-9.542994483819776,-3.900901960420216,5.093106846244618,-7.064840427507233,9.542994483819776,0.3715724127386971,-0.6435822975543765,-0.6691306063588582,0.408771268497978,-0.5337011202175609,0.7403169350548957,0.149896229,5e-10
edge,slice,10,2000,132,300,175,330,0.5,-0.5,0.5,1,-1.1,0.28125,-0.4,0.6,-1.1,5.181093610598838,2.117882207411256,-2.765155463928647,3.835651342031035,5.181093610598838,0.3715724127386971,-0.6435822975543765,-0.6691306063588582,0.408771268497978,-0.5337011202175609,0.7403169350548957,0.149896229,5e-10
edge,A,10,2000,132,300,175,330,0.5,-0.5,0.5,1,-1.1,0.3125,0.5,-0.5,0.5,1.699401403242019,0.694666467290484,-0.9069724326095605,1.25809563827612,1.699401403242019,0.3715724127386971,-0.6435822975543765,-0.6691306063588582,0.408771268497978,-0.5337011202175609,0.7403169350548957,0.149896229,5e-10
edge,B,10,2000,132,300,175,330,0.5,-0.5,0.5,1,-1.1,0.3125,0.8715724127386971,-1.143582297554377,-0.1691306063588582,1.699401403242026,0.6946664672904868,-0.9069724326095642,1.258095638276125,1.699401403242026,0.3715724127386971,-0.6435822975543765,-0.6691306063588582,0.408771268497978,-0.5337011202175609,0.7403169350548957,0.149896229,5e-10
edge,off_axis,10,2000,132,300,175,330,0.5,-0.5,0.5,1,-1.1,0.3125,0.37,-0.41,0.73,-9.942659996449901,-4.064273738992927,5.306408778047643,-7.360719574864711,9.942659996449901,0.3715724127386971,-0.6435822975543765,-0.6691306063588582,0.408771268497978,-0.5337011202175609,0.7403169350548957,0.149896229,5e-10
edge,slice,10,2000,132,300,175,330,0.5,-0.5,0.5,1,-1.1,0.3125,-0.4,0.6,-1.1,3.412904769937736,1.395097412070248,-1.821471098911627,2.526631198914539,3.412904769937736,0.3715724127386971,-0.6435822975543765,-0.6691306063588582,0.408771268497978,-0.5337011202175609,0.7403169350548957,0.149896229,5e-10
edge,A,10,2000,132,300,175,330,0.5,-0.5,0.5,1,-1.1,0.34375,0.5,-0.5,0.5,-0.2557782549745728,-0.1045548017401554,0.1365091412072224,-0.1893569737764654,0.2557782549745728,0.3715724127386971,-0.6435822975543765,-0.6691306063588582,0.408771268497978,-0.5337011202175609,0.7403169350548957,0.149896229,5e-10
edge,B,10,2000,132,300,175,330,0.5,-0.5,0.5,1,-1.1,0.34375,0.8715724127386971,-1.143582297554377,-0.1691306063588582,-0.2557782549745659,-0.1045548017401525,0.1365091412072187,-0.1893569737764602,0.2557782549745659,0.3715724127386971,-0.6435822975543765,-0.6691306063588582,0.408771268497978,-0.5337011202175609,0.7403169350548957,0.149896229,5e-10
edge,off_axis,10,2000,132,300,175,330,0.5,-0.5,0.5,1,-1.1,0.34375,0.37,-0.41,0.73,-9.960234661324421,-4.071457757047112,5.315788396378622,-7.373730396899233,9.960234661324421,0.3715724127386971,-0.6435822975543765,-0.6691306063588582,0.408771268497978,-0.5337011202175609,0.7403169350548957,0.149896229,5e-10
edge,slice,10,2000,132,300,175,330,0.5,-0.5,0.5,1,-1.1,0.34375,-0.4,0.6,-1.1,1.513559912946971,0.6186998055630226,-0.8077886210561925,1.120514035774856,1.513559912946971,0.3715724127386971,-0.6435822975543765,-0.6691306063588582,0.408771268497978,-0.5337011202175609,0.7403169350548957,0.149896229,5e-10
edge,A,10,2000,132,300,175,330,0.5,-0.5,0.5,1,-1.1,0.375,0.5,-0.5,0.5,-2.20112849829459,-0.8997580883749291,1.17474474528262,-1.629532703519436,2.20112849829459,0.3715724127386971,-0.6435822975543765,-0.6691306063588582,0.408771268497978,-0.5337011202175609,0.7403169350548957,0.149896229,5e-10
edge,B,10,2000,132,300,175,330,0.5,-0.5,0.5,1,-1.1,0.375,0.8715724127386971,-1.143582297554377,-0.1691306063588582,-2.201128498294583,-0.8997580883749262,1.174744745282617,-1.629532703519431,2.201128498294583,0.3715724127386971,-0.6435822975543765,-0.6691306063588582,0.408771268497978,-0.5337011202175609,0.7403169350548957,0.149896229,5e-10
edge,off_axis,10,2000,132,300,175,330,0.5,-0.5,0.5,1,-1.1,0.375,0.37,-0.41,0.73,-9.595043093928194,-3.922177936797791,5.120885247765249,-7.103372895016564,9.595043093928194,0.3715724127386971,-0.6435822975543765,-0.6691306063588582,0.408771268497978,-0.5337011202175609,0.7403169350548957,0.149896229,5e-10
edge,slice,10,2000,132,300,175,330,0.5,-0.5,0.5,1,-1.1,0.375,-0.4,0.6,-1.1,-0.4439502026841673,-0.1814740875011415,0.2369367204933533,-0.3286638533681425,0.4439502026841673,0.3715724127386971,-0.6435822975543765,-0.6691306063588582,0.408771268497978,-0.5337011202175609,0.7403169350548957,0.149896229,5e-10
edge,A,10,2000,132,300,175,330,0.5,-0.5,0.5,1,-1.1,0.40625,0.5,-0.5,0.5,-4.061890607832229,-1.660384176263603,2.16783556760125,-3.007086405318623,4.061890607832229,0.3715724127386971,-0.6435822975543765,-0.6691306063588582,0.408771268497978,-0.5337011202175609,0.7403169350548957,0.149896229,5e-10
edge,B,10,2000,132,300,175,330,0.5,-0.5,0.5,1,-1.1,0.40625,0.8715724127386971,-1.143582297554377,-0.1691306063588582,-4.061890607832223,-1.660384176263601,2.167835567601247,-3.007086405318618,4.061890607832223,0.3715724127386971,-0.6435822975543765,-0.6691306063588582,0.408771268497978,-0.5337011202175609,0.7403169350548957,0.149896229,5e-10
edge,off_axis,10,2000,132,300,175,330,0.5,-0.5,0.5,1,-1.1,0.40625,0.37,-0.41,0.73,-8.861119401394465,-3.622171018020059,4.729189350905789,-6.560036756395823,8.861119401394465,0.3715724127386971,-0.6435822975543765,-0.6691306063588582,0.408771268497978,-0.5337011202175609,0.7403169350548957,0.149896229,5e-10
edge,slice,10,2000,132,300,175,330,0.5,-0.5,0.5,1,-1.1,0.40625,-0.4,0.6,-1.1,-2.384399560996295,-0.9746740331544775,1.272556716749983,-1.765211374943016,2.384399560996295,0.3715724127386971,-0.6435822975543765,-0.6691306063588582,0.408771268497978,-0.5337011202175609,0.7403169350548957,0.149896229,5e-10
edge,A,10,2000,132,300,175,330,0.5,-0.5,0.5,1,-1.1,0.4375,0.5,-0.5,0.5,-5.766556539245372,-2.357202631412641,3.077617684793156,-4.269079462954901,5.766556539245372,0.3715724127386971,-0.6435822975543765,-0.6691306063588582,0.408771268497978,-0.5337011202175609,0.7403169350548957,0.149896229,5e-10
edge,B,10,2000,132,300,175,330,0.5,-0.5,0.5,1,-1.1,0.4375,0.8715724127386971,-1.143582297554377,-0.1691306063588582,-5.766556539245366,-2.357202631412639,3.077617684793153,-4.269079462954896,5.766556539245366,0.3715724127386971,-0.6435822975543765,-0.6691306063588582,0.408771268497978,-0.5337011202175609,0.7403169350548957,0.149896229,5e-10
edge,off_axis,10,2000,132,300,175,330,0.5,-0.5,0.5,1,-1.1,0.4375,0.37,-0.41,0.73,-7.786667859638159,-3.182966098356726,4.155753359450963,-5.764602084137787,7.786667859638159,0.3715724127386971,-0.6435822975543765,-0.6691306063588582,0.408771268497978,-0.5337011202175609,0.7403169350548957,0.149896229,5e-10
edge,slice,10,2000,132,300,175,330,0.5,-0.5,0.5,1,-1.1,0.4375,-0.4,0.6,-1.1,-4.233217781366015,-1.730417802317182,2.25927307203994,-3.133922813320774,4.233217781366015,0.3715724127386971,-0.6435822975543765,-0.6691306063588582,0.408771268497978,-0.5337011202175609,0.7403169350548957,0.149896229,5e-10
edge,A,10,2000,132,300,175,330,0.5,-0.5,0.5,1,-1.1,0.46875,0.5,-0.5,0.5,-7.24961693677748,-2.963435111370956,3.869128680306344,-5.367014190957166,7.24961693677748,0.3715724127386971,-0.6435822975543765,-0.6691306063588582,0.408771268497978,-0.5337011202175609,0.7403169350548957,0.149896229,5e-10
edge,B,10,2000,132,300,175,330,0.5,-0.5,0.5,1,-1.1,0.46875,0.8715724127386971,-1.143582297554377,-0.1691306063588582,-7.249616936777476,-2.963435111370954,3.869128680306341,-5.367014190957162,7.249616936777476,0.3715724127386971,-0.6435822975543765,-0.6691306063588582,0.408771268497978,-0.5337011202175609,0.7403169350548957,0.149896229,5e-10
edge,off_axis,10,2000,132,300,175,330,0.5,-0.5,0.5,1,-1.1,0.46875,0.37,-0.41,0.73,-6.412979038849604,-2.621441576561496,3.42261409696577,-4.747636986612429,6.412979038849604,0.3715724127386971,-0.6435822975543765,-0.6691306063588582,0.408771268497978,-0.5337011202175609,0.7403169350548957,0.149896229,5e-10
edge,slice,10,2000,132,300,175,330,0.5,-0.5,0.5,1,-1.1,0.46875,-0.4,0.6,-1.1,-5.91935581641372,-2.419662585766321,3.159166830186337,-4.382199355506775,5.91935581641372,0.3715724127386971,-0.6435822975543765,-0.6691306063588582,0.408771268497978,-0.5337011202175609,0.7403169350548957,0.149896229,5e-10
edge,A,10,2000,132,300,175,330,0.5,-0.5,0.5,1,-1.1,0.5,0.5,-0.5,0.5,-8.454078621061246,-3.455784441912842,4.511951230467719,-6.258697573457181,8.454078621061246,0.3715724127386971,-0.6435822975543765,-0.6691306063588582,0.408771268497978,-0.5337011202175609,0.7403169350548957,0.149896229,5e-10
edge,B,10,2000,132,300,175,330,0.5,-0.5,0.5,1,-1.1,0.5,0.8715724127386971,-1.143582297554377,-0.1691306063588582,-8.454078621061242,-3.455784441912841,4.511951230467718,-6.258697573457178,8.454078621061242,0.3715724127386971,-0.6435822975543765,-0.6691306063588582,0.408771268497978,-0.5337011202175609,0.7403169350548957,0.149896229,5e-10
edge,off_axis,10,2000,132,300,175,330,0.5,-0.5,0.5,1,-1.1,0.5,0.37,-0.41,0.73,-4.792843030038135,-1.959176525100381,2.557945694158282,-3.548222862197052,4.792843030038135,0.3715724127386971,-0.6435822975543765,-0.6691306063588582,0.408771268497978,-0.5337011202175609,0.7403169350548957,0.149896229,5e-10
edge,slice,10,2000,132,300,175,330,0.5,-0.5,0.5,1,-1.1,0.5,-0.4,0.6,-1.1,-7.378016327049632,-3.015921093006871,3.937655578729843,-5.462070434026363,7.378016327049632,0.3715724127386971,-0.6435822975543765,-0.6691306063588582,0.408771268497978,-0.5337011202175609,0.7403169350548957,0.149896229,5e-10
edge,A,10,2000,132,300,175,330,0.5,-0.5,0.5,1,-1.1,0.53125,0.5,-0.5,0.5,-9.33365480503954,-3.81532991437826,4.981382025173622,-6.909862718127273,9.33365480503954,0.3715724127386971,-0.6435822975543765,-0.6691306063588582,0.408771268497978,-0.5337011202175609,0.7403169350548957,0.149896229,5e-10
edge,B,10,2000,132,300,175,330,0.5,-0.5,0.5,1,-1.1,0.53125,0.8715724127386971,-1.143582297554377,-0.1691306063588582,-9.333654805039536,-3.815329914378259,4.98138202517362,-6.90986271812727,9.333654805039536,0.3715724127386971,-0.6435822975543765,-0.6691306063588582,0.408771268497978,-0.5337011202175609,0.7403169350548957,0.149896229,5e-10
edge,off_axis,10,2000,132,300,175,330,0.5,-0.5,0.5,1,-1.1,0.53125,0.37,-0.41,0.73,-2.98852075143964,-1.221621418498512,1.594976872836763,-2.212452523053748,2.98852075143964,0.3715724127386971,-0.6435822975543765,-0.6691306063588582,0.408771268497978,-0.5337011202175609,0.7403169350548957,0.149896229,5e-10
edge,slice,10,2000,132,300,175,330,0.5,-0.5,0.5,1,-1.1,0.53125,-0.4,0.6,-1.1,-8.553143807876253,-3.496279443991202,4.56482243164545,-6.332037208930708,8.553143807876253,0.3715724127386971,-0.6435822975543765,-0.6691306063588582,0.408771268497978,-0.5337011202175609,0.7403169350548957,0.149896229,5e-10
edge,A,10,2000,132,300,175,330,0.5,-0.5,0.5,1,-1.1,0.5625,0.5,-0.5,0.5,-9.854543869234083,-4.028254397895789,5.259381102243327,-7.295485713635389,9.854543869234083,0.3715724127386971,-0.6435822975543765,-0.6691306063588582,0.408771268497978,-0.5337011202175609,0.7403169350548957,0.149896229,5e-10
edge,B,10,2000,132,300,175,330,0.5,-0.5,0.5,1,-1.1,0.5625,0.8715724127386971,-1.143582297554377,-0.1691306063588582,-9.854543869234082,-4.028254397895788,5.259381102243326,-7.295485713635388,9.854543869234082,0.3715724127386971,-0.6435822975543765,-0.6691306063588582,0.408771268497978,-0.5337011202175609,0.7403169350548957,0.149896229,5e-10
edge,off_axis,10,2000,132,300,175,330,0.5,-0.5,0.5,1,-1.1,0.5625,0.37,-0.41,0.73,-1.069351296345064,-0.437120085876929,0.5707139847654615,-0.7916588742071573,1.069351296345064,0.3715724127386971,-0.6435822975543765,-0.6691306063588582,0.408771268497978,-0.5337011202175609,0.7403169350548957,0.149896229,5e-10
edge,slice,10,2000,132,300,175,330,0.5,-0.5,0.5,1,-1.1,0.5625,-0.4,0.6,-1.1,-9.399578768824497,-3.842277736679052,5.016565718494836,-6.958667344943222,9.399578768824497,0.3715724127386971,-0.6435822975543765,-0.6691306063588582,0.408771268497978,-0.5337011202175609,0.7403169350548957,0.149896229,5e-10
edge,A,10,2000,132,300,175,330,0.5,-0.5,0.5,1,-1.1,0.59375,0.5,-0.5,0.5,-9.996728339025832,-4.086375323973274,5.335265113048724,-7.400747284524023,9.996728339025832,0.3715724127386971,-0.6435822975543765,-0.6691306063588582,0.408771268497978,-0.5337011202175609,0.7403169350548957,0.149896229,5e-10
edge,B,10,2000,132,300,175,330,0.5,-0.5,0.5,1,-1.1,0.59375,0.8715724127386971,-1.143582297554377,-0.1691306063588582,-9.996728339025832,-4.086375323973274,5.335265113048724,-7.400747284524023,9.996728339025832,0.3715724127386971,-0.6435822975543765,-0.6691306063588582,0.408771268497978,-0.5337011202175609,0.7403169350548957,0.149896229,5e-10
edge,off_axis,10,2000,132,300,175,330,0.5,-0.5,0.5,1,-1.1,0.59375,0.37,-0.41,0.73,0.8909127293689363,0.3641795265051359,-0.4754811216802859,0.6595577812078027,0.8909127293689363,0.3715724127386971,-0.6435822975543765,-0.6691306063588582,0.408771268497978,-0.5337011202175609,0.7403169350548957,0.149896229,5e-10
edge,slice,10,2000,132,300,175,330,0.5,-0.5,0.5,1,-1.1,0.59375,-0.4,0.6,-1.1,-9.884793189031319,-4.040619450720506,5.275525198104931,-7.317879797355174,9.884793189031319,0.3715724127386971,-0.6435822975543765,-0.6691306063588582,0.408771268497978,-0.5337011202175609,0.7403169350548957,0.149896229,5e-10
edge,A,10,2000,132,300,175,330,0.5,-0.5,0.5,1,-1.1,0.625,0.5,-0.5,0.5,-9.754744144978657,-3.987459138016149,5.206117877610803,-7.221602287655289,9.754744144978657,0.3715724127386971,-0.6435822975543765,-0.6691306063588582,0.408771268497978,-0.5337011202175609,0.7403169350548957,0.149896229,5e-10
edge,B,10,2000,132,300,175,330,0.5,-0.5,0.5,1,-1.1,0.625,0.8715724127386971,-1.143582297554377,-0.1691306063588582,-9.754744144978659,-3.98745913801615,5.206117877610803,-7.22160228765529,9.754744144978659,0.3715724127386971,-0.6435822975543765,-0.6691306063588582,0.408771268497978,-0.5337011202175609,0.7403169350548957,0.149896229,5e-10
edge,off_axis,10,2000,132,300,175,330,0.5,-0.5,0.5,1,-1.1,0.625,0.37,-0.41,0.73,2.816939478522903,1.15148392391784,-1.503403755272745,2.085428000975212,2.816939478522903,0.3715724127386971,-0.6435822975543765,-0.6691306063588582,0.408771268497978,-0.5337011202175609,0.7403169350548957,0.149896229,5e-10
edge,slice,10,2000,132,300,175,330,0.5,-0.5,0.5,1,-1.1,0.625,-0.4,0.6,-1.1,-9.990140550439552,-4.083682425276264,5.331749202900469,-7.395870233069038,9.990140550439552,0.3715724127386971,-0.6435822975543765,-0.6691306063588582,0.408771268497978,-0.5337011202175609,0.7403169350548957,0.149896229,5e-10
edge,A,10,2000,132,300,175,330,0.5,-0.5,0.5,1,-1.1,0.65625,0.5,-0.5,0.5,-9.137890603963495,-3.735307133577912,4.876902451760841,-6.764935164793184,9.137890603963495,0.3715724127386971,-0.6435822975543765,-0.6691306063588582,0.408771268497978,-0.5337011202175609,0.7403169350548957,0.149896229,5e-10
edge,B,10,2000,132,300,175,330,0.5,-0.5,0.5,1,-1.1,0.65625,0.8715724127386971,-1.143582297554377,-0.1691306063588582,-9.137890603963498,-3.735307133577914,4.876902451760843,-6.764935164793187,9.137890603963498,0.3715724127386971,-0.6435822975543765,-0.6691306063588582,0.408771268497978,-0.5337011202175609,0.7403169350548957,0.149896229,5e-10
edge,off_axis,10,2000,132,300,175,330,0.5,-0.5,0.5,1,-1.1,0.65625,0.37,-0.41,0.73,4.634712823275094,1.894537439894005,-2.473551425668612,3.43115639218664,4.634712823275094,0.3715724127386971,-0.6435822975543765,-0.6691306063588582,0.408771268497978,-0.5337011202175609,0.7403169350548957,0.149896229,5e-10
edge,slice,10,2000,132,300,175,330,0.5,-0.5,0.5,1,-1.1,0.65625,-0.4,0.6,-1.1,-9.71157241302976,-3.969811774384144,5.183077075907944,-7.18964152337787,9.71157241302976,0.3715724127386971,-0.6435822975543765,-0.6691306063588582,0.408771268497978,-0.5337011202175609,0.7403169350548957,0.149896229,5e-10
edge,A,10,2000,132,300,175,330,0.5,-0.5,0.5,1,-1.1,0.6875,0.5,-0.5,0.5,-8.169873051626105,-3.33960937078065,4.360270399688115,-6.048295377367426,8.169873051626105,0.3715724127386971,-0.6435822975543765,-0.6691306063588582,0.408771268497978,-0.5337011202175609,0.7403169350548957,0.149896229,5e-10
edge,B,10,2000,132,300,175,330,0.5,-0.5,0.5,1,-1.1,0.6875,0.8715724127386971,-1.143582297554377,-0.1691306063588582,-8.169873051626109,-3.339609370780651,4.360270399688117,-6.048295377367428,8.169873051626109,0.3715724127386971,-0.6435822975543765,-0.6691306063588582,0.408771268497978,-0.5337011202175609,0.7403169350548957,0.149896229,5e-10
edge,off_axis,10,2000,132,300,175,330,0.5,-0.5,0.5,1,-1.1,0.6875,0.37,-0.41,0.73,6.274376753405719,2.564784944523881,-3.348641901959655,4.645027367461009,6.274376753405719,0.3715724127386971,-0.6435822975543765,-0.6691306063588582,0.408771268497978,-0.5337011202175609,0.7403169350548957,0.149896229,5e-10
edge,slice,10,2000,132,300,175,330,0.5,-0.5,0.5,1,-1.1,0.6875,-0.4,0.6,-1.1,-9.059793994099788,-3.703383483298533,4.835222203591387,-6.707118921940707,9.059793994099788,0.3715724127386971,-0.6435822975543765,-0.6691306063588582,0.408771268497978,-0.5337011202175609,0.7403169350548957,0.149896229,5e-10
edge,A,10,2000,132,300,175,330,0.5,-0.5,0.5,1,-1.1,0.71875,0.5,-0.5,0.5,-6.887891859632315,-2.815572292738798,3.676075601423185,-5.099222990512562,6.887891859632315,0.3715724127386971,-0.6435822975543765,-0.6691306063588582,0.408771268497978,-0.5337011202175609,0.7403169350548957,0.149896229,5e-10
edge,B,10,2000,132,300,175,330,0.5,-0.5,0.5,1,-1.1,0.71875,0.8715724127386971,-1.143582297554377,-0.1691306063588582,-6.887891859632321,-2.8155722927388,3.676075601423188,-5.099222990512565,6.887891859632321,0.3715724127386971,-0.6435822975543765,-0.6691306063588582,0.408771268497978,-0.5337011202175609,0.7403169350548957,0.149896229,5e-10
edge,off_axis,10,2000,132,300,175,330,0.5,-0.5,0.5,1,-1.1,0.71875,0.37,-0.41,0.73,7.672919903613983,3.136469202083671,-4.095045947898402,5.680392545965209,7.672919903613983,0.3715724127386971,-0.6435822975543765,-0.6691306063588582,0.408771268497978,-0.5337011202175609,0.7403169350548957,0.149896229,5e-10
edge,slice,10,2000,132,300,175,330,0.5,-0.5,0.5,1,-1.1,0.71875,-0.4,0.6,-1.1,-8.059852772767568,-3.294636241831144,4.301552453614666,-5.966845501728989,8.059852772767568,0.3715724127386971,-0.6435822975543765,-0.6691306063588582,0.408771268497978,-0.5337011202175609,0.7403169350548957,0.149896229,5e-10
edge,A,10,2000,132,300,175,330,0.5,-0.5,0.5,1,-1.1,0.75,0.5,-0.5,0.5,-5.341212846247113,-2.183334350478128,2.850611279362511,-3.954190323809498,5.341212846247113,0.3715724127386971,-0.6435822975543765,-0.6691306063588582,0.408771268497978,-0.5337011202175609,0.7403169350548957,0.149896229,5e-10
edge,B,10,2000,132,300,175,330,0.5,-0.5,0.5,1,-1.1,0.75,0.8715724127386971,-1.143582297554377,-0.1691306063588582,-5.341212846247119,-2.18333435047813,2.850611279362514,-3.954190323809503,5.341212846247119,0.3715724127386971,-0.6435822975543765,-0.6691306063588582,0.408771268497978,-0.5337011202175609,0.7403169350548957,0.149896229,5e-10
edge,off_axis,10,2000,132,300,175,330,0.5,-0.5,0.5,1,-1.1,0.75,0.37,-0.41,0.73,8.776597044949419,3.58762070715958,-4.68407967458764,6.497463424528808,8.776597044949419,0.3715724127386971,-0.6435822975543765,-0.6691306063588582,0.408771268497978,-0.5337011202175609,0.7403169350548957,0.149896229,5e-10
edge,slice,10,2000,132,300,175,330,0.5,-0.5,0.5,1,-1.1,0.75,-0.4,0.6,-1.1,-6.750175929395398,-2.759277977243475,3.602576455183939,-4.997269555131333,6.750175929395398,0.3715724127386971,-0.6435822975543765,-0.6691306063588582,0.408771268497978,-0.5337011202175609,0.7403169350548957,0.149896229,5e-10
edge,A,10,2000,132,300,175,330,0.5,-0.5,0.5,1,-1.1,0.78125,0.5,-0.5,0.5,-3.589274018567307,-1.467192093556593,1.915599564477158,-2.657200340497918,3.589274018567307,0.3715724127386971,-0.6435822975543765,-0.6691306063588582,0.408771268497978,-0.5337011202175609,0.7403169350548957,0.149896229,5e-10
edge,B,10,2000,132,300,175,330,0.5,-0.5,0.5,1,-1.1,0.78125,0.8715724127386971,-1.143582297554377,-0.1691306063588582,-3.589274018567314,-1.467192093556596,1.915599564477162,-2.657200340497922,3.589274018567314,0.3715724127386971,-0.6435822975543765,-0.6691306063588582,0.408771268497978,-0.5337011202175609,0.7403169350548957,0.149896229,5e-10
edge,off_axis,10,2000,132,300,175,330,0.5,-0.5,0.5,1,-1.1,0.78125,0.37,-0.41,0.73,9.542994483819776,3.900901960420216,-5.093106846244618,7.064840427507233,9.542994483819776,0.3715724127386971,-0.6435822975543765,-0.6691306063588582,0.408771268497978,-0.5337011202175609,0.7403169350548957,0.149896229,5e-10
edge,slice,10,2000,132,300,175,330,0.5,-0.5,0.5,1,-1.1,0.78125,-0.4,0.6,-1.1,-5.181093610598838,-2.117882207411256,2.765155463928647,-3.835651342031035,5.181093610598838,0.3715724127386971,-0.6435822975543765,-0.6691306063588582,0.408771268497978,-0.5337011202175609,0.7403169350548957,0.149896229,5e-10
edge,A,10,2000,132,300,175,330,0.5,-0.5,0.5,1,-1.1,0.8125,0.5,-0.5,0.5,-1.699401403242019,-0.694666467290484,0.9069724326095605,-1.25809563827612,1.699401403242019,0.3715724127386971,-0.6435822975543765,-0.6691306063588582,0.408771268497978,-0.5337011202175609,0.7403169350548957,0.149896229,5e-10
edge,B,10,2000,132,300,175,330,0.5,-0.5,0.5,1,-1.1,0.8125,0.8715724127386971,-1.143582297554377,-0.1691306063588582,-1.699401403242026,-0.6946664672904868,0.9069724326095642,-1.258095638276125,1.699401403242026,0.3715724127386971,-0.6435822975543765,-0.6691306063588582,0.408771268497978,-0.5337011202175609,0.7403169350548957,0.149896229,5e-10
edge,off_axis,10,2000,132,300,175,330,0.5,-0.5,0.5,1,-1.1,0.8125,0.37,-0.41,0.73,9.942659996449901,4.064273738992927,-5.306408778047643,7.360719574864711,9.942659996449901,0.3715724127386971,-0.6435822975543765,-0.6691306063588582,0.408771268497978,-0.5337011202175609,0.7403169350548957,0.149896229,5e-10
edge,slice,10,2000,132,300,175,330,0.5,-0.5,0.5,1,-1.1,0.8125,-0.4,0.6,-1.1,-3.412904769937736,-1.395097412070248,1.821471098911627,-2.526631198914539,3.412904769937736,0.3715724127386971,-0.6435822975543765,-0.6691306063588582,0.408771268497978,-0.5337011202175609,0.7403169350548957,0.149896229,5e-10
edge,A,10,2000,132,300,175,330,0.5,-0.5,0.5,1,-1.1,0.84375,0.5,-0.5,0.5,0.2557782549745728,0.1045548017401554,-0.1365091412072224,0.1893569737764654,0.2557782549745728,0.3715724127386971,-0.6435822975543765,-0.6691306063588582,0.408771268497978,-0.5337011202175609,0.7403169350548957,0.149896229,5e-10
edge,B,10,2000,132,300,175,330,0.5,-0.5,0.5,1,-1.1,0.84375,0.8715724127386971,-1.143582297554377,-0.1691306063588582,0.2557782549745659,0.1045548017401525,-0.1365091412072187,0.1893569737764602,0.2557782549745659,0.3715724127386971,-0.6435822975543765,-0.6691306063588582,0.408771268497978,-0.5337011202175609,0.7403169350548957,0.149896229,5e-10
edge,off_axis,10,2000,132,300,175,330,0.5,-0.5,0.5,1,-1.1,0.84375,0.37,-0.41,0.73,9.960234661324421,4.071457757047112,-5.315788396378622,7.373730396899233,9.960234661324421,0.3715724127386971,-0.6435822975543765,-0.6691306063588582,0.408771268497978,-0.5337011202175609,0.7403169350548957,0.149896229,5e-10
edge,slice,10,2000,132,300,175,330,0.5,-0.5,0.5,1,-1.1,0.84375,-0.4,0.6,-1.1,-1.513559912946971,-0.6186998055630226,0.8077886210561925,-1.120514035774856,1.513559912946971,0.3715724127386971,-0.6435822975543765,-0.6691306063588582,0.408771268497978,-0.5337011202175609,0.7403169350548957,0.149896229,5e-10
edge,A,10,2000,132,300,175,330,0.5,-0.5,0.5,1,-1.1,0.875,0.5,-0.5,0.5,2.20112849829459,0.8997580883749291,-1.17474474528262,1.629532703519436,2.20112849829459,0.3715724127386971,-0.6435822975543765,-0.6691306063588582,0.408771268497978,-0.5337011202175609,0.7403169350548957,0.149896229,5e-10
edge,B,10,2000,132,300,175,330,0.5,-0.5,0.5,1,-1.1,0.875,0.8715724127386971,-1.143582297554377,-0.1691306063588582,2.201128498294583,0.8997580883749262,-1.174744745282617,1.629532703519431,2.201128498294583,0.3715724127386971,-0.6435822975543765,-0.6691306063588582,0.408771268497978,-0.5337011202175609,0.7403169350548957,0.149896229,5e-10
edge,off_axis,10,2000,132,300,175,330,0.5,-0.5,0.5,1,-1.1,0.875,0.37,-0.41,0.73,9.595043093928194,3.922177936797791,-5.120885247765249,7.103372895016564,9.595043093928194,0.3715724127386971,-0.6435822975543765,-0.6691306063588582,0.408771268497978,-0.5337011202175609,0.7403169350548957,0.149896229,5e-10
edge,slice,10,2000,132,300,175,330,0.5,-0.5,0.5,1,-1.1,0.875,-0.4,0.6,-1.1,0.4439502026841673,0.1814740875011415,-0.2369367204933533,0.3286638533681425,0.4439502026841673,0.3715724127386971,-0.6435822975543765,-0.6691306063588582,0.408771268497978,-0.5337011202175609,0.7403169350548957,0.149896229,5e-10
edge,A,10,2000,132,300,175,330,0.5,-0.5,0.5,1,-1.1,0.90625,0.5,-0.5,0.5,4.061890607832229,1.660384176263603,-2.16783556760125,3.007086405318623,4.061890607832229,0.3715724127386971,-0.6435822975543765,-0.6691306063588582,0.408771268497978,-0.5337011202175609,0.7403169350548957,0.149896229,5e-10
edge,B,10,2000,132,300,175,330,0.5,-0.5,0.5,1,-1.1,0.90625,0.8715724127386971,-1.143582297554377,-0.1691306063588582,4.061890607832223,1.660384176263601,-2.167835567601247,3.007086405318618,4.061890607832223,0.3715724127386971,-0.6435822975543765,-0.6691306063588582,0.408771268497978,-0.5337011202175609,0.7403169350548957,0.149896229,5e-10
edge,off_axis,10,2000,132,300,175,330,0.5,-0.5,0.5,1,-1.1,0.90625,0.37,-0.41,0.73,8.861119401394465,3.622171018020059,-4.729189350905789,6.560036756395823,8.861119401394465,0.3715724127386971,-0.6435822975543765,-0.6691306063588582,0.408771268497978,-0.5337011202175609,0.7403169350548957,0.149896229,5e-10
edge,slice,10,2000,132,300,175,330,0.5,-0.5,0.5,1,-1.1,0.90625,-0.4,0.6,-1.1,2.384399560996295,0.9746740331544775,-1.272556716749983,1.765211374943016,2.384399560996295,0.3715724127386971,-0.6435822975543765,-0.6691306063588582,0.408771268497978,-0.5337011202175609,0.7403169350548957,0.149896229,5e-10
edge,A,10,2000,132,300,175,330,0.5,-0.5,0.5,1,-1.1,0.9375,0.5,-0.5,0.5,5.766556539245372,2.357202631412641,-3.077617684793156,4.269079462954901,5.766556539245372,0.3715724127386971,-0.6435822975543765,-0.6691306063588582,0.408771268497978,-0.5337011202175609,0.7403169350548957,0.149896229,5e-10
edge,B,10,2000,132,300,175,330,0.5,-0.5,0.5,1,-1.1,0.9375,0.8715724127386971,-1.143582297554377,-0.1691306063588582,5.766556539245366,2.357202631412639,-3.077617684793153,4.269079462954896,5.766556539245366,0.3715724127386971,-0.6435822975543765,-0.6691306063588582,0.408771268497978,-0.5337011202175609,0.7403169350548957,0.149896229,5e-10
edge,off_axis,10,2000,132,300,175,330,0.5,-0.5,0.5,1,-1.1,0.9375,0.37,-0.41,0.73,7.786667859638154,3.182966098356724,-4.15575335945096,5.764602084137783,7.786667859638154,0.3715724127386971,-0.6435822975543765,-0.6691306063588582,0.408771268497978,-0.5337011202175609,0.7403169350548957,0.149896229,5e-10
edge,slice,10,2000,132,300,175,330,0.5,-0.5,0.5,1,-1.1,0.9375,-0.4,0.6,-1.1,4.233217781366015,1.730417802317182,-2.25927307203994,3.133922813320774,4.233217781366015,0.3715724127386971,-0.6435822975543765,-0.6691306063588582,0.408771268497978,-0.5337011202175609,0.7403169350548957,0.149896229,5e-10
edge,A,10,2000,132,300,175,330,0.5,-0.5,0.5,1,-1.1,0.96875,0.5,-0.5,0.5,7.24961693677748,2.963435111370956,-3.869128680306344,5.367014190957166,7.24961693677748,0.3715724127386971,-0.6435822975543765,-0.6691306063588582,0.408771268497978,-0.5337011202175609,0.7403169350548957,0.149896229,5e-10
edge,B,10,2000,132,300,175,330,0.5,-0.5,0.5,1,-1.1,0.96875,0.8715724127386971,-1.143582297554377,-0.1691306063588582,7.249616936777476,2.963435111370954,-3.869128680306341,5.367014190957162,7.249616936777476,0.3715724127386971,-0.6435822975543765,-0.6691306063588582,0.408771268497978,-0.5337011202175609,0.7403169350548957,0.149896229,5e-10
edge,off_axis,10,2000,132,300,175,330,0.5,-0.5,0.5,1,-1.1,0.96875,0.37,-0.41,0.73,6.412979038849597,2.621441576561494,-3.422614096965767,4.747636986612425,6.412979038849597,0.3715724127386971,-0.6435822975543765,-0.6691306063588582,0.408771268497978,-0.5337011202175609,0.7403169350548957,0.149896229,5e-10
edge,slice,10,2000,132,300,175,330,0.5,-0.5,0.5,1,-1.1,0.96875,-0.4,0.6,-1.1,5.91935581641372,2.419662585766321,-3.159166830186337,4.382199355506775,5.91935581641372,0.3715724127386971,-0.6435822975543765,-0.6691306063588582,0.408771268497978,-0.5337011202175609,0.7403169350548957,0.149896229,5e-10
edge,A,10,2000,132,300,175,330,0.5,-0.5,0.5,1,-1.1,1,0.5,-0.5,0.5,8.454078621061246,3.455784441912842,-4.511951230467719,6.258697573457181,8.454078621061246,0.3715724127386971,-0.6435822975543765,-0.6691306063588582,0.408771268497978,-0.5337011202175609,0.7403169350548957,0.149896229,5e-10
edge,B,10,2000,132,300,175,330,0.5,-0.5,0.5,1,-1.1,1,0.8715724127386971,-1.143582297554377,-0.1691306063588582,8.454078621061242,3.455784441912841,-4.511951230467718,6.258697573457178,8.454078621061242,0.3715724127386971,-0.6435822975543765,-0.6691306063588582,0.408771268497978,-0.5337011202175609,0.7403169350548957,0.149896229,5e-10
edge,off_axis,10,2000,132,300,175,330,0.5,-0.5,0.5,1,-1.1,1,0.37,-0.41,0.73,4.792843030038129,1.959176525100379,-2.557945694158278,3.548222862197047,4.792843030038129,0.3715724127386971,-0.6435822975543765,-0.6691306063588582,0.408771268497978,-0.5337011202175609,0.7403169350548957,0.149896229,5e-10
edge,slice,10,2000,132,300,175,330,0.5,-0.5,0.5,1,-1.1,1,-0.4,0.6,-1.1,7.378016327049632,3.015921093006871,-3.937655578729843,5.462070434026363,7.378016327049632,0.3715724127386971,-0.6435822975543765,-0.6691306063588582,0.408771268497978,-0.5337011202175609,0.7403169350548957,0.149896229,5e-10
edge,A,10,2000,132,300,175,330,0.5,-0.5,0.5,1,-1.1,1.03125,0.5,-0.5,0.5,9.33365480503954,3.81532991437826,-4.981382025173622,6.909862718127273,9.33365480503954,0.3715724127386971,-0.6435822975543765,-0.6691306063588582,0.408771268497978,-0.5337011202175609,0.7403169350548957,0.149896229,5e-10
edge,B,10,2000,132,300,175,330,0.5,-0.5,0.5,1,-1.1,1.03125,0.8715724127386971,-1.143582297554377,-0.1691306063588582,9.333654805039536,3.815329914378259,-4.98138202517362,6.90986271812727,9.333654805039536,0.3715724127386971,-0.6435822975543765,-0.6691306063588582,0.408771268497978,-0.5337011202175609,0.7403169350548957,0.149896229,5e-10
edge,off_axis,10,2000,132,300,175,330,0.5,-0.5,0.5,1,-1.1,1.03125,0.37,-0.41,0.73,2.988520751439633,1.221621418498509,-1.594976872836759,2.212452523053742,2.988520751439633,0.3715724127386971,-0.6435822975543765,-0.6691306063588582,0.408771268497978,-0.5337011202175609,0.7403169350548957,0.149896229,5e-10
edge,slice,10,2000,132,300,175,330,0.5,-0.5,0.5,1,-1.1,1.03125,-0.4,0.6,-1.1,8.553143807876253,3.496279443991202,-4.56482243164545,6.332037208930708,8.553143807876253,0.3715724127386971,-0.6435822975543765,-0.6691306063588582,0.408771268497978,-0.5337011202175609,0.7403169350548957,0.149896229,5e-10
edge,A,10,2000,132,300,175,330,0.5,-0.5,0.5,1,-1.1,1.0625,0.5,-0.5,0.5,9.854543869234083,4.028254397895789,-5.259381102243327,7.295485713635389,9.854543869234083,0.3715724127386971,-0.6435822975543765,-0.6691306063588582,0.408771268497978,-0.5337011202175609,0.7403169350548957,0.149896229,5e-10
edge,B,10,2000,132,300,175,330,0.5,-0.5,0.5,1,-1.1,1.0625,0.8715724127386971,-1.143582297554377,-0.1691306063588582,9.854543869234082,4.028254397895788,-5.259381102243326,7.295485713635388,9.854543869234082,0.3715724127386971,-0.6435822975543765,-0.6691306063588582,0.408771268497978,-0.5337011202175609,0.7403169350548957,0.149896229,5e-10
edge,off_axis,10,2000,132,300,175,330,0.5,-0.5,0.5,1,-1.1,1.0625,0.37,-0.41,0.73,1.069351296345057,0.4371200858769262,-0.5707139847654579,0.7916588742071522,1.069351296345057,0.3715724127386971,-0.6435822975543765,-0.6691306063588582,0.408771268497978,-0.5337011202175609,0.7403169350548957,0.149896229,5e-10
edge,slice,10,2000,132,300,175,330,0.5,-0.5,0.5,1,-1.1,1.0625,-0.4,0.6,-1.1,9.399578768824497,3.842277736679052,-5.016565718494836,6.958667344943222,9.399578768824497,0.3715724127386971,-0.6435822975543765,-0.6691306063588582,0.408771268497978,-0.5337011202175609,0.7403169350548957,0.149896229,5e-10
edge,A,10,2000,132,300,175,330,0.5,-0.5,0.5,1,-1.1,1.09375,0.5,-0.5,0.5,9.996728339025832,4.086375323973274,-5.335265113048724,7.400747284524023,9.996728339025832,0.3715724127386971,-0.6435822975543765,-0.6691306063588582,0.408771268497978,-0.5337011202175609,0.7403169350548957,0.149896229,5e-10
edge,B,10,2000,132,300,175,330,0.5,-0.5,0.5,1,-1.1,1.09375,0.8715724127386971,-1.143582297554377,-0.1691306063588582,9.996728339025832,4.086375323973274,-5.335265113048724,7.400747284524023,9.996728339025832,0.3715724127386971,-0.6435822975543765,-0.6691306063588582,0.408771268497978,-0.5337011202175609,0.7403169350548957,0.149896229,5e-10
edge,off_axis,10,2000,132,300,175,330,0.5,-0.5,0.5,1,-1.1,1.09375,0.37,-0.41,0.73,-0.8909127293689433,-0.3641795265051387,0.4754811216802897,-0.6595577812078078,0.8909127293689433,0.3715724127386971,-0.6435822975543765,-0.6691306063588582,0.408771268497978,-0.5337011202175609,0.7403169350548957,0.149896229,5e-10
edge,slice,10,2000,132,300,175,330,0.5,-0.5,0.5,1,-1.1,1.09375,-0.4,0.6,-1.1,9.884793189031319,4.040619450720506,-5.275525198104931,7.317879797355174,9.884793189031319,0.3715724127386971,-0.6435822975543765,-0.6691306063588582,0.408771268497978,-0.5337011202175609,0.7403169350548957,0.149896229,5e-10
edge,A,10,2000,132,300,175,330,0.5,-0.5,0.5,1,-1.1,1.125,0.5,-0.5,0.5,9.754744144978657,3.987459138016149,-5.206117877610803,7.221602287655289,9.754744144978657,0.3715724127386971,-0.6435822975543765,-0.6691306063588582,0.408771268497978,-0.5337011202175609,0.7403169350548957,0.149896229,5e-10
edge,B,10,2000,132,300,175,330,0.5,-0.5,0.5,1,-1.1,1.125,0.8715724127386971,-1.143582297554377,-0.1691306063588582,9.754744144978657,3.987459138016149,-5.206117877610803,7.221602287655289,9.754744144978657,0.3715724127386971,-0.6435822975543765,-0.6691306063588582,0.408771268497978,-0.5337011202175609,0.7403169350548957,0.149896229,5e-10
edge,off_axis,10,2000,132,300,175,330,0.5,-0.5,0.5,1,-1.1,1.125,0.37,-0.41,0.73,-2.81693947852291,-1.151483923917842,1.503403755272749,-2.085428000975217,2.81693947852291,0.3715724127386971,-0.6435822975543765,-0.6691306063588582,0.408771268497978,-0.5337011202175609,0.7403169350548957,0.149896229,5e-10
edge,slice,10,2000,132,300,175,330,0.5,-0.5,0.5,1,-1.1,1.125,-0.4,0.6,-1.1,9.990140550439552,4.083682425276264,-5.331749202900469,7.395870233069038,9.990140550439552,0.3715724127386971,-0.6435822975543765,-0.6691306063588582,0.408771268497978,-0.5337011202175609,0.7403169350548957,0.149896229,5e-10
edge,A,10,2000,132,300,175,330,0.5,-0.5,0.5,1,-1.1,1.15625,0.5,-0.5,0.5,9.137890603963495,3.735307133577912,-4.876902451760841,6.764935164793184,9.137890603963495,0.3715724127386971,-0.6435822975543765,-0.6691306063588582,0.408771268497978,-0.5337011202175609,0.7403169350548957,0.149896229,5e-10
edge,B,10,2000,132,300,175,330,0.5,-0.5,0.5,1,-1.1,1.15625,0.8715724127386971,-1.143582297554377,-0.1691306063588582,9.137890603963495,3.735307133577912,-4.876902451760841,6.764935164793184,9.137890603963495,0.3715724127386971,-0.6435822975543765,-0.6691306063588582,0.408771268497978,-0.5337011202175609,0.7403169350548957,0.149896229,5e-10
edge,off_axis,10,2000,132,300,175,330,0.5,-0.5,0.5,1,-1.1,1.15625,0.37,-0.41,0.73,-4.6347128232751,-1.894537439894008,2.473551425668615,-3.431156392186645,4.6347128232751,0.3715724127386971,-0.6435822975543765,-0.6691306063588582,0.408771268497978,-0.5337011202175609,0.7403169350548957,0.149896229,5e-10
edge,slice,10,2000,132,300,175,330,0.5,-0.5,0.5,1,-1.1,1.15625,-0.4,0.6,-1.1,9.71157241302976,3.969811774384144,-5.183077075907944,7.18964152337787,9.71157241302976,0.3715724127386971,-0.6435822975543765,-0.6691306063588582,0.408771268497978,-0.5337011202175609,0.7403169350548957,0.149896229,5e-10
edge,A,10,2000,132,300,175,330,0.5,-0.5,0.5,1,-1.1,1.1875,0.5,-0.5,0.5,8.169873051626105,3.33960937078065,-4.360270399688115,6.048295377367426,8.169873051626105,0.3715724127386971,-0.6435822975543765,-0.6691306063588582,0.408771268497978,-0.5337011202175609,0.7403169350548957,0.149896229,5e-10
edge,B,10,2000,132,300,175,330,0.5,-0.5,0.5,1,-1.1,1.1875,0.8715724127386971,-1.143582297554377,-0.1691306063588582,8.169873051626105,3.33960937078065,-4.360270399688115,6.048295377367426,8.169873051626105,0.3715724127386971,-0.6435822975543765,-0.6691306063588582,0.408771268497978,-0.5337011202175609,0.7403169350548957,0.149896229,5e-10
edge,off_axis,10,2000,132,300,175,330,0.5,-0.5,0.5,1,-1.1,1.1875,0.37,-0.41,0.73,-6.274376753405725,-2.564784944523883,3.348641901959658,-4.645027367461013,6.274376753405725,0.3715724127386971,-0.6435822975543765,-0.6691306063588582,0.408771268497978,-0.5337011202175609,0.7403169350548957,0.149896229,5e-10
edge,slice,10,2000,132,300,175,330,0.5,-0.5,0.5,1,-1.1,1.1875,-0.4,0.6,-1.1,9.059793994099788,3.703383483298533,-4.835222203591387,6.707118921940707,9.059793994099788,0.3715724127386971,-0.6435822975543765,-0.6691306063588582,0.408771268497978,-0.5337011202175609,0.7403169350548957,0.149896229,5e-10
edge,A,10,2000,132,300,175,330,0.5,-0.5,0.5,1,-1.1,1.21875,0.5,-0.5,0.5,6.887891859632315,2.815572292738798,-3.676075601423185,5.099222990512562,6.887891859632315,0.3715724127386971,-0.6435822975543765,-0.6691306063588582,0.408771268497978,-0.5337011202175609,0.7403169350548957,0.149896229,5e-10
edge,B,10,2000,132,300,175,330,0.5,-0.5,0.5,1,-1.1,1.21875,0.8715724127386971,-1.143582297554377,-0.1691306063588582,6.887891859632315,2.815572292738798,-3.676075601423185,5.099222990512562,6.887891859632315,0.3715724127386971,-0.6435822975543765,-0.6691306063588582,0.408771268497978,-0.5337011202175609,0.7403169350548957,0.149896229,5e-10
edge,off_axis,10,2000,132,300,175,330,0.5,-0.5,0.5,1,-1.1,1.21875,0.37,-0.41,0.73,-7.672919903613988,-3.136469202083673,4.095045947898405,-5.680392545965214,7.672919903613988,0.3715724127386971,-0.6435822975543765,-0.6691306063588582,0.408771268497978,-0.5337011202175609,0.7403169350548957,0.149896229,5e-10
edge,slice,10,2000,132,300,175,330,0.5,-0.5,0.5,1,-1.1,1.21875,-0.4,0.6,-1.1,8.059852772767572,3.294636241831146,-4.301552453614668,5.966845501728992,8.059852772767572,0.3715724127386971,-0.6435822975543765,-0.6691306063588582,0.408771268497978,-0.5337011202175609,0.7403169350548957,0.149896229,5e-10
edge,A,10,2000,132,300,175,330,0.5,-0.5,0.5,1,-1.1,1.25,0.5,-0.5,0.5,5.341212846247113,2.183334350478128,-2.850611279362511,3.954190323809498,5.341212846247113,0.3715724127386971,-0.6435822975543765,-0.6691306063588582,0.408771268497978,-0.5337011202175609,0.7403169350548957,0.149896229,5e-10
edge,B,10,2000,132,300,175,330,0.5,-0.5,0.5,1,-1.1,1.25,0.8715724127386971,-1.143582297554377,-0.1691306063588582,5.341212846247113,2.183334350478128,-2.850611279362511,3.954190323809498,5.341212846247113,0.3715724127386971,-0.6435822975543765,-0.6691306063588582,0.408771268497978,-0.5337011202175609,0.7403169350548957,0.149896229,5e-10
edge,off_axis,10,2000,132,300,175,330,0.5,-0.5,0.5,1,-1.1,1.25,0.37,-0.41,0.73,-8.776597044949423,-3.587620707159581,4.684079674587641,-6.497463424528811,8.776597044949423,0.3715724127386971,-0.6435822975543765,-0.6691306063588582,0.408771268497978,-0.5337011202175609,0.7403169350548957,0.149896229,5e-10
edge,slice,10,2000,132,300,175,330,0.5,-0.5,0.5,1,-1.1,1.25,-0.4,0.6,-1.1,6.750175929395405,2.759277977243477,-3.602576455183943,4.997269555131338,6.750175929395405,0.3715724127386971,-0.6435822975543765,-0.6691306063588582,0.408771268497978,-0.5337011202175609,0.7403169350548957,0.149896229,5e-10
edge,A,10,2000,132,300,175,330,0.5,-0.5,0.5,1,-1.1,1.28125,0.5,-0.5,0.5,3.589274018567307,1.467192093556593,-1.915599564477158,2.657200340497918,3.589274018567307,0.3715724127386971,-0.6435822975543765,-0.6691306063588582,0.408771268497978,-0.5337011202175609,0.7403169350548957,0.149896229,5e-10
edge,B,10,2000,132,300,175,330,0.5,-0.5,0.5,1,-1.1,1.28125,0.8715724127386971,-1.143582297554377,-0.1691306063588582,3.589274018567307,1.467192093556593,-1.915599564477158,2.657200340497918,3.589274018567307,0.3715724127386971,-0.6435822975543765,-0.6691306063588582,0.408771268497978,-0.5337011202175609,0.7403169350548957,0.149896229,5e-10
edge,off_axis,10,2000,132,300,175,330,0.5,-0.5,0.5,1,-1.1,1.28125,0.37,-0.41,0.73,-9.542994483819777,-3.900901960420217,5.093106846244619,-7.064840427507234,9.542994483819777,0.3715724127386971,-0.6435822975543765,-0.6691306063588582,0.408771268497978,-0.5337011202175609,0.7403169350548957,0.149896229,5e-10
edge,slice,10,2000,132,300,175,330,0.5,-0.5,0.5,1,-1.1,1.28125,-0.4,0.6,-1.1,5.181093610598845,2.117882207411259,-2.765155463928651,3.83565134203104,5.181093610598845,0.3715724127386971,-0.6435822975543765,-0.6691306063588582,0.408771268497978,-0.5337011202175609,0.7403169350548957,0.149896229,5e-10
edge,A,10,2000,132,300,175,330,0.5,-0.5,0.5,1,-1.1,1.3125,0.5,-0.5,0.5,1.699401403242019,0.694666467290484,-0.9069724326095605,1.25809563827612,1.699401403242019,0.3715724127386971,-0.6435822975543765,-0.6691306063588582,0.408771268497978,-0.5337011202175609,0.7403169350548957,0.149896229,5e-10
edge,B,10,2000,132,300,175,330,0.5,-0.5,0.5,1,-1.1,1.3125,0.8715724127386971,-1.143582297554377,-0.1691306063588582,1.699401403242019,0.694666467290484,-0.9069724326095605,1.25809563827612,1.699401403242019,0.3715724127386971,-0.6435822975543765,-0.6691306063588582,0.408771268497978,-0.5337011202175609,0.7403169350548957,0.149896229,5e-10
edge,off_axis,10,2000,132,300,175,330,0.5,-0.5,0.5,1,-1.1,1.3125,0.37,-0.41,0.73,-9.942659996449901,-4.064273738992927,5.306408778047643,-7.360719574864711,9.942659996449901,0.3715724127386971,-0.6435822975543765,-0.6691306063588582,0.408771268497978,-0.5337011202175609,0.7403169350548957,0.149896229,5e-10
edge,slice,10,2000,132,300,175,330,0.5,-0.5,0.5,1,-1.1,1.3125,-0.4,0.6,-1.1,3.412904769937742,1.395097412070251,-1.82147109891163,2.526631198914543,3.412904769937742,0.3715724127386971,-0.6435822975543765,-0.6691306063588582,0.408771268497978,-0.5337011202175609,0.7403169350548957,0.149896229,5e-10
edge,A,10,2000,132,300,175,330,0.5,-0.5,0.5,1,-1.1,1.34375,0.5,-0.5,0.5,-0.2557782549745728,-0.1045548017401554,0.1365091412072224,-0.1893569737764654,0.2557782549745728,0.3715724127386971,-0.6435822975543765,-0.6691306063588582,0.408771268497978,-0.5337011202175609,0.7403169350548957,0.149896229,5e-10
edge,B,10,2000,132,300,175,330,0.5,-0.5,0.5,1,-1.1,1.34375,0.8715724127386971,-1.143582297554377,-0.1691306063588582,-0.2557782549745728,-0.1045548017401554,0.1365091412072224,-0.1893569737764654,0.2557782549745728,0.3715724127386971,-0.6435822975543765,-0.6691306063588582,0.408771268497978,-0.5337011202175609,0.7403169350548957,0.149896229,5e-10
edge,off_axis,10,2000,132,300,175,330,0.5,-0.5,0.5,1,-1.1,1.34375,0.37,-0.41,0.73,-9.960234661324419,-4.071457757047111,5.315788396378621,-7.373730396899231,9.960234661324419,0.3715724127386971,-0.6435822975543765,-0.6691306063588582,0.408771268497978,-0.5337011202175609,0.7403169350548957,0.149896229,5e-10
edge,slice,10,2000,132,300,175,330,0.5,-0.5,0.5,1,-1.1,1.34375,-0.4,0.6,-1.1,1.513559912946978,0.6186998055630254,-0.8077886210561962,1.120514035774862,1.513559912946978,0.3715724127386971,-0.6435822975543765,-0.6691306063588582,0.408771268497978,-0.5337011202175609,0.7403169350548957,0.149896229,5e-10
edge,A,10,2000,132,300,175,330,0.5,-0.5,0.5,1,-1.1,1.375,0.5,-0.5,0.5,-2.20112849829459,-0.8997580883749291,1.17474474528262,-1.629532703519436,2.20112849829459,0.3715724127386971,-0.6435822975543765,-0.6691306063588582,0.408771268497978,-0.5337011202175609,0.7403169350548957,0.149896229,5e-10
edge,B,10,2000,132,300,175,330,0.5,-0.5,0.5,1,-1.1,1.375,0.8715724127386971,-1.143582297554377,-0.1691306063588582,-2.20112849829459,-0.8997580883749291,1.17474474528262,-1.629532703519436,2.20112849829459,0.3715724127386971,-0.6435822975543765,-0.6691306063588582,0.408771268497978,-0.5337011202175609,0.7403169350548957,0.149896229,5e-10
edge,off_axis,10,2000,132,300,175,330,0.5,-0.5,0.5,1,-1.1,1.375,0.37,-0.41,0.73,-9.595043093928192,-3.92217793679779,5.120885247765247,-7.103372895016562,9.595043093928192,0.3715724127386971,-0.6435822975543765,-0.6691306063588582,0.408771268497978,-0.5337011202175609,0.7403169350548957,0.149896229,5e-10
edge,slice,10,2000,132,300,175,330,0.5,-0.5,0.5,1,-1.1,1.375,-0.4,0.6,-1.1,-0.4439502026841604,-0.1814740875011387,0.2369367204933496,-0.3286638533681374,0.4439502026841604,0.3715724127386971,-0.6435822975543765,-0.6691306063588582,0.408771268497978,-0.5337011202175609,0.7403169350548957,0.149896229,5e-10
edge,A,10,2000,132,300,175,330,0.5,-0.5,0.5,1,-1.1,1.40625,0.5,-0.5,0.5,-4.061890607832229,-1.660384176263603,2.16783556760125,-3.007086405318623,4.061890607832229,0.3715724127386971,-0.6435822975543765,-0.6691306063588582,0.408771268497978,-0.5337011202175609,0.7403169350548957,0.149896229,5e-10
edge,B,10,2000,132,300,175,330,0.5,-0.5,0.5,1,-1.1,1.40625,0.8715724127386971,-1.143582297554377,-0.1691306063588582,-4.061890607832229,-1.660384176263603,2.16783556760125,-3.007086405318623,4.061890607832229,0.3715724127386971,-0.6435822975543765,-0.6691306063588582,0.408771268497978,-0.5337011202175609,0.7403169350548957,0.149896229,5e-10
edge,off_axis,10,2000,132,300,175,330,0.5,-0.5,0.5,1,-1.1,1.40625,0.37,-0.41,0.73,-8.861119401394461,-3.622171018020058,4.729189350905786,-6.56003675639582,8.861119401394461,0.3715724127386971,-0.6435822975543765,-0.6691306063588582,0.408771268497978,-0.5337011202175609,0.7403169350548957,0.149896229,5e-10
edge,slice,10,2000,132,300,175,330,0.5,-0.5,0.5,1,-1.1,1.40625,-0.4,0.6,-1.1,-2.384399560996288,-0.9746740331544747,1.272556716749979,-1.765211374943011,2.384399560996288,0.3715724127386971,-0.6435822975543765,-0.6691306063588582,0.408771268497978,-0.5337011202175609,0.7403169350548957,0.149896229,5e-10
edge,A,10,2000,132,300,175,330,0.5,-0.5,0.5,1,-1.1,1.4375,0.5,-0.5,0.5,-5.766556539245372,-2.357202631412641,3.077617684793156,-4.269079462954901,5.766556539245372,0.3715724127386971,-0.6435822975543765,-0.6691306063588582,0.408771268497978,-0.5337011202175609,0.7403169350548957,0.149896229,5e-10
edge,B,10,2000,132,300,175,330,0.5,-0.5,0.5,1,-1.1,1.4375,0.8715724127386971,-1.143582297554377,-0.1691306063588582,-5.766556539245372,-2.357202631412641,3.077617684793156,-4.269079462954901,5.766556539245372,0.3715724127386971,-0.6435822975543765,-0.6691306063588582,0.408771268497978,-0.5337011202175609,0.7403169350548957,0.149896229,5e-10
edge,off_axis,10,2000,132,300,175,330,0.5,-0.5,0.5,1,-1.1,1.4375,0.37,-0.41,0.73,-7.786667859638154,-3.182966098356724,4.15575335945096,-5.764602084137783,7.786667859638154,0.3715724127386971,-0.6435822975543765,-0.6691306063588582,0.408771268497978,-0.5337011202175609,0.7403169350548957,0.149896229,5e-10
edge,slice,10,2000,132,300,175,330,0.5,-0.5,0.5,1,-1.1,1.4375,-0.4,0.6,-1.1,-4.233217781366008,-1.730417802317179,2.259273072039936,-3.133922813320769,4.233217781366008,0.3715724127386971,-0.6435822975543765,-0.6691306063588582,0.408771268497978,-0.5337011202175609,0.7403169350548957,0.149896229,5e-10
edge,A,10,2000,132,300,175,330,0.5,-0.5,0.5,1,-1.1,1.46875,0.5,-0.5,0.5,-7.24961693677748,-2.963435111370956,3.869128680306344,-5.367014190957166,7.24961693677748,0.3715724127386971,-0.6435822975543765,-0.6691306063588582,0.408771268497978,-0.5337011202175609,0.7403169350548957,0.149896229,5e-10
edge,B,10,2000,132,300,175,330,0.5,-0.5,0.5,1,-1.1,1.46875,0.8715724127386971,-1.143582297554377,-0.1691306063588582,-7.24961693677748,-2.963435111370956,3.869128680306344,-5.367014190957166,7.24961693677748,0.3715724127386971,-0.6435822975543765,-0.6691306063588582,0.408771268497978,-0.5337011202175609,0.7403169350548957,0.149896229,5e-10
edge,off_axis,10,2000,132,300,175,330,0.5,-0.5,0.5,1,-1.1,1.46875,0.37,-0.41,0.73,-6.412979038849597,-2.621441576561494,3.422614096965767,-4.747636986612425,6.412979038849597,0.3715724127386971,-0.6435822975543765,-0.6691306063588582,0.408771268497978,-0.5337011202175609,0.7403169350548957,0.149896229,5e-10
edge,slice,10,2000,132,300,175,330,0.5,-0.5,0.5,1,-1.1,1.46875,-0.4,0.6,-1.1,-5.919355816413715,-2.419662585766318,3.159166830186334,-4.382199355506772,5.919355816413715,0.3715724127386971,-0.6435822975543765,-0.6691306063588582,0.408771268497978,-0.5337011202175609,0.7403169350548957,0.149896229,5e-10
edge,A,10,2000,132,300,175,330,0.5,-0.5,0.5,1,-1.1,1.5,0.5,-0.5,0.5,-8.454078621061246,-3.455784441912842,4.511951230467719,-6.258697573457181,8.454078621061246,0.3715724127386971,-0.6435822975543765,-0.6691306063588582,0.408771268497978,-0.5337011202175609,0.7403169350548957,0.149896229,5e-10
edge,B,10,2000,132,300,175,330,0.5,-0.5,0.5,1,-1.1,1.5,0.8715724127386971,-1.143582297554377,-0.1691306063588582,-8.454078621061246,-3.455784441912842,4.511951230467719,-6.258697573457181,8.454078621061246,0.3715724127386971,-0.6435822975543765,-0.6691306063588582,0.408771268497978,-0.5337011202175609,0.7403169350548957,0.149896229,5e-10
edge,off_axis,10,2000,132,300,175,330,0.5,-0.5,0.5,1,-1.1,1.5,0.37,-0.41,0.73,-4.792843030038129,-1.959176525100379,2.557945694158278,-3.548222862197047,4.792843030038129,0.3715724127386971,-0.6435822975543765,-0.6691306063588582,0.408771268497978,-0.5337011202175609,0.7403169350548957,0.149896229,5e-10
edge,slice,10,2000,132,300,175,330,0.5,-0.5,0.5,1,-1.1,1.5,-0.4,0.6,-1.1,-7.378016327049628,-3.015921093006869,3.93765557872984,-5.46207043402636,7.378016327049628,0.3715724127386971,-0.6435822975543765,-0.6691306063588582,0.408771268497978,-0.5337011202175609,0.7403169350548957,0.149896229,5e-10
edge,A,10,2000,132,300,175,330,0.5,-0.5,0.5,1,-1.1,1.53125,0.5,-0.5,0.5,-9.33365480503954,-3.81532991437826,4.981382025173622,-6.909862718127273,9.33365480503954,0.3715724127386971,-0.6435822975543765,-0.6691306063588582,0.408771268497978,-0.5337011202175609,0.7403169350548957,0.149896229,5e-10
edge,B,10,2000,132,300,175,330,0.5,-0.5,0.5,1,-1.1,1.53125,0.8715724127386971,-1.143582297554377,-0.1691306063588582,-9.33365480503954,-3.81532991437826,4.981382025173622,-6.909862718127273,9.33365480503954,0.3715724127386971,-0.6435822975543765,-0.6691306063588582,0.408771268497978,-0.5337011202175609,0.7403169350548957,0.149896229,5e-10
edge,off_axis,10,2000,132,300,175,330,0.5,-0.5,0.5,1,-1.1,1.53125,0.37,-0.41,0.73,-2.988520751439633,-1.221621418498509,1.594976872836759,-2.212452523053742,2.988520751439633,0.3715724127386971,-0.6435822975543765,-0.6691306063588582,0.408771268497978,-0.5337011202175609,0.7403169350548957,0.149896229,5e-10
edge,slice,10,2000,132,300,175,330,0.5,-0.5,0.5,1,-1.1,1.53125,-0.4,0.6,-1.1,-8.55314380787625,-3.496279443991201,4.564822431645449,-6.332037208930705,8.55314380787625,0.3715724127386971,-0.6435822975543765,-0.6691306063588582,0.408771268497978,-0.5337011202175609,0.7403169350548957,0.149896229,5e-10
edge,A,10,2000,132,300,175,330,0.5,-0.5,0.5,1,-1.1,1.5625,0.5,-0.5,0.5,-9.854543869234083,-4.028254397895789,5.259381102243327,-7.295485713635389,9.854543869234083,0.3715724127386971,-0.6435822975543765,-0.6691306063588582,0.408771268497978,-0.5337011202175609,0.7403169350548957,0.149896229,5e-10
edge,B,10,2000,132,300,175,330,0.5,-0.5,0.5,1,-1.1,1.5625,0.8715724127386971,-1.143582297554377,-0.1691306063588582,-9.854543869234083,-4.028254397895789,5.259381102243327,-7.295485713635389,9.854543869234083,0.3715724127386971,-0.6435822975543765,-0.6691306063588582,0.408771268497978,-0.5337011202175609,0.7403169350548957,0.149896229,5e-10
edge,off_axis,10,2000,132,300,175,330,0.5,-0.5,0.5,1,-1.1,1.5625,0.37,-0.41,0.73,-1.069351296345057,-0.4371200858769262,0.5707139847654579,-0.7916588742071522,1.069351296345057,0.3715724127386971,-0.6435822975543765,-0.6691306063588582,0.408771268497978,-0.5337011202175609,0.7403169350548957,0.149896229,5e-10
edge,slice,10,2000,132,300,175,330,0.5,-0.5,0.5,1,-1.1,1.5625,-0.4,0.6,-1.1,-9.399578768824494,-3.842277736679051,5.016565718494834,-6.958667344943219,9.399578768824494,0.3715724127386971,-0.6435822975543765,-0.6691306063588582,0.408771268497978,-0.5337011202175609,0.7403169350548957,0.149896229,5e-10
edge,A,10,2000,132,300,175,330,0.5,-0.5,0.5,1,-1.1,1.59375,0.5,-0.5,0.5,-9.996728339025832,-4.086375323973274,5.335265113048724,-7.400747284524023,9.996728339025832,0.3715724127386971,-0.6435822975543765,-0.6691306063588582,0.408771268497978,-0.5337011202175609,0.7403169350548957,0.149896229,5e-10
edge,B,10,2000,132,300,175,330,0.5,-0.5,0.5,1,-1.1,1.59375,0.8715724127386971,-1.143582297554377,-0.1691306063588582,-9.996728339025832,-4.086375323973274,5.335265113048724,-7.400747284524023,9.996728339025832,0.3715724127386971,-0.6435822975543765,-0.6691306063588582,0.408771268497978,-0.5337011202175609,0.7403169350548957,0.149896229,5e-10
edge,off_axis,10,2000,132,300,175,330,0.5,-0.5,0.5,1,-1.1,1.59375,0.37,-0.41,0.73,0.8909127293689433,0.3641795265051387,-0.4754811216802897,0.6595577812078078,0.8909127293689433,0.3715724127386971,-0.6435822975543765,-0.6691306063588582,0.408771268497978,-0.5337011202175609,0.7403169350548957,0.149896229,5e-10
edge,slice,10,2000,132,300,175,330,0.5,-0.5,0.5,1,-1.1,1.59375,-0.4,0.6,-1.1,-9.884793189031317,-4.040619450720505,5.27552519810493,-7.317879797355173,9.884793189031317,0.3715724127386971,-0.6435822975543765,-0.6691306063588582,0.408771268497978,-0.5337011202175609,0.7403169350548957,0.149896229,5e-10
edge,A,10,2000,132,300,175,330,0.5,-0.5,0.5,1,-1.1,1.625,0.5,-0.5,0.5,-9.754744144978657,-3.987459138016149,5.206117877610803,-7.221602287655289,9.754744144978657,0.3715724127386971,-0.6435822975543765,-0.6691306063588582,0.408771268497978,-0.5337011202175609,0.7403169350548957,0.149896229,5e-10
edge,B,10,2000,132,300,175,330,0.5,-0.5,0.5,1,-1.1,1.625,0.8715724127386971,-1.143582297554377,-0.1691306063588582,-9.754744144978657,-3.987459138016149,5.206117877610803,-7.221602287655289,9.754744144978657,0.3715724127386971,-0.6435822975543765,-0.6691306063588582,0.408771268497978,-0.5337011202175609,0.7403169350548957,0.149896229,5e-10
edge,off_axis,10,2000,132,300,175,330,0.5,-0.5,0.5,1,-1.1,1.625,0.37,-0.41,0.73,2.81693947852291,1.151483923917842,-1.503403755272749,2.085428000975217,2.81693947852291,0.3715724127386971,-0.6435822975543765,-0.6691306063588582,0.408771268497978,-0.5337011202175609,0.7403169350548957,0.149896229,5e-10
edge,slice,10,2000,132,300,175,330,0.5,-0.5,0.5,1,-1.1,1.625,-0.4,0.6,-1.1,-9.990140550439552,-4.083682425276264,5.331749202900469,-7.395870233069038,9.990140550439552,0.3715724127386971,-0.6435822975543765,-0.6691306063588582,0.408771268497978,-0.5337011202175609,0.7403169350548957,0.149896229,5e-10
edge,A,10,2000,132,300,175,330,0.5,-0.5,0.5,1,-1.1,1.65625,0.5,-0.5,0.5,-9.137890603963495,-3.735307133577912,4.876902451760841,-6.764935164793184,9.137890603963495,0.3715724127386971,-0.6435822975543765,-0.6691306063588582,0.408771268497978,-0.5337011202175609,0.7403169350548957,0.149896229,5e-10
edge,B,10,2000,132,300,175,330,0.5,-0.5,0.5,1,-1.1,1.65625,0.8715724127386971,-1.143582297554377,-0.1691306063588582,-9.137890603963495,-3.735307133577912,4.876902451760841,-6.764935164793184,9.137890603963495,0.3715724127386971,-0.6435822975543765,-0.6691306063588582,0.408771268497978,-0.5337011202175609,0.7403169350548957,0.149896229,5e-10
edge,off_axis,10,2000,132,300,175,330,0.5,-0.5,0.5,1,-1.1,1.65625,0.37,-0.41,0.73,4.6347128232751,1.894537439894008,-2.473551425668615,3.431156392186645,4.6347128232751,0.3715724127386971,-0.6435822975543765,-0.6691306063588582,0.408771268497978,-0.5337011202175609,0.7403169350548957,0.149896229,5e-10
edge,slice,10,2000,132,300,175,330,0.5,-0.5,0.5,1,-1.1,1.65625,-0.4,0.6,-1.1,-9.711572413029762,-3.969811774384145,5.183077075907945,-7.189641523377871,9.711572413029762,0.3715724127386971,-0.6435822975543765,-0.6691306063588582,0.408771268497978,-0.5337011202175609,0.7403169350548957,0.149896229,5e-10
edge,A,10,2000,132,300,175,330,0.5,-0.5,0.5,1,-1.1,1.6875,0.5,-0.5,0.5,-8.169873051626105,-3.33960937078065,4.360270399688115,-6.048295377367426,8.169873051626105,0.3715724127386971,-0.6435822975543765,-0.6691306063588582,0.408771268497978,-0.5337011202175609,0.7403169350548957,0.149896229,5e-10
edge,B,10,2000,132,300,175,330,0.5,-0.5,0.5,1,-1.1,1.6875,0.8715724127386971,-1.143582297554377,-0.1691306063588582,-8.169873051626105,-3.33960937078065,4.360270399688115,-6.048295377367426,8.169873051626105,0.3715724127386971,-0.6435822975543765,-0.6691306063588582,0.408771268497978,-0.5337011202175609,0.7403169350548957,0.149896229,5e-10
edge,off_axis,10,2000,132,300,175,330,0.5,-0.5,0.5,1,-1.1,1.6875,0.37,-0.41,0.73,6.274376753405725,2.564784944523883,-3.348641901959658,4.645027367461013,6.274376753405725,0.3715724127386971,-0.6435822975543765,-0.6691306063588582,0.408771268497978,-0.5337011202175609,0.7403169350548957,0.149896229,5e-10
edge,slice,10,2000,132,300,175,330,0.5,-0.5,0.5,1,-1.1,1.6875,-0.4,0.6,-1.1,-9.059793994099792,-3.703383483298535,4.835222203591389,-6.70711892194071,9.059793994099792,0.3715724127386971,-0.6435822975543765,-0.6691306063588582,0.408771268497978,-0.5337011202175609,0.7403169350548957,0.149896229,5e-10
edge,A,10,2000,132,300,175,330,0.5,-0.5,0.5,1,-1.1,1.71875,0.5,-0.5,0.5,-6.887891859632315,-2.815572292738798,3.676075601423185,-5.099222990512562,6.887891859632315,0.3715724127386971,-0.6435822975543765,-0.6691306063588582,0.408771268497978,-0.5337011202175609,0.7403169350548957,0.149896229,5e-10
edge,B,10,2000,132,300,175,330,0.5,-0.5,0.5,1,-1.1,1.71875,0.8715724127386971,-1.143582297554377,-0.1691306063588582,-6.887891859632315,-2.815572292738798,3.676075601423185,-5.099222990512562,6.887891859632315,0.3715724127386971,-0.6435822975543765,-0.6691306063588582,0.408771268497978,-0.5337011202175609,0.7403169350548957,0.149896229,5e-10
edge,off_axis,10,2000,132,300,175,330,0.5,-0.5,0.5,1,-1.1,1.71875,0.37,-0.41,0.73,7.672919903613988,3.136469202083673,-4.095045947898405,5.680392545965214,7.672919903613988,0.3715724127386971,-0.6435822975543765,-0.6691306063588582,0.408771268497978,-0.5337011202175609,0.7403169350548957,0.149896229,5e-10
edge,slice,10,2000,132,300,175,330,0.5,-0.5,0.5,1,-1.1,1.71875,-0.4,0.6,-1.1,-8.059852772767572,-3.294636241831146,4.301552453614668,-5.966845501728992,8.059852772767572,0.3715724127386971,-0.6435822975543765,-0.6691306063588582,0.408771268497978,-0.5337011202175609,0.7403169350548957,0.149896229,5e-10
edge,A,10,2000,132,300,175,330,0.5,-0.5,0.5,1,-1.1,1.75,0.5,-0.5,0.5,-5.341212846247113,-2.183334350478128,2.850611279362511,-3.954190323809498,5.341212846247113,0.3715724127386971,-0.6435822975543765,-0.6691306063588582,0.408771268497978,-0.5337011202175609,0.7403169350548957,0.149896229,5e-10
edge,B,10,2000,132,300,175,330,0.5,-0.5,0.5,1,-1.1,1.75,0.8715724127386971,-1.143582297554377,-0.1691306063588582,-5.341212846247113,-2.183334350478128,2.850611279362511,-3.954190323809498,5.341212846247113,0.3715724127386971,-0.6435822975543765,-0.6691306063588582,0.408771268497978,-0.5337011202175609,0.7403169350548957,0.149896229,5e-10
edge,off_axis,10,2000,132,300,175,330,0.5,-0.5,0.5,1,-1.1,1.75,0.37,-0.41,0.73,8.776597044949423,3.587620707159581,-4.684079674587641,6.497463424528811,8.776597044949423,0.3715724127386971,-0.6435822975543765,-0.6691306063588582,0.408771268497978,-0.5337011202175609,0.7403169350548957,0.149896229,5e-10
edge,slice,10,2000,132,300,175,330,0.5,-0.5,0.5,1,-1.1,1.75,-0.4,0.6,-1.1,-6.750175929395405,-2.759277977243477,3.602576455183943,-4.997269555131338,6.750175929395405,0.3715724127386971,-0.6435822975543765,-0.6691306063588582,0.408771268497978,-0.5337011202175609,0.7403169350548957,0.149896229,5e-10
edge,A,10,2000,132,300,175,330,0.5,-0.5,0.5,1,-1.1,1.78125,0.5,-0.5,0.5,-3.589274018567307,-1.467192093556593,1.915599564477158,-2.657200340497918,3.589274018567307,0.3715724127386971,-0.6435822975543765,-0.6691306063588582,0.408771268497978,-0.5337011202175609,0.7403169350548957,0.149896229,5e-10
edge,B,10,2000,132,300,175,330,0.5,-0.5,0.5,1,-1.1,1.78125,0.8715724127386971,-1.143582297554377,-0.1691306063588582,-3.589274018567307,-1.467192093556593,1.915599564477158,-2.657200340497918,3.589274018567307,0.3715724127386971,-0.6435822975543765,-0.6691306063588582,0.408771268497978,-0.5337011202175609,0.7403169350548957,0.149896229,5e-10
edge,off_axis,10,2000,132,300,175,330,0.5,-0.5,0.5,1,-1.1,1.78125,0.37,-0.41,0.73,9.542994483819777,3.900901960420217,-5.093106846244619,7.064840427507234,9.542994483819777,0.3715724127386971,-0.6435822975543765,-0.6691306063588582,0.408771268497978,-0.5337011202175609,0.7403169350548957,0.149896229,5e-10
edge,slice,10,2000,132,300,175,330,0.5,-0.5,0.5,1,-1.1,1.78125,-0.4,0.6,-1.1,-5.181093610598845,-2.117882207411259,2.765155463928651,-3.83565134203104,5.181093610598845,0.3715724127386971,-0.6435822975543765,-0.6691306063588582,0.408771268497978,-0.5337011202175609,0.7403169350548957,0.149896229,5e-10
edge,A,10,2000,132,300,175,330,0.5,-0.5,0.5,1,-1.1,1.8125,0.5,-0.5,0.5,-1.699401403242019,-0.694666467290484,0.9069724326095605,-1.25809563827612,1.699401403242019,0.3715724127386971,-0.6435822975543765,-0.6691306063588582,0.408771268497978,-0.5337011202175609,0.7403169350548957,0.149896229,5e-10
edge,B,10,2000,132,300,175,330,0.5,-0.5,0.5,1,-1.1,1.8125,0.8715724127386971,-1.143582297554377,-0.1691306063588582,-1.699401403242019,-0.694666467290484,0.9069724326095605,-1.25809563827612,1.699401403242019,0.3715724127386971,-0.6435822975543765,-0.6691306063588582,0.408771268497978,-0.5337011202175609,0.7403169350548957,0.149896229,5e-10
edge,off_axis,10,2000,132,300,175,330,0.5,-0.5,0.5,1,-1.1,1.8125,0.37,-0.41,0.73,9.942659996449901,4.064273738992927,-5.306408778047643,7.360719574864711,9.942659996449901,0.3715724127386971,-0.6435822975543765,-0.6691306063588582,0.408771268497978,-0.5337011202175609,0.7403169350548957,0.149896229,5e-10
edge,slice,10,2000,132,300,175,330,0.5,-0.5,0.5,1,-1.1,1.8125,-0.4,0.6,-1.1,-3.412904769937742,-1.395097412070251,1.82147109891163,-2.526631198914543,3.412904769937742,0.3715724127386971,-0.6435822975543765,-0.6691306063588582,0.408771268497978,-0.5337011202175609,0.7403169350548957,0.149896229,5e-10
edge,A,10,2000,132,300,175,330,0.5,-0.5,0.5,1,-1.1,1.84375,0.5,-0.5,0.5,0.2557782549745728,0.1045548017401554,-0.1365091412072224,0.1893569737764654,0.2557782549745728,0.3715724127386971,-0.6435822975543765,-0.6691306063588582,0.408771268497978,-0.5337011202175609,0.7403169350548957,0.149896229,5e-10
edge,B,10,2000,132,300,175,330,0.5,-0.5,0.5,1,-1.1,1.84375,0.8715724127386971,-1.143582297554377,-0.1691306063588582,0.2557782549745728,0.1045548017401554,-0.1365091412072224,0.1893569737764654,0.2557782549745728,0.3715724127386971,-0.6435822975543765,-0.6691306063588582,0.408771268497978,-0.5337011202175609,0.7403169350548957,0.149896229,5e-10
edge,off_axis,10,2000,132,300,175,330,0.5,-0.5,0.5,1,-1.1,1.84375,0.37,-0.41,0.73,9.960234661324419,4.071457757047111,-5.315788396378621,7.373730396899231,9.960234661324419,0.3715724127386971,-0.6435822975543765,-0.6691306063588582,0.408771268497978,-0.5337011202175609,0.7403169350548957,0.149896229,5e-10
edge,slice,10,2000,132,300,175,330,0.5,-0.5,0.5,1,-1.1,1.84375,-0.4,0.6,-1.1,-1.513559912946978,-0.6186998055630254,0.8077886210561962,-1.120514035774862,1.513559912946978,0.3715724127386971,-0.6435822975543765,-0.6691306063588582,0.408771268497978,-0.5337011202175609,0.7403169350548957,0.149896229,5e-10
edge,A,10,2000,132,300,175,330,0.5,-0.5,0.5,1,-1.1,1.875,0.5,-0.5,0.5,2.20112849829459,0.8997580883749291,-1.17474474528262,1.629532703519436,2.20112849829459,0.3715724127386971,-0.6435822975543765,-0.6691306063588582,0.408771268497978,-0.5337011202175609,0.7403169350548957,0.149896229,5e-10
edge,B,10,2000,132,300,175,330,0.5,-0.5,0.5,1,-1.1,1.875,0.8715724127386971,-1.143582297554377,-0.1691306063588582,2.20112849829459,0.8997580883749291,-1.17474474528262,1.629532703519436,2.20112849829459,0.3715724127386971,-0.6435822975543765,-0.6691306063588582,0.408771268497978,-0.5337011202175609,0.7403169350548957,0.149896229,5e-10
edge,off_axis,10,2000,132,300,175,330,0.5,-0.5,0.5,1,-1.1,1.875,0.37,-0.41,0.73,9.59504309392819,3.92217793679779,-5.120885247765246,7.103372895016562,9.59504309392819,0.3715724127386971,-0.6435822975543765,-0.6691306063588582,0.408771268497978,-0.5337011202175609,0.7403169350548957,0.149896229,5e-10
edge,slice,10,2000,132,300,175,330,0.5,-0.5,0.5,1,-1.1,1.875,-0.4,0.6,-1.1,0.4439502026841604,0.1814740875011387,-0.2369367204933496,0.3286638533681374,0.4439502026841604,0.3715724127386971,-0.6435822975543765,-0.6691306063588582,0.408771268497978,-0.5337011202175609,0.7403169350548957,0.149896229,5e-10
edge,A,10,2000,132,300,175,330,0.5,-0.5,0.5,1,-1.1,1.90625,0.5,-0.5,0.5,4.061890607832229,1.660384176263603,-2.16783556760125,3.007086405318623,4.061890607832229,0.3715724127386971,-0.6435822975543765,-0.6691306063588582,0.408771268497978,-0.5337011202175609,0.7403169350548957,0.149896229,5e-10
edge,B,10,2000,132,300,175,330,0.5,-0.5,0.5,1,-1.1,1.90625,0.8715724127386971,-1.143582297554377,-0.1691306063588582,4.061890607832229,1.660384176263603,-2.16783556760125,3.007086405318623,4.061890607832229,0.3715724127386971,-0.6435822975543765,-0.6691306063588582,0.408771268497978,-0.5337011202175609,0.7403169350548957,0.149896229,5e-10
edge,off_axis,10,2000,132,300,175,330,0.5,-0.5,0.5,1,-1.1,1.90625,0.37,-0.41,0.73,8.861119401394458,3.622171018020056,-4.729189350905784,6.560036756395817,8.861119401394458,0.3715724127386971,-0.6435822975543765,-0.6691306063588582,0.408771268497978,-0.5337011202175609,0.7403169350548957,0.149896229,5e-10
edge,slice,10,2000,132,300,175,330,0.5,-0.5,0.5,1,-1.1,1.90625,-0.4,0.6,-1.1,2.384399560996288,0.9746740331544747,-1.272556716749979,1.765211374943011,2.384399560996288,0.3715724127386971,-0.6435822975543765,-0.6691306063588582,0.408771268497978,-0.5337011202175609,0.7403169350548957,0.149896229,5e-10
edge,A,10,2000,132,300,175,330,0.5,-0.5,0.5,1,-1.1,1.9375,0.5,-0.5,0.5,5.766556539245372,2.357202631412641,-3.077617684793156,4.269079462954901,5.766556539245372,0.3715724127386971,-0.6435822975543765,-0.6691306063588582,0.408771268497978,-0.5337011202175609,0.7403169350548957,0.149896229,5e-10
edge,B,10,2000,132,300,175,330,0.5,-0.5,0.5,1,-1.1,1.9375,0.8715724127386971,-1.143582297554377,-0.1691306063588582,5.766556539245372,2.357202631412641,-3.077617684793156,4.269079462954901,5.766556539245372,0.3715724127386971,-0.6435822975543765,-0.6691306063588582,0.408771268497978,-0.5337011202175609,0.7403169350548957,0.149896229,5e-10
edge,off_axis,10,2000,132,300,175,330,0.5,-0.5,0.5,1,-1.1,1.9375,0.37,-0.41,0.73,7.78666785963815,3.182966098356722,-4.155753359450958,5.76460208413778,7.78666785963815,0.3715724127386971,-0.6435822975543765,-0.6691306063588582,0.408771268497978,-0.5337011202175609,0.7403169350548957,0.149896229,5e-10
edge,slice,10,2000,132,300,175,330,0.5,-0.5,0.5,1,-1.1,1.9375,-0.4,0.6,-1.1,4.233217781366008,1.730417802317179,-2.259273072039936,3.133922813320769,4.233217781366008,0.3715724127386971,-0.6435822975543765,-0.6691306063588582,0.408771268497978,-0.5337011202175609,0.7403169350548957,0.149896229,5e-10
edge,A,10,2000,132,300,175,330,0.5,-0.5,0.5,1,-1.1,1.96875,0.5,-0.5,0.5,7.24961693677748,2.963435111370956,-3.869128680306344,5.367014190957166,7.24961693677748,0.3715724127386971,-0.6435822975543765,-0.6691306063588582,0.408771268497978,-0.5337011202175609,0.7403169350548957,0.149896229,5e-10
edge,B,10,2000,132,300,175,330,0.5,-0.5,0.5,1,-1.1,1.96875,0.8715724127386971,-1.143582297554377,-0.1691306063588582,7.24961693677748,2.963435111370956,-3.869128680306344,5.367014190957166,7.24961693677748,0.3715724127386971,-0.6435822975543765,-0.6691306063588582,0.408771268497978,-0.5337011202175609,0.7403169350548957,0.149896229,5e-10
edge,off_axis,10,2000,132,300,175,330,0.5,-0.5,0.5,1,-1.1,1.96875,0.37,-0.41,0.73,6.412979038849592,2.621441576561491,-3.422614096965764,4.747636986612421,6.412979038849592,0.3715724127386971,-0.6435822975543765,-0.6691306063588582,0.408771268497978,-0.5337011202175609,0.7403169350548957,0.149896229,5e-10
edge,slice,10,2000,132,300,175,330,0.5,-0.5,0.5,1,-1.1,1.96875,-0.4,0.6,-1.1,5.919355816413715,2.419662585766318,-3.159166830186334,4.382199355506772,5.919355816413715,0.3715724127386971,-0.6435822975543765,-0.6691306063588582,0.408771268497978,-0.5337011202175609,0.7403169350548957,0.149896229,5e-10
edge,A,10,2000,132,300,175,330,0.5,-0.5,0.5,1,-1.1,2,0.5,-0.5,0.5,8.454078621061246,3.455784441912842,-4.511951230467719,6.258697573457181,8.454078621061246,0.3715724127386971,-0.6435822975543765,-0.6691306063588582,0.408771268497978,-0.5337011202175609,0.7403169350548957,0.149896229,5e-10
edge,B,10,2000,132,300,175,330,0.5,-0.5,0.5,1,-1.1,2,0.8715724127386971,-1.143582297554377,-0.1691306063588582,8.454078621061246,3.455784441912842,-4.511951230467719,6.258697573457181,8.454078621061246,0.3715724127386971,-0.6435822975543765,-0.6691306063588582,0.408771268497978,-0.5337011202175609,0.7403169350548957,0.149896229,5e-10
edge,off_axis,10,2000,132,300,175,330,0.5,-0.5,0.5,1,-1.1,2,0.37,-0.41,0.73,4.792843030038123,1.959176525100376,-2.557945694158275,3.548222862197042,4.792843030038123,0.3715724127386971,-0.6435822975543765,-0.6691306063588582,0.408771268497978,-0.5337011202175609,0.7403169350548957,0.149896229,5e-10
edge,slice,10,2000,132,300,175,330,0.5,-0.5,0.5,1,-1.1,2,-0.4,0.6,-1.1,7.378016327049628,3.015921093006869,-3.93765557872984,5.46207043402636,7.378016327049628,0.3715724127386971,-0.6435822975543765,-0.6691306063588582,0.408771268497978,-0.5337011202175609,0.7403169350548957,0.149896229,5e-10
