case,m1,q,period,i,e,w,gamma,light,width,resolution,sb2,phase,k1,k2,f,m1sin,m2sin,a,r1x,r1y,r1z,r2x,r2y,r2z,v1x,v1y,v1z,v2x,v2y,v2z,rv1,rv2
unequal,1.2,0.7,12,65,0.15,45,20,0.55,12,60000,1,0,44.51865218934573,63.59807455620818,0.106024115432271,0.893322721863741,0.6253259053046187,19462143.95631705,-0.2474873734152916,-0.1045926835555419,-0.224299733719526,0.3535533905932738,0.1494181193650599,0.3204281910278943,39.94377792846166,-16.88096999548298,-36.20135698022747,-57.06253989780237,24.11567142211855,51.71622425746781,56.20135698022747,-31.71622425746781
unequal,1.2,0.7,12,65,0.15,45,20,0.55,12,60000,1,0.006944444444444444,44.51865218934573,63.59807455620818,0.106024115432271,0.893322721863741,0.6253259053046187,19462143.95631705,-0.2323343703469199,-0.1106724913120971,-0.2373379235288263,0.3319062433527427,0.1581035590172817,0.3390541764697519,41.95425414788978,-15.97900481335405,-34.26708640509329,-59.93464878269969,22.82714973336292,48.95298057870471,54.26708640509329,-28.95298057870471
unequal,1.2,0.7,12,65,0.15,45,20,0.55,12,60000,1,0.01388888888888889,44.51865218934573,63.59807455620818,0.106024115432271,0.893322721863741,0.6253259053046187,19462143.95631705,-0.2164618635733665,-0.1164095730000459,-0.249641134912161,0.3092312336762379,0.1662993900000655,0.3566301927316586,43.83213014476059,-15.02885654882218,-32.22948687629457,-62.61732877822943,21.46979506974597,46.04212410899225,52.22948687629457,-26.04212410899225
unequal,1.2,0.7,12,65,0.15,45,20,0.55,12,60000,1,0.02083333333333333,44.51865218934573,63.59807455620818,0.106024115432271,0.893322721863741,0.6253259053046187,19462143.95631705,-0.1999203914752689,-0.121786916744573,-0.2611728857862582,0.2856005592503841,0.1739813096351043,0.3731041225517975,45.56956277415311,-14.03497302801942,-30.09809678775265,-65.09937539164731,20.04996146859918,42.99728112536093,50.09809678775265,-22.99728112536093
unequal,1.2,0.7,12,65,0.15,45,20,0.55,12,60000,1,0.02777777777777778,44.51865218934573,63.59807455620818,0.106024115432271,0.893322721863741,0.6253259053046187,19462143.95631705,-0.1827631955400078,-0.126789208554424,-0.271900335190892,0.2610902793428684,0.1811274407920343,0.3884290502727029,47.1597939122541,-13.00207570251328,-27.88304132502892,-67.371134160363,18.57439386073327,39.83291617861275,47.88304132502893,-19.83291617861275
unequal,1.2,0.7,12,65,0.15,45,20,0.55,12,60000,1,0.03472222222222222,44.51865218934573,63.59807455620818,0.106024115432271,0.893322721863741,0.6253259053046187,19462143.95631705,-0.1650458068335031,-0.1314029225187438,-0.2817944767166274,0.2357797240478615,0.1877184607410626,0.4025635381666107,48.59721234522316,-11.93509946805082,-25.59490340620495,-69.42458906460452,17.05014209721546,36.56414772314992,45.59490340620495,-16.56414772314992
unequal,1.2,0.7,12,65,0.15,45,20,0.55,12,60000,1,0.04166666666666666,44.51865218934573,63.59807455620818,0.106024115432271,0.893322721863741,0.6253259053046187,19462143.95631705,-0.1468256136975951,-0.1356163882366585,-0.2908302831080252,0.2097508767108502,0.1937376974809407,0.4154718330114646,49.87739325995146,-10.83913004765367,-23.24458939949639,-71.2534189427878,15.4844714966481,33.20655628499484,43.24458939949639,-13.20655628499484
unequal,1.2,0.7,12,65,0.15,45,20,0.55,12,60000,1,0.04861111111111111,44.51865218934573,63.59807455620818,0.106024115432271,0.893322721863741,0.6253259053046187,19462143.95631705,-0.1281614190384369,-0.1394198348953698,-0.2989868007894206,0.1830877414834812,0.1991711927076711,0.4271240011277437,50.9971150462453,-9.719340650461916,-20.84319328770545,-72.85302149463615,13.88477235780274,29.77599041100779,40.84319328770545,-9.77599041100779
unequal,1.2,0.7,12,65,0.15,45,20,0.55,12,60000,1,0.05555555555555555,44.51865218934573,63.59807455620818,0.106024115432271,0.893322721863741,0.6253259053046187,19462143.95631705,-0.1091129955278114,-0.1428054120391906,-0.3062471944042632,0.1558757078968734,0.204007731484558,0.4374959920060904,51.95435392848155,-8.580929569873888,-18.40186284699966,-74.22050561211651,12.25847081410555,26.2883754957138,38.40186284699966,-6.288375495713804
unequal,1.2,0.7,12,65,0.15,45,20,0.55,12,60000,1,0.0625,44.51865218934573,63.59807455620818,0.106024115432271,0.893322721863741,0.6253259053046187,19462143.95631705,-0.08974064670781069,-0.1457671876671585,-0.312598742735437,0.128200923868301,0.2082388395245122,0.4465696324791957,52.74825768613299,-7.429060263955649,-15.93167114893546,-75.35465383733286,10.61294323422236,22.75953021276494,35.93167114893546,-2.75953021276494
unequal,1.2,0.7,12,65,0.15,45,20,0.55,12,60000,1,0.06944444444444445,44.51865218934573,63.59807455620818,0.106024115432271,0.893322721863741,0.6253259053046187,19462143.95631705,-0.07010478140191151,-0.148301124835753,-0.3180327885296244,0.1001496877170164,0.2118587497653615,0.4543325550423206,53.37910035928975,-6.268805279430769,-13.44349630506614,-76.25585765612821,8.955436113472528,19.20499472152306,33.44349630506614,0.795005278476939
unequal,1.2,0.7,12,65,0.15,45,20,0.55,12,60000,1,0.0763888888888889,44.51865218934573,63.59807455620818,0.106024115432271,0.893322721863741,0.6253259053046187,19462143.95631705,-0.05026550803625655,-0.1504050384058818,-0.3225446457409195,0.07180786862322365,0.2148643405798312,0.4607780653441707,53.84822034012049,-5.105095152715063,-10.94791188485726,-76.92602905731499,7.292993075307234,15.63987412122465,30.94791188485726,4.360125878775349
unequal,1.2,0.7,12,65,0.15,45,20,0.55,12,60000,1,0.08333333333333333,44.51865218934573,63.59807455620818,0.106024115432271,0.893322721863741,0.6253259053046187,19462143.95631705,-0.03028225451598963,-0.1520785339456676,-0.326133468507432,0.0432603635942709,0.2172550484938109,0.4659049550106172,54.15794460829606,-3.942673164096183,-8.455089885711585,-77.36849229756579,5.63239023442312,12.07869983673084,28.45508988571159,7.921300163269164
unequal,1.2,0.7,12,65,0.15,45,20,0.55,12,60000,1,0.09027777777777778,44.51865218934573,63.59807455620818,0.106024115432271,0.893322721863741,0.6253259053046187,19462143.95631705,-0.0102134182385952,-0.1533229310748737,-0.3288020867628768,0.01459059748370742,0.2190327586783911,0.4697172668041097,54.311502073418,-2.786056551155816,-5.974717554884641,-77.58786010488286,3.980080787365452,8.535310792692345,25.97471755488464,11.46468920730766
unequal,1.2,0.7,12,65,0.15,45,20,0.55,12,60000,1,0.09722222222222222,44.51865218934573,63.59807455620818,0.106024115432271,0.893322721863741,0.6253259053046187,19462143.95631705,0.009883950285230685,-0.1541411737113413,-0.3305568137594374,-0.01411992897890098,0.2202016767304875,0.4722240196563391,54.31292904659657,-1.63950452063151,-3.515928790700979,-77.58989863799511,2.342149315187871,5.022755415287113,23.51592879070098,14.97724458471289
unequal,1.2,0.7,12,65,0.15,45,20,0.55,12,60000,1,0.1041666666666667,44.51865218934573,63.59807455620818,0.106024115432271,0.893322721863741,0.6253259053046187,19462143.95631705,0.02995442784110433,-0.1545377297583093,-0.3314072309465302,-0.04279203977300619,0.2207681853690133,0.4734389013521861,54.16696979124397,-0.5069931476395765,-1.087250313763996,-77.38138541606283,0.724275925199395,1.553214733948566,21.087250313764,18.44678526605144
unequal,1.2,0.7,12,65,0.15,45,20,0.55,12,60000,1,0.1111111111111111,44.51865218934573,63.59807455620818,0.106024115432271,0.893322721863741,0.6253259053046187,19462143.95631705,0.04994446164948334,-0.1545184827621547,-0.3313659556300778,-0.07134923092783335,0.2207406896602211,0.4733799366143969,53.87897492084845,0.6078029718734048,1.303437679488793,-76.96996417264064,-0.8682899598191498,-1.862053827841133,18.69656232051121,21.86205382784113
unequal,1.2,0.7,12,65,0.15,45,20,0.55,12,60000,1,0.1180555555555556,44.51865218934573,63.59807455620818,0.106024115432271,0.893322721863741,0.6253259053046187,19462143.95631705,0.06980257490843661,-0.1540906179844534,-0.330448396653255,-0.09971796415490947,0.2201294542635049,0.4720691380760787,53.45480014361988,1.701522638080592,3.648927072767511,-76.36400020517127,-2.430746625829417,-5.212752961096444,16.35107292723249,25.21275296109645
unequal,1.2,0.7,12,65,0.15,45,20,0.55,12,60000,1,0.125,44.51865218934573,63.59807455620818,0.106024115432271,0.893322721863741,0.6253259053046187,19462143.95631705,0.08947953528157421,-0.1532625051839633,-0.3286725030216415,-0.127827907545106,0.2189464359770905,0.4695321471737735,52.90070752635963,2.771124006115614,5.942694608705106,-75.57243932337092,-3.958748580165163,-8.489563726721581,14.05730539129489,28.48956372672158
unequal,1.2,0.7,12,65,0.15,45,20,0.55,12,60000,1,0.1319444444444444,44.51865218934573,63.59807455620818,0.106024115432271,0.893322721863741,0.6253259053046187,19462143.95631705,0.1089284876094384,-0.1520435802077485,-0.3260585099745668,-0.1556121251563407,0.2172051145824979,0.4657978713922383,52.22327108780286,3.813885169406459,8.178903139820921,-74.60467298257552,-5.44840738486637,-11.68414734260132,11.82109686017908,31.68414734260132
unequal,1.2,0.7,12,65,0.15,45,20,0.55,12,60000,1,0.1388888888888889,44.51865218934573,63.59807455620818,0.106024115432271,0.893322721863741,0.6253259053046187,19462143.95631705,0.1281050527232261,-0.1504442272607175,-0.3226286865113215,-0.1830072181760372,0.214920324658168,0.4608981235876022,51.42928815769237,4.827400021856742,10.35239275493978,-73.47041165384626,-6.896285745509632,-14.78913250705683,9.647607245060222,34.78913250705683
unequal,1.2,0.7,12,65,0.15,45,20,0.55,12,60000,1,0.1458333333333333,44.51865218934573,63.59807455620818,0.106024115432271,0.893322721863741,0.6253259053046187,19462143.95631705,0.146967394702742,-0.1484756634729683,-0.3184070878450288,-0.2099534210039171,0.212108090675669,0.4548672683500412,50.52569757114387,5.809570089921459,12.45866326302191,-72.17956795877697,-8.299385842744941,-17.79809037574558,7.541336736978092,37.79809037574559
unequal,1.2,0.7,12,65,0.15,45,20,0.55,12,60000,1,0.1527777777777778,44.51865218934573,63.59807455620818,0.106024115432271,0.893322721863741,0.6253259053046187,19462143.95631705,0.1654762592515988,-0.1461498271266662,-0.3134193157044112,-0.2363946560737127,0.2087854673238088,0.4477418795777303,49.51950542356602,6.758593031863399,14.49384952973874,-70.74215060509431,-9.655132902662,-20.7054993281982,5.506150470261261,40.7054993281982
unequal,1.2,0.7,12,65,0.15,45,20,0.55,12,60000,1,0.1597222222222222,44.51865218934573,63.59807455620818,0.106024115432271,0.893322721863741,0.6253259053046187,19462143.95631705,0.1835949860723106,-0.1434792706490261,-0.3076922888565005,-0.2622785515318723,0.2049703866414659,0.4395604126521436,48.41771880041097,7.672948482598636,16.45469112164609,-69.16816971487282,-10.96135497514091,-23.50670160235156,3.545308878353911,43.50670160235155
unequal,1.2,0.7,12,65,0.15,45,20,0.55,12,60000,1,0.1666666666666667,44.51865218934573,63.59807455620818,0.106024115432271,0.893322721863741,0.6253259053046187,19462143.95631705,0.2012894982257901,-0.1404770592335826,-0.3012540256992491,-0.2875564260368431,0.2006815131908324,0.4303628938560702,47.22728762528644,8.551381884112184,18.33849763039864,-67.46755375040921,-12.21625983444598,-26.19785375771235,1.661502369601358,46.19785375771235
unequal,1.2,0.7,12,65,0.15,45,20,0.55,12,60000,1,0.1736111111111111,44.51865218934573,63.59807455620818,0.106024115432271,0.893322721863741,0.6253259053046187,19462143.95631705,0.218528271469494,-0.1371566757245392,-0.2941334402853596,-0.31218324495642,0.1959381081779131,0.4201906289790851,45.95505454286852,9.392886888851232,20.14311093670496,-65.65007791838362,-13.41840984121604,-28.77587276672137,-0.1431109367049608,48.77587276672138
unequal,1.2,0.7,12,65,0.15,45,20,0.55,12,60000,1,0.1805555555555556,44.51865218934573,63.59807455620818,0.106024115432271,0.893322721863741,0.6253259053046187,19462143.95631705,0.2352822865023533,-0.1335319321928917,-0.2863601526966693,-0.336117552146219,0.1907599031327024,0.4090859324238134,44.60771257011338,10.1966868617306,21.86686554125016,-63.72530367159054,-14.566695516758,-31.23837934464309,-1.866865541250164,51.23837934464309
unequal,1.2,0.7,12,65,0.15,45,20,0.55,12,60000,1,0.1875,44.51865218934573,63.59807455620818,0.106024115432271,0.893322721863741,0.6253259053046187,19462143.95631705,0.2515249669187787,-0.1296168884508027,-0.2779643142976619,-0.359321381312541,0.1851669835011467,0.3970918775680885,43.19177010871229,10.96221593972239,23.50854794685487,-61.70252872673186,-15.66030848531771,-33.58363992407838,-3.508547946854868,53.58363992407838
unequal,1.2,0.7,12,65,0.15,45,20,0.55,12,60000,1,0.1944444444444444,44.51865218934573,63.59807455620818,0.106024115432271,0.893322721863741,0.6253259053046187,19462143.95631705,0.2672321055035189,-0.1254257775934854,-0.268976448059522,-0.3817601507193128,0.1791796822764077,0.3842520686564601,41.71352281018778,11.68910004002622,25.06735593036478,-59.59074687169683,-16.6987143428946,-35.81050847194968,-5.067355930364776,55.81050847194968
unequal,1.2,0.7,12,65,0.15,45,20,0.55,12,60000,1,0.2013888888888889,44.51865218934573,63.59807455620818,0.106024115432271,0.893322721863741,0.6253259053046187,19462143.95631705,0.2823817812976117,-0.120972938525588,-0.2594273038625008,-0.4034025447108739,0.1728184836079829,0.3706104340892869,40.17903171807715,12.37713814134731,26.54285840022213,-57.39861674011022,-17.68162591621045,-37.91836914317447,-6.54285840022213,57.91836914317447
unequal,1.2,0.7,12,65,0.15,45,20,0.55,12,60000,1,0.2083333333333333,44.51865218934573,63.59807455620818,0.106024115432271,0.893322721863741,0.6253259053046187,19462143.95631705,0.2969542696450113,-0.1162727553207758,-0.2493477284521182,-0.424220385207159,0.1661039361725369,0.3562110406458832,38.59410707434638,13.02628409995164,27.93495640086992,-55.13443867763769,-18.60897728564521,-39.90708057267132,-7.934956400869922,59.90708057267132
unequal,1.2,0.7,12,65,0.15,45,20,0.55,12,60000,1,0.2152777777777778,44.51865218934573,63.59807455620818,0.106024115432271,0.893322721863741,0.6253259053046187,19462143.95631705,0.3109319471997132,-0.1113396031772621,-0.2387685495404267,-0.4441884959995903,0.1590565759675173,0.3410979279148953,36.96429716443222,13.63662920436788,29.24384570118967,-52.80613880633176,-19.48089886338269,-41.77692243027096,-9.243845701189674,61.77692243027096
unequal,1.2,0.7,12,65,0.15,45,20,0.55,12,60000,1,0.2222222222222222,44.51865218934573,63.59807455620818,0.106024115432271,0.893322721863741,0.6253259053046187,19462143.95631705,0.3242991936424921,-0.1061878006664095,-0.2277204734028047,-0.4632845623464173,0.1516968580948707,0.3253149620040067,35.29488158220031,14.20838562075877,30.46998129298568,-50.4212594031433,-20.2976937439411,-43.52854470426526,-10.46998129298568,63.52854470426526
unequal,1.2,0.7,12,65,0.15,45,20,0.55,12,60000,1,0.2291666666666667,44.51865218934573,63.59807455620818,0.106024115432271,0.893322721863741,0.6253259053046187,19462143.95631705,0.3370422916311469,-0.1008315679238831,-0.216233995218597,-0.4814889880444956,0.1440450970341188,0.3089057074551386,33.59086831806472,14.74187083551902,31.61404402802857,-47.98695474009247,-21.05981547931289,-45.16292004004082,-11.61404402802857,65.16292004004082
unequal,1.2,0.7,12,65,0.15,45,20,0.55,12,60000,1,0.2361111111111111,44.51865218934573,63.59807455620818,0.106024115432271,0.893322721863741,0.6253259053046187,19462143.95631705,0.3491493262931906,-0.095284990400838,-0.204339321335284,-0.4987847518474152,0.13612141485834,0.2919133161932628,31.85699410647447,15.23749316264297,32.67690953850493,-45.50999158067781,-21.76784737520424,-46.68129934072132,-12.67690953850493,66.68129934072132
unequal,1.2,0.7,12,65,0.15,45,20,0.55,12,60000,1,0.2430555555555556,44.51865218934573,63.59807455620818,0.106024115432271,0.893322721863741,0.6253259053046187,19462143.95631705,0.3606100853686437,-0.08956198777387618,-0.1920663025956699,-0.5151572648123481,0.1279456968198231,0.2743804322795285,30.09772750942173,15.69573835064108,33.65961951545709,-42.99675358488818,-22.4224833580587,-48.08517073636727,-13.65961951545709,68.08517073636727
unequal,1.2,0.7,12,65,0.15,45,20,0.55,12,60000,1,0.25,44.51865218934573,63.59807455620818,0.106024115432271,0.893322721863741,0.6253259053046187,19462143.95631705,0.3714159609252088,-0.08367628760479957,-0.1794443778510409,-0.5305942298931555,0.1195375537211423,0.2563491112157727,28.31727425762808,16.11715729688044,34.56335536210122,-40.45324893946869,-23.02451042411491,-49.37622194585889,-14.56335536210122,69.37622194585889
unequal,1.2,0.7,12,65,0.15,45,20,0.55,12,60000,1,0.2569444444444444,44.51865218934573,63.59807455620818,0.106024115432271,0.893322721863741,0.6253259053046187,19462143.95631705,0.3815598533998255,-0.07764140334240853,-0.1665025267858691,-0.5450855048568937,0.1109162904891551,0.2378607525512416,26.51958441823213,16.50235485566608,35.38941419268043,-37.88512059747447,-23.57479265095155,-50.55630598954347,-15.38941419268043,70.55630598954346
unequal,1.2,0.7,12,65,0.15,45,20,0.55,12,60000,1,0.2638888888888889,44.51865218934573,63.59807455620818,0.106024115432271,0.893322721863741,0.6253259053046187,19462143.95631705,0.3910360785698879,-0.07147061626690648,-0.153269231197464,-0.5586229693855542,0.102100880381295,0.2189560445678057,24.7083610052629,16.85197970959033,36.13918711150311,-35.297658578947,-24.07425672798619,-51.62741015929017,-16.13918711150311,71.62741015929018
unequal,1.2,0.7,12,65,0.15,45,20,0.55,12,60000,1,0.2708333333333333,44.51865218934573,63.59807455620818,0.106024115432271,0.893322721863741,0.6253259053046187,19462143.95631705,0.399840277924075,-0.06517696099119627,-0.1397724439034019,-0.571200397034393,0.09310994427313754,0.1996749198620028,22.8870696955155,17.16671526104941,36.81413967973752,-32.69581385073643,-24.5238789443563,-52.59162811391074,-16.81413967973752,72.59162811391073
unequal,1.2,0.7,12,65,0.15,45,20,0.55,12,60000,1,0.2777777777777778,44.51865218934573,63.59807455620818,0.106024115432271,0.893322721863741,0.6253259053046187,19462143.95631705,0.4079693327861796,-0.05877321415107696,-0.1260395644875749,-0.5828133325516852,0.08396173450153853,0.1800565206965355,21.0589493566204,17.44727149176703,37.41579445810352,-30.08421336660058,-24.92467355966718,-53.4511349401479,-17.41579445810352,73.4511349401479
unequal,1.2,0.7,12,65,0.15,45,20,0.55,12,60000,1,0.2847222222222222,44.51865218934573,63.59807455620818,0.106024115432271,0.893322721863741,0.6253259053046187,19462143.95631705,0.4154212824445862,-0.05227188593685182,-0.112097421139665,-0.5934589749208374,0.07467412276693118,0.1601391730566643,19.22702313541545,17.69437773210314,37.9457155006054,-27.46717590773637,-25.27768247443305,-54.20816500086487,-17.9457155006054,74.20816500086487
unequal,1.2,0.7,12,65,0.15,45,20,0.55,12,60000,1,0.2916666666666667,44.51865218934573,63.59807455620818,0.106024115432271,0.893322721863741,0.6253259053046187,19462143.95631705,0.4221952464540047,-0.04568521414112855,-0.09797225789061131,-0.6031360663628639,0.06526459163018365,0.139960368415159,17.39410989275305,17.90877627834172,38.40549466676124,-24.84872841821865,-25.58396611191674,-54.86499238108748,-18.40549466676124,74.86499238108749
unequal,1.2,0.7,12,65,0.15,45,20,0.55,12,60000,1,0.2986111111111111,44.51865218934573,63.59807455620818,0.106024115432271,0.893322721863741,0.6253259053046187,19462143.95631705,0.4282913512034356,-0.03902516042080616,-0.08368972659641453,-0.6118447874334795,0.05575022917258023,0.1195567522805922,15.56283580538517,18.09121679457085,38.79673961639595,-22.23262257912167,-25.84459542081551,-55.4239137377085,-18.79673961639595,75.4239137377085
unequal,1.2,0.7,12,65,0.15,45,20,0.55,12,60000,1,0.3055555555555556,44.51865218934573,63.59807455620818,0.106024115432271,0.893322721863741,0.6253259053046187,19462143.95631705,0.4337106607838258,-0.03230340849473232,-0.06927488307300071,-0.6195866582626083,0.04614772642104617,0.09896411867571532,13.73564598650424,18.24245143577721,39.12106335108376,-19.62235140929177,-26.06064490825316,-55.88723335869108,-19.12106335108376,75.88723335869108
unequal,1.2,0.7,12,65,0.15,45,20,0.55,12,60000,1,0.3125,44.51865218934573,63.59807455620818,0.106024115432271,0.893322721863741,0.6253259053046187,19462143.95631705,0.4384551121391413,-0.02553136402176989,-0.05475218683473428,-0.6263644459130591,0.03647337717395699,0.07821740976390612,11.914816003944,18.36323063001412,39.38007516897839,-17.02116571992,-26.23318661430589,-56.25725024139769,-19.38007516897839,76.25725024139768
unequal,1.2,0.7,12,65,0.15,45,20,0.55,12,60000,1,0.3194444444444444,44.51865218934573,63.59807455620818,0.106024115432271,0.893322721863741,0.6253259053046187,19462143.95631705,0.4425274544443752,-0.01872015592661919,-0.04014550393765287,-0.6321820777776789,0.02674307989517027,0.05735071991093267,10.10246319910673,18.45429945966249,39.57537290440202,-14.43209028443819,-26.363284942375,-56.53624700628861,-19.57537290440202,76.53624700628862
unequal,1.2,0.7,12,65,0.15,45,20,0.55,12,60000,1,0.3263888888888889,44.51865218934573,63.59807455620818,0.106024115432271,0.893322721863741,0.6253259053046187,19462143.95631705,0.4459311926221083,-0.01188063896243081,-0.02547811247500837,-0.6370445608887262,0.01697234137490116,0.03639730353572625,8.300557730594292,18.51639458462833,39.70853632962115,-11.8579396151347,-26.45199226375475,-56.72648047088737,-19.70853632962115,76.72648047088737
unequal,1.2,0.7,12,65,0.15,45,20,0.55,12,60000,1,0.3333333333333333,44.51865218934573,63.59807455620818,0.106024115432271,0.893322721863741,0.6253259053046187,19462143.95631705,0.4486705348845329,-0.005023397319793737,-0.01077271031676684,-0.6409579069779042,0.007176281885419626,0.01538958616680977,6.51093328452057,18.55024165359998,39.78112160326983,-9.301333263600815,-26.50034521942854,-56.83017371895691,-19.78112160326983,76.8301737189569
unequal,1.2,0.7,12,65,0.15,45,20,0.55,12,60000,1,0.3402777777777778,44.51865218934573,63.59807455620818,0.106024115432271,0.893322721863741,0.6253259053046187,19462143.95631705,0.4507503441692989,0.001841250889040734,0.003948575273942232,-0.6439290630989986,-0.002630358412915335,-0.005640821819917474,4.735297408834039,18.55655315304905,39.79465665751715,-6.764710584048626,-26.50936164721293,-56.8495095107388,-19.79465665751715,76.8495095107388
unequal,1.2,0.7,12,65,0.15,45,20,0.55,12,60000,1,0.3472222222222222,44.51865218934573,63.59807455620818,0.106024115432271,0.893322721863741,0.6253259053046187,19462143.95631705,0.452176093324228,0.008703248423904348,0.01866417647597678,-0.64596584760604,-0.01243321203414907,-0.02666310925139541,2.975241441951135,18.53602664736492,39.75063742402367,-4.25034491707305,-26.48003806766418,-56.78662489146238,-19.75063742402367,76.78662489146238
unequal,1.2,0.7,12,65,0.15,45,20,0.55,12,60000,1,0.3541666666666667,44.51865218934573,63.59807455620818,0.106024115432271,0.893322721863741,0.6253259053046187,19462143.95631705,0.4529538238870179,0.01555279312508078,0.03335307248998921,-0.6470768912671685,-0.02221827589297254,-0.0476472464142703,1.232250016853626,18.48934336725751,39.65052480676124,-1.760357166933752,-26.41334766751073,-56.64360686680178,-19.65052480676124,76.64360686680178
unequal,1.2,0.7,12,65,0.15,45,20,0.55,12,60000,1,0.3611111111111111,44.51865218934573,63.59807455620818,0.106024115432271,0.893322721863741,0.6253259053046187,19462143.95631705,0.4530901083008099,0.02238033165778349,0.04799477612341586,-0.6472715832868714,-0.03197190236826214,-0.06856396589059409,-0.4922898692117285,18.41716710726351,39.4957423177076,0.7032712417310408,-26.31023872466216,-56.42248902529658,-19.4957423177076,76.42248902529658
unequal,1.2,0.7,12,65,0.15,45,20,0.55,12,60000,1,0.3680555555555556,44.51865218934573,63.59807455620818,0.106024115432271,0.893322721863741,0.6253259053046187,19462143.95631705,0.4525920154042419,0.02917655290040662,0.06256931961153524,-0.64656002200606,-0.04168078985772375,-0.08938474230219319,-2.197080221938808,18.32014339678808,39.28767429913952,3.138686031341155,-26.17163342398297,-56.12524899877075,-19.28767429913952,76.12524899877076
unequal,1.2,0.7,12,65,0.15,45,20,0.55,12,60000,1,0.375,44.51865218934573,63.59807455620818,0.106024115432271,0.893322721863741,0.6253259053046187,19462143.95631705,0.4514670790348291,0.0359323810716985,0.0770572398786441,-0.6449529700497559,-0.0513319729595693,-0.1100817712552059,-3.880903850642111,18.19889891256305,39.02766466364534,5.544148358060158,-25.99842701794721,-55.75380666235048,-19.02766466364534,75.75380666235048
unequal,1.2,0.7,12,65,0.15,45,20,0.55,12,60000,1,0.3819444444444444,44.51865218934573,63.59807455620818,0.106024115432271,0.893322721863741,0.6253259053046187,19462143.95631705,0.4497232695866883,0.04263896868073466,0.09143956341922579,-0.6424618136952691,-0.06091281240104952,-0.1306279477417512,-5.542616594257774,18.05404110367456,38.71701608999411,7.918023706082534,-25.79148729096365,-55.31002298570588,-18.71701608999411,75.31002298570587
unequal,1.2,0.7,12,65,0.15,45,20,0.55,12,60000,1,0.3888888888888889,44.51865218934573,63.59807455620818,0.106024115432271,0.893322721863741,0.6253259053046187,19462143.95631705,0.4473689683673469,0.04928768937347307,0.1056977909573384,-0.639098526239067,-0.07041098481924725,-0.1509968442247692,-7.181139960832001,17.88615800338998,38.35698961959724,10.25877137261715,-25.55165429055712,-54.79569945656748,-18.35698961959724,74.79569945656749
unequal,1.2,0.7,12,65,0.15,45,20,0.55,12,60000,1,0.3958333333333333,44.51865218934573,63.59807455620818,0.106024115432271,0.893322721863741,0.6253259053046187,19462143.95631705,0.4444129446033011,0.05587013074067602,0.1198138820231536,-0.6348756351475729,-0.07981447248668004,-0.1711626886045051,-8.795454165864063,17.69581820488673,37.94880460445862,12.56493452266295,-25.27974029269533,-54.21257800636946,-17.94880460445862,74.21257800636945
unequal,1.2,0.7,12,65,0.15,45,20,0.55,12,60000,1,0.4027777777777778,44.51865218934573,63.59807455620818,0.106024115432271,0.893322721863741,0.6253259053046187,19462143.95631705,0.4408643349498015,0.06237808714401262,0.1337702395684834,-0.6298061927854308,-0.08911155306287517,-0.1911003422406906,-10.38459155281672,17.48357098065084,37.49363896322582,14.83513078973817,-24.97652997235835,-53.56234137603688,-17.49363896322582,73.56234137603688
unequal,1.2,0.7,12,65,0.15,45,20,0.55,12,60000,1,0.4097222222222222,44.51865218934573,63.59807455620818,0.106024115432271,0.893322721863741,0.6253259053046187,19462143.95631705,0.4367326253667993,0.06880355261013206,0.1475496947280717,-0.623903750523999,-0.0982907894430458,-0.2107852781829596,-11.94763037767562,17.24994652777492,36.99262970723315,17.06804339667945,-24.64278075396417,-52.84661386747592,-16.99262970723315,72.84661386747592
unequal,1.2,0.7,12,65,0.15,45,20,0.55,12,60000,1,0.4166666666666667,44.51865218934573,63.59807455620818,0.106024115432271,0.893322721863741,0.6253259053046187,19462143.95631705,0.4320276352298703,0.075138713836352,0.1611354918202442,-0.6171823360426719,-0.1073410197662171,-0.230193559743206,-13.48368893852693,16.99545632364872,36.44687370328262,19.26241276932418,-24.27922331949817,-52.06696243326088,-16.44687370328262,72.06696243326088
unequal,1.2,0.7,12,65,0.15,45,20,0.55,12,60000,1,0.4236111111111111,44.51865218934573,63.59807455620818,0.106024115432271,0.893322721863741,0.6253259053046187,19462143.95631705,0.4267595035520836,0.08137594334624987,0.1745112736690266,-0.6096564336458338,-0.1162513476374998,-0.2493018195271809,-14.99192003063568,16.72059357861137,35.85742864435977,21.41702861519383,-23.8865622551591,-51.2248980633711,-15.85742864435977,71.2248980633711
unequal,1.2,0.7,12,65,0.15,45,20,0.55,12,60000,1,0.4305555555555556,44.51865218934573,63.59807455620818,0.106024115432271,0.893322721863741,0.6253259053046187,19462143.95631705,0.4209386772000262,0.08750779282884542,0.1876610673199757,-0.6013409674286089,-0.1250111326126363,-0.2680872390285368,-16.47150570737719,16.42583377403202,35.22531420355131,23.53072243911028,-23.46547682004574,-50.32187743364473,-15.22531420355131,70.32187743364473
unequal,1.2,0.7,12,65,0.15,45,20,0.55,12,60000,1,0.4375,44.51865218934573,63.59807455620818,0.106024115432271,0.893322721863741,0.6253259053046187,19462143.95631705,0.4145759009944519,0.09352698669111059,0.200569270213492,-0.5922512871349312,-0.1336099809873008,-0.2865275288764172,-17.9216523275256,16.11163527601922,34.55151335014916,25.60236046789371,-23.01662182288461,-49.35930478592737,-14.55151335014916,69.35930478592738
unequal,1.2,0.7,12,65,0.15,45,20,0.55,12,60000,1,0.4444444444444444,44.51865218934573,63.59807455620818,0.106024115432271,0.893322721863741,0.6253259053046187,19462143.95631705,0.4076822095931645,0.09942641585022038,0.2132206368722589,-0.5824031565616636,-0.1420377369288863,-0.3046009098175127,-19.34158586979184,15.7784400165399,33.83697381031477,27.63083695684548,-22.540628595057,-48.33853401473539,-13.83697381031477,68.33853401473539
unequal,1.2,0.7,12,65,0.15,45,20,0.55,12,60000,1,0.4513888888888889,44.51865218934573,63.59807455620818,0.106024115432271,0.893322721863741,0.6253259053046187,19462143.95631705,0.4002689210607163,0.1051991317891858,0.2256002661535061,-0.571812744372452,-0.1502844739845512,-0.3222860945050087,-20.73054749607828,15.42667423517074,33.08260965777016,29.61506785154041,-22.03810605024392,-47.26087093967165,-13.08260965777016,67.26087093967166
unequal,1.2,0.7,12,65,0.15,45,20,0.55,12,60000,1,0.4583333333333333,44.51865218934573,63.59807455620818,0.106024115432271,0.893322721863741,0.6253259053046187,19462143.95631705,0.392347632036226,0.1108383408972528,0.2376935891119564,-0.5604966171946086,-0.1583404869960755,-0.3395622701599377,-22.08778934564514,15.05674927601982,32.28930302280179,31.55398477949306,-21.50964182288546,-46.1275757468597,-12.28930302280179,66.1275757468597
unequal,1.2,0.7,12,65,0.15,45,20,0.55,12,60000,1,0.4652777777777778,44.51865218934573,63.59807455620818,0.106024115432271,0.893322721863741,0.6253259053046187,19462143.95631705,0.3839302144170558,0.1163373991146506,0.2494863575154507,-0.5484717348815082,-0.1661962844495009,-0.3564090821649297,-23.41257054323211,14.66906243555798,31.4579059104409,33.44652934747444,-20.95580347936855,-44.93986558634414,-11.4579059104409,64.93986558634414
unequal,1.2,0.7,12,65,0.15,45,20,0.55,12,60000,1,0.4722222222222222,44.51865218934573,63.59807455620818,0.106024115432271,0.893322721863741,0.6253259053046187,19462143.95631705,0.3750288134821866,0.1216898068999089,0.2609646330523265,-0.5357554478316952,-0.1738425812855842,-0.3728066186461808,-24.70415340513032,14.26399785819901,30.58924212104129,35.29164772161474,-20.37713979742716,-43.69891731577328,-10.58924212104129,63.69891731577328
unequal,1.2,0.7,12,65,0.15,45,20,0.55,12,60000,1,0.4791666666666667,44.51865218934573,63.59807455620818,0.106024115432271,0.893322721863741,0.6253259053046187,19462143.95631705,0.3656558473848611,0.1268892045369807,0.272114777267508,-0.5223654962640873,-0.1812702921956867,-0.38873539609644,-25.96179982823019,13.84192747747635,29.68410926863946,37.08828546890027,-19.77418211068051,-42.40587038377066,-9.68410926863946,62.40587038377066
unequal,1.2,0.7,12,65,0.15,45,20,0.55,12,60000,1,0.4861111111111111,44.51865218934573,63.59807455620818,0.106024115432271,0.893322721863741,0.6253259053046187,19462143.95631705,0.3558240079494058,0.1319293677987829,0.2829234422629409,-0.508320011356294,-0.1884705254268327,-0.4041763460899155,-27.18476784817359,13.40321200159367,28.74328089447441,38.83538264024799,-19.14744571656239,-41.06182984924916,-8.743280894474406,61.06182984924916
unequal,1.2,0.7,12,65,0.15,45,20,0.55,12,60000,1,0.4930555555555556,44.51865218934573,63.59807455620818,0.106024115432271,0.893322721863741,0.6253259053046187,19462143.95631705,0.3455462627120577,0.1368042039834804,0.293377562197375,-0.4936375181600825,-0.1954345771192577,-0.4191108031391073,-28.37230835390325,12.94820194298443,27.76750867488543,40.53186907700465,-18.49743134712062,-39.66786953555062,-7.767508674885427,59.66786953555062
unequal,1.2,0.7,12,65,0.15,45,20,0.55,12,60000,1,0.5,44.51865218934573,63.59807455620818,0.106024115432271,0.893322721863741,0.6253259053046187,19462143.95631705,0.3348358581501005,0.1415077483398508,0.3034643456205351,-0.4783369402144292,-0.2021539261997869,-0.4335204937436216,-29.52366194712383,12.47723869231351,26.75752472451596,42.17665992446261,-17.82462670330502,-38.22503532073708,-6.757524724515957,58.22503532073708
unequal,1.2,0.7,12,65,0.15,45,20,0.55,12,60000,1,0.5069444444444444,44.51865218934573,63.59807455620818,0.106024115432271,0.893322721863741,0.6253259053046187,19462143.95631705,0.3237063240476287,0.1460341608983649,0.3131712686773498,-0.4624376057823268,-0.208620229854807,-0.4473875266819284,-30.63805593646801,11.99065563809772,25.71404399734752,43.76865133781146,-17.12950805442532,-36.73434856763932,-5.71404399734752,56.73434856763932
unequal,1.2,0.7,12,65,0.15,45,20,0.55,12,60000,1,0.5138888888888888,44.51865218934573,63.59807455620818,0.106024115432271,0.893322721863741,0.6253259053046187,19462143.95631705,0.3121714789497884,0.1503777237251866,0.3224860692191371,-0.445959255642555,-0.2148253196074095,-0.4606943845987674,-31.71470145749952,11.48877933381958,24.63776678958329,45.30671636785645,-16.41254190545654,-35.1968096994047,-4.637766789583285,55.1968096994047
unequal,1.2,0.7,12,65,0.15,45,20,0.55,12,60000,1,0.5208333333333334,44.51865218934573,63.59807455620818,0.106024115432271,0.893322721863741,0.6253259053046187,19462143.95631705,0.3002454366603651,0.1545328386171125,0.3313967418603845,-0.4289220523719502,-0.2207611980244464,-0.4734239169434065,-32.75279071108661,10.97193071506664,23.52938134981179,46.78970101583803,-15.67418673580948,-33.61340192830256,-3.529381349811789,53.61340192830256
unequal,1.2,0.7,12,65,0.15,45,20,0.55,12,60000,1,0.5277777777777778,44.51865218934573,63.59807455620818,0.106024115432271,0.893322721863741,0.6253259053046187,19462143.95631705,0.2879426137400865,0.1584940252565187,0.3398915340220211,-0.4113465910572663,-0.226420036080741,-0.485559334317173,-33.75149431415434,10.44042636985176,22.38956660321759,48.21642044879192,-14.91489481407395,-31.9850951474537,-2.389566603217592,51.98509514745371
unequal,1.2,0.7,12,65,0.15,45,20,0.55,12,60000,1,0.5347222222222222,44.51865218934573,63.59807455620818,0.106024115432271,0.893322721863741,0.6253259053046187,19462143.95631705,0.2752777379649304,0.1622559198466701,0.3479589430048282,-0.393253911378472,-0.2317941712095287,-0.4970842042926118,-34.70995875838014,9.894579865862259,21.21899499787615,49.58565536911449,-14.13511409408894,-30.31284999696594,-1.218994997876152,50.31284999696594
unequal,1.2,0.7,12,65,0.15,45,20,0.55,12,60000,1,0.5416666666666666,44.51865218934573,63.59807455620818,0.106024115432271,0.893322721863741,0.6253259053046187,19462143.95631705,0.2622658577050761,0.1658132742492294,0.3555877141398217,-0.3746655110072516,-0.2368761060703277,-0.5079824487711739,-35.62730397404832,9.334703138951292,20.01833548238335,50.89614853435476,-13.33529019850185,-28.5976221176905,-0.01833548238334615,48.59762211769049
unequal,1.2,0.7,12,65,0.15,45,20,0.55,12,60000,1,0.5486111111111112,44.51865218934573,63.59807455620818,0.106024115432271,0.893322721863741,0.6253259053046187,19462143.95631705,0.2489223521858399,0.1691609556475052,0.3627668400660854,-0.3556033602654857,-0.2416585080678646,-0.5182383429515506,-36.50262099803886,8.761107947725616,18.78825662522888,52.1466014257698,-12.51586849675088,-26.84036660746983,1.211743374771121,46.84036660746983
unequal,1.2,0.7,12,65,0.15,45,20,0.55,12,60000,1,0.5555555555555556,44.51865218934573,63.59807455620818,0.106024115432271,0.893322721863741,0.6253259053046187,19462143.95631705,0.2352629425919702,0.1722939467608707,0.3694855611905926,-0.3360899179885289,-0.2461342096583867,-0.5278365159865609,-37.33496974681344,8.174107399599901,17.52942988743038,53.33567106687634,-11.67729628514272,-25.04204269632912,2.470570112569622,45.04204269632912
unequal,1.2,0.7,12,65,0.15,45,20,0.55,12,60000,1,0.5625,44.51865218934573,63.59807455620818,0.106024115432271,0.893322721863741,0.6253259053046187,19462143.95631705,0.2213037039759889,0.1752073466378595,0.3757333673890068,-0.3161481485371271,-0.2502962094826565,-0.5367619534128669,-38.1233768972923,7.574017554180045,16.24253306099999,54.46196699613186,-10.82002507740006,-23.20361865857141,3.757466939000011,43.20361865857141
unequal,1.2,0.7,12,65,0.15,45,20,0.55,12,60000,1,0.5694444444444444,44.51865218934573,63.59807455620818,0.106024115432271,0.893322721863741,0.6253259053046187,19462143.95631705,0.2070610779297954,0.1778963720577044,0.3815000010112903,-0.2958015398997077,-0.2541376743681492,-0.5450000014447004,-38.86683388071432,6.961159110303776,14.92825388681461,55.52404840102046,-9.94451301471968,-21.32607698116373,5.071746113185391,41.32607698116373
unequal,1.2,0.7,12,65,0.15,45,20,0.55,12,60000,1,0.5763888888888888,44.51865218934573,63.59807455620818,0.106024115432271,0.893322721863741,0.6253259053046187,19462143.95631705,0.1925518859764249,0.1803563595725053,0.3867754612611481,-0.2750741228234642,-0.2576519422464362,-0.5525363732302117,-39.56429499695971,6.335859183502843,13.58729386639589,56.52042142422815,-9.051227405004063,-19.41041980913698,6.412706133604113,39.41041980913698
unequal,1.2,0.7,12,65,0.15,45,20,0.55,12,60000,1,0.5833333333333334,44.51865218934573,63.59807455620818,0.106024115432271,0.893322721863741,0.6253259053046187,19462143.95631705,0.1777933436356187,0.1825827682247927,0.3915500100238608,-0.2539904909080268,-0.2608325260354182,-0.559357157176944,-40.21467565941674,5.698453181052551,12.2203722829669,57.44953665630963,-8.140647401503646,-17.45767468995272,7.779627717033096,37.45767468995273
unequal,1.2,0.7,12,65,0.15,45,20,0.55,12,60000,1,0.5902777777777778,44.51865218934573,63.59807455620818,0.106024115432271,0.893322721863741,0.6253259053046187,19462143.95631705,0.1628030751126112,0.1845711829779688,0.3958141792228901,-0.2325758215894446,-0.2636731185399555,-0.5654488274612717,-40.81685078331694,5.049286782133666,10.82823044792308,58.30978683330991,-7.213266831619523,-15.46890063989012,9.171769552076915,35.46890063989012
unequal,1.2,0.7,12,65,0.15,45,20,0.55,12,60000,1,0.5972222222222222,44.51865218934573,63.59807455620818,0.106024115432271,0.893322721863741,0.6253259053046187,19462143.95631705,0.1475991285541872,0.1863173188999546,0.399558779791739,-0.2108558979345532,-0.2661675984285066,-0.5707982568453415,-41.3696533335751,4.388718030938557,9.411636189512819,59.09950476225015,-6.269597187055082,-13.44519455644689,10.58836381048718,33.44519455644689
unequal,1.2,0.7,12,65,0.15,45,20,0.55,12,60000,1,0.6041666666666666,44.51865218934573,63.59807455620818,0.106024115432271,0.893322721863741,0.6253259053046187,19462143.95631705,0.1321999918095252,0.1878170261433128,0.402774912353859,-0.1888571311564645,-0.2683100373475897,-0.5753927319340842,-41.87187305158177,3.717119550797486,7.97138860104659,59.81696150225967,-5.310170786853552,-11.38769800149513,12.02861139895341,31.38769800149513
unequal,1.2,0.7,12,65,0.15,45,20,0.55,12,60000,1,0.6111111111111112,44.51865218934573,63.59807455620818,0.106024115432271,0.893322721863741,0.6253259053046187,19462143.95631705,0.116624608625441,0.189066295768138,0.4054539797098791,-0.16660658375063,-0.2700947082401973,-0.579219971014113,-42.32225538413708,3.034880887563513,6.508323066302146,60.46036483448155,-4.335544125090734,-9.297604380431638,13.49167693369785,29.29760438043164
unequal,1.2,0.7,12,65,0.15,45,20,0.55,12,60000,1,0.6180555555555556,44.51865218934573,63.59807455620818,0.106024115432271,0.893322721863741,0.6253259053046187,19462143.95631705,0.1008923951963443,0.1900612664570702,0.4075877012379983,-0.1441319931376347,-0.2715160949386717,-0.5822681446257119,-42.719500641815,2.342410990560382,5.02331657993439,61.02785805973572,-3.346301415086261,-7.176166542763415,14.97668342006561,27.17616654276341
unequal,1.2,0.7,12,65,0.15,45,20,0.55,12,60000,1,0.625,44.51865218934573,63.59807455620818,0.106024115432271,0.893322721863741,0.6253259053046187,19462143.95631705,0.08502325697829198,0.1907982321748505,0.4091681293199563,-0.1214617956832743,-0.2725689031069292,-0.584525899028509,-43.06226341853897,1.640140839341163,3.51729338057748,61.51751916934139,-2.343058341915948,-5.024704829396401,16.48270661942252,25.0247048293964
unequal,1.2,0.7,12,65,0.15,45,20,0.55,12,60000,1,0.6319444444444444,44.51865218934573,63.59807455620818,0.106024115432271,0.893322721863741,0.6253259053046187,19462143.95631705,0.06903760566387482,0.1912736508278605,0.4101876679114758,-0.09862515094839261,-0.2732480726112294,-0.5859823827306798,-43.34915230906072,0.9285262243006531,1.991230913887361,61.92736044151533,-1.326466034715219,-2.844615591267659,18.00876908611264,22.84461559126766
unequal,1.2,0.7,12,65,0.15,45,20,0.55,12,60000,1,0.6388888888888888,44.51865218934573,63.59807455620818,0.106024115432271,0.893322721863741,0.6253259053046187,19462143.95631705,0.05295637620012539,0.1914841539819935,0.4106390933823031,-0.07565196600017914,-0.2735487914028479,-0.586627276260433,-43.57872996639102,0.2080506887988207,0.4461661419458514,62.25532852341576,-0.297215269712601,-0.6373802027797878,19.55383385805415,20.63738020277979
unequal,1.2,0.7,12,65,0.15,45,20,0.55,12,60000,1,0.6458333333333334,44.51865218934573,63.59807455620818,0.106024115432271,0.893322721863741,0.6253259053046187,19462143.95631705,0.03680104371500989,0.1914265576999344,0.4105155777568317,-0.05257291959287128,-0.2734665109999063,-0.5864508253669024,-43.74951354705487,-0.5207713601526073,-1.116797785850442,62.49930506722126,0.7439590859322961,1.595425408357774,21.11679778585044,18.40457459164223
unequal,1.2,0.7,12,65,0.15,45,20,0.55,12,60000,1,0.6527777777777778,44.51865218934573,63.59807455620818,0.106024115432271,0.893322721863741,0.6253259053046187,19462143.95631705,0.02059364019921241,0.1910978745613855,0.4098107144915588,-0.02941948599887488,-0.2729969636591222,-0.585443877845084,-43.85997559835178,-1.257391366456257,-2.696484487154414,62.65710799764541,1.796273380651796,3.852120695934877,22.69648448715441,16.14787930406512
unequal,1.2,0.7,12,65,0.15,45,20,0.55,12,60000,1,0.6597222222222222,44.51865218934573,63.59807455620818,0.106024115432271,0.893322721863741,0.6253259053046187,19462143.95631705,0.004356770768629268,0.1904953269318511,0.4085185469300857,-0.006223958240898954,-0.2721361813312159,-0.5835979241858367,-43.90854544859815,-2.001223159746675,-4.291636915560749,62.72649349799737,2.858890228209535,6.130909879372499,24.29163691556075,13.8690901206275
unequal,1.2,0.7,12,65,0.15,45,20,0.55,12,60000,1,0.6666666666666666,44.51865218934573,63.59807455620818,0.106024115432271,0.893322721863741,0.6253259053046187,19462143.95631705,-0.01188637069089991,0.1896163615471712,0.406633599579751,0.01698052955842845,-0.2708805164959588,-0.5809051422567872,-43.89361116860969,-2.75163930701374,-5.900909536637092,62.70515881229957,3.930913295733915,8.429870766624417,25.90090953663709,11.57012923337558
unequal,1.2,0.7,12,65,0.15,45,20,0.55,12,60000,1,0.6736111111111112,44.51865218934573,63.59807455620818,0.106024115432271,0.893322721863741,0.6253259053046187,19462143.95631705,-0.02811198672176691,0.1884586654819125,0.4041509123559571,0.04015998103109558,-0.2692266649741606,-0.5773584462227959,-43.8135221804239,-3.50796727958208,-7.52286010798486,62.59074597203414,5.011381827974399,10.74694301140694,27.52286010798486,9.253056988593057
unequal,1.2,0.7,12,65,0.15,45,20,0.55,12,60000,1,0.6805555555555556,44.51865218934573,63.59807455620818,0.106024115432271,0.893322721863741,0.6253259053046187,19462143.95631705,-0.04429566259042785,0.1870201835698184,0.4010660779404436,0.06327951798632551,-0.2671716908140263,-0.5729515399149195,-43.66659259742369,-4.269485436505867,-9.155941065601603,62.38084656774812,6.099264909294095,13.07991580800229,29.1559410656016,6.920084191997709
unequal,1.2,0.7,12,65,0.15,45,20,0.55,12,60000,1,0.6875,44.51865218934573,63.59807455620818,0.106024115432271,0.893322721863741,0.6253259053046187,19462143.95631705,-0.06041235396835388,0.1852991373435675,0.3973752823977316,0.08630336281193413,-0.2647130533479536,-0.5676789748539024,-43.45110538853388,-5.035418828547039,-10.79849052548326,62.07300769790555,7.193455469352914,15.42641503640466,30.79849052548326,4.573584963595341
unequal,1.2,0.7,12,65,0.15,45,20,0.55,12,60000,1,0.6944444444444444,44.51865218934573,63.59807455620818,0.106024115432271,0.893322721863741,0.6253259053046187,19462143.95631705,-0.07643637632145668,0.1832940455588707,0.3930753491891925,0.1091948233163667,-0.2618486365126725,-0.561536213127418,-43.16531746791861,-5.804934830701998,-12.44872291754742,61.66473923988374,8.292764043859998,17.7838898822106,32.44872291754741,2.216110117789402
unequal,1.2,0.7,12,65,0.15,45,20,0.55,12,60000,1,0.7013888888888888,44.51865218934573,63.59807455620818,0.106024115432271,0.893322721863741,0.6253259053046187,19462143.95631705,-0.09234139637049096,0.1810037463641715,0.3881637867161226,0.1319162805292728,-0.258576780520245,-0.5545196953087466,-42.80746582046865,-6.577138615827758,-14.10471927879329,61.1535226006695,9.39591230832537,20.14959896970469,34.10471927879328,-0.1495989697046944
unequal,1.2,0.7,12,65,0.15,45,20,0.55,12,60000,1,0.7083333333333334,44.51865218934573,63.59807455620818,0.106024115432271,0.893322721863741,0.6253259053046187,19462143.95631705,-0.1081004260273992,0.1784274211715777,0.3826388395111222,0.1544291800391417,-0.2548963159593967,-0.5466269135873174,-42.37577478213608,-7.351068487401992,-15.7644172443733,60.53682111733726,10.50152641057428,22.52059606339044,35.76441724437331,-2.520596063390435
unequal,1.2,0.7,12,65,0.15,45,20,0.55,12,60000,1,0.7152777777777778,44.51865218934573,63.59807455620818,0.106024115432271,0.893322721863741,0.6253259053046187,19462143.95631705,-0.1236858192581456,0.1755646202768232,0.37649954318028,0.1766940275116366,-0.2508066003954617,-0.5378564902575429,-41.86846460260075,-8.125691095937498,-17.42560078916086,59.81209228942966,11.60813013705357,24.89371541308694,37.42560078916086,-4.893715413086944
unequal,1.2,0.7,12,65,0.15,45,20,0.55,12,60000,1,0.7222222222222222,44.51865218934573,63.59807455620818,0.106024115432271,0.893322721863741,0.6253259053046187,19462143.95631705,-0.1390692723712387,0.1724152902656082,0.3697457831762612,0.1986703891017696,-0.2463075575222975,-0.5282082616803732,-41.28376142551061,-8.899896571180316,-19.08588978871548,58.97680203644374,12.71413795882902,27.26555684102211,39.08588978871548,-7.265556841022111
unequal,1.2,0.7,12,65,0.15,45,20,0.55,12,60000,1,0.7291666666666666,44.51865218934573,63.59807455620818,0.106024115432271,0.893322721863741,0.6253259053046187,19462143.95631705,-0.154221828282437,0.1689798032301908,0.3623783574534877,0.2203168975463386,-0.2413997189002726,-0.5176833677906967,-40.61990882822329,-9.672493611056987,-20.7427294874962,58.02844118317613,13.8178480157957,29.63247069642314,40.74272948749621,-9.632470696423145
unequal,1.2,0.7,12,65,0.15,45,20,0.55,12,60000,1,0.7361111111111112,44.51865218934573,63.59807455620818,0.106024115432271,0.893322721863741,0.6253259053046187,19462143.95631705,-0.1691138853596384,0.1652589878031057,0.3543990430201649,0.2415912647994835,-0.2360842682901511,-0.5062843471716643,-39.87518106808644,-10.44220457850587,-22.39337998398243,56.96454438298064,14.91743511215124,31.99054283426062,42.39337998398243,-11.99054283426062
unequal,1.2,0.7,12,65,0.15,45,20,0.55,12,60000,1,0.7430555555555556,44.51865218934573,63.59807455620818,0.106024115432271,0.893322721863741,0.6253259053046187,19462143.95631705,-0.1837152115069887,0.1612541619938704,0.3458106663568245,0.262450302152841,-0.230363088562672,-0.4940152376526065,-39.0478981852214,-11.207660668919,-24.03490586721957,55.78271169317344,16.01094381274142,34.33557981031367,44.03490586721957,-14.33557981031367
unequal,1.2,0.7,12,65,0.15,45,20,0.55,12,60000,1,0.75,44.51865218934573,63.59807455620818,0.106024115432271,0.893322721863741,0.6253259053046187,19462143.95631705,-0.1979949642028004,0.1569671677889633,0.336617177616217,0.2828499488611435,-0.2242388111270905,-0.4808816823088813,-38.13644311179633,-11.96739722399343,-25.66416616734079,54.4806330168519,17.09628174856205,36.66309452477256,45.6641661673408,-16.66309452477256
unequal,1.2,0.7,12,65,0.15,45,20,0.55,12,60000,1,0.7569444444444444,44.51865218934573,63.59807455620818,0.106024115432271,0.893322721863741,0.6253259053046187,19462143.95631705,-0.2119217172608302,0.1524004074446615,0.3268237284535531,0.3027453103726145,-0.2177148677780879,-0.4668910406479331,-37.13928093403435,-12.71984928237702,-27.27780481389606,53.05611562004907,18.1712132605386,38.96829259128008,47.27780481389605,-18.96829259128008
unequal,1.2,0.7,12,65,0.15,45,20,0.55,12,60000,1,0.7638888888888888,44.51865218934573,63.59807455620818,0.106024115432271,0.893322721863741,0.6253259053046187,19462143.95631705,-0.225463495137133,0.1475568813659647,0.3164367532581191,0.3220907073387615,-0.210795544808521,-0.452052504654456,-36.0549804447212,-13.46334747356192,-28.87224183027841,51.5071149210303,19.23335353365989,41.24605975754059,48.87224183027841,-21.24605975754059
unequal,1.2,0.7,12,65,0.15,45,20,0.55,12,60000,1,0.7708333333333334,44.51865218934573,63.59807455620818,0.106024115432271,0.893322721863741,0.6253259053046187,19462143.95631705,-0.238587815653241,0.1424402274222572,0.305464053465986,0.3408397366474871,-0.2034860391746532,-0.4363772192371229,-34.88223810963477,-14.19611437894124,-30.44366552998475,49.83176872804967,20.28016339848749,43.49095075712107,50.44366552998474,-23.49095075712107
unequal,1.2,0.7,12,65,0.15,45,20,0.55,12,60000,1,0.7777777777777778,44.51865218934573,63.59807455620818,0.106024115432271,0.893322721863741,0.6253259053046187,19462143.95631705,-0.25126174204834,0.1370547615011005,0.2939148845278971,0.3589453457833428,-0.1957925164301436,-0.4198784064684245,-33.61990454988061,-14.91626150261332,-31.98802602048456,48.02843507125801,21.30894500373331,45.69718002926367,51.98802602048457,-25.69718002926367
unequal,1.2,0.7,12,65,0.15,45,20,0.55,12,60000,1,0.7847222222222222,44.51865218934573,63.59807455620818,0.106024115432271,0.893322721863741,0.6253259053046187,19462143.95631705,-0.2634519453056083,0.1314055190451939,0.2818000449855689,0.3763599218651548,-0.1877221700645627,-0.402571492836527,-32.26701361223891,-15.621787014099,-33.50103036246164,46.09573373176988,22.31683859156999,47.85861480351664,53.50103036246164,-27.85861480351664
unequal,1.2,0.7,12,65,0.15,45,20,0.55,12,60000,1,0.7916666666666666,44.51865218934573,63.59807455620818,0.106024115432271,0.893322721863741,0.6253259053046187,19462143.95631705,-0.2751247777175224,0.1254982972538538,0.2691319669730551,0.3930353967393178,-0.1792832817912197,-0.3844742385329359,-30.82281405989984,-16.31057444519468,-34.97813977520634,44.03259151414263,23.3008206359924,49.96877110743765,54.97813977520634,-29.96877110743765
unequal,1.2,0.7,12,65,0.15,45,20,0.55,12,60000,1,0.7986111111111112,44.51865218934573,63.59807455620818,0.106024115432271,0.893322721863741,0.6253259053046187,19462143.95631705,-0.2862463586578562,0.119339697559239,0.2559248073073056,0.4089233695112233,-0.1704852822274842,-0.3656068675818652,-29.28680386495317,-16.9803925431182,-36.41456932168587,41.8382912356474,24.25770363302599,52.0208133166941,56.41456932168587,-32.0208133166941
unequal,1.2,0.7,12,65,0.15,45,20,0.55,12,60000,1,0.8055555555555556,44.51865218934573,63.59807455620818,0.106024115432271,0.893322721863741,0.6253259053046187,19462143.95631705,-0.2967826735098381,0.1129371679092044,0.2421945381640389,0.4239752478711973,-0.1613388112988635,-0.3459921973771984,-27.65876702033797,-17.62889650112257,-37.80529054760409,39.51252431476853,25.18413785874652,54.0075579251487,57.80529054760409,-34.0075579251487
unequal,1.2,0.7,12,65,0.15,45,20,0.55,12,60000,1,0.8125,44.51865218934573,63.59807455620818,0.106024115432271,0.893322721863741,0.6253259053046187,19462143.95631705,-0.3066996866555901,0.1062990443036013,0.2279590361526252,0.4381424095079858,-0.1518557775765733,-0.3256557659323218,-25.93881271143071,-18.25363080484788,-39.14503758542274,37.05544673061531,26.07661543549698,55.92148226488963,59.14503758542274,-35.92148226488963
unequal,1.2,0.7,12,65,0.15,45,20,0.55,12,60000,1,0.8194444444444444,44.51865218934573,63.59807455620818,0.106024115432271,0.893322721863741,0.6253259053046187,19462143.95631705,-0.3159634693562323,0.0994345909400019,0.2132381684088711,0.4513763847946176,-0.1420494156285741,-0.3046259548698159,-24.12741659513726,-18.85203394661005,-40.42831726418639,34.46773799305323,26.9314770665858,57.7547389488377,60.42831726418639,-37.7547389488377
unequal,1.2,0.7,12,65,0.15,45,20,0.55,12,60000,1,0.8263888888888888,44.51865218934573,63.59807455620818,0.106024115432271,0.893322721863741,0.6253259053046187,19462143.95631705,-0.3245403432393379,0.09235403822963761,0.1980538741204622,0.4636290617704828,-0.1319343403280537,-0.2829341058863746,-22.22546382677224,-19.4214452691061,-41.64942378589566,31.75066260967463,27.74492181300872,59.49917683699381,61.64942378589566,-39.49917683699381
unequal,1.2,0.7,12,65,0.15,45,20,0.55,12,60000,1,0.8333333333333334,44.51865218934573,63.59807455620818,0.106024115432271,0.893322721863741,0.6253259053046187,19462143.95631705,-0.3323970399551104,0.08506861784684115,0.1824302396907338,0.4748529142215864,-0.1215265969240588,-0.2606146281296197,-20.23429335232787,-19.9591142029266,-42.80245853541671,28.90613336046839,28.51302028989514,61.1463693363096,62.80245853541671,-41.1463693363096
unequal,1.2,0.7,12,65,0.15,45,20,0.55,12,60000,1,0.8402777777777778,44.51865218934573,63.59807455620818,0.106024115432271,0.893322721863741,0.6253259053046187,19462143.95631705,-0.3395008773592915,0.07759059387818779,0.1663935655382203,0.4850012533704165,-0.1108437055402683,-0.237705093626029,-18.15574284697245,-20.46221215687967,-43.88135557936327,25.93677549567493,29.23173165268525,62.68765082766183,63.88135557936327,-42.68765082766183
unequal,1.2,0.7,12,65,0.15,45,20,0.55,12,60000,1,0.8472222222222222,44.51865218934573,63.59807455620818,0.106024115432271,0.893322721863741,0.6253259053046187,19462143.95631705,-0.3458199523245814,0.06993328904426424,0.14997242232942,0.4940285033208306,-0.0999046986346632,-0.2142463176134571,-15.99219353187868,-20.9278473043666,-44.87991337558148,22.84599075982668,29.89692472052372,64.11416196511641,64.87991337558148,-44.11416196511641
unequal,1.2,0.7,12,65,0.15,45,20,0.55,12,60000,1,0.8541666666666666,44.51865218934573,63.59807455620818,0.106024115432271,0.893322721863741,0.6253259053046187,19462143.95631705,-0.3513233499693552,0.06211110488183205,0.1331976942595839,0.5018904999562217,-0.08873014983118865,-0.1902824203708341,-13.74661394420755,-21.3530824807531,-45.79183315418644,19.6380199202965,30.50440354393301,65.41690450598064,65.79183315418643,-45.41690450598064
unequal,1.2,0.7,12,65,0.15,45,20,0.55,12,60000,1,0.8611111111111112,44.51865218934573,63.59807455620818,0.106024115432271,0.893322721863741,0.6253259053046187,19462143.95631705,-0.3559813687204642,0.05413953470209049,0.1161026068418005,0.5085448124578059,-0.07734219243155785,-0.1658608669168578,-11.42260157422784,-21.73495636376548,-46.61076433906835,16.31800224889691,31.04993766252213,66.58680619866908,66.61076433906835,-46.58680619866908
unequal,1.2,0.7,12,65,0.15,45,20,0.55,12,60000,1,0.8680555555555556,44.51865218934573,63.59807455620818,0.106024115432271,0.893322721863741,0.6253259053046187,19462143.95631705,-0.3597657601957482,0.04603516808754443,0.09872273655055981,0.5139510859939261,-0.06576452583934919,-0.141032480786514,-9.024421125811475,-22.07050804954057,-47.33035725140167,12.89203017973068,31.52929721362939,67.61479607343097,67.33035725140167,-47.61479607343097
unequal,1.2,0.7,12,65,0.15,45,20,0.55,12,60000,1,0.875,44.51865218934573,63.59807455620818,0.106024115432271,0.893322721863741,0.6253259053046187,19462143.95631705,-0.3626499824042119,0.03781568566206476,0.08109599960611197,0.5180714034345885,-0.05402240808866395,-0.1158514280087314,-6.557038010382749,-22.35680505964324,-47.94432317088804,9.367197157689644,31.93829294234748,68.49189024412577,67.94432317088804,-48.49189024412577
unequal,1.2,0.7,12,65,0.15,45,20,0.55,12,60000,1,0.8819444444444444,44.51865218934573,63.59807455620818,0.106024115432271,0.893322721863741,0.6253259053046187,19462143.95631705,-0.3646094642237606,0.02949984287282873,0.0632626171947258,0.5208706631768009,-0.04214263267546962,-0.09037516742103686,-4.026145559996197,-22.59097471839312,-48.44650162465052,5.751636514280283,32.27282102627589,69.20928803521502,68.44650162465052,-49.20928803521502
unequal,1.2,0.7,12,65,0.15,45,20,0.55,12,60000,1,0.8888888888888888,44.51865218934573,63.59807455620818,0.106024115432271,0.893322721863741,0.6253259053046187,19462143.95631705,-0.3656218785381326,0.02110744156587987,0.0452650545122805,0.5223169693401895,-0.03015348795125696,-0.06466436358897215,-1.438184354291705,-22.77023872541971,-48.83093452831731,2.054549077559579,32.52891246488529,69.75847789759617,68.8309345283173,-49.75847789759617
unequal,1.2,0.7,12,65,0.15,45,20,0.55,12,60000,1,0.8958333333333334,44.51865218934573,63.59807455620818,0.106024115432271,0.893322721863741,0.6253259053046187,19462143.95631705,-0.3656674208109045,0.01265928822564493,0.02714793120862072,0.5223820297298636,-0.01808469746520704,-0.03878275886945817,1.19964798859217,-22.8919506169365,-49.09194652198338,-1.713782840845957,32.70278659562358,70.13135217426198,69.09194652198337,-50.13135217426198
unequal,1.2,0.7,12,65,0.15,45,20,0.55,12,60000,1,0.9027777777777778,44.51865218934573,63.59807455620818,0.106024115432271,0.893322721863741,0.6253259053046187,19462143.95631705,-0.3647290892647601,0.004177137888675799,0.008957901110187936,0.5210415560925145,-0.005967339840965428,-0.01279700158598277,3.87939819230391,-22.95363566371858,-49.22423053169951,-5.541997417577015,32.79090809102655,70.32032933099931,69.2242305316995,-50.32032933099931
unequal,1.2,0.7,12,65,0.15,45,20,0.55,12,60000,1,0.9097222222222222,44.51865218934573,63.59807455620818,0.106024115432271,0.893322721863741,0.6253259053046187,19462143.95631705,-0.3627929622429477,-0.004316377062425568,-0.009256500481900349,0.5182756603470682,0.00616625294632224,0.0132235721170005,6.592371422097189,-22.95303259879431,-49.22293725479589,-9.417673460138841,32.79004656970616,70.31848179256556,69.22293725479589,-50.31848179256556
unequal,1.2,0.7,12,65,0.15,45,20,0.55,12,60000,1,0.9166666666666666,44.51865218934573,63.59807455620818,0.106024115432271,0.893322721863741,0.6253259053046187,19462143.95631705,-0.3598484677857499,-0.01279783376513663,-0.02744504307686641,0.5140692396939284,0.01828261966448091,0.03920720439552345,9.329159482737143,-22.88813640980717,-49.08376692839828,-13.32737068962449,32.69733772829596,70.11966704056897,69.08376692839828,-50.11966704056897
unequal,1.2,0.7,12,65,0.15,45,20,0.55,12,60000,1,0.9236111111111112,44.51865218934573,63.59807455620818,0.106024115432271,0.893322721863741,0.6253259053046187,19462143.95631705,-0.3558886399901099,-0.02124312163179597,-0.04555602135261276,0.5084123428430142,0.03034731661685139,0.06508003050373252,12.07968423249855,-22.75724127797189,-48.80306141231651,-17.25669176071221,32.51034468281699,69.71865916045216,68.80306141231651,-49.71865916045216
unequal,1.2,0.7,12,65,0.15,45,20,0.55,12,60000,1,0.9305555555555556,44.51865218934573,63.59807455620818,0.106024115432271,0.893322721863741,0.6253259053046187,19462143.95631705,-0.3509103563696552,-0.02962756085578751,-0.06353650929305442,0.5013005090995074,0.04232508693683931,0.09076644184722062,14.83325697666381,-22.55898260712538,-48.37789432063514,-21.19036710951973,32.22711801017911,69.11127760090734,68.37789432063514,-49.11127760090734
unequal,1.2,0.7,12,65,0.15,45,20,0.55,12,60000,1,0.9375,44.51865218934573,63.59807455620818,0.106024115432271,0.893322721863741,0.6253259053046187,19462143.95631705,-0.344914550229718,-0.03792603611914089,-0.08133264692499313,0.49273507175674,0.05418005159877271,0.1161894956071331,17.57865415790708,-22.29237697316402,-47.80615669355817,-25.1123630827244,31.84625281880574,68.29450956222595,67.80615669355817,-48.29450956222595
unequal,1.2,0.7,12,65,0.15,45,20,0.55,12,60000,1,0.9444444444444444,44.51865218934573,63.59807455620818,0.106024115432271,0.893322721863741,0.6253259053046187,19462143.95631705,-0.3379063920498777,-0.0461131445032842,-0.09888995751375028,0.4827234172141111,0.06587592071897744,0.1412713678767861,20.30420913315564,-21.95685874711596,-47.08663553584101,-29.0060130473652,31.36694106730852,67.2666221940586,67.08663553584101,-47.2666221940586
unequal,1.2,0.7,12,65,0.15,45,20,0.55,12,60000,1,0.9513888888888888,44.51865218934573,63.59807455620818,0.106024115432271,0.893322721863741,0.6253259053046187,19462143.95631705,-0.3298954340522842,-0.0541633561362453,-0.1161536920722019,0.4712791915032632,0.07737622305177901,0.1659338458174313,22.99791923432133,-21.55231211463467,-46.21908248281605,-32.85417033474477,30.78901730662096,66.02726068973722,66.21908248281605,-46.02726068973722
unequal,1.2,0.7,12,65,0.15,45,20,0.55,12,60000,1,0.9583333333333334,44.51865218934573,63.59807455620818,0.106024115432271,0.893322721863741,0.6253259053046187,19462143.95631705,-0.3208957125470052,-0.06205118563988902,-0.1330691970305654,0.4584224464957217,0.08864455091412718,0.1900988529008076,25.6475666787539,-21.07909723967797,-45.20426990858333,-36.63938096964844,30.11299605668281,64.57752844083335,65.20426990858334,-44.57752844083335
unequal,1.2,0.7,12,65,0.15,45,20,0.55,12,60000,1,0.9652777777777778,44.51865218934573,63.59807455620818,0.106024115432271,0.893322721863741,0.6253259053046187,19462143.95631705,-0.3109258032947166,-0.06975137199156636,-0.1495822999509507,0.4441797189924523,0.09964481713080908,0.2136889999299295,28.24085125638442,-20.53806940678187,-44.04403197674936,-40.34407322340632,29.34009915254553,62.92004568107051,64.04403197674935,-42.92004568107051
unequal,1.2,0.7,12,65,0.15,45,20,0.55,12,60000,1,0.9722222222222222,44.51865218934573,63.59807455620818,0.106024115432271,0.893322721863741,0.6253259053046187,19462143.95631705,-0.3000088260081306,-0.07723906400929351,-0.1656397073016107,0.4285840371544723,0.1103415200132764,0.2366281532880153,30.76553211155552,-19.93059012724646,-42.74128845771952,-43.95076015936504,28.47227161035209,61.05898351102789,62.74128845771952,-41.05898351102789
unequal,1.2,0.7,12,65,0.15,45,20,0.55,12,60000,1,0.9791666666666666,44.51865218934573,63.59807455620818,0.106024115432271,0.893322721863741,0.6253259053046187,19462143.95631705,-0.2881723952082701,-0.08449000833179826,-0.1811894075814516,0.4116748502975289,0.120700011902569,0.2588420108306452,33.20957539840217,-19.25852940789628,-41.30004959407042,-47.44225056914596,27.51218486842325,59.00007084867202,61.30004959407042,-39.00007084867202
unequal,1.2,0.7,12,65,0.15,45,20,0.55,12,60000,1,0.9861111111111112,44.51865218934573,63.59807455620818,0.106024115432271,0.893322721863741,0.6253259053046187,19462143.95631705,-0.2754485159268151,-0.09148073651652845,-0.1961810725530068,0.3934978798954502,0.1306867664521835,0.2802586750757239,35.56130415879478,-18.52425865017084,-39.72540087260043,-50.80186308399254,26.46322664310121,56.75057267514347,59.72540087260043,-36.75057267514347
unequal,1.2,0.7,12,65,0.15,45,20,0.55,12,60000,1,0.9930555555555556,44.51865218934573,63.59807455620818,0.106024115432271,0.893322721863741,0.6253259053046187,19462143.95631705,-0.2618734241541156,-0.0981887477386351,-0.2105664490416702,0.3741048916487366,0.1402696396266216,0.3008092129166718,37.80954648655971,-17.73063396060872,-38.0234672335472,-54.01363783794245,25.32947708658388,54.31923890506743,58.0234672335472,-34.31923890506743
unequal,1.2,0.7,12,65,0.15,45,20,0.55,12,60000,1,1,44.51865218934573,63.59807455620818,0.106024115432271,0.893322721863741,0.6253259053046187,19462143.95631705,-0.2474873734152916,-0.1045926835555419,-0.224299733719526,0.3535533905932738,0.1494181193650599,0.3204281910278943,39.94377792846166,-16.88096999548298,-36.20135698022747,-57.06253989780237,24.11567142211855,51.71622425746781,56.20135698022747,-31.71622425746781
twins,1,1,12,80,0,0,0,1,12,60000,1,0,57.6939534520461,57.6939534520461,0.2387780414263165,0.9551121657052659,0.9551121657052659,19334099.82854636,-0.5,-1.478667013235089e-20,-8.385937349428579e-20,0.5,1.478667013235089e-20,8.385937349428579e-20,9.977207190563584e-18,-10.17300061733401,-57.6939534520461,-9.977207190563584e-18,10.17300061733401,57.6939534520461,57.6939534520461,-57.6939534520461
twins,1,1,12,80,0,0,0,1,12,60000,1,0.006944444444444444,57.6939534520461,57.6939534520461,0.2387780414263165,0.9551121657052659,0.9551121657052659,19334099.82854636,-0.4995241107909289,-0.003787213563469261,-0.02147835542951282,0.4995241107909289,0.003787213563469261,0.02147835542951282,2.555397128591925,-10.16331817489868,-57.63904159229313,-2.555397128591925,10.16331817489868,57.63904159229313,57.63904159229313,-57.63904159229313
twins,1,1,12,80,0,0,0,1,12,60000,1,0.01388888888888889,57.6939534520461,57.6939534520461,0.2387780414263165,0.9551121657052659,0.9551121657052659,19334099.82854636,-0.4980973490458728,-0.00756721795066931,-0.04291582558871564,0.4980973490458728,0.00756721795066931,0.04291582558871564,5.105929913510297,-10.13428927867219,-57.47441054088028,-5.105929913510297,10.13428927867219,57.47441054088028,57.47441054088028,-57.47441054088028
twins,1,1,12,80,0,0,0,1,12,60000,1,0.02083333333333333,57.6939534520461,57.6939534520461,0.2387780414263165,0.9551121657052659,0.9551121657052659,19334099.82854636,-0.4957224306869052,-0.01133281770840771,-0.06427160303473425,0.4957224306869052,0.01133281770840771,0.06427160303473425,7.646743270636216,-10.0859691868084,-57.20037368237091,-7.646743270636216,10.0859691868084,57.20037368237091,57.20037368237091,-57.20037368237091
twins,1,1,12,80,0,0,0,1,12,60000,1,0.02777777777777778,57.6939534520461,57.6939534520461,0.2387780414263165,0.9551121657052659,0.9551121657052659,19334099.82854636,-0.492403876506104,-0.0150768448035229,-0.08550503583141716,0.492403876506104,0.0150768448035229,0.08550503583141716,10.17300061733401,-10.01844987934851,-56.81745266150044,-10.17300061733401,10.01844987934851,56.81745266150044,56.81745266150044,-56.81745266150044
twins,1,1,12,80,0,0,0,1,12,60000,1,0.03472222222222222,57.6939534520461,57.6939534520461,0.2387780414263165,0.9551121657052659,0.9551121657052659,19334099.82854636,-0.4881480035599667,-0.01879217226764275,-0.1065757049326064,0.4881480035599667,0.01879217226764275,0.1065757049326064,12.67989307916114,-9.931859883131811,-56.3263763901959,-12.67989307916114,9.931859883131811,56.3263763901959,56.3263763901959,-56.3263763901959
twins,1,1,12,80,0,0,0,1,12,60000,1,0.04166666666666666,57.6939534520461,57.6939534520461,0.2387780414263165,0.9551121657052659,0.9551121657052659,19334099.82854636,-0.4829629131445342,-0.02247172776377389,-0.1274435011220894,0.4829629131445342,0.02247172776377389,0.1274435011220894,15.16264864383408,-9.826364027137554,-55.72807966005067,-15.16264864383408,9.826364027137554,55.72807966005067,55.72807966005067,-55.72807966005067
twins,1,1,12,80,0,0,0,1,12,60000,1,0.04861111111111111,57.6939534520461,57.6939534520461,0.2387780414263165,0.9551121657052659,0.9551121657052659,19334099.82854636,-0.4768584753741135,-0.02610850704889718,-0.1480687013637714,0.4768584753741135,0.02610850704889718,0.1480687013637714,17.61654124502488,-9.702163128723621,-55.02370136289554,-17.61654124502488,9.702163128723621,55.02370136289554,55.02370136289554,-55.02370136289554
twins,1,1,12,80,0,0,0,1,12,60000,1,0.05555555555555555,57.6939534520461,57.6939534520461,0.2387780414263165,0.9551121657052659,0.9551121657052659,19334099.82854636,-0.4698463103929542,-0.02969558730694235,-0.1684120444167325,0.4698463103929542,0.02969558730694235,0.1684120444167325,20.03689975869701,-9.55949361135926,-54.2145823228534,-20.03689975869701,9.55949361135926,54.2145823228534,54.2145823228534,-54.2145823228534
twins,1,1,12,80,0,0,0,1,12,60000,1,0.0625,57.6939534520461,57.6939534520461,0.2387780414263165,0.9551121657052659,0.9551121657052659,19334099.82854636,-0.4619397662556434,-0.03322614032676192,-0.1884348055712317,0.4619397662556434,0.03322614032676192,0.1884348055712317,22.41911689485555,-9.398627054579576,-53.30226274400429,-22.41911689485555,9.398627054579576,53.30226274400429,53.30226274400429,-53.30226274400429
twins,1,1,12,80,0,0,0,1,12,60000,1,0.06944444444444445,57.6939534520461,57.6939534520461,0.2387780414263165,0.9551121657052659,0.9551121657052659,19334099.82854636,-0.453153893518325,-0.03669344550001912,-0.2080988703633917,0.453153893518325,0.03669344550001912,0.2080988703633917,24.7586579677854,-9.21986967701846,-52.28847927851939,-24.7586579677854,9.21986967701846,52.28847927851939,52.28847927851939,-52.28847927851939
twins,1,1,12,80,0,0,0,1,12,60000,1,0.0763888888888889,57.6939534520461,57.6939534520461,0.2387780414263165,0.9551121657052659,0.9551121657052659,19334099.82854636,-0.4435054165891109,-0.04009090261424794,-0.2273668071282484,0.4435054165891109,0.04009090261424794,0.2273668071282484,27.05106952808346,-9.023561753504003,-51.17516172084495,-27.05106952808346,9.023561753504003,51.17516172084495,51.17516172084495,-51.17516172084495
twins,1,1,12,80,0,0,0,1,12,60000,1,0.08333333333333333,57.6939534520461,57.6939534520461,0.2387780414263165,0.9551121657052659,0.9551121657052659,19334099.82854636,-0.4330127018922194,-0.04341204441673258,-0.2462019382530519,0.4330127018922194,0.04341204441673258,0.2462019382530519,29.29198784005251,-8.81007696732603,-49.96442933422883,-29.29198784005251,8.81007696732603,49.96442933422883,49.96442933422883,-49.96442933422883
twins,1,1,12,80,0,0,0,1,12,60000,1,0.09027777777777778,57.6939534520461,57.6939534520461,0.2387780414263165,0.9551121657052659,0.9551121657052659,19334099.82854636,-0.4216957229064429,-0.04665054892529068,-0.2645684099951875,0.4216957229064429,0.04665054892529068,0.2645684099951875,31.4771471883203,-8.579821698908709,-48.65858681658248,-31.4771471883203,8.579821698908709,48.65858681658248,48.65858681658248,-48.65858681658248
twins,1,1,12,80,0,0,0,1,12,60000,1,0.09722222222222222,57.6939534520461,57.6939534520461,0.2387780414263165,0.9551121657052659,0.9551121657052659,19334099.82854636,-0.4095760221444959,-0.04980025146252561,-0.2824312607318117,0.4095760221444959,0.04980025146252561,0.2824312607318117,33.60238799787101,-8.333234252242329,-47.26011991335749,-33.60238799787101,8.333234252242329,47.26011991335749,47.26011991335749,-47.26011991335749
twins,1,1,12,80,0,0,0,1,12,60000,1,0.1041666666666667,57.6939534520461,57.6939534520461,0.2387780414263165,0.9551121657052659,0.9551121657052659,19334099.82854636,-0.3966766701456176,-0.05285515639064036,-0.2997564875112894,0.3966766701456176,0.05285515639064036,0.2997564875112894,35.66366475203288,-8.070784020546734,-45.77169068578781,-35.66366475203288,8.070784020546734,45.77169068578781,45.77169068578781,-45.77169068578781
twins,1,1,12,80,0,0,0,1,12,60000,1,0.1111111111111111,57.6939534520461,57.6939534520461,0.2387780414263165,0.9551121657052659,0.9551121657052659,19334099.82854636,-0.3830222215594891,-0.05580944852447483,-0.3165111107797445,0.3830222215594891,0.05580944852447483,0.3165111107797445,37.65705369334907,-7.792970592754651,-44.19613244350489,-37.65705369334907,7.792970592754651,44.19613244350489,44.19613244350489,-44.19613244350489
twins,1,1,12,80,0,0,0,1,12,60000,1,0.1180555555555556,57.6939534520461,57.6939534520461,0.2387780414263165,0.9551121657052659,0.9551121657052659,19334099.82854636,-0.3686386684050621,-0.05865750420104126,-0.3326632371595147,0.3686386684050621,0.05865750420104126,0.3326632371595147,39.57876029267295,-7.500322802515768,-42.53644435117182,-39.57876029267295,7.500322802515768,42.53644435117182,42.53644435117182,-42.53644435117182
twins,1,1,12,80,0,0,0,1,12,60000,1,0.125,57.6939534520461,57.6939534520461,0.2387780414263165,0.9551121657052659,0.9551121657052659,19334099.82854636,-0.3535533905932738,-0.06139390198448642,-0.3481821201600094,0.3535533905932738,0.06139390198448642,0.3481821201600094,41.42512647227006,-7.193397721531812,-40.79578571940282,-41.42512647227006,7.193397721531812,40.79578571940282,40.79578571940282,-40.79578571940282
twins,1,1,12,80,0,0,0,1,12,60000,1,0.1319444444444444,57.6939534520461,57.6939534520461,0.2387780414263165,0.9551121657052659,0.9551121657052659,19334099.82854636,-0.3377951038078302,-0.06401343298610283,-0.3630382187054015,0.3377951038078302,0.06401343298610283,0.3630382187054015,43.19263756917692,-6.872779599138924,-38.97746999083606,-43.19263756917692,6.872779599138924,38.97746999083606,38.97746999083606,-38.97746999083606
twins,1,1,12,80,0,0,0,1,12,60000,1,0.1388888888888889,57.6939534520461,57.6939534520461,0.2387780414263165,0.9551121657052659,0.9551121657052659,19334099.82854636,-0.3213938048432697,-0.0665111107797445,-0.3772032533677444,0.3213938048432697,0.0665111107797445,0.3772032533677444,44.87792902556182,-6.539078750155817,-37.08495843280718,-44.87792902556182,6.539078750155817,37.08495843280718,37.08495843280718,-37.08495843280718
twins,1,1,12,80,0,0,0,1,12,60000,1,0.1458333333333333,57.6939534520461,57.6939534520461,0.2387780414263165,0.9551121657052659,0.9551121657052659,19334099.82854636,-0.3043807145043603,-0.06888218089377253,-0.3906502601984705,0.3043807145043603,0.06888218089377253,0.3906502601984705,46.47779279335182,-6.192930393114849,-35.12185354863019,-46.47779279335182,6.192930393114849,35.12185354863019,35.12185354863019,-35.12185354863019
twins,1,1,12,80,0,0,0,1,12,60000,1,0.1527777777777778,57.6939534520461,57.6939534520461,0.2387780414263165,0.9551121657052659,0.9551121657052659,19334099.82854636,-0.286788218175523,-0.07112212986146203,-0.4033536420557994,0.286788218175523,0.07112212986146203,0.4033536420557994,47.98918344093463,-5.834993441087433,-33.09189222002773,-47.98918344093463,5.834993441087433,33.09189222002773,33.09189222002773,-33.09189222002773
twins,1,1,12,80,0,0,0,1,12,60000,1,0.1597222222222222,57.6939534520461,57.6939534520461,0.2387780414263165,0.9551121657052659,0.9551121657052659,19334099.82854636,-0.2686498041734121,-0.07322669381264262,-0.4152892173303526,0.2686498041734121,0.07322669381264262,0.4152892173303526,49.40922395031073,-5.465949247405563,-30.99893859376427,-49.40922395031073,5.465949247405563,30.99893859376427,30.99893859376427,-30.99893859376427
twins,1,1,12,80,0,0,0,1,12,60000,1,0.1666666666666667,57.6939534520461,57.6939534520461,0.2387780414263165,0.9551121657052659,0.9551121657052659,19334099.82854636,-0.2500000000000002,-0.07519186659021763,-0.4264342659762215,0.2500000000000002,0.07519186659021763,0.4264342659762215,50.7352111936607,-5.086500308667008,-28.84697672602307,-50.7352111936607,5.086500308667008,28.84697672602307,28.84697672602307,-28.84697672602307
twins,1,1,12,80,0,0,0,1,12,60000,1,0.1736111111111111,57.6939534520461,57.6939534520461,0.2387780414263165,0.9551121657052659,0.9551121657052659,19334099.82854636,-0.2308743066175171,-0.07701390737611187,-0.4367675727598654,0.2308743066175171,0.07701390737611187,0.4367675727598654,51.96462107890265,-4.697368927493126,-26.6401029985289,-51.96462107890265,4.697368927493126,26.6401029985289,26.6401029985289,-26.6401029985289
twins,1,1,12,80,0,0,0,1,12,60000,1,0.1805555555555556,57.6939534520461,57.6939534520461,0.2387780414263165,0.9551121657052659,0.9551121657052659,19334099.82854636,-0.2113091308703497,-0.07868934781213134,-0.446269467644515,0.2113091308703497,0.07868934781213134,0.446269467644515,53.09511335444493,-4.299295837584761,-24.38251832085255,-53.09511335444493,4.299295837584761,24.38251832085255,24.38251832085255,-24.38251832085255
twins,1,1,12,80,0,0,0,1,12,60000,1,0.1875,57.6939534520461,57.6939534520461,0.2387780414263165,0.9551121657052659,0.9551121657052659,19334099.82854636,-0.1913417161825449,-0.08021499860218025,-0.4549218632332047,0.1913417161825449,0.08021499860218025,0.4549218632332047,54.12453606398805,-3.893038793693556,-22.07852013374072,-54.12453606398805,3.893038793693556,22.07852013374072,22.07852013374072,-22.07852013374072
twins,1,1,12,80,0,0,0,1,12,60000,1,0.1944444444444444,57.6939534520461,57.6939534520461,0.2387780414263165,0.9551121657052659,0.9551121657052659,19334099.82854636,-0.1710100716628344,-0.08158795558326741,-0.4627082891991616,0.1710100716628344,0.08158795558326741,0.4627082891991616,55.05092964289583,-3.479371129192695,-19.73249422869327,-55.05092964289583,3.479371129192695,19.73249422869327,19.73249422869327,-19.73249422869327
twins,1,1,12,80,0,0,0,1,12,60000,1,0.2013888888888889,57.6939534520461,57.6939534520461,0.2387780414263165,0.9551121657052659,0.9551121657052659,19334099.82854636,-0.1503528997521366,-0.08280560525374558,-0.469613923638008,0.1503528997521366,0.08280560525374558,0.469613923638008,55.87253064833806,-3.059080283992889,-17.34890639935985,-55.87253064833806,3.059080283992889,17.34890639935985,17.34890639935985,-17.34890639935985
twins,1,1,12,80,0,0,0,1,12,60000,1,0.2083333333333333,57.6939534520461,57.6939534520461,0.2387780414263165,0.9551121657052659,0.9551121657052659,19334099.82854636,-0.1294095225512605,-0.08386562974826031,-0.4756256212820988,0.1294095225512605,0.08386562974826031,0.4756256212820988,56.58777511610415,-2.632966305605744,-14.93229394064786,-56.58777511610415,2.632966305605744,14.93229394064786,14.93229394064786,-14.93229394064786
twins,1,1,12,80,0,0,0,1,12,60000,1,0.2152777777777778,57.6939534520461,57.6939534520461,0.2387780414263165,0.9551121657052659,0.9551121657052659,19334099.82854636,-0.1082198069690516,-0.08476601124993845,-0.4807319385232861,0.1082198069690516,0.08476601124993845,0.4807319385232861,57.19530153769784,-2.201840326207858,-12.48725701172375,-57.19530153769784,2.201840326207858,12.48725701172375,12.48725701172375,-12.48725701172375
twins,1,1,12,80,0,0,0,1,12,60000,1,0.2222222222222222,57.6939534520461,57.6939534520461,0.2387780414263165,0.9551121657052659,0.9551121657052659,19334099.82854636,-0.08682408883346532,-0.08550503583141718,-0.4849231551964771,0.08682408883346532,0.08550503583141718,0.4849231551964771,57.6939534520461,-1.766523018604611,-10.01844987934853,-57.6939534520461,1.766523018604611,10.01844987934853,10.01844987934853,-10.01844987934853
twins,1,1,12,80,0,0,0,1,12,60000,1,0.2291666666666667,57.6939534520461,57.6939534520461,0.2387780414263165,0.9551121657052659,0.9551121657052659,19334099.82854636,-0.06526309611002597,-0.08608129671740228,-0.4881912930825211,0.06526309611002597,0.08608129671740228,0.4881912930825211,58.08278164688843,-1.327843034032846,-7.530572058216498,-58.08278164688843,1.327843034032846,7.530572058216498,7.530572058216498,-7.530572058216498
twins,1,1,12,80,0,0,0,1,12,60000,1,0.2361111111111111,57.6939534520461,57.6939534520461,0.2387780414263165,0.9551121657052659,0.9551121657052659,19334099.82854636,-0.04357787137382929,-0.08649369696254473,-0.4905301310952034,0.04357787137382929,0.08649369696254473,0.4905301310952034,58.36104596565641,-0.8866354247761348,-5.028359365161918,-58.36104596565641,0.8866354247761348,5.028359365161918,5.028359365161918,-5.028359365161918
twins,1,1,12,80,0,0,0,1,12,60000,1,0.2430555555555556,57.6939534520461,57.6939534520461,0.2387780414263165,0.9551121657052659,0.9551121657052659,19334099.82854636,-0.021809693682668,-0.08674145153953862,-0.491935217123436,0.021809693682668,0.08674145153953862,0.491935217123436,58.52821671640375,-0.4437400545952945,-2.516574904262463,-58.52821671640375,0.4437400545952945,2.516574904262463,2.516574904262463,-2.516574904262463
twins,1,1,12,80,0,0,0,1,12,60000,1,0.25,57.6939534520461,57.6939534520461,0.2387780414263165,0.9551121657052659,0.9551121657052659,19334099.82854636,-3.061616997868383e-17,-0.08682408883346518,-0.492403876506104,3.061616997868383e-17,0.08682408883346518,0.492403876506104,58.58397568010505,-6.229166321871072e-16,-3.532735771260232e-15,-58.58397568010505,6.229166321871072e-16,3.532735771260232e-15,3.532735771260232e-15,-3.532735771260232e-15
twins,1,1,12,80,0,0,0,1,12,60000,1,0.2569444444444444,57.6939534520461,57.6939534520461,0.2387780414263165,0.9551121657052659,0.9551121657052659,19334099.82854636,0.02180969368266794,-0.08674145153953862,-0.491935217123436,-0.02180969368266794,0.08674145153953862,0.491935217123436,58.52821671640375,0.4437400545952933,2.516574904262456,-58.52821671640375,-0.4437400545952933,-2.516574904262456,-2.516574904262456,2.516574904262456
twins,1,1,12,80,0,0,0,1,12,60000,1,0.2638888888888889,57.6939534520461,57.6939534520461,0.2387780414263165,0.9551121657052659,0.9551121657052659,19334099.82854636,0.04357787137382901,-0.08649369696254473,-0.4905301310952034,-0.04357787137382901,0.08649369696254473,0.4905301310952034,58.36104596565641,0.8866354247761291,5.028359365161886,-58.36104596565641,-0.8866354247761291,-5.028359365161886,-5.028359365161886,5.028359365161886
twins,1,1,12,80,0,0,0,1,12,60000,1,0.2708333333333333,57.6939534520461,57.6939534520461,0.2387780414263165,0.9551121657052659,0.9551121657052659,19334099.82854636,0.06526309611002569,-0.08608129671740229,-0.4881912930825212,-0.06526309611002569,0.08608129671740229,0.4881912930825212,58.08278164688844,1.32784303403284,7.530572058216465,-58.08278164688844,-1.32784303403284,-7.530572058216465,-7.530572058216465,7.530572058216465
twins,1,1,12,80,0,0,0,1,12,60000,1,0.2777777777777778,57.6939534520461,57.6939534520461,0.2387780414263165,0.9551121657052659,0.9551121657052659,19334099.82854636,0.08682408883346504,-0.08550503583141719,-0.4849231551964771,-0.08682408883346504,0.08550503583141719,0.4849231551964771,57.6939534520461,1.766523018604605,10.01844987934849,-57.6939534520461,-1.766523018604605,-10.01844987934849,-10.01844987934849,10.01844987934849
twins,1,1,12,80,0,0,0,1,12,60000,1,0.2847222222222222,57.6939534520461,57.6939534520461,0.2387780414263165,0.9551121657052659,0.9551121657052659,19334099.82854636,0.1082198069690513,-0.08476601124993846,-0.4807319385232862,-0.1082198069690513,0.08476601124993846,0.4807319385232862,57.19530153769785,2.201840326207852,12.48725701172372,-57.19530153769785,-2.201840326207852,-12.48725701172372,-12.48725701172372,12.48725701172372
twins,1,1,12,80,0,0,0,1,12,60000,1,0.2916666666666667,57.6939534520461,57.6939534520461,0.2387780414263165,0.9551121657052659,0.9551121657052659,19334099.82854636,0.1294095225512604,-0.08386562974826033,-0.4756256212820988,-0.1294095225512604,0.08386562974826033,0.4756256212820988,56.58777511610415,2.632966305605743,14.93229394064786,-56.58777511610415,-2.632966305605743,-14.93229394064786,-14.93229394064786,14.93229394064786
twins,1,1,12,80,0,0,0,1,12,60000,1,0.2986111111111111,57.6939534520461,57.6939534520461,0.2387780414263165,0.9551121657052659,0.9551121657052659,19334099.82854636,0.1503528997521364,-0.0828056052537456,-0.4696139236380081,-0.1503528997521364,0.0828056052537456,0.4696139236380081,55.87253064833808,3.059080283992883,17.34890639935982,-55.87253064833808,-3.059080283992883,-17.34890639935982,-17.34890639935982,17.34890639935982
twins,1,1,12,80,0,0,0,1,12,60000,1,0.3055555555555556,57.6939534520461,57.6939534520461,0.2387780414263165,0.9551121657052659,0.9551121657052659,19334099.82854636,0.1710100716628344,-0.08158795558326742,-0.4627082891991617,-0.1710100716628344,0.08158795558326742,0.4627082891991617,55.05092964289584,3.479371129192694,19.73249422869326,-55.05092964289584,-3.479371129192694,-19.73249422869326,-19.73249422869326,19.73249422869326
twins,1,1,12,80,0,0,0,1,12,60000,1,0.3125,57.6939534520461,57.6939534520461,0.2387780414263165,0.9551121657052659,0.9551121657052659,19334099.82854636,0.1913417161825449,-0.08021499860218025,-0.4549218632332047,-0.1913417161825449,0.08021499860218025,0.4549218632332047,54.12453606398805,3.893038793693555,22.07852013374072,-54.12453606398805,-3.893038793693555,-22.07852013374072,-22.07852013374072,22.07852013374072
twins,1,1,12,80,0,0,0,1,12,60000,1,0.3194444444444444,57.6939534520461,57.6939534520461,0.2387780414263165,0.9551121657052659,0.9551121657052659,19334099.82854636,0.2113091308703495,-0.07868934781213135,-0.4462694676445151,-0.2113091308703495,0.07868934781213135,0.4462694676445151,53.09511335444494,4.299295837584756,24.38251832085252,-53.09511335444494,-4.299295837584756,-24.38251832085252,-24.38251832085252,24.38251832085252
twins,1,1,12,80,0,0,0,1,12,60000,1,0.3263888888888889,57.6939534520461,57.6939534520461,0.2387780414263165,0.9551121657052659,0.9551121657052659,19334099.82854636,0.2308743066175167,-0.0770139073761119,-0.4367675727598656,-0.2308743066175167,0.0770139073761119,0.4367675727598656,51.96462107890267,4.697368927493117,26.64010299852885,-51.96462107890267,-4.697368927493117,-26.64010299852885,-26.64010299852885,26.64010299852885
twins,1,1,12,80,0,0,0,1,12,60000,1,0.3333333333333333,57.6939534520461,57.6939534520461,0.2387780414263165,0.9551121657052659,0.9551121657052659,19334099.82854636,0.2499999999999997,-0.07519186659021769,-0.4264342659762218,-0.2499999999999997,0.07519186659021769,0.4264342659762218,50.73521119366073,5.086500308666999,28.84697672602302,-50.73521119366073,-5.086500308666999,-28.84697672602302,-28.84697672602302,28.84697672602302
twins,1,1,12,80,0,0,0,1,12,60000,1,0.3402777777777778,57.6939534520461,57.6939534520461,0.2387780414263165,0.9551121657052659,0.9551121657052659,19334099.82854636,0.268649804173412,-0.07322669381264262,-0.4152892173303526,-0.268649804173412,0.07322669381264262,0.4152892173303526,49.40922395031073,5.465949247405562,30.99893859376426,-49.40922395031073,-5.465949247405562,-30.99893859376426,-30.99893859376426,30.99893859376426
twins,1,1,12,80,0,0,0,1,12,60000,1,0.3472222222222222,57.6939534520461,57.6939534520461,0.2387780414263165,0.9551121657052659,0.9551121657052659,19334099.82854636,0.2867882181755227,-0.07112212986146206,-0.4033536420557996,-0.2867882181755227,0.07112212986146206,0.4033536420557996,47.98918344093465,5.834993441087427,33.0918922200277,-47.98918344093465,-5.834993441087427,-33.0918922200277,-33.0918922200277,33.0918922200277
twins,1,1,12,80,0,0,0,1,12,60000,1,0.3541666666666667,57.6939534520461,57.6939534520461,0.2387780414263165,0.9551121657052659,0.9551121657052659,19334099.82854636,0.3043807145043603,-0.06888218089377253,-0.3906502601984705,-0.3043807145043603,0.06888218089377253,0.3906502601984705,46.47779279335182,6.192930393114849,35.12185354863019,-46.47779279335182,-6.192930393114849,-35.12185354863019,-35.12185354863019,35.12185354863019
twins,1,1,12,80,0,0,0,1,12,60000,1,0.3611111111111111,57.6939534520461,57.6939534520461,0.2387780414263165,0.9551121657052659,0.9551121657052659,19334099.82854636,0.3213938048432697,-0.06651111077974452,-0.3772032533677445,-0.3213938048432697,0.06651111077974452,0.3772032533677445,44.87792902556183,6.539078750155817,37.08495843280718,-44.87792902556183,-6.539078750155817,-37.08495843280718,-37.08495843280718,37.08495843280718
twins,1,1,12,80,0,0,0,1,12,60000,1,0.3680555555555556,57.6939534520461,57.6939534520461,0.2387780414263165,0.9551121657052659,0.9551121657052659,19334099.82854636,0.3377951038078301,-0.06401343298610285,-0.3630382187054016,-0.3377951038078301,0.06401343298610285,0.3630382187054016,43.19263756917693,6.872779599138923,38.97746999083606,-43.19263756917693,-6.872779599138923,-38.97746999083606,-38.97746999083606,38.97746999083606
twins,1,1,12,80,0,0,0,1,12,60000,1,0.375,57.6939534520461,57.6939534520461,0.2387780414263165,0.9551121657052659,0.9551121657052659,19334099.82854636,0.3535533905932737,-0.06139390198448643,-0.3481821201600095,-0.3535533905932737,0.06139390198448643,0.3481821201600095,41.42512647227007,7.193397721531811,40.79578571940282,-41.42512647227007,-7.193397721531811,-40.79578571940282,-40.79578571940282,40.79578571940282
twins,1,1,12,80,0,0,0,1,12,60000,1,0.3819444444444444,57.6939534520461,57.6939534520461,0.2387780414263165,0.9551121657052659,0.9551121657052659,19334099.82854636,0.368638668405062,-0.05865750420104128,-0.3326632371595148,-0.368638668405062,0.05865750420104128,0.3326632371595148,39.57876029267297,7.500322802515766,42.5364443511718,-39.57876029267297,-7.500322802515766,-42.5364443511718,-42.5364443511718,42.5364443511718
twins,1,1,12,80,0,0,0,1,12,60000,1,0.3888888888888889,57.6939534520461,57.6939534520461,0.2387780414263165,0.9551121657052659,0.9551121657052659,19334099.82854636,0.383022221559489,-0.05580944852447484,-0.3165111107797446,-0.383022221559489,0.05580944852447484,0.3165111107797446,37.65705369334908,7.792970592754649,44.19613244350489,-37.65705369334908,-7.792970592754649,-44.19613244350489,-44.19613244350489,44.19613244350489
twins,1,1,12,80,0,0,0,1,12,60000,1,0.3958333333333333,57.6939534520461,57.6939534520461,0.2387780414263165,0.9551121657052659,0.9551121657052659,19334099.82854636,0.3966766701456175,-0.05285515639064039,-0.2997564875112896,-0.3966766701456175,0.05285515639064039,0.2997564875112896,35.6636647520329,8.070784020546732,45.7716906857878,-35.6636647520329,-8.070784020546732,-45.7716906857878,-45.7716906857878,45.7716906857878
twins,1,1,12,80,0,0,0,1,12,60000,1,0.4027777777777778,57.6939534520461,57.6939534520461,0.2387780414263165,0.9551121657052659,0.9551121657052659,19334099.82854636,0.4095760221444958,-0.04980025146252564,-0.2824312607318119,-0.4095760221444958,0.04980025146252564,0.2824312607318119,33.60238799787102,8.333234252242327,47.26011991335749,-33.60238799787102,-8.333234252242327,-47.26011991335749,-47.26011991335749,47.26011991335749
twins,1,1,12,80,0,0,0,1,12,60000,1,0.4097222222222222,57.6939534520461,57.6939534520461,0.2387780414263165,0.9551121657052659,0.9551121657052659,19334099.82854636,0.4216957229064427,-0.04665054892529071,-0.2645684099951876,-0.4216957229064427,0.04665054892529071,0.2645684099951876,31.47714718832031,8.579821698908706,48.65858681658247,-31.47714718832031,-8.579821698908706,-48.65858681658247,-48.65858681658247,48.65858681658247
twins,1,1,12,80,0,0,0,1,12,60000,1,0.4166666666666667,57.6939534520461,57.6939534520461,0.2387780414263165,0.9551121657052659,0.9551121657052659,19334099.82854636,0.4330127018922192,-0.04341204441673262,-0.2462019382530522,-0.4330127018922192,0.04341204441673262,0.2462019382530522,29.29198784005254,8.810076967326026,49.96442933422881,-29.29198784005254,-8.810076967326026,-49.96442933422881,-49.96442933422881,49.96442933422881
twins,1,1,12,80,0,0,0,1,12,60000,1,0.4236111111111111,57.6939534520461,57.6939534520461,0.2387780414263165,0.9551121657052659,0.9551121657052659,19334099.82854636,0.4435054165891107,-0.04009090261424798,-0.2273668071282486,-0.4435054165891107,0.04009090261424798,0.2273668071282486,27.05106952808348,9.023561753504001,51.17516172084493,-27.05106952808348,-9.023561753504001,-51.17516172084493,-51.17516172084493,51.17516172084493
twins,1,1,12,80,0,0,0,1,12,60000,1,0.4305555555555556,57.6939534520461,57.6939534520461,0.2387780414263165,0.9551121657052659,0.9551121657052659,19334099.82854636,0.4531538935183249,-0.03669344550001916,-0.2080988703633919,-0.4531538935183249,0.03669344550001916,0.2080988703633919,24.75865796778543,9.219869677018456,52.28847927851938,-24.75865796778543,-9.219869677018456,-52.28847927851938,-52.28847927851938,52.28847927851938
twins,1,1,12,80,0,0,0,1,12,60000,1,0.4375,57.6939534520461,57.6939534520461,0.2387780414263165,0.9551121657052659,0.9551121657052659,19334099.82854636,0.4619397662556433,-0.03322614032676196,-0.1884348055712319,-0.4619397662556433,0.03322614032676196,0.1884348055712319,22.41911689485557,9.398627054579574,53.30226274400427,-22.41911689485557,-9.398627054579574,-53.30226274400427,-53.30226274400427,53.30226274400427
twins,1,1,12,80,0,0,0,1,12,60000,1,0.4444444444444444,57.6939534520461,57.6939534520461,0.2387780414263165,0.9551121657052659,0.9551121657052659,19334099.82854636,0.4698463103929541,-0.0296955873069424,-0.1684120444167329,-0.4698463103929541,0.0296955873069424,0.1684120444167329,20.03689975869705,9.559493611359256,54.21458232285339,-20.03689975869705,-9.559493611359256,-54.21458232285339,-54.21458232285339,54.21458232285339
twins,1,1,12,80,0,0,0,1,12,60000,1,0.4513888888888889,57.6939534520461,57.6939534520461,0.2387780414263165,0.9551121657052659,0.9551121657052659,19334099.82854636,0.4768584753741134,-0.02610850704889723,-0.1480687013637717,-0.4768584753741134,0.02610850704889723,0.1480687013637717,17.61654124502492,9.702163128723619,55.02370136289553,-17.61654124502492,-9.702163128723619,-55.02370136289553,-55.02370136289553,55.02370136289553
twins,1,1,12,80,0,0,0,1,12,60000,1,0.4583333333333333,57.6939534520461,57.6939534520461,0.2387780414263165,0.9551121657052659,0.9551121657052659,19334099.82854636,0.482962913144534,-0.02247172776377395,-0.1274435011220897,-0.482962913144534,0.02247172776377395,0.1274435011220897,15.16264864383413,9.826364027137553,55.72807966005066,-15.16264864383413,-9.826364027137553,-55.72807966005066,-55.72807966005066,55.72807966005066
twins,1,1,12,80,0,0,0,1,12,60000,1,0.4652777777777778,57.6939534520461,57.6939534520461,0.2387780414263165,0.9551121657052659,0.9551121657052659,19334099.82854636,0.4881480035599667,-0.01879217226764274,-0.1065757049326064,-0.4881480035599667,0.01879217226764274,0.1065757049326064,12.67989307916114,9.931859883131811,56.3263763901959,-12.67989307916114,-9.931859883131811,-56.3263763901959,-56.3263763901959,56.3263763901959
twins,1,1,12,80,0,0,0,1,12,60000,1,0.4722222222222222,57.6939534520461,57.6939534520461,0.2387780414263165,0.9551121657052659,0.9551121657052659,19334099.82854636,0.492403876506104,-0.01507684480352297,-0.08550503583141757,-0.492403876506104,0.01507684480352297,0.08550503583141757,10.17300061733405,10.01844987934851,56.81745266150043,-10.17300061733405,-10.01844987934851,-56.81745266150043,-56.81745266150043,56.81745266150043
twins,1,1,12,80,0,0,0,1,12,60000,1,0.4791666666666667,57.6939534520461,57.6939534520461,0.2387780414263165,0.9551121657052659,0.9551121657052659,19334099.82854636,0.4957224306869052,-0.01133281770840771,-0.06427160303473427,-0.4957224306869052,0.01133281770840771,0.06427160303473427,7.646743270636218,10.0859691868084,57.20037368237091,-7.646743270636218,-10.0859691868084,-57.20037368237091,-57.20037368237091,57.20037368237091
twins,1,1,12,80,0,0,0,1,12,60000,1,0.4861111111111111,57.6939534520461,57.6939534520461,0.2387780414263165,0.9551121657052659,0.9551121657052659,19334099.82854636,0.4980973490458728,-0.007567217950669313,-0.04291582558871566,-0.4980973490458728,0.007567217950669313,0.04291582558871566,5.105929913510299,10.13428927867219,57.47441054088028,-5.105929913510299,-10.13428927867219,-57.47441054088028,-57.47441054088028,57.47441054088028
twins,1,1,12,80,0,0,0,1,12,60000,1,0.4930555555555556,57.6939534520461,57.6939534520461,0.2387780414263165,0.9551121657052659,0.9551121657052659,19334099.82854636,0.4995241107909289,-0.003787213563469268,-0.02147835542951286,-0.4995241107909289,0.003787213563469268,0.02147835542951286,2.55539712859193,10.16331817489868,57.63904159229313,-2.55539712859193,-10.16331817489868,-57.63904159229313,-57.63904159229313,57.63904159229313
twins,1,1,12,80,0,0,0,1,12,60000,1,0.5,57.6939534520461,57.6939534520461,0.2387780414263165,0.9551121657052659,0.9551121657052659,19334099.82854636,0.5,-1.063288424787886e-17,-6.030208312509488e-17,-0.5,1.063288424787886e-17,6.030208312509488e-17,7.174467829796704e-15,10.17300061733401,57.6939534520461,-7.174467829796704e-15,-10.17300061733401,-57.6939534520461,-57.6939534520461,57.6939534520461
twins,1,1,12,80,0,0,0,1,12,60000,1,0.5069444444444444,57.6939534520461,57.6939534520461,0.2387780414263165,0.9551121657052659,0.9551121657052659,19334099.82854636,0.4995241107909289,0.003787213563469246,0.02147835542951274,-0.4995241107909289,-0.003787213563469246,-0.02147835542951274,-2.555397128591915,10.16331817489868,57.63904159229313,2.555397128591915,-10.16331817489868,-57.63904159229313,-57.63904159229313,57.63904159229313
twins,1,1,12,80,0,0,0,1,12,60000,1,0.5138888888888888,57.6939534520461,57.6939534520461,0.2387780414263165,0.9551121657052659,0.9551121657052659,19334099.82854636,0.4980973490458728,0.007567217950669292,0.04291582558871553,-0.4980973490458728,-0.007567217950669292,-0.04291582558871553,-5.105929913510285,10.13428927867219,57.47441054088028,5.105929913510285,-10.13428927867219,-57.47441054088028,-57.47441054088028,57.47441054088028
twins,1,1,12,80,0,0,0,1,12,60000,1,0.5208333333333334,57.6939534520461,57.6939534520461,0.2387780414263165,0.9551121657052659,0.9551121657052659,19334099.82854636,0.4957224306869052,0.01133281770840769,0.06427160303473414,-0.4957224306869052,-0.01133281770840769,-0.06427160303473414,-7.646743270636204,10.08596918680841,57.20037368237092,7.646743270636204,-10.08596918680841,-57.20037368237092,-57.20037368237092,57.20037368237092
twins,1,1,12,80,0,0,0,1,12,60000,1,0.5277777777777778,57.6939534520461,57.6939534520461,0.2387780414263165,0.9551121657052659,0.9551121657052659,19334099.82854636,0.4924038765061041,0.01507684480352288,0.08550503583141703,-0.4924038765061041,-0.01507684480352288,-0.08550503583141703,-10.17300061733399,10.01844987934851,56.81745266150045,10.17300061733399,-10.01844987934851,-56.81745266150045,-56.81745266150045,56.81745266150045
twins,1,1,12,80,0,0,0,1,12,60000,1,0.5347222222222222,57.6939534520461,57.6939534520461,0.2387780414263165,0.9551121657052659,0.9551121657052659,19334099.82854636,0.4881480035599667,0.01879217226764272,0.1065757049326063,-0.4881480035599667,-0.01879217226764272,-0.1065757049326063,-12.67989307916112,9.931859883131812,56.3263763901959,12.67989307916112,-9.931859883131812,-56.3263763901959,-56.3263763901959,56.3263763901959
twins,1,1,12,80,0,0,0,1,12,60000,1,0.5416666666666666,57.6939534520461,57.6939534520461,0.2387780414263165,0.9551121657052659,0.9551121657052659,19334099.82854636,0.4829629131445342,0.02247172776377386,0.1274435011220892,-0.4829629131445342,-0.02247172776377386,-0.1274435011220892,-15.16264864383406,9.826364027137556,55.72807966005067,15.16264864383406,-9.826364027137556,-55.72807966005067,-55.72807966005067,55.72807966005067
twins,1,1,12,80,0,0,0,1,12,60000,1,0.5486111111111112,57.6939534520461,57.6939534520461,0.2387780414263165,0.9551121657052659,0.9551121657052659,19334099.82854636,0.4768584753741135,0.02610850704889714,0.1480687013637711,-0.4768584753741135,-0.02610850704889714,-0.1480687013637711,-17.61654124502486,9.702163128723623,55.02370136289555,17.61654124502486,-9.702163128723623,-55.02370136289555,-55.02370136289555,55.02370136289555
twins,1,1,12,80,0,0,0,1,12,60000,1,0.5555555555555556,57.6939534520461,57.6939534520461,0.2387780414263165,0.9551121657052659,0.9551121657052659,19334099.82854636,0.4698463103929543,0.02969558730694231,0.1684120444167323,-0.4698463103929543,-0.02969558730694231,-0.1684120444167323,-20.03689975869699,9.55949361135926,54.21458232285341,20.03689975869699,-9.55949361135926,-54.21458232285341,-54.21458232285341,54.21458232285341
twins,1,1,12,80,0,0,0,1,12,60000,1,0.5625,57.6939534520461,57.6939534520461,0.2387780414263165,0.9551121657052659,0.9551121657052659,19334099.82854636,0.4619397662556435,0.03322614032676187,0.1884348055712314,-0.4619397662556435,-0.03322614032676187,-0.1884348055712314,-22.41911689485551,9.398627054579578,53.3022627440043,22.41911689485551,-9.398627054579578,-53.3022627440043,-53.3022627440043,53.3022627440043
twins,1,1,12,80,0,0,0,1,12,60000,1,0.5694444444444444,57.6939534520461,57.6939534520461,0.2387780414263165,0.9551121657052659,0.9551121657052659,19334099.82854636,0.4531538935183251,0.03669344550001908,0.2080988703633914,-0.4531538935183251,-0.03669344550001908,-0.2080988703633914,-24.75865796778537,9.219869677018464,52.28847927851941,24.75865796778537,-9.219869677018464,-52.28847927851941,-52.28847927851941,52.28847927851941
twins,1,1,12,80,0,0,0,1,12,60000,1,0.5763888888888888,57.6939534520461,57.6939534520461,0.2387780414263165,0.9551121657052659,0.9551121657052659,19334099.82854636,0.443505416589111,0.04009090261424789,0.2273668071282481,-0.443505416589111,-0.04009090261424789,-0.2273668071282481,-27.05106952808342,9.023561753504007,51.17516172084496,27.05106952808342,-9.023561753504007,-51.17516172084496,-51.17516172084496,51.17516172084496
twins,1,1,12,80,0,0,0,1,12,60000,1,0.5833333333333334,57.6939534520461,57.6939534520461,0.2387780414263165,0.9551121657052659,0.9551121657052659,19334099.82854636,0.4330127018922193,0.0434120444167326,0.2462019382530521,-0.4330127018922193,-0.0434120444167326,-0.2462019382530521,-29.29198784005253,8.810076967326028,49.96442933422882,29.29198784005253,-8.810076967326028,-49.96442933422882,-49.96442933422882,49.96442933422882
twins,1,1,12,80,0,0,0,1,12,60000,1,0.5902777777777778,57.6939534520461,57.6939534520461,0.2387780414263165,0.9551121657052659,0.9551121657052659,19334099.82854636,0.4216957229064428,0.04665054892529068,0.2645684099951875,-0.4216957229064428,-0.04665054892529068,-0.2645684099951875,-31.4771471883203,8.579821698908708,48.65858681658248,31.4771471883203,-8.579821698908708,-48.65858681658248,-48.65858681658248,48.65858681658248
twins,1,1,12,80,0,0,0,1,12,60000,1,0.5972222222222222,57.6939534520461,57.6939534520461,0.2387780414263165,0.9551121657052659,0.9551121657052659,19334099.82854636,0.4095760221444961,0.04980025146252555,0.2824312607318114,-0.4095760221444961,-0.04980025146252555,-0.2824312607318114,-33.60238799787096,8.333234252242333,47.26011991335751,33.60238799787096,-8.333234252242333,-47.26011991335751,-47.26011991335751,47.26011991335751
twins,1,1,12,80,0,0,0,1,12,60000,1,0.6041666666666666,57.6939534520461,57.6939534520461,0.2387780414263165,0.9551121657052659,0.9551121657052659,19334099.82854636,0.3966766701456179,0.0528551563906403,0.2997564875112891,-0.3966766701456179,-0.0528551563906403,-0.2997564875112891,-35.66366475203284,8.070784020546739,45.77169068578784,35.66366475203284,-8.070784020546739,-45.77169068578784,-45.77169068578784,45.77169068578784
twins,1,1,12,80,0,0,0,1,12,60000,1,0.6111111111111112,57.6939534520461,57.6939534520461,0.2387780414263165,0.9551121657052659,0.9551121657052659,19334099.82854636,0.3830222215594891,0.05580944852447483,0.3165111107797445,-0.3830222215594891,-0.05580944852447483,-0.3165111107797445,-37.65705369334907,7.792970592754651,44.19613244350489,37.65705369334907,-7.792970592754651,-44.19613244350489,-44.19613244350489,44.19613244350489
twins,1,1,12,80,0,0,0,1,12,60000,1,0.6180555555555556,57.6939534520461,57.6939534520461,0.2387780414263165,0.9551121657052659,0.9551121657052659,19334099.82854636,0.368638668405062,0.05865750420104126,0.3326632371595147,-0.368638668405062,-0.05865750420104126,-0.3326632371595147,-39.57876029267295,7.500322802515766,42.53644435117181,39.57876029267295,-7.500322802515766,-42.53644435117181,-42.53644435117181,42.53644435117181
twins,1,1,12,80,0,0,0,1,12,60000,1,0.625,57.6939534520461,57.6939534520461,0.2387780414263165,0.9551121657052659,0.9551121657052659,19334099.82854636,0.3535533905932738,0.06139390198448642,0.3481821201600094,-0.3535533905932738,-0.06139390198448642,-0.3481821201600094,-41.42512647227006,7.193397721531814,40.79578571940282,41.42512647227006,-7.193397721531814,-40.79578571940282,-40.79578571940282,40.79578571940282
twins,1,1,12,80,0,0,0,1,12,60000,1,0.6319444444444444,57.6939534520461,57.6939534520461,0.2387780414263165,0.9551121657052659,0.9551121657052659,19334099.82854636,0.3377951038078302,0.06401343298610282,0.3630382187054015,-0.3377951038078302,-0.06401343298610282,-0.3630382187054015,-43.19263756917692,6.872779599138924,38.97746999083606,43.19263756917692,-6.872779599138924,-38.97746999083606,-38.97746999083606,38.97746999083606
twins,1,1,12,80,0,0,0,1,12,60000,1,0.6388888888888888,57.6939534520461,57.6939534520461,0.2387780414263165,0.9551121657052659,0.9551121657052659,19334099.82854636,0.3213938048432701,0.06651111077974445,0.3772032533677441,-0.3213938048432701,-0.06651111077974445,-0.3772032533677441,-44.87792902556178,6.539078750155825,37.08495843280722,44.87792902556178,-6.539078750155825,-37.08495843280722,-37.08495843280722,37.08495843280722
twins,1,1,12,80,0,0,0,1,12,60000,1,0.6458333333333334,57.6939534520461,57.6939534520461,0.2387780414263165,0.9551121657052659,0.9551121657052659,19334099.82854636,0.3043807145043604,0.06888218089377252,0.3906502601984704,-0.3043807145043604,-0.06888218089377252,-0.3906502601984704,-46.47779279335181,6.192930393114851,35.12185354863021,46.47779279335181,-6.192930393114851,-35.12185354863021,-35.12185354863021,35.12185354863021
twins,1,1,12,80,0,0,0,1,12,60000,1,0.6527777777777778,57.6939534520461,57.6939534520461,0.2387780414263165,0.9551121657052659,0.9551121657052659,19334099.82854636,0.2867882181755236,0.07112212986146196,0.403353642055799,-0.2867882181755236,-0.07112212986146196,-0.403353642055799,-47.98918344093458,5.834993441087444,33.09189222002779,47.98918344093458,-5.834993441087444,-33.09189222002779,-33.09189222002779,33.09189222002779
twins,1,1,12,80,0,0,0,1,12,60000,1,0.6597222222222222,57.6939534520461,57.6939534520461,0.2387780414263165,0.9551121657052659,0.9551121657052659,19334099.82854636,0.2686498041734121,0.0732266938126426,0.4152892173303526,-0.2686498041734121,-0.0732266938126426,-0.4152892173303526,-49.40922395031072,5.465949247405564,30.99893859376427,49.40922395031072,-5.465949247405564,-30.99893859376427,-30.99893859376427,30.99893859376427
twins,1,1,12,80,0,0,0,1,12,60000,1,0.6666666666666666,57.6939534520461,57.6939534520461,0.2387780414263165,0.9551121657052659,0.9551121657052659,19334099.82854636,0.2500000000000006,0.07519186659021759,0.4264342659762212,-0.2500000000000006,-0.07519186659021759,-0.4264342659762212,-50.73521119366067,5.086500308667016,28.84697672602312,50.73521119366067,-5.086500308667016,-28.84697672602312,-28.84697672602312,28.84697672602312
twins,1,1,12,80,0,0,0,1,12,60000,1,0.6736111111111112,57.6939534520461,57.6939534520461,0.2387780414263165,0.9551121657052659,0.9551121657052659,19334099.82854636,0.2308743066175172,0.07701390737611187,0.4367675727598654,-0.2308743066175172,-0.07701390737611187,-0.4367675727598654,-51.96462107890265,4.697368927493128,26.64010299852891,51.96462107890265,-4.697368927493128,-26.64010299852891,-26.64010299852891,26.64010299852891
twins,1,1,12,80,0,0,0,1,12,60000,1,0.6805555555555556,57.6939534520461,57.6939534520461,0.2387780414263165,0.9551121657052659,0.9551121657052659,19334099.82854636,0.2113091308703496,0.07868934781213135,0.4462694676445151,-0.2113091308703496,-0.07868934781213135,-0.4462694676445151,-53.09511335444494,4.299295837584758,24.38251832085253,53.09511335444494,-4.299295837584758,-24.38251832085253,-24.38251832085253,24.38251832085253
twins,1,1,12,80,0,0,0,1,12,60000,1,0.6875,57.6939534520461,57.6939534520461,0.2387780414263165,0.9551121657052659,0.9551121657052659,19334099.82854636,0.1913417161825452,0.08021499860218022,0.4549218632332046,-0.1913417161825452,-0.08021499860218022,-0.4549218632332046,-54.12453606398803,3.893038793693561,22.07852013374075,54.12453606398803,-3.893038793693561,-22.07852013374075,-22.07852013374075,22.07852013374075
twins,1,1,12,80,0,0,0,1,12,60000,1,0.6944444444444444,57.6939534520461,57.6939534520461,0.2387780414263165,0.9551121657052659,0.9551121657052659,19334099.82854636,0.1710100716628351,0.08158795558326737,0.4627082891991614,-0.1710100716628351,-0.08158795558326737,-0.4627082891991614,-55.0509296428958,3.479371129192709,19.73249422869335,55.0509296428958,-3.479371129192709,-19.73249422869335,-19.73249422869335,19.73249422869335
twins,1,1,12,80,0,0,0,1,12,60000,1,0.7013888888888888,57.6939534520461,57.6939534520461,0.2387780414263165,0.9551121657052659,0.9551121657052659,19334099.82854636,0.1503528997521369,0.08280560525374557,0.4696139236380079,-0.1503528997521369,-0.08280560525374557,-0.4696139236380079,-55.87253064833806,3.059080283992894,17.34890639935988,55.87253064833806,-3.059080283992894,-17.34890639935988,-17.34890639935988,17.34890639935988
twins,1,1,12,80,0,0,0,1,12,60000,1,0.7083333333333334,57.6939534520461,57.6939534520461,0.2387780414263165,0.9551121657052659,0.9551121657052659,19334099.82854636,0.1294095225512603,0.08386562974826033,0.4756256212820988,-0.1294095225512603,-0.08386562974826033,-0.4756256212820988,-56.58777511610415,2.632966305605741,14.93229394064784,56.58777511610415,-2.632966305605741,-14.93229394064784,-14.93229394064784,14.93229394064784
twins,1,1,12,80,0,0,0,1,12,60000,1,0.7152777777777778,57.6939534520461,57.6939534520461,0.2387780414263165,0.9551121657052659,0.9551121657052659,19334099.82854636,0.1082198069690518,0.08476601124993843,0.480731938523286,-0.1082198069690518,-0.08476601124993843,-0.480731938523286,-57.19530153769783,2.201840326207863,12.48725701172378,57.19530153769783,-2.201840326207863,-12.48725701172378,-12.48725701172378,12.48725701172378
twins,1,1,12,80,0,0,0,1,12,60000,1,0.7222222222222222,57.6939534520461,57.6939534520461,0.2387780414263165,0.9551121657052659,0.9551121657052659,19334099.82854636,0.08682408883346517,0.08550503583141718,0.4849231551964771,-0.08682408883346517,-0.08550503583141718,-0.4849231551964771,-57.6939534520461,1.766523018604608,10.01844987934851,57.6939534520461,-1.766523018604608,-10.01844987934851,-10.01844987934851,10.01844987934851
twins,1,1,12,80,0,0,0,1,12,60000,1,0.7291666666666666,57.6939534520461,57.6939534520461,0.2387780414263165,0.9551121657052659,0.9551121657052659,19334099.82854636,0.06526309611002624,0.08608129671740228,0.4881912930825211,-0.06526309611002624,-0.08608129671740228,-0.4881912930825211,-58.08278164688842,1.327843034032851,7.530572058216529,58.08278164688842,-1.327843034032851,-7.530572058216529,-7.530572058216529,7.530572058216529
twins,1,1,12,80,0,0,0,1,12,60000,1,0.7361111111111112,57.6939534520461,57.6939534520461,0.2387780414263165,0.9551121657052659,0.9551121657052659,19334099.82854636,0.04357787137382912,0.08649369696254473,0.4905301310952034,-0.04357787137382912,-0.08649369696254473,-0.4905301310952034,-58.36104596565641,0.8866354247761314,5.028359365161899,58.36104596565641,-0.8866354247761314,-5.028359365161899,-5.028359365161899,5.028359365161899
twins,1,1,12,80,0,0,0,1,12,60000,1,0.7430555555555556,57.6939534520461,57.6939534520461,0.2387780414263165,0.9551121657052659,0.9551121657052659,19334099.82854636,0.02180969368266851,0.08674145153953862,0.4919352171234359,-0.02180969368266851,-0.08674145153953862,-0.4919352171234359,-58.52821671640375,0.4437400545953047,2.516574904262521,58.52821671640375,-0.4437400545953047,-2.516574904262521,-2.516574904262521,2.516574904262521
twins,1,1,12,80,0,0,0,1,12,60000,1,0.75,57.6939534520461,57.6939534520461,0.2387780414263165,0.9551121657052659,0.9551121657052659,19334099.82854636,9.184850993605148e-17,0.08682408883346518,0.492403876506104,-9.184850993605148e-17,-0.08682408883346518,-0.492403876506104,-58.58397568010505,1.868749896561321e-15,1.059820731378069e-14,58.58397568010505,-1.868749896561321e-15,-1.059820731378069e-14,-1.059820731378069e-14,1.059820731378069e-14
twins,1,1,12,80,0,0,0,1,12,60000,1,0.7569444444444444,57.6939534520461,57.6939534520461,0.2387780414263165,0.9551121657052659,0.9551121657052659,19334099.82854636,-0.02180969368266744,0.08674145153953862,0.491935217123436,0.02180969368266744,-0.08674145153953862,-0.491935217123436,-58.52821671640375,-0.443740054595283,-2.516574904262398,58.52821671640375,0.443740054595283,2.516574904262398,2.516574904262398,-2.516574904262398
twins,1,1,12,80,0,0,0,1,12,60000,1,0.7638888888888888,57.6939534520461,57.6939534520461,0.2387780414263165,0.9551121657052659,0.9551121657052659,19334099.82854636,-0.04357787137382894,0.08649369696254473,0.4905301310952034,0.04357787137382894,-0.08649369696254473,-0.4905301310952034,-58.36104596565641,-0.8866354247761277,-5.028359365161878,58.36104596565641,0.8866354247761277,5.028359365161878,5.028359365161878,-5.028359365161878
twins,1,1,12,80,0,0,0,1,12,60000,1,0.7708333333333334,57.6939534520461,57.6939534520461,0.2387780414263165,0.9551121657052659,0.9551121657052659,19334099.82854636,-0.06526309611002519,0.08608129671740231,0.4881912930825212,0.06526309611002519,-0.08608129671740231,-0.4881912930825212,-58.08278164688844,-1.32784303403283,-7.530572058216407,58.08278164688844,1.32784303403283,7.530572058216407,7.530572058216407,-7.530572058216407
twins,1,1,12,80,0,0,0,1,12,60000,1,0.7777777777777778,57.6939534520461,57.6939534520461,0.2387780414263165,0.9551121657052659,0.9551121657052659,19334099.82854636,-0.08682408883346499,0.08550503583141719,0.4849231551964771,0.08682408883346499,-0.08550503583141719,-0.4849231551964771,-57.6939534520461,-1.766523018604604,-10.01844987934849,57.6939534520461,1.766523018604604,10.01844987934849,10.01844987934849,-10.01844987934849
twins,1,1,12,80,0,0,0,1,12,60000,1,0.7847222222222222,57.6939534520461,57.6939534520461,0.2387780414263165,0.9551121657052659,0.9551121657052659,19334099.82854636,-0.1082198069690508,0.08476601124993847,0.4807319385232863,0.1082198069690508,-0.08476601124993847,-0.4807319385232863,-57.19530153769786,-2.201840326207842,-12.48725701172366,57.19530153769786,2.201840326207842,12.48725701172366,12.48725701172366,-12.48725701172366
twins,1,1,12,80,0,0,0,1,12,60000,1,0.7916666666666666,57.6939534520461,57.6939534520461,0.2387780414263165,0.9551121657052659,0.9551121657052659,19334099.82854636,-0.1294095225512601,0.08386562974826033,0.4756256212820989,0.1294095225512601,-0.08386562974826033,-0.4756256212820989,-56.58777511610416,-2.632966305605738,-14.93229394064782,56.58777511610416,2.632966305605738,14.93229394064782,14.93229394064782,-14.93229394064782
twins,1,1,12,80,0,0,0,1,12,60000,1,0.7986111111111112,57.6939534520461,57.6939534520461,0.2387780414263165,0.9551121657052659,0.9551121657052659,19334099.82854636,-0.1503528997521367,0.08280560525374558,0.469613923638008,0.1503528997521367,-0.08280560525374558,-0.469613923638008,-55.87253064833806,-3.059080283992891,-17.34890639935986,55.87253064833806,3.059080283992891,17.34890639935986,17.34890639935986,-17.34890639935986
twins,1,1,12,80,0,0,0,1,12,60000,1,0.8055555555555556,57.6939534520461,57.6939534520461,0.2387780414263165,0.9551121657052659,0.9551121657052659,19334099.82854636,-0.1710100716628341,0.08158795558326742,0.4627082891991617,0.1710100716628341,-0.08158795558326742,-0.4627082891991617,-55.05092964289585,-3.479371129192688,-19.73249422869323,55.05092964289585,3.479371129192688,19.73249422869323,19.73249422869323,-19.73249422869323
twins,1,1,12,80,0,0,0,1,12,60000,1,0.8125,57.6939534520461,57.6939534520461,0.2387780414263165,0.9551121657052659,0.9551121657052659,19334099.82854636,-0.191341716182545,0.08021499860218023,0.4549218632332047,0.191341716182545,-0.08021499860218023,-0.4549218632332047,-54.12453606398804,-3.893038793693558,-22.07852013374074,54.12453606398804,3.893038793693558,22.07852013374074,22.07852013374074,-22.07852013374074
twins,1,1,12,80,0,0,0,1,12,60000,1,0.8194444444444444,57.6939534520461,57.6939534520461,0.2387780414263165,0.9551121657052659,0.9551121657052659,19334099.82854636,-0.2113091308703494,0.07868934781213137,0.4462694676445151,0.2113091308703494,-0.07868934781213137,-0.4462694676445151,-53.09511335444495,-4.299295837584755,-24.38251832085251,53.09511335444495,4.299295837584755,24.38251832085251,24.38251832085251,-24.38251832085251
twins,1,1,12,80,0,0,0,1,12,60000,1,0.8263888888888888,57.6939534520461,57.6939534520461,0.2387780414263165,0.9551121657052659,0.9551121657052659,19334099.82854636,-0.2308743066175162,0.07701390737611195,0.4367675727598659,0.2308743066175162,-0.07701390737611195,-0.4367675727598659,-51.9646210789027,-4.697368927493108,-26.6401029985288,51.9646210789027,4.697368927493108,26.6401029985288,26.6401029985288,-26.6401029985288
twins,1,1,12,80,0,0,0,1,12,60000,1,0.8333333333333334,57.6939534520461,57.6939534520461,0.2387780414263165,0.9551121657052659,0.9551121657052659,19334099.82854636,-0.2499999999999997,0.07519186659021769,0.4264342659762218,0.2499999999999997,-0.07519186659021769,-0.4264342659762218,-50.73521119366073,-5.086500308666998,-28.84697672602301,50.73521119366073,5.086500308666998,28.84697672602301,28.84697672602301,-28.84697672602301
twins,1,1,12,80,0,0,0,1,12,60000,1,0.8402777777777778,57.6939534520461,57.6939534520461,0.2387780414263165,0.9551121657052659,0.9551121657052659,19334099.82854636,-0.2686498041734119,0.07322669381264263,0.4152892173303527,0.2686498041734119,-0.07322669381264263,-0.4152892173303527,-49.40922395031073,-5.46594924740556,-30.99893859376425,49.40922395031073,5.46594924740556,30.99893859376425,30.99893859376425,-30.99893859376425
twins,1,1,12,80,0,0,0,1,12,60000,1,0.8472222222222222,57.6939534520461,57.6939534520461,0.2387780414263165,0.9551121657052659,0.9551121657052659,19334099.82854636,-0.2867882181755227,0.07112212986146207,0.4033536420557997,0.2867882181755227,-0.07112212986146207,-0.4033536420557997,-47.98918344093466,-5.834993441087425,-33.09189222002769,47.98918344093466,5.834993441087425,33.09189222002769,33.09189222002769,-33.09189222002769
twins,1,1,12,80,0,0,0,1,12,60000,1,0.8541666666666666,57.6939534520461,57.6939534520461,0.2387780414263165,0.9551121657052659,0.9551121657052659,19334099.82854636,-0.3043807145043603,0.06888218089377253,0.3906502601984705,0.3043807145043603,-0.06888218089377253,-0.3906502601984705,-46.47779279335182,-6.192930393114847,-35.12185354863018,46.47779279335182,6.192930393114847,35.12185354863018,35.12185354863018,-35.12185354863018
twins,1,1,12,80,0,0,0,1,12,60000,1,0.8611111111111112,57.6939534520461,57.6939534520461,0.2387780414263165,0.9551121657052659,0.9551121657052659,19334099.82854636,-0.3213938048432693,0.06651111077974457,0.3772032533677448,0.3213938048432693,-0.06651111077974457,-0.3772032533677448,-44.87792902556186,-6.539078750155809,-37.08495843280713,44.87792902556186,6.539078750155809,37.08495843280713,37.08495843280713,-37.08495843280713
twins,1,1,12,80,0,0,0,1,12,60000,1,0.8680555555555556,57.6939534520461,57.6939534520461,0.2387780414263165,0.9551121657052659,0.9551121657052659,19334099.82854636,-0.3377951038078301,0.06401343298610285,0.3630382187054016,0.3377951038078301,-0.06401343298610285,-0.3630382187054016,-43.19263756917694,-6.872779599138922,-38.97746999083605,43.19263756917694,6.872779599138922,38.97746999083605,38.97746999083605,-38.97746999083605
twins,1,1,12,80,0,0,0,1,12,60000,1,0.875,57.6939534520461,57.6939534520461,0.2387780414263165,0.9551121657052659,0.9551121657052659,19334099.82854636,-0.3535533905932734,0.0613939019844865,0.3481821201600099,0.3535533905932734,-0.0613939019844865,-0.3481821201600099,-41.42512647227011,-7.193397721531805,-40.79578571940278,41.42512647227011,7.193397721531805,40.79578571940278,40.79578571940278,-40.79578571940278
twins,1,1,12,80,0,0,0,1,12,60000,1,0.8819444444444444,57.6939534520461,57.6939534520461,0.2387780414263165,0.9551121657052659,0.9551121657052659,19334099.82854636,-0.3686386684050619,0.05865750420104129,0.3326632371595148,0.3686386684050619,-0.05865750420104129,-0.3326632371595148,-39.57876029267297,-7.500322802515765,-42.5364443511718,39.57876029267297,7.500322802515765,42.5364443511718,42.5364443511718,-42.5364443511718
twins,1,1,12,80,0,0,0,1,12,60000,1,0.8888888888888888,57.6939534520461,57.6939534520461,0.2387780414263165,0.9551121657052659,0.9551121657052659,19334099.82854636,-0.3830222215594886,0.05580944852447491,0.316511110779745,0.3830222215594886,-0.05580944852447491,-0.316511110779745,-37.65705369334913,-7.792970592754642,-44.19613244350484,37.65705369334913,7.792970592754642,44.19613244350484,44.19613244350484,-44.19613244350484
twins,1,1,12,80,0,0,0,1,12,60000,1,0.8958333333333334,57.6939534520461,57.6939534520461,0.2387780414263165,0.9551121657052659,0.9551121657052659,19334099.82854636,-0.3966766701456175,0.05285515639064039,0.2997564875112896,0.3966766701456175,-0.05285515639064039,-0.2997564875112896,-35.6636647520329,-8.07078402054673,-45.77169068578779,35.6636647520329,8.07078402054673,45.77169068578779,45.77169068578779,-45.77169068578779
twins,1,1,12,80,0,0,0,1,12,60000,1,0.9027777777777778,57.6939534520461,57.6939534520461,0.2387780414263165,0.9551121657052659,0.9551121657052659,19334099.82854636,-0.4095760221444955,0.0498002514625257,0.2824312607318122,0.4095760221444955,-0.0498002514625257,-0.2824312607318122,-33.60238799787107,-8.33323425224232,-47.26011991335745,33.60238799787107,8.33323425224232,47.26011991335745,47.26011991335745,-47.26011991335745
twins,1,1,12,80,0,0,0,1,12,60000,1,0.9097222222222222,57.6939534520461,57.6939534520461,0.2387780414263165,0.9551121657052659,0.9551121657052659,19334099.82854636,-0.4216957229064427,0.04665054892529071,0.2645684099951877,0.4216957229064427,-0.04665054892529071,-0.2645684099951877,-31.47714718832032,-8.579821698908706,-48.65858681658247,31.47714718832032,8.579821698908706,48.65858681658247,48.65858681658247,-48.65858681658247
twins,1,1,12,80,0,0,0,1,12,60000,1,0.9166666666666666,57.6939534520461,57.6939534520461,0.2387780414263165,0.9551121657052659,0.9551121657052659,19334099.82854636,-0.433012701892219,0.04341204441673269,0.2462019382530526,0.433012701892219,-0.04341204441673269,-0.2462019382530526,-29.2919878400526,-8.810076967326021,-49.96442933422879,29.2919878400526,8.810076967326021,49.96442933422879,49.96442933422879,-49.96442933422879
twins,1,1,12,80,0,0,0,1,12,60000,1,0.9236111111111112,57.6939534520461,57.6939534520461,0.2387780414263165,0.9551121657052659,0.9551121657052659,19334099.82854636,-0.4435054165891107,0.04009090261424799,0.2273668071282487,0.4435054165891107,-0.04009090261424799,-0.2273668071282487,-27.05106952808349,-9.023561753504,-51.17516172084493,27.05106952808349,9.023561753504,51.17516172084493,51.17516172084493,-51.17516172084493
twins,1,1,12,80,0,0,0,1,12,60000,1,0.9305555555555556,57.6939534520461,57.6939534520461,0.2387780414263165,0.9551121657052659,0.9551121657052659,19334099.82854636,-0.453153893518325,0.03669344550001911,0.2080988703633916,0.453153893518325,-0.03669344550001911,-0.2080988703633916,-24.75865796778539,-9.21986967701846,-52.2884792785194,24.75865796778539,9.21986967701846,52.2884792785194,52.2884792785194,-52.2884792785194
twins,1,1,12,80,0,0,0,1,12,60000,1,0.9375,57.6939534520461,57.6939534520461,0.2387780414263165,0.9551121657052659,0.9551121657052659,19334099.82854636,-0.4619397662556433,0.03322614032676197,0.188434805571232,0.4619397662556433,-0.03322614032676197,-0.188434805571232,-22.41911689485558,-9.398627054579574,-53.30226274400427,22.41911689485558,9.398627054579574,53.30226274400427,53.30226274400427,-53.30226274400427
twins,1,1,12,80,0,0,0,1,12,60000,1,0.9444444444444444,57.6939534520461,57.6939534520461,0.2387780414263165,0.9551121657052659,0.9551121657052659,19334099.82854636,-0.4698463103929539,0.02969558730694249,0.1684120444167333,0.4698463103929539,-0.02969558730694249,-0.1684120444167333,-20.03689975869711,-9.559493611359253,-54.21458232285337,20.03689975869711,9.559493611359253,54.21458232285337,54.21458232285337,-54.21458232285337
twins,1,1,12,80,0,0,0,1,12,60000,1,0.9513888888888888,57.6939534520461,57.6939534520461,0.2387780414263165,0.9551121657052659,0.9551121657052659,19334099.82854636,-0.4768584753741134,0.02610850704889724,0.1480687013637717,0.4768584753741134,-0.02610850704889724,-0.1480687013637717,-17.61654124502492,-9.702163128723619,-55.02370136289553,17.61654124502492,9.702163128723619,55.02370136289553,55.02370136289553,-55.02370136289553
twins,1,1,12,80,0,0,0,1,12,60000,1,0.9583333333333334,57.6939534520461,57.6939534520461,0.2387780414263165,0.9551121657052659,0.9551121657052659,19334099.82854636,-0.4829629131445342,0.02247172776377389,0.1274435011220894,0.4829629131445342,-0.02247172776377389,-0.1274435011220894,-15.16264864383408,-9.826364027137554,-55.72807966005067,15.16264864383408,9.826364027137554,55.72807966005067,55.72807966005067,-55.72807966005067
twins,1,1,12,80,0,0,0,1,12,60000,1,0.9652777777777778,57.6939534520461,57.6939534520461,0.2387780414263165,0.9551121657052659,0.9551121657052659,19334099.82854636,-0.4881480035599666,0.01879217226764283,0.1065757049326069,0.4881480035599666,-0.01879217226764283,-0.1065757049326069,-12.67989307916119,-9.931859883131809,-56.32637639019589,12.67989307916119,9.931859883131809,56.32637639019589,56.32637639019589,-56.32637639019589
twins,1,1,12,80,0,0,0,1,12,60000,1,0.9722222222222222,57.6939534520461,57.6939534520461,0.2387780414263165,0.9551121657052659,0.9551121657052659,19334099.82854636,-0.492403876506104,0.01507684480352291,0.08550503583141719,0.492403876506104,-0.01507684480352291,-0.08550503583141719,-10.17300061733401,-10.01844987934851,-56.81745266150044,10.17300061733401,10.01844987934851,56.81745266150044,56.81745266150044,-56.81745266150044
twins,1,1,12,80,0,0,0,1,12,60000,1,0.9791666666666666,57.6939534520461,57.6939534520461,0.2387780414263165,0.9551121657052659,0.9551121657052659,19334099.82854636,-0.4957224306869051,0.0113328177084078,0.06427160303473477,0.4957224306869051,-0.0113328177084078,-0.06427160303473477,-7.646743270636277,-10.0859691868084,-57.2003736823709,7.646743270636277,10.0859691868084,57.2003736823709,57.2003736823709,-57.2003736823709
twins,1,1,12,80,0,0,0,1,12,60000,1,0.9861111111111112,57.6939534520461,57.6939534520461,0.2387780414263165,0.9551121657052659,0.9551121657052659,19334099.82854636,-0.4980973490458728,0.007567217950669325,0.04291582558871572,0.4980973490458728,-0.007567217950669325,-0.04291582558871572,-5.105929913510307,-10.13428927867219,-57.47441054088028,5.105929913510307,10.13428927867219,57.47441054088028,57.47441054088028,-57.47441054088028
twins,1,1,12,80,0,0,0,1,12,60000,1,0.9930555555555556,57.6939534520461,57.6939534520461,0.2387780414263165,0.9551121657052659,0.9551121657052659,19334099.82854636,-0.4995241107909288,0.003787213563469356,0.02147835542951335,0.4995241107909288,-0.003787213563469356,-0.02147835542951335,-2.555397128591989,-10.16331817489868,-57.63904159229313,2.555397128591989,10.16331817489868,57.63904159229313,57.63904159229313,-57.63904159229313
twins,1,1,12,80,0,0,0,1,12,60000,1,1,57.6939534520461,57.6939534520461,0.2387780414263165,0.9551121657052659,0.9551121657052659,19334099.82854636,-0.5,-1.478667013235089e-20,-8.385937349428579e-20,0.5,1.478667013235089e-20,8.385937349428579e-20,9.977207190563584e-18,-10.17300061733401,-57.6939534520461,-9.977207190563584e-18,10.17300061733401,57.6939534520461,57.6939534520461,-57.6939534520461
eccentric,1.2,0.55,35,70,0.65,45,20,0.45,12,60000,1,0,35.12219906641779,63.85854375712325,0.06895461968987719,0.9957233587073177,0.5476478472890246,38525013.98636337,-0.08781810024413575,-0.03003555923208725,-0.08252202077085155,0.1596692731711559,0.05461010769470409,0.1500400377651846,43.60786554895702,-14.91476842518077,-40.97798946457895,-79.28702827083093,27.11776077305595,74.50543539014353,60.97798946457895,-54.50543539014353
eccentric,1.2,0.55,35,70,0.65,45,20,0.45,12,60000,1,0.006944444444444444,35.12219906641779,63.85854375712325,0.06895461968987719,0.9957233587073177,0.5476478472890246,38525013.98636337,-0.06229187167191642,-0.03744662301588579,-0.102883751170976,0.1132579484943935,0.06808476911979235,0.1870613657654108,49.66523686315045,-12.19706255663304,-33.51115395802476,-90.30043066027355,22.17647737569644,60.92937083277229,53.51115395802476,-40.92937083277229
eccentric,1.2,0.55,35,70,0.65,45,20,0.45,12,60000,1,0.01388888888888889,35.12219906641779,63.85854375712325,0.06895461968987719,0.9957233587073177,0.5476478472890246,38525013.98636337,-0.03412391612030063,-0.0432827709390905,-0.1189184358065779,0.06204348385509206,0.07869594716198272,0.2162153378301416,53.26619235530787,-9.203658036834389,-25.28684263258454,-96.84762246419612,16.73392370333525,45.97607751379008,45.28684263258454,-25.97607751379008
eccentric,1.2,0.55,35,70,0.65,45,20,0.45,12,60000,1,0.02083333333333333,35.12219906641779,63.85854375712325,0.06895461968987719,0.9957233587073177,0.5476478472890246,38525013.98636337,-0.004647583713128207,-0.04749824519414622,-0.1305003561346358,0.008450152205687648,0.08636044580753857,0.2372733747902468,54.53420728822238,-6.303083478423466,-17.31757952990597,-99.15310416040433,11.46015177895176,31.48650823619267,37.31757952990597,-11.48650823619267
eccentric,1.2,0.55,35,70,0.65,45,20,0.45,12,60000,1,0.02777777777777778,35.12219906641779,63.85854375712325,0.06895461968987719,0.9957233587073177,0.5476478472890246,38525013.98636337,0.02500599405858845,-0.0502146921064849,-0.1379637326874336,-0.04546544374288809,0.0912994401936089,0.2508431503407882,54.02451574491311,-3.729152568503385,-10.24576247566426,-98.22639226347837,6.780277397278882,18.62865904666229,30.24576247566426,1.371340953337711
eccentric,1.2,0.55,35,70,0.65,45,20,0.45,12,60000,1,0.03472222222222222,35.12219906641779,63.85854375712325,0.06895461968987719,0.9957233587073177,0.5476478472890246,38525013.98636337,0.05404260728734314,-0.05163925517716667,-0.1418776875567206,-0.09825928597698752,0.09388955486757576,0.2579594319213103,52.36877665924299,-1.567492171706286,-4.306649346934908,-95.21595756225997,2.849985766738701,7.830271539881648,24.30664934693491,12.16972846011835
eccentric,1.2,0.55,35,70,0.65,45,20,0.45,12,60000,1,0.04166666666666666,35.12219906641779,63.85854375712325,0.06895461968987719,0.9957233587073177,0.5476478472890246,38525013.98636337,0.08198385879778589,-0.05199686326700698,-0.1428602077085712,-0.1490615614505198,0.09453975139455814,0.2597458321974022,50.07652481220588,0.1921237185589142,0.5278555784822717,-91.04822693128341,-0.3493158519252986,-0.9597374154223123,19.47214442151773,20.95973741542231
eccentric,1.2,0.55,35,70,0.65,45,20,0.45,12,60000,1,0.04861111111111111,35.12219906641779,63.85854375712325,0.06895461968987719,0.9957233587073177,0.5476478472890246,38525013.98636337,0.1085840512956736,-0.05149335537789709,-0.1414768311527245,-0.1974255478103156,0.09362428250526744,0.2572306020958627,47.49346001345413,1.602220958662875,4.402065904903186,-86.3517454790075,-2.913129015750681,-8.003756190733066,15.59793409509681,28.00375619073306
eccentric,1.2,0.55,35,70,0.65,45,20,0.45,12,60000,1,0.05555555555555555,35.12219906641779,63.85854375712325,0.06895461968987719,0.9957233587073177,0.5476478472890246,38525013.98636337,0.1337473791834534,-0.05030227313630301,-0.1382043595892314,-0.2431770530608244,0.09145867842964184,0.2512806537986025,44.83095806334754,2.725093845738905,7.4871338070624,-81.51083284245007,-4.954716083161646,-13.61297055829527,12.5128661929376,33.61297055829527
eccentric,1.2,0.55,35,70,0.65,45,20,0.45,12,60000,1,0.0625,35.12219906641779,63.85854375712325,0.06895461968987719,0.9957233587073177,0.5476478472890246,38525013.98636337,0.1574664570693389,-0.04856414937924475,-0.1334289038144962,-0.2863026492169798,0.08829845341680864,0.2425980069354476,42.20876262014733,3.618171228126337,9.940843748997512,-76.74320476390423,-6.578493142047885,-18.07426136181365,10.05915625100249,38.07426136181365
eccentric,1.2,0.55,35,70,0.65,45,20,0.45,12,60000,1,0.06944444444444445,35.12219906641779,63.85854375712325,0.06895461968987719,0.9957233587073177,0.5476478472890246,38525013.98636337,0.1797823177308308,-0.04639072643918142,-0.1274574733637475,-0.3268769413287833,0.08434677534396622,0.231740860661359,39.6895676689726,4.329376720495055,11.89486477987267,-72.16285030722291,-7.871594037263734,-21.62702687249576,8.10513522012733,41.62702687249576
eccentric,1.2,0.55,35,70,0.65,45,20,0.45,12,60000,1,0.0763888888888889,35.12219906641779,63.85854375712325,0.06895461968987719,0.9957233587073177,0.5476478472890246,38525013.98636337,0.2007601500220879,-0.04387031189243518,-0.1205326913088972,-0.3650184545856143,0.07976420344079121,0.2191503478343586,37.30236838502454,4.896921634475207,13.45418161555945,-67.8224879727719,-8.903493880864014,-24.46214839192628,6.545818384440546,44.46214839192628
eccentric,1.2,0.55,35,70,0.65,45,20,0.45,12,60000,1,0.08333333333333333,35.12219906641779,63.85854375712325,0.06895461968987719,0.9957233587073177,0.5476478472890246,38525013.98636337,0.2204752179811097,-0.04107273778987491,-0.1128464196328618,-0.4008640326929266,0.07467770507249982,0.2051753084233852,35.05698693015192,5.350654990970757,14.70080376698433,-63.73997623663986,-9.72846361994683,-26.72873412178969,5.299196233015669,46.72873412178969
eccentric,1.2,0.55,35,70,0.65,45,20,0.45,12,60000,1,0.09027777777777778,35.12219906641779,63.85854375712325,0.06895461968987719,0.9957233587073177,0.5476478472890246,38525013.98636337,0.2390049799107635,-0.03805346701818672,-0.1045510413644292,-0.4345545089286608,0.06918812185124859,0.1900928024807804,32.95273974775093,5.713718863603312,15.69831355886203,-59.91407226863806,-10.38857975200602,-28.54238828884004,4.301686441137974,48.54238828884004
eccentric,1.2,0.55,35,70,0.65,45,20,0.45,12,60000,1,0.09722222222222222,35.12219906641779,63.85854375712325,0.06895461968987719,0.9957233587073177,0.5476478472890246,38525013.98636337,0.2564248636026157,-0.03485682908629558,-0.09576835082838621,-0.4662270247320284,0.06337605288417378,0.1741242742334295,30.98348779358152,6.004047724595495,16.49598554865403,-56.33361417014821,-10.91645040835544,-29.99270099755277,3.504014451345974,49.99270099755277
eccentric,1.2,0.55,35,70,0.65,45,20,0.45,12,60000,1,0.1041666666666667,35.12219906641779,63.85854375712325,0.06895461968987719,0.9957233587073177,0.5476478472890246,38525013.98636337,0.2728061548777536,-0.03151851298480292,-0.08659640272053333,-0.4960111906868246,0.05730638724509621,0.1574480049464242,29.14052899624512,6.235589210116212,17.13214055178918,-52.98277999317294,-11.33743492748402,-31.14934645779851,2.867859448210819,51.14934645779852
eccentric,1.2,0.55,35,70,0.65,45,20,0.45,12,60000,1,0.1111111111111111,35.12219906641779,63.85854375712325,0.06895461968987719,0.9957233587073177,0.5476478472890246,38525013.98636337,0.2882150869838122,-0.02806747054276797,-0.07711474153746278,-0.5240274308796585,0.05103176462321449,0.140208620977205,27.41422494075235,6.4192521139177,17.63675023277523,-49.84404534682245,-11.67136747985036,-32.06681860504587,2.363249767224765,52.06681860504587
eccentric,1.2,0.55,35,70,0.65,45,20,0.45,12,60000,1,0.1180555555555556,35.12219906641779,63.85854375712325,0.06895461968987719,0.9957233587073177,0.5476478472890246,38525013.98636337,0.3027125979640604,-0.02452736741337109,-0.06738838812690418,-0.550386541752837,0.04459521347885651,0.1225243420489167,25.79489162055226,6.563626643089737,18.0334159916198,-46.89980294645865,-11.93386662379952,-32.78802907567236,1.966584008380202,52.78802907567236
eccentric,1.2,0.55,35,70,0.65,45,20,0.45,12,60000,1,0.125,35.12219906641779,63.85854375712325,0.06895461968987719,0.9957233587073177,0.5476478472890246,38525013.98636337,0.3163544471040592,-0.02091769209743554,-0.05747088670480856,-0.5751899038255622,0.0380321674498828,0.1044925212814701,24.27326510406444,6.675526742383028,18.34085898766285,-44.13320928011716,-12.13732134978732,-33.34701634120518,1.659141012337152,53.34701634120518
eccentric,1.2,0.55,35,70,0.65,45,20,0.45,12,60000,1,0.1319444444444444,35.12219906641779,63.85854375712325,0.06895461968987719,0.9957233587073177,0.5476478472890246,38525013.98636337,0.329191512640288,-0.01725460783348393,-0.04740664540404195,-0.5985300229823418,0.03137201424269805,0.08619390073462173,22.84072364865564,6.760397649141252,18.5740398875497,-41.52858845210115,-12.29163208934773,-33.77098161372673,1.425960112450298,53.77098161372673
eccentric,1.2,0.55,35,70,0.65,45,20,0.45,12,60000,1,0.1388888888888889,35.12219906641779,63.85854375712325,0.06895461968987719,0.9957233587073177,0.5476478472890246,38525013.98636337,0.341270169410065,-0.01355161110861284,-0.03723274551814422,-0.6204912171092092,0.02463929292475062,0.06769590094208039,21.48937214386146,6.822622812665481,18.74500211925439,-39.07158571611174,-12.40476875030087,-34.08182203500798,1.254997880745609,54.08182203500798
eccentric,1.2,0.55,35,70,0.65,45,20,0.45,12,60000,1,0.1458333333333333,35.12219906641779,63.85854375712325,0.06895461968987719,0.9957233587073177,0.5476478472890246,38525013.98636337,0.3526326897255401,-0.009820044252463057,-0.0269803498416874,-0.6411503449555274,0.01785462591356919,0.04905518153034072,20.2120505930585,6.865756059055981,18.86350973974006,-36.74918289646999,-12.48319283464724,-34.29729043589102,1.136490260259936,54.29729043589102
eccentric,1.2,0.55,35,70,0.65,45,20,0.45,12,60000,1,0.1527777777777778,35.12219906641779,63.85854375712325,0.06895461968987719,0.9957233587073177,0.5476478472890246,38525013.98636337,0.3633176367265382,-0.006069497357265085,-0.01667580693652532,-0.6605775213209785,0.01103544974048197,0.03031964897550059,19.0023025096295,6.892698232488871,18.93753275287796,-34.54964092659909,-12.53217860452522,-34.43187773250538,1.06246724712204,54.43187773250538
eccentric,1.2,0.55,35,70,0.65,45,20,0.45,12,60000,1,0.1597222222222222,35.12219906641779,63.85854375712325,0.06895461968987719,0.9957233587073177,0.5476478472890246,38525013.98636337,0.3733602345294062,-0.00230812573187717,-0.0063415233295947,-0.6788367900534658,0.004196592239776672,0.01153004241744491,17.85432395359463,6.905832475888787,18.97361879004085,-32.46240718835386,-12.55605904707052,-34.49748870916518,1.026381209959148,54.49748870916518
eccentric,1.2,0.55,35,70,0.65,45,20,0.45,12,60000,1,0.1666666666666667,35.12219906641779,63.85854375712325,0.06895461968987719,0.9957233587073177,0.5476478472890246,38525013.98636337,0.3827927081456806,0.001457097545635932,0.004003342604577476,-0.6959867420830554,-0.002649268264792604,-0.00727880473559541,16.7629050281429,6.907128555147898,18.97717973853908,-30.478009142078,-12.55841555481436,-34.50396316098015,1.022820261460918,54.50396316098015
eccentric,1.2,0.55,35,70,0.65,45,20,0.45,12,60000,1,0.1736111111111111,35.12219906641779,63.85854375712325,0.06895461968987719,0.9957233587073177,0.5476478472890246,38525013.98636337,0.3916445910331636,0.005220179294255418,0.01434232473647133,-0.7120810746057519,-0.009491235080464396,-0.02607695406631151,15.723370415222,6.898223879236141,18.95271434254397,-28.58794620949455,-12.5422252349748,-34.45948062280721,1.04728565745603,54.45948062280721
eccentric,1.2,0.55,35,70,0.65,45,20,0.45,12,60000,1,0.1805555555555556,35.12219906641779,63.85854375712325,0.06895461968987719,0.9957233587073177,0.5476478472890246,38525013.98636337,0.3999430008153245,0.008975943028630124,0.02466120078947241,-0.727169092391499,-0.01631989641569113,-0.04483854688994982,14.73152245263808,6.880486864406243,18.90398229481029,-26.78458627752379,-12.50997611710226,-34.37087689965507,1.096017705189709,54.37087689965507
eccentric,1.2,0.55,35,70,0.65,45,20,0.45,12,60000,1,0.1875,35.12219906641779,63.85854375712325,0.06895461968987719,0.9957233587073177,0.5476478472890246,38525013.98636337,0.4077128850808565,0.01271989646390038,0.034947628312367,-0.7412961546924663,-0.02312708447981887,-0.06354114238612181,13.78358846064367,6.855066831962677,18.83414132966979,-25.06106992844303,-12.46375787629578,-34.24389332667235,1.165858670330206,54.24389332667235
eccentric,1.2,0.55,35,70,0.65,45,20,0.45,12,60000,1,0.1944444444444444,35.12219906641779,63.85854375712325,0.06895461968987719,0.9957233587073177,0.5476478472890246,38525013.98636337,0.4149772397985682,0.01644812327908473,0.04519084730169123,-0.754504072361033,-0.02990567868924496,-0.08216517691216586,12.87617299353944,6.8229335649736,18.745855904204,-23.41122362461717,-12.40533375449745,-34.08337437127999,1.254144095796004,54.08337437127999
eccentric,1.2,0.55,35,70,0.65,45,20,0.45,12,60000,1,0.2013888888888889,35.12219906641779,63.85854375712325,0.06895461968987719,0.9957233587073177,0.5476478472890246,38525013.98636337,0.4217573030774958,0.02015719417171907,0.05538143582636045,-0.7668314601409013,-0.03664944394858011,-0.1006935196842917,12.00621511244984,6.784908870029617,18.64138391346375,-21.82948202263606,-12.33619794550839,-33.89342529720681,1.358616086536252,53.89342529720681
eccentric,1.2,0.55,35,70,0.65,45,20,0.45,12,60000,1,0.2083333333333333,35.12219906641779,63.85854375712325,0.06895461968987719,0.9957233587073177,0.5476478472890246,38525013.98636337,0.4280727269606281,0.02384409335107621,0.06551110806944999,-0.7783140490193239,-0.04335289700195674,-0.1191111055808182,11.17095046470696,6.741691916587214,18.52264630974313,-20.31081902673992,-12.2576216665222,-33.6775387449875,1.477353690256873,53.6775387449875
eccentric,1.2,0.55,35,70,0.65,45,20,0.45,12,60000,1,0.2152777777777778,35.12219906641779,63.85854375712325,0.06895461968987719,0.9957233587073177,0.5476478472890246,38525013.98636337,0.4339417297766769,0.02750615746205628,0.07557254652296289,-0.7889849632303216,-0.05001119538555686,-0.1374046300417507,10.3678778026406,6.69387970187352,18.39128332944313,-18.85068691389199,-12.17069036704276,-33.43869696262388,1.608716670556866,53.43869696262388
eccentric,1.2,0.55,35,70,0.65,45,20,0.45,12,60000,1,0.2222222222222222,35.12219906641779,63.85854375712325,0.06895461968987719,0.9957233587073177,0.5476478472890246,38525013.98636337,0.439381231354461,0.0311410245762657,0.08555926184197145,-0.79887496609902,-0.05662004468411944,-0.1555622942581299,9.594729513614881,6.641983673155512,18.24870016238104,-17.44496275202706,-12.07633395119184,-33.17945484069279,1.751299837618962,53.17945484069279
eccentric,1.2,0.55,35,70,0.65,45,20,0.45,12,60000,1,0.2291666666666667,35.12219906641779,63.85854375712325,0.06895461968987719,0.9957233587073177,0.5476478472890246,38525013.98636337,0.4444069731668776,0.03474659138159806,0.09546547522395726,-0.8080126784852318,-0.06317562069381465,-0.1735735913162859,8.849445724000553,6.586443302246608,18.0961042474407,-16.08990131636464,-11.9753514586302,-32.90200772261944,1.903895752559304,52.90200772261944
eccentric,1.2,0.55,35,70,0.65,45,20,0.45,12,60000,1,0.2361111111111111,35.12219906641779,63.85854375712325,0.06895461968987719,0.9957233587073177,0.5476478472890246,38525013.98636337,0.4490336252372949,0.03832097708395707,0.1052860192296101,-0.816424773158718,-0.06967450378901285,-0.1914291258720184,8.130151558574617,6.527637228453552,17.93453588756749,-14.78209374286294,-11.868431324461,-32.60824706830452,2.065464112432512,52.60824706830452
eccentric,1.2,0.55,35,70,0.65,45,20,0.45,12,60000,1,0.2430555555555556,35.12219906641779,63.85854375712325,0.06895461968987719,0.9957233587073177,0.5476478472890246,38525013.98636337,0.4532748814215546,0.04186249283202265,0.1150162537780633,-0.8241361480391902,-0.07611362333095027,-0.2091204614146605,7.43513716944797,6.465892450582508,17.76489350459756,-13.51843121717813,-11.7561680919682,-32.29980637199555,2.235106495402444,52.29980637199555
eccentric,1.2,0.55,35,70,0.65,45,20,0.45,12,60000,1,0.25,35.12219906641779,63.85854375712325,0.06895461968987719,0.9957233587073177,0.5476478472890246,38525013.98636337,0.4571435444786962,0.04536961570848028,0.1246519946883833,-0.8311700808703566,-0.08249021037905505,-0.2266399903425151,6.762840186776721,6.40149194509624,17.58795456997257,-12.29607306686676,-11.63907626381134,-31.97809921813194,2.412045430027433,51.97809921813194
eccentric,1.2,0.55,35,70,0.65,45,20,0.45,12,60000,1,0.2569444444444444,35.12219906641779,63.85854375712325,0.06895461968987719,0.9957233587073177,0.5476478472890246,38525013.98636337,0.460651602164625,0.04884096651406632,0.1341894526417365,-0.8375483675720454,-0.08880175729830238,-0.2439808229849755,6.111830282520211,6.33468100798349,17.40439302888269,-11.11241869549129,-11.51760183269725,-31.64435096160489,2.595606971117313,51.64435096160489
eccentric,1.2,0.55,35,70,0.65,45,20,0.45,12,60000,1,0.2638888888888889,35.12219906641779,63.85854375712325,0.06895461968987719,0.9957233587073177,0.5476478472890246,38525013.98636337,0.4638102954249356,0.05227529071552615,0.1436251808363339,-0.8432914462271556,-0.09504598311913844,-0.2611366924296981,5.48079557581979,6.265672556442571,17.21479386652248,-9.96508286512689,-11.39213192080467,-31.29962521185906,2.785206133477519,51.29962521185905
eccentric,1.2,0.55,35,70,0.65,45,20,0.45,12,60000,1,0.2708333333333333,35.12219906641779,63.85854375712325,0.06895461968987719,0.9957233587073177,0.5476478472890246,38525013.98636337,0.4666301796246568,0.05567144204371618,0.1529560299235869,-0.8484185084084668,-0.1012208037158476,-0.2781018725883398,4.868530642928784,6.194651578713099,17.01966533390317,-8.851873896234151,-11.26300287038745,-30.94484606164212,2.98033466609683,50.94484606164212
eccentric,1.2,0.55,35,70,0.65,45,20,0.45,12,60000,1,0.2777777777777778,35.12219906641779,63.85854375712325,0.06895461968987719,0.9957233587073177,0.5476478472890246,38525013.98636337,0.4691211796320505,0.0590283683201609,0.1621791090668926,-0.8529475993310007,-0.1073243060366562,-0.2948711073943502,4.273925925512269,6.121778883055161,16.8194492480882,-7.770774410022306,-11.13050706010029,-30.58081681470581,3.180550751911802,50.58081681470581
eccentric,1.2,0.55,35,70,0.65,45,20,0.45,12,60000,1,0.2847222222222222,35.12219906641779,63.85854375712325,0.06895461968987719,0.9957233587073177,0.5476478472890246,38525013.98636337,0.4712926394688047,0.06234509916436407,0.1712917521677495,-0.8568957081250993,-0.1133547257533892,-0.3114395493959082,3.695958358483055,6.047194267537082,16.61452970111357,-6.719924288151009,-10.99489866824924,-30.20823582020649,3.385470298886432,50.20823582020649
eccentric,1.2,0.55,35,70,0.65,45,20,0.45,12,60000,1,0.2916666666666667,35.12219906641779,63.85854375712325,0.06895461968987719,0.9957233587073177,0.5476478472890246,38525013.98636337,0.4731533671481685,0.06562073529393631,0.1802914884680989,-0.8602788493603063,-0.1193104278071569,-0.3278027063056345,3.133683062497865,5.971019209117745,16.4052404481808,-5.697605568177935,-10.85639856203226,-29.82770990578328,3.594759551819198,49.82770990578328
eccentric,1.2,0.55,35,70,0.65,45,20,0.45,12,60000,1,0.2986111111111111,35.12219906641779,63.85854375712325,0.06895461968987719,0.9957233587073177,0.5476478472890246,38525013.98636337,0.4747116752439618,0.06885443917807578,0.1891760168709749,-0.8631121368072032,-0.1251898894146832,-0.3439563943108634,2.586225967082985,5.893359152109989,16.19187119515843,-4.702229031059971,-10.7151984583818,-29.43976580937897,3.808128804841566,49.43976580937897
eccentric,1.2,0.55,35,70,0.65,45,20,0.45,12,60000,1,0.3055555555555556,35.12219906641779,63.85854375712325,0.06895461968987719,0.9957233587073177,0.5476478472890246,38525013.98636337,0.4759754176653771,0.07204542684444722,0.1979431834300886,-0.8654098503006856,-0.1309916851717222,-0.3598966971456156,2.052777248408089,5.814305461432299,15.97467296509693,-3.732322269832888,-10.57146447533145,-29.04485993653987,4.02532703490307,49.04485993653987
eccentric,1.2,0.55,35,70,0.65,45,20,0.45,12,60000,1,0.3125,35.12219906641779,63.85854375712325,0.06895461968987719,0.9957233587073177,0.5476478472890246,38525013.98636337,0.4769520230536166,0.07519296067183179,0.2065909615477973,-0.867185496461121,-0.1367144739487851,-0.3756199300869042,1.532585481309425,5.733937094289411,15.75386269113341,-2.786519056926227,-10.42534017143529,-28.64338671115165,4.246137308866592,48.64338671115165
eccentric,1.2,0.55,35,70,0.65,45,20,0.45,12,60000,1,0.3194444444444444,35.12219906641779,63.85854375712325,0.06895461968987719,0.9957233587073177,0.5476478472890246,38525013.98636337,0.4776485251654326,0.07829634302748779,0.2151174344938961,-0.8684518639371501,-0.1423569873227051,-0.3911226081707201,1.024952418589747,5.652322034447543,15.52962715713044,-1.863549851981358,-10.27694915354099,-28.23568574023716,4.470372842869564,48.23568574023716
eccentric,1.2,0.55,35,70,0.65,45,20,0.45,12,60000,1,0.3263888888888889,35.12219906641779,63.85854375712325,0.06895461968987719,0.9957233587073177,0.5476478472890246,38525013.98636337,0.4780715905644608,0.08135491063007239,0.2235207799178727,-0.8692210737535651,-0.1479180193274043,-0.4064014180324958,0.5292283221808112,5.569518525606886,15.30212638633912,-0.9622333130560201,-10.12639731928525,-27.82204797516204,4.69787361366088,47.82204797516204
eccentric,1.2,0.55,35,70,0.65,45,20,0.45,12,60000,1,0.3333333333333333,35.12219906641779,63.85854375712325,0.06895461968987719,0.9957233587073177,0.5476478472890246,38525013.98636337,0.4782275439029031,0.08436802953712011,0.2317992560771182,-0.8695046252780055,-0.1533964173402184,-0.4214531928674875,0.0448077807000699,5.485576134149688,15.07149656127545,-0.08146869218194526,-9.973774789363068,-27.40272102050082,4.928503438724551,47.40272102050082
eccentric,1.2,0.55,35,70,0.65,45,20,0.45,12,60000,1,0.3402777777777778,35.12219906641779,63.85854375712325,0.06895461968987719,0.9957233587073177,0.5476478472890246,38525013.98636337,0.4781223910428248,0.08733509067114753,0.2399511895449999,-0.8693134382596813,-0.1587910739475409,-0.4362748900818179,-0.4288740435062063,5.400536666465801,14.83785254405153,0.7797709881931024,-9.819157575392365,-26.97791371645732,5.162147455948471,46.97791371645732
eccentric,1.2,0.55,35,70,0.65,45,20,0.45,12,60000,1,0.3472222222222222,35.12219906641779,63.85854375712325,0.06895461968987719,0.9957233587073177,0.5476478472890246,38525013.98636337,0.4777618402373669,0.09025550581102008,0.2479749641972331,-0.8686578913406671,-0.1641009196564001,-0.4508635712676966,-0.8923447873684929,5.314434961900576,14.60129005498202,1.622445067942714,-9.66260902163741,-26.54780009996731,5.398709945017981,46.5478000999673
eccentric,1.2,0.55,35,70,0.65,45,20,0.45,12,60000,1,0.3541666666666667,35.12219906641779,63.85854375712325,0.06895461968987719,0.9957233587073177,0.5476478472890246,38525013.98636337,0.4771513215669493,0.09312870398572864,0.2558690113038632,-0.8675478573944533,-0.1693249163376884,-0.4652163841888421,-1.346097923328925,5.227299578952804,14.36188755789749,2.447450769688954,-9.504181052641462,-26.11252283254088,5.638112442102514,46.11252283254088
eccentric,1.2,0.55,35,70,0.65,45,20,0.45,12,60000,1,0.3611111111111111,35.12219906641779,63.85854375712325,0.06895461968987719,0.9957233587073177,0.5476478472890246,38525013.98636337,0.4762960048035321,0.09595412821653707,0.2636318005783893,-0.8659927360064219,-0.1744620513027947,-0.4793305465061622,-1.790595496502073,5.139153389530437,14.11970789284856,3.255628175458314,-9.343915253691703,-25.67219616881556,5.880292107151439,45.67219616881556
eccentric,1.2,0.55,35,70,0.65,45,20,0.45,12,60000,1,0.3680555555555556,35.12219906641779,63.85854375712325,0.06895461968987719,0.9957233587073177,0.5476478472890246,38525013.98636337,0.4752008158567793,0.09873123256088079,0.271261832055943,-0.8640014833759624,-0.1795113319288741,-0.4932033310108053,-2.226270595720404,5.050014093736183,13.87479969046776,4.047764719491643,-9.18184380679306,-25.2269085281232,6.125200309532238,45.2269085281232
eccentric,1.2,0.55,35,70,0.65,45,20,0.45,12,60000,1,0.375,35.12219906641779,63.85854375712325,0.06895461968987719,0.9957233587073177,0.5476478472890246,38525013.98636337,0.4738704519391452,0.1014594794176461,0.2787576286896036,-0.8615826398893549,-0.1844717807593565,-0.5068320521629157,-2.653529587321899,4.959894665713454,13.62719859692115,4.824599249676179,-9.017990301297189,-24.77672472167481,6.372801403078851,44.77672472167481
eccentric,1.2,0.55,35,70,0.65,45,20,0.45,12,60000,1,0.3819444444444444,35.12219906641779,63.85854375712325,0.06895461968987719,0.9957233587073177,0.5476478472890246,38525013.98636337,0.4723093955721651,0.1041383370587467,0.2861177295684612,-0.8587443555857546,-0.1893424310159031,-0.5202140537608385,-3.072754136983618,4.868803739463138,13.3769283339312,5.586825703606578,-8.852370435387524,-24.32168787987491,6.623071666068798,44.32168787987491
eccentric,1.2,0.55,35,70,0.65,45,20,0.45,12,60000,1,0.3888888888888889,35.12219906641779,63.85854375712325,0.06895461968987719,0.9957233587073177,0.5476478472890246,38525013.98636337,0.4705219275433029,0.1067672773563932,0.293340683673339,-0.855494413715096,-0.1941223224661694,-0.5333466975878891,-3.484303041818654,4.776745942185167,13.12400161462524,6.335096439670279,-8.68499262215485,-23.86182111750044,6.875998385374757,43.86182111750044
eccentric,1.2,0.55,35,70,0.65,45,20,0.45,12,60000,1,0.3958333333333333,35.12219906641779,63.85854375712325,0.06895461968987719,0.9957233587073177,0.5476478472890246,38525013.98636337,0.4685121389113421,0.1093457736792419,0.3004250440965127,-0.8518402525660765,-0.1988104975986216,-0.5462273529027503,-3.888513892268449,4.683722181558814,12.86842093283158,7.070025258669908,-8.515858511925115,-23.3971289687847,7.131579067168415,43.3971289687847
eccentric,1.2,0.55,35,70,0.65,45,20,0.45,12,60000,1,0.4027777777777778,35.12219906641779,63.85854375712325,0.06895461968987719,0.9957233587073177,0.5476478472890246,38525013.98636337,0.4662839421483147,0.1118732989338479,0.3073693626606441,-0.8477889857242085,-0.2034059980615417,-0.5588533866557166,-4.28570458098277,4.589729892413964,12.61017924080326,7.792190147241399,-8.344963440752661,-22.92759861964229,7.38982075919674,42.92759861964229
eccentric,1.2,0.55,35,70,0.65,45,20,0.45,12,60000,1,0.4097222222222222,35.12219906641779,63.85854375712325,0.06895461968987719,0.9957233587073177,0.5476478472890246,38525013.98636337,0.4638410814971592,0.1143493237305783,0.3141721848796705,-0.8433474209039258,-0.2079078613283241,-0.5712221543266736,-4.676174673833739,4.494763247431361,12.34926052811219,8.502135770606797,-8.172296813511565,-22.45320096020399,7.650739471887805,42.45320096020399
eccentric,1.2,0.55,35,70,0.65,45,20,0.45,12,60000,1,0.4166666666666667,35.12219906641779,63.85854375712325,0.06895461968987719,0.9957233587073177,0.5476478472890246,38525013.98636337,0.4611871426165433,0.1167733146554848,0.320832045210814,-0.8385220774846242,-0.2123151175554269,-0.5833309912923891,-5.060206656420688,4.398813335817458,12.08564031255433,9.200375738946704,-7.997842428759014,-21.97389147737151,7.914359687445671,41.97389147737151
eccentric,1.2,0.55,35,70,0.65,45,20,0.45,12,60000,1,0.4236111111111111,35.12219906641779,63.85854375712325,0.06895461968987719,0.9957233587073177,0.5476478472890246,38525013.98636337,0.4583255615774423,0.1191447326316189,0.3273474625523313,-0.8333192028680768,-0.2166267866029434,-0.5951772046406022,-5.438067067850241,4.301868313308586,11.81928605228268,9.887394668818621,-7.821578751470155,-21.48961100415033,8.180713947717315,41.48961100415033
eccentric,1.2,0.55,35,70,0.65,45,20,0.45,12,60000,1,0.4305555555555556,35.12219906641779,63.85854375712325,0.06895461968987719,0.9957233587073177,0.5476478472890246,38525013.98636337,0.4552596332700234,0.1214630313549564,0.3337169359462515,-0.8277447877636789,-0.2208418751908298,-0.6067580653568208,-5.810007532192591,4.203913526352104,11.55015748699226,10.56365005853198,-7.643479138822006,-21.00028633998593,8.44984251300774,41.00028633998593
eccentric,1.2,0.55,35,70,0.65,45,20,0.45,12,60000,1,0.4375,35.12219906641779,63.85854375712325,0.06895461968987719,0.9957233587073177,0.5476478472890246,38525013.98636337,0.451992519274064,0.1237276557915316,0.3399389404492871,-0.8218045804982982,-0.2249593741664211,-0.6180708008168856,-6.176265696793003,4.104931612875494,11.27820691478086,11.22957399416909,-7.463512023409989,-20.50583075414702,8.721793085219137,40.50583075414703
eccentric,1.2,0.55,35,70,0.65,45,20,0.45,12,60000,1,0.4444444444444444,35.12219906641779,63.85854375712325,0.06895461968987719,0.9957233587073177,0.5476478472890246,38525013.98636337,0.4485272552414173,0.1259380407235903,0.3460119231384211,-0.8155041004389405,-0.2289782558610733,-0.629112587524402,-6.537066085535644,4.004902581675553,11.0033794102691,11.8855747009739,-7.281641057591913,-20.00614438230746,8.996620589730897,40.00614438230745
eccentric,1.2,0.55,35,70,0.65,45,20,0.45,12,60000,1,0.4513888888888889,35.12219906641779,63.85854375712325,0.06895461968987719,0.9957233587073177,0.5476478472890246,38525013.98636337,0.4448667578349049,0.1280936093335829,0.3519342992204608,-0.8088486506089179,-0.2328974715156052,-0.6398805440372014,-6.8926208741938,3.903803872129755,10.72561298865602,12.53203795307964,-7.0978252220541,-19.50111452482913,9.274387011343977,39.50111452482913
eccentric,1.2,0.55,35,70,0.65,45,20,0.45,12,60000,1,0.4583333333333333,35.12219906641779,63.85854375712325,0.06895461968987719,0.9957233587073177,0.5476478472890246,38525013.98636337,0.4410138312643572,0.1301937718156705,0.3577044482171824,-0.8018433295715585,-0.2367159487557645,-0.6503717240312407,-7.243130594141165,3.801610395641971,10.44483871959027,13.16932835298394,-6.912018901167219,-18.99061585380048,9.555161280409733,38.99061585380048
eccentric,1.2,0.55,35,70,0.65,45,20,0.45,12,60000,1,0.4652777777777778,35.12219906641779,63.85854375712325,0.06895461968987719,0.9957233587073177,0.5476478472890246,38525013.98636337,0.4369711734573187,0.1322379240051129,0.3633207101996039,-0.7944930426496702,-0.2404325891002052,-0.6605831094538253,-7.588784769927117,3.698294559978014,10.16098079403146,13.79779049077658,-6.724171927232753,-18.47451053460266,9.839019205968537,38.47451053460266
eccentric,1.2,0.55,35,70,0.65,45,20,0.45,12,60000,1,0.4722222222222222,35.12219906641779,63.85854375712325,0.06895461968987719,0.9957233587073177,0.5476478472890246,38525013.98636337,0.4327413818991315,0.1342254460164729,0.3687813820464848,-0.7868025125438755,-0.2440462654844962,-0.6705116037208814,-7.929762495522048,3.593826277417465,9.87395654664715,14.41774999185827,-6.534229595304481,-17.95264826663118,10.12604345335285,37.95264826663118
eccentric,1.2,0.55,35,70,0.65,45,20,0.45,12,60000,1,0.4791666666666667,35.12219906641779,63.85854375712325,0.06895461968987719,0.9957233587073177,0.5476478472890246,38525013.98636337,0.4283269591746585,0.1361557008820226,0.3740847137033749,-0.77877628940847,-0.2475558197854956,-0.680154024915227,-8.266232953405913,3.48817295744137,9.583676435722415,15.02951446073802,-6.3421326498934,-17.42486624676803,10.41632356427758,37.42486624676803
eccentric,1.2,0.55,35,70,0.65,45,20,0.45,12,60000,1,0.4861111111111111,35.12219906641779,63.85854375712325,0.06895461968987719,0.9957233587073177,0.5476478472890246,38525013.98636337,0.4237303182418038,0.1380280331820717,0.3792289044194753,-0.7704187604396432,-0.2509600603310393,-0.6895070989445005,-8.598355880092877,3.381299484486873,9.290043982041238,15.63337432744159,-6.147817244521586,-16.8909890582568,10.70995601795876,36.89098905825679
eccentric,1.2,0.55,35,70,0.65,45,20,0.45,12,60000,1,0.4930555555555556,35.12219906641779,63.85854375712325,0.06895461968987719,0.9957233587073177,0.5476478472890246,38525013.98636337,0.4189537874651659,0.1398417676591867,0.3842120989402351,-0.7617341590275744,-0.2542577593803394,-0.6985674526186092,-8.926281981149545,3.27316818112525,8.992955667718983,16.22960360209008,-5.95121487477318,-16.35082848676178,11.00704433228102,36.35082848676178
eccentric,1.2,0.55,35,70,0.65,45,20,0.45,12,60000,1,0.5,35.12219906641779,63.85854375712325,0.06895461968987719,0.9957233587073177,0.5476478472890246,38525013.98636337,0.4139996154366399,0.1415962078084113,0.3890323836340144,-0.7527265735211635,-0.2574476505607478,-0.7073316066072988,-9.250153298263609,3.163738756856528,8.692300795516747,16.81846054229747,-5.752252285193686,-15.8041832645759,11.30769920448325,35.8041832645759
eccentric,1.2,0.55,35,70,0.65,45,20,0.45,12,60000,1,0.5069444444444444,35.12219906641779,63.85854375712325,0.06895461968987719,0.9957233587073177,0.5476478472890246,38525013.98636337,0.4088699756085142,0.1432906344356678,0.3936877825313241,-0.7433999556518439,-0.2605284262466687,-0.7157959682387711,-9.57010353044781,3.052968242558103,8.387961308740451,17.40018823717784,-5.550851350105641,-15.25083874316445,11.61203869125955,35.25083874316445
eccentric,1.2,0.55,35,70,0.65,45,20,0.45,12,60000,1,0.5138888888888888,35.12219906641779,63.85854375712325,0.06895461968987719,0.9957233587073177,0.5476478472890246,38525013.98636337,0.4035669707635978,0.144924304176493,0.3981762532550877,-0.7337581286610868,-0.2634987348663508,-0.7239568241001593,-9.886258311011895,2.940810910474473,8.079811571414403,17.97501511093072,-5.346928928135404,-14.69056649348073,11.9201884285856,34.69056649348073
eccentric,1.2,0.55,35,70,0.65,45,20,0.45,12,60000,1,0.5208333333333334,35.12219906641779,63.85854375712325,0.06895461968987719,0.9957233587073177,0.5476478472890246,38525013.98636337,0.3980926373461467,0.1464964479671646,0.4024956828200937,-0.7238047951748122,-0.2663571781221174,-0.7318103324001702,-10.19873544149697,2.827218179487257,7.767718108012845,18.5431553481763,-5.14039668997683,-14.12312383275063,12.23228189198715,34.12312383275063
eccentric,1.2,0.55,35,70,0.65,45,20,0.45,12,60000,1,0.5277777777777778,35.12219906641779,63.85854375712325,0.06895461968987719,0.9957233587073177,0.5476478472890246,38525013.98636337,0.3924489496768165,0.1480062694600889,0.4066438832793105,-0.7135435448669391,-0.2691023081092525,-0.7393525150532918,-10.50764508333491,2.712138505256965,7.451539301626922,19.10480924242711,-4.931160918649026,-13.54825327568531,12.54846069837308,33.54825327568531
eccentric,1.2,0.55,35,70,0.65,45,20,0.45,12,60000,1,0.5347222222222222,35.12219906641779,63.85854375712325,0.06895461968987719,0.9957233587073177,0.5476478472890246,38525013.98636337,0.3866378240745809,0.1494529433750578,0.4106185871940016,-0.7029778619537834,-0.2717326243182868,-0.7465792494436392,-10.81308990756292,2.595517254678126,7.131125049033003,19.66016346829623,-4.719122281232956,-12.96568190733273,12.868874950967,32.96568190733273
eccentric,1.2,0.55,35,70,0.65,45,20,0.45,12,60000,1,0.5416666666666666,35.12219906641779,63.85854375712325,0.06895461968987719,0.9957233587073177,0.5476478472890246,38525013.98636337,0.3806611229084866,0.1508356137776376,0.414417442903638,-0.6921111325608846,-0.2742465705047957,-0.7534862598247962,-11.11516520248372,2.477296563934703,6.80631637070312,20.20939127724312,-4.504175570790369,-12.37512067400567,13.19368362929688,32.37512067400567
eccentric,1.2,0.55,35,70,0.65,45,20,0.45,12,60000,1,0.5486111111111112,35.12219906641779,63.85854375712325,0.06895461968987719,0.9957233587073177,0.5476478472890246,38525013.98636337,0.3745206586023014,0.1521533922755197,0.4180380095704118,-0.6809466520041844,-0.2766425314100358,-0.7600691083098395,-11.41395893870667,2.357415179281265,6.476944973354846,20.7526526158303,-4.286209416875026,-11.7762635879179,13.52305502664515,31.7762635879179
eccentric,1.2,0.55,35,70,0.65,45,20,0.45,12,60000,1,0.5555555555555556,35.12219906641779,63.85854375712325,0.06895461968987719,0.9957233587073177,0.5476478472890246,38525013.98636337,0.3682181976155517,0.1534053561231383,0.4214777519717174,-0.6694876320282758,-0.2789188293147969,-0.7663231854031225,-11.70955179052748,2.235808279504274,6.142832762167683,21.29009416459541,-4.065105962735045,-11.16878684030488,13.85716723783232,31.16878684030488
eccentric,1.2,0.55,35,70,0.65,45,20,0.45,12,60000,1,0.5625,35.12219906641779,63.85854375712325,0.06895461968987719,0.9957233587073177,0.5476478472890246,38525013.98636337,0.3617554644251443,0.1545905462242455,0.4247340350122704,-0.6577372080457168,-0.281073720407719,-0.7722437000223098,-12.00201711209393,2.112407278834556,5.803791299289528,21.82184929471623,-3.840740506971919,-10.55234781689005,14.19620870071047,30.55234781689005
eccentric,1.2,0.55,35,70,0.65,45,20,0.45,12,60000,1,0.5694444444444444,35.12219906641779,63.85854375712325,0.06895461968987719,0.9957233587073177,0.5476478472890246,38525013.98636337,0.3551341455327685,0.1557079650214048,0.4278041179255399,-0.6456984464232154,-0.2831053909480087,-0.777825668955527,-12.2914208662534,1.987139608883726,5.459621204711928,22.34803793864254,-3.61298110706132,-9.92658400856714,14.54037879528807,29.92658400856714
eccentric,1.2,0.55,35,70,0.65,45,20,0.45,12,60000,1,0.5763888888888888,35.12219906641779,63.85854375712325,0.06895461968987719,0.9957233587073177,0.5476478472890246,38525013.98636337,0.3483558935245822,0.1567565742605344,0.4306851481318799,-0.6333743518628767,-0.2850119532009716,-0.783063905694327,-12.57782150337379,1.859928477960745,5.11011149499775,22.86876636977053,-3.381688141746808,-9.291111809086818,14.88988850500225,29.29111180908682
eccentric,1.2,0.55,35,70,0.65,45,20,0.45,12,60000,1,0.5833333333333334,35.12219906641779,63.85854375712325,0.06895461968987719,0.9957233587073177,0.5476478472890246,38525013.98636337,0.3414223312113352,0.1577352926176658,0.4333741547181041,-0.6207678749297003,-0.2867914411230286,-0.7879530085783711,-12.86126978675915,1.730692605886507,4.755038854690257,23.38412688501663,-3.146713828884558,-8.645525190345921,15.24496114530974,28.64552519034592
eccentric,1.2,0.55,35,70,0.65,45,20,0.45,12,60000,1,0.5902777777777778,35.12219906641779,63.85854375712325,0.06895461968987719,0.9957233587073177,0.5476478472890246,38525013.98636337,0.3343350558791382,0.1586429931739916,0.4358680415002356,-0.6078819197802512,-0.2884418057708937,-0.7924873481822465,-13.14180856053113,1.599345932160478,4.394166834507518,23.89419738278388,-2.907901694837232,-7.989394244559122,15.60583316549248,27.98939424455912
eccentric,1.2,0.55,35,70,0.65,45,20,0.45,12,60000,1,0.5972222222222222,35.12219906641779,63.85854375712325,0.06895461968987719,0.9957233587073177,0.5476478472890246,38525013.98636337,0.3270956436835454,0.1594785007240244,0.4381635796277347,-0.5947193521519007,-0.289960910407317,-0.7966610538686084,-13.419472455,1.465797295039208,4.027244969617889,24.39904082727272,-2.665085990980378,-7.322263581123434,15.97275503038211,27.32226358112343
eccentric,1.2,0.55,35,70,0.65,45,20,0.45,12,60000,1,0.6041666666666666,35.12219906641779,63.85854375712325,0.06895461968987719,0.9957233587073177,0.5476478472890246,38525013.98636337,0.3197056542226046,0.1602405889002728,0.4402573996836106,-0.5812830076774628,-0.2913465252732233,-0.8004679994247464,-13.69428752358311,1.32995007875751,3.654007810388156,24.89870458833293,-2.418091052286381,-6.6436505643421,16.34599218961185,26.6436505643421
eccentric,1.2,0.55,35,70,0.65,45,20,0.45,12,60000,1,0.6111111111111112,35.12219906641779,63.85854375712325,0.06895461968987719,0.9957233587073177,0.5476478472890246,38525013.98636337,0.3121666353280551,0.1609279770962303,0.4421459832304035,-0.5675757005964638,-0.292596321993146,-0.8039017876916428,-13.96627080422216,1.19170182575288,3.274173856978886,25.39321964404029,-2.166730592277964,-5.953043376325247,16.72582614302111,25.95304337632525
eccentric,1.2,0.55,35,70,0.65,45,20,0.45,12,60000,1,0.6180555555555556,35.12219906641779,63.85854375712325,0.06895461968987719,0.9957233587073177,0.5476478472890246,38525013.98636337,0.3044801281180308,0.1615393271676518,0.4438256537470162,-0.5536002329418741,-0.2937078675775488,-0.8069557340854838,-14.23542979697281,1.050943810335685,2.887444388012895,25.88259963085965,-1.910806927883063,-5.249898887296172,17.1125556119871,25.24989888729617
eccentric,1.2,0.55,35,70,0.65,45,20,0.45,12,60000,1,0.625,35.12219906641779,63.85854375712325,0.06895461968987719,0.9957233587073177,0.5476478472890246,38525013.98636337,0.2966476723595698,0.1620732398900259,0.4452925668956982,-0.539359404290127,-0.2946786179818652,-0.8096228489012695,-14.50176184795842,0.9075605697747393,2.493502172243467,26.36683972356076,-1.650110126863162,-4.533640313169941,17.50649782775653,24.53364031316994
eccentric,1.2,0.55,35,70,0.65,45,20,0.45,12,60000,1,0.6319444444444444,35.12219906641779,63.85854375712325,0.06895461968987719,0.9957233587073177,0.5476478472890246,38525013.98636337,0.2886708121950284,0.1625282511478104,0.4465427000520589,-0.5248560221727789,-0.2955059111778371,-0.8118958182764707,-14.76525342815146,0.7614293882300156,2.092010050671115,26.84591532391174,-1.384417069509119,-3.803654637583846,17.90798994932889,23.80365463758385
eccentric,1.2,0.55,35,70,0.65,45,20,0.45,12,60000,1,0.6388888888888888,35.12219906641779,63.85854375712325,0.06895461968987719,0.9957233587073177,0.5476478472890246,38525013.98636337,0.2805511022933241,0.1629028278283474,0.4475718410236886,-0.5100929132605894,-0.2961869596879044,-0.8137669836794337,-15.02587929342213,0.612419728351938,1.682609374875484,27.31978053349479,-1.113490415185342,-3.05928977250088,18.31739062512452,23.05928977250088
eccentric,1.2,0.55,35,70,0.65,45,20,0.45,12,60000,1,0.6458333333333334,35.12219906641779,63.85854375712325,0.06895461968987719,0.9957233587073177,0.5476478472890246,38525013.98636337,0.2722901144949592,0.1631953633903602,0.4483755758747063,-0.4950729354453802,-0.2967188425279277,-0.8152283197721932,-15.28360150991286,0.4603926046673456,1.264918285407431,27.78836638165974,-0.8370774630315374,-2.299851428013511,18.73508171459257,22.29985142801351
eccentric,1.2,0.55,35,70,0.65,45,20,0.45,12,60000,1,0.6527777777777778,35.12219906641779,63.85854375712325,0.06895461968987719,0.9957233587073177,0.5476478472890246,38525013.98636337,0.263889445029206,0.1634041730735195,0.4489492757641498,-0.4797989909621927,-0.2970984964973081,-0.8162714104802724,-15.53836832598544,0.3051998920716922,0.8385298118869622,28.25157877451899,-0.5549088946758041,-1.524599657976295,19.16147018811304,21.5245996579763
eccentric,1.2,0.55,35,70,0.65,45,20,0.45,12,60000,1,0.6597222222222222,35.12219906641779,63.85854375712325,0.06895461968987719,0.9957233587073177,0.5476478472890246,38525013.98636337,0.2553507223929437,0.1635274887116784,0.4492880826954569,-0.4642740407144431,-0.2973227067485061,-0.8168874230826489,-15.79011286865479,0.1466835618286582,0.4030097739294145,28.70929612482689,-0.2666973851430149,-0.7327450435080263,19.59699022607058,20.73274504350803
eccentric,1.2,0.55,35,70,0.65,45,20,0.45,12,60000,1,0.6666666666666666,35.12219906641779,63.85854375712325,0.06895461968987719,0.9957233587073177,0.5476478472890246,38525013.98636337,0.2466756159937214,0.1635634531079534,0.4493868940621271,-0.4485011199885844,-0.2973880965599153,-0.8170670801129583,-16.03875163845647,-0.01532516357713743,-0.04210554087763353,29.16136661537539,0.02786393377661351,0.07655552886842458,20.04210554087763,19.92344447113157
eccentric,1.2,0.55,35,70,0.65,45,20,0.45,12,60000,1,0.6736111111111112,35.12219906641779,63.85854375712325,0.06895461968987719,0.9957233587073177,0.5476478472890246,38525013.98636337,0.2378658456750805,0.1635101139247873,0.4492403458608059,-0.4324833557728735,-0.2972911162268859,-0.8168006288378289,-16.28418277195924,-0.1810067466042825,-0.4973119490642108,29.60760503992589,0.3291031756441499,0.9042035437531104,20.49731194906421,19.09579645624689
eccentric,1.2,0.55,35,70,0.65,45,20,0.45,12,60000,1,0.6805555555555556,35.12219906641779,63.85854375712325,0.06895461968987719,0.9957233587073177,0.5476478472890246,38525013.98636337,0.2289231922604474,0.1633654170363755,0.4488427944272293,-0.4162239859280861,-0.2970280309752282,-0.8160778080495077,-16.5262840354565,-0.3505543731080549,-0.9631402244054516,30.04778915537546,0.6373715874691906,1.751164044373548,20.96314022440545,18.24883595562645
eccentric,1.2,0.55,35,70,0.65,45,20,0.45,12,60000,1,0.6875,35.12219906641779,63.85854375712325,0.06895461968987719,0.9957233587073177,0.5476478472890246,38525013.98636337,0.2198495092735921,0.1631271992842656,0.4481882965323941,-0.3997263804974402,-0.2965949077895738,-0.81488781187708,-16.76491050654172,-0.5241751059762821,-1.440159267510069,30.48165546643949,0.9530456472296037,2.618471395472852,21.44015926751007,17.38152860452715
eccentric,1.2,0.55,35,70,0.65,45,20,0.45,12,60000,1,0.6944444444444444,35.12219906641779,63.85854375712325,0.06895461968987719,0.9957233587073177,0.5476478472890246,38525013.98636337,0.2106467360194227,0.1627931805694073,0.4472705876556457,-0.3829940654898594,-0.295987601035286,-0.8132192502829921,-16.99989189202802,-0.7020911687162046,-1.928979632446278,30.90889434914185,1.276529397665826,3.507235695356869,21.92897963244628,16.49276430464313
eccentric,1.2,0.55,35,70,0.65,45,20,0.45,12,60000,1,0.7013888888888888,35.12219906641779,63.85854375712325,0.06895461968987719,0.9957233587073177,0.5476478472890246,38525013.98636337,0.20131691223962,0.1623609552053081,0.4460830582276675,-0.3660307495265818,-0.2952017367369238,-0.8110601058684863,-17.23102942068057,-0.8845413759342799,-2.430257456952757,31.3291444012374,1.608257047153236,4.418649921732285,22.43025745695276,15.58135007826771
eccentric,1.2,0.55,35,70,0.65,45,20,0.45,12,60000,1,0.7083333333333334,35.12219906641779,63.85854375712325,0.06895461968987719,0.9957233587073177,0.5476478472890246,38525013.98636337,0.1918621945943483,0.1618279824470394,0.4446187276091397,-0.3488403538079059,-0.2942326953582534,-0.808397686562072,-17.45809223707678,-1.071782730172739,-2.944698849711025,31.74198588559414,1.948695873041343,5.3539979085655,22.94469884971102,14.6460020914345
eccentric,1.2,0.55,35,70,0.65,45,20,0.45,12,60000,1,0.7152777777777778,35.12219906641779,63.85854375712325,0.06895461968987719,0.9957233587073177,0.5476478472890246,38525013.98636337,0.1822848752653718,0.1611915760994533,0.4428702155395494,-0.3314270459370396,-0.2930755929080969,-0.8052185737082715,-17.68081320806592,-1.264092207494076,-3.473064796198521,32.1469331055744,2.298349468171047,6.314663265815492,23.47306479619852,13.68533673418451
eccentric,1.2,0.55,35,70,0.65,45,20,0.45,12,60000,1,0.7222222222222222,35.12219906641779,63.85854375712325,0.06895461968987719,0.9957233587073177,0.5476478472890246,38525013.98636337,0.1725874030289339,0.1604488930948607,0.4408297107546184,-0.3137952782344252,-0.291725260172474,-0.8015085650083971,-17.89888403510215,-1.461768757606995,-4.016176653989456,32.54342551836755,2.657761377467263,7.30213937088992,24.01617665398945,12.69786062911008
eccentric,1.2,0.55,35,70,0.65,45,20,0.45,12,60000,1,0.7291666666666666,35.12219906641779,63.85854375712325,0.06895461968987719,0.9957233587073177,0.5476478472890246,38525013.98636337,0.162772407210842,0.1595969209153077,0.438488936429293,-0.2959498312924401,-0.2901762198460139,-0.7972526116896237,-18.11194954331857,-1.665135548279905,-4.574922319230232,32.93081735148831,3.027519178690737,8.318040580418604,24.57492231923023,11.6819594195814
eccentric,1.2,0.55,35,70,0.65,45,20,0.45,12,60000,1,0.7361111111111112,35.12219906641779,63.85854375712325,0.06895461968987719,0.9957233587073177,0.5476478472890246,38525013.98636337,0.1528427250138597,0.1586324637171572,0.435839112055344,-0.2778958636615631,-0.2884226613039221,-0.7924347491915346,-18.31960099050789,-1.87454248838058,-5.150263158633924,33.30836543728708,3.408259069782873,9.36411483387986,25.15026315863392,10.63588516612014
eccentric,1.2,0.55,35,70,0.65,45,20,0.45,12,60000,1,0.7430555555555556,35.12219906641779,63.85854375712325,0.06895461968987719,0.9957233587073177,0.5476478472890246,38525013.98636337,0.1428014328020452,0.157552126995544,0.4328709113073042,-0.2596389687309912,-0.2864584127191709,-0.7870380205587348,-18.52136820477167,-2.090369069209723,-5.743241815980092,33.67521491776667,3.800671034926769,10.44225784723653,25.74324181598009,9.557742152763471
eccentric,1.2,0.55,35,70,0.65,45,20,0.45,12,60000,1,0.75,35.12219906641779,63.85854375712325,0.06895461968987719,0.9957233587073177,0.5476478472890246,38525013.98636337,0.1326518820421633,0.1563523006030079,0.4295744153865456,-0.2411852400766606,-0.2842769101872871,-0.781044391611901,-18.71671031668094,-2.313027569969959,-6.35499101906846,34.03038239396535,4.205504672672653,11.55452912557902,26.35499101906846,8.445470874420984
eccentric,1.2,0.55,35,70,0.65,45,20,0.45,12,60000,1,0.7569444444444444,35.12219906641779,63.85854375712325,0.06895461968987719,0.9957233587073177,0.5476478472890246,38525013.98636337,0.1223977407440638,0.1550291399097256,0.4259390612594426,-0.2225413468073888,-0.2818711634722284,-0.7744346568353502,-18.90500479799442,-2.542966680340593,-6.986743532661261,34.37273599635348,4.623575782437442,12.70317005938411,26.98674353266126,7.29682994061589
eccentric,1.2,0.55,35,70,0.65,45,20,0.45,12,60000,1,0.7638888888888888,35.12219906641779,63.85854375712325,0.06895461968987719,0.9957233587073177,0.5476478472890246,38525013.98636337,0.1120430414166226,0.1535785448617042,0.4219535841202312,-0.2037146207574957,-0.2792337179303713,-0.7671883347640566,-19.08553445122087,-2.780675601323098,-7.639843425463616,34.70097172949249,5.055773820587451,13.89062440993385,27.63984342546362,6.109375590066154
eccentric,1.2,0.55,35,70,0.65,45,20,0.45,12,60000,1,0.7708333333333334,35.12219906641779,63.85854375712325,0.06895461968987719,0.9957233587073177,0.5476478472890246,38525013.98636337,0.1015922367721856,0.1519961366574621,0.4176059533107161,-0.1847131577676101,-0.2763566121044765,-0.7592835514740293,-19.25747190853333,-3.026688694875387,-8.315758844888707,35.0135852882424,5.503070354318884,15.11956153616128,28.31575884488871,4.880438463838717
eccentric,1.2,0.55,35,70,0.65,45,20,0.45,12,60000,1,0.7777777777777778,35.12219906641779,63.85854375712325,0.06895461968987719,0.9957233587073177,0.5476478472890246,38525013.98636337,0.09105026468167259,0.1502772317224616,0.412883300815613,-0.1655459357848592,-0.2732313304044756,-0.7506969105738418,-19.41986108938347,-3.281590763417584,-9.016096522380669,35.30883834433358,5.966528660759242,16.39290276796485,29.01609652238067,3.607097232035148
eccentric,1.2,0.55,35,70,0.65,45,20,0.45,12,60000,1,0.7847222222222222,35.12219906641779,63.85854375712325,0.06895461968987719,0.9957233587073177,0.5476478472890246,38525013.98636337,0.08042262421913923,0.1484168126132077,0.4077718413222162,-0.1462229531257077,-0.2698487502058322,-0.7414033478585749,-19.57159492650016,-3.546023052042147,-9.742618264351362,35.58471804818212,6.44731464007663,17.71385138972975,29.74261826435136,2.286148610270253
eccentric,1.2,0.55,35,70,0.65,45,20,0.45,12,60000,1,0.7916666666666666,35.12219906641779,63.85854375712325,0.06895461968987719,0.9957233587073177,0.5476478472890246,38525013.98636337,0.06971546505777647,0.146409495428884,0.4022567826846035,-0.126755391014139,-0.2661990825979708,-0.7313759685174608,-19.71138849026161,-3.820690079023007,-10.49725971885001,35.83888816411201,6.946709234587285,19.08592676154547,30.49725971885001,0.9140732384545309
eccentric,1.2,0.55,35,70,0.65,45,20,0.45,12,60000,1,0.7986111111111112,35.12219906641779,63.85854375712325,0.06895461968987719,0.9957233587073177,0.5476478472890246,38525013.98636337,0.05893569301421375,0.1442494932472126,0.3963222254644885,-0.1071558054803886,-0.2622718059040228,-0.7205858644808881,-19.83774640889816,-4.106367413558909,-11.28215174473738,36.06862983436028,7.466122570107107,20.51300317224979,31.28215174473738,-0.5130031722497854
eccentric,1.2,0.55,35,70,0.65,45,20,0.45,12,60000,1,0.8055555555555556,35.12219906641779,63.85854375712325,0.06895461968987719,0.9957233587073177,0.5476478472890246,38525013.98636337,0.04809109521781269,0.1419305750327966,0.3899510500328188,-0.08743835494147761,-0.2580555909687211,-0.7090019091505796,-19.94892317929023,-4.40391053273647,-12.09964474599183,36.27076941689133,8.007110059520853,21.9993540836215,32.09964474599182,-1.999354083621501
eccentric,1.2,0.55,35,70,0.65,45,20,0.45,12,60000,1,0.8125,35.12219906641779,63.85854375712325,0.06895461968987719,0.9957233587073177,0.5476478472890246,38525013.98636337,0.03719048925077091,0.1394460193910765,0.3831247895098141,-0.06761907136503802,-0.2535382170746845,-0.6965905263814801,-20.04287456670451,-4.714264900851378,-12.95233636441665,36.44159012128092,8.571390728820687,23.54970248075754,32.95233636441665,-3.549702480757539
eccentric,1.2,0.55,35,70,0.65,45,20,0.45,12,60000,1,0.8194444444444444,35.12219906641779,63.85854375712325,0.06895461968987719,0.9957233587073177,0.5476478472890246,38525013.98636337,0.02624390172272214,0.1367885624609554,0.3758234866011331,-0.04771618495040389,-0.248706477201737,-0.6833154301838783,-20.1171977694153,-5.038477420656578,-13.84310294168592,36.57672321711872,9.160868037557416,25.16927807579258,33.84310294168592,-5.169278075792576
eccentric,1.2,0.55,35,70,0.65,45,20,0.45,12,60000,1,0.8263888888888888,35.12219906641779,63.85854375712325,0.06895461968987719,0.9957233587073177,0.5476478472890246,38525013.98636337,0.01526278319018482,0.1339503391578857,0.3680255321645792,-0.02775051489124513,-0.2435460711961557,-0.6691373312083257,-20.16905733142071,-5.377709402976789,-14.77513515306753,36.67101332985582,9.777653459957797,26.86388209648641,34.77513515306752,-6.86388209648641
eccentric,1.2,0.55,35,70,0.65,45,20,0.45,12,60000,1,0.8333333333333334,35.12219906641779,63.85854375712325,0.06895461968987719,0.9957233587073177,0.5476478472890246,38525013.98636337,0.004260268215397056,0.1309228169040065,0.3597074831351499,-0.007745942209812828,-0.2380414852800118,-0.6540136057002726,-20.19509286203354,-5.733251180280011,-15.7519781578809,36.71835065824279,10.42409305505457,28.63996028705617,35.7519781578809,-8.639960287056173
eccentric,1.2,0.55,35,70,0.65,45,20,0.45,12,60000,1,0.8402777777777778,35.12219906641779,63.85854375712325,0.06895461968987719,0.9957233587073177,0.5476478472890246,38525013.98636337,-0.00674850817099184,0.1276967209258529,0.3508438572821794,0.0122700148563488,-0.2321758562288234,-0.6378979223312352,-20.19130337979279,-6.106538437591345,-16.77757646831393,36.71146069053233,11.10279715925699,30.50468448784351,36.77757646831393,-10.50468448784351
eccentric,1.2,0.55,35,70,0.65,45,20,0.45,12,60000,1,0.8472222222222222,35.12219906641779,63.85854375712325,0.06895461968987719,0.9957233587073177,0.5476478472890246,38525013.98636337,-0.01774602307994994,0.1242619501859538,0.3414069022333032,0.0322654965089999,-0.225930818519916,-0.6207398222423695,-20.1529014211473,-6.499170227861199,-17.8563234462404,36.64163894754054,11.81667314156581,32.466042629528,37.8563234462404,-12.466042629528
eccentric,1.2,0.55,35,70,0.65,45,20,0.45,12,60000,1,0.8541666666666666,35.12219906641779,63.85854375712325,0.06895461968987719,0.9957233587073177,0.5476478472890246,38525013.98636337,-0.02871188859514745,0.1206074830812454,0.331366336382977,0.05220343380935899,-0.2192863328749916,-0.6024842479690491,-20.07412777591426,-6.912928440743523,-18.99311479324848,36.49841413802591,12.56896080135186,34.53293598772451,38.99311479324848,-14.53293598772451
eccentric,1.2,0.55,35,70,0.65,45,20,0.45,12,60000,1,0.8611111111111112,35.12219906641779,63.85854375712325,0.06895461968987719,0.9957233587073177,0.5476478472890246,38525013.98636337,-0.03962226018866117,0.1167212722544057,0.320689059888995,0.07204047307029303,-0.2122204950080104,-0.5830710179799909,-19.94801460032439,-7.349798140622126,-20.19340442890886,36.26911745513525,13.36326934658568,36.71528077983429,40.19340442890886,-16.71528077983429
eccentric,1.2,0.55,35,70,0.65,45,20,0.45,12,60000,1,0.8680555555555556,35.12219906641779,63.85854375712325,0.06895461968987719,0.9957233587073177,0.5476478472890246,38525013.98636337,-0.05044909830662864,0.112590128334825,0.3093388352534299,0.09172563328477934,-0.2047093242451364,-0.5624342459153271,-19.76608039341139,-7.811987575975184,-21.46325946605187,35.9383279880207,14.20361377450033,39.0241081200943,41.46325946605187,-19.0241081200943
eccentric,1.2,0.55,35,70,0.65,45,20,0.45,12,60000,1,0.875,35.12219906641779,63.85854375712325,0.06895461968987719,0.9957233587073177,0.5476478472890246,38525013.98636337,-0.06115924019573861,0.1081995933402431,0.2972759394964906,0.1111986185377066,-0.1967265333458964,-0.5405017081754373,-19.51793446278586,-8.301945609874068,-22.80940810066944,35.48715356870157,15.09444656340739,41.47165109212624,42.80940810066944,-21.47165109212624
eccentric,1.2,0.55,35,70,0.65,45,20,0.45,12,60000,1,0.8819444444444444,35.12219906641779,63.85854375712325,0.06895461968987719,0.9957233587073177,0.5476478472890246,38525013.98636337,-0.07171322476763085,0.1035338061421536,0.2844567945257592,0.1303876813956925,-0.1882432838948246,-0.5171941718650167,-19.19076046009346,-8.822372529131366,-24.2392693098052,34.89229174562447,16.04067732569339,44.07139874510035,44.2392693098052,-24.07139874510035
eccentric,1.2,0.55,35,70,0.65,45,20,0.45,12,60000,1,0.8888888888888888,35.12219906641779,63.85854375712325,0.06895461968987719,0.9957233587073177,0.5476478472890246,38525013.98636337,-0.08206379387439255,0.09857536535882362,0.2708335904378573,0.149206897953441,-0.1792279370160429,-0.4924247098870133,-18.76863757642878,-9.376217143398227,-25.76094488138996,34.12479559350687,17.04766753345132,46.83808160252719,45.76094488138996,-26.83808160252719
eccentric,1.2,0.55,35,70,0.65,45,20,0.45,12,60000,1,0.8958333333333334,35.12219906641779,63.85854375712325,0.06895461968987719,0.9957233587073177,0.5476478472890246,38525013.98636337,-0.09215396695156404,0.09330520019141393,0.2563539306436029,0.1675526671846619,-0.1696458185298435,-0.4660980557156416,-18.23164317014726,-9.966647903881553,-27.38314006356931,33.14844212754047,18.12117800705737,49.78752738830784,47.38314006356931,-29.78752738830784
eccentric,1.2,0.55,35,70,0.65,45,20,0.45,12,60000,1,0.9027777777777778,35.12219906641779,63.85854375712325,0.06895461968987719,0.9957233587073177,0.5476478472890246,38525013.98636337,-0.1019145502582436,0.08770246860163174,0.2409605521134112,0.1852991822877157,-0.1594590338211486,-0.4381100947516568,-17.55466115596149,-10.59697693588985,-29.11495484583879,31.91756573811179,19.26723079252699,52.93628153788871,49.1149548458388,-32.93628153788871
eccentric,1.2,0.55,35,70,0.65,45,20,0.45,12,60000,1,0.9097222222222222,35.12219906641779,63.85854375712325,0.06895461968987719,0.9957233587073177,0.5476478472890246,38525013.98636337,-0.111260894309235,0.0817445174846281,0.2245912159532293,0.2022925351077,-0.1486263954265966,-0.4083476653695078,-16.70579635469823,-11.27050077149921,-30.96544637563999,30.37417519036042,20.49181958454402,56.30081159207271,50.96544637563998,-36.30081159207271
eccentric,1.2,0.55,35,70,0.65,45,20,0.45,12,60000,1,0.9166666666666666,35.12219906641779,63.85854375712325,0.06895461968987719,0.9957233587073177,0.5476478472890246,38525013.98636337,-0.1200886514767807,0.0754069656536574,0.207178935403014,0.2183430026850557,-0.1371035739157407,-0.3766889734600253,-15.64426860635492,-11.99019569441663,-32.94279192525173,28.44412473882713,21.80035580803023,59.89598531863949,52.94279192525173,-39.89598531863949
eccentric,1.2,0.55,35,70,0.65,45,20,0.45,12,60000,1,0.9236111111111112,35.12219906641779,63.85854375712325,0.06895461968987719,0.9957233587073177,0.5476478472890246,38525013.98636337,-0.1282682109476291,0.0686640152846372,0.1886528315236277,0.2332149289956892,-0.1248436641538858,-0.3430051482247777,-14.31764102213241,-12.75816138143299,-35.05276030924515,26.03207458569529,23.1966570571509,63.73229147135481,55.05276030924515,-43.73229147135481
eccentric,1.2,0.55,35,70,0.65,45,20,0.45,12,60000,1,0.9305555555555556,35.12219906641779,63.85854375712325,0.06895461968987719,0.9957233587073177,0.5476478472890246,38525013.98636337,-0.1356374100896406,0.06148917407771975,0.1689401173194495,0.2466134728902557,-0.1117984983231268,-0.3071638496717264,-12.65825070534709,-13.57463162267582,-37.29599386071649,23.01500128244925,24.68114840486513,67.81089792857543,57.29599386071649,-47.81089792857543
eccentric,1.2,0.55,35,70,0.65,45,20,0.45,12,60000,1,0.9375,35.12219906641779,63.85854375712325,0.06895461968987719,0.9957233587073177,0.5476478472890246,38525013.98636337,-0.1419920736452132,0.05385670021584071,0.1479700677293592,0.2581674066276603,-0.09792127311971037,-0.2690364867806531,-10.57882495733931,-14.4362470409419,-39.66326276665649,19.23422719516239,26.24772189262164,72.11502321210271,59.66326276665649,-52.11502321210271
eccentric,1.2,0.55,35,70,0.65,45,20,0.45,12,60000,1,0.9444444444444444,35.12219906641779,63.85854375712325,0.06895461968987719,0.9957233587073177,0.5476478472890246,38525013.98636337,-0.1470740075341281,0.04574429779775744,0.1256814252681464,0.2674072864256875,-0.08317145054137716,-0.2285116823057207,-7.967641377028809,-15.33309070225315,-42.12732047489016,14.48662068550692,27.87834673136937,76.59512813616392,62.12732047489016,-56.59512813616392
eccentric,1.2,0.55,35,70,0.65,45,20,0.45,12,60000,1,0.9513888888888888,35.12219906641779,63.85854375712325,0.06895461968987719,0.9957233587073177,0.5476478472890246,38525013.98636337,-0.150556499033057,0.03713793278702832,0.1020356317375838,0.2737390891510127,-0.06752351415823331,-0.1855193304319705,-4.684580688972142,-16.24372000083347,-44.62925391023337,8.517419434494803,29.53403636515176,81.14409801860613,64.62925391023337,-61.14409801860613
eccentric,1.2,0.55,35,70,0.65,45,20,0.45,12,60000,1,0.9583333333333334,35.12219906641779,63.85854375712325,0.06895461968987719,0.9957233587073177,0.5476478472890246,38525013.98636337,-0.1520286576147534,0.02804013113641029,0.07703962713583376,0.2764157411177334,-0.05098205661165506,-0.1400720493378795,-0.5617321736983387,-17.12718019352205,-47.05654084063227,1.02133122490607,31.14032762458554,85.55734698296776,67.05654084063227,-65.55734698296776
eccentric,1.2,0.55,35,70,0.65,45,20,0.45,12,60000,1,0.9652777777777778,35.12219906641779,63.85854375712325,0.06895461968987719,0.9957233587073177,0.5476478472890246,38525013.98636337,-0.1509830815081444,0.01848366029010999,0.05078343927594729,0.2745146936511716,-0.03360665507292726,-0.09233352595626779,4.583040508856001,-17.91117649878422,-49.21055298627595,-8.332800925192728,32.56577545233494,89.47373270231991,69.21055298627596,-69.47373270231991
eccentric,1.2,0.55,35,70,0.65,45,20,0.45,12,60000,1,0.9722222222222222,35.12219906641779,63.85854375712325,0.06895461968987719,0.9957233587073177,0.5476478472890246,38525013.98636337,-0.1468179377337752,0.00855255367191933,0.02349794809227208,0.2669417049705004,-0.01555009758530787,-0.04272354198594924,10.90331268866961,-18.47747261817502,-50.76643878702694,-19.82420488849019,33.59540476031821,92.30261597641262,70.76643878702694,-72.30261597641262
eccentric,1.2,0.55,35,70,0.65,45,20,0.45,12,60000,1,0.9791666666666666,35.12219906641779,63.85854375712325,0.06895461968987719,0.9957233587073177,0.5476478472890246,38525013.98636337,-0.13887557829867,-0.001589567247682079,-0.004367300119711145,0.2525010514521273,0.00289012226851287,0.007940545672202081,18.42898320880973,-18.65179739286955,-51.24539216915168,-33.50724219783586,33.91235889612644,93.1734403075485,71.24539216915167,-73.1734403075485
eccentric,1.2,0.55,35,70,0.65,45,20,0.45,12,60000,1,0.9861111111111112,35.12219906641779,63.85854375712325,0.06895461968987719,0.9957233587073177,0.5476478472890246,38525013.98636337,-0.1265503561229639,-0.01167106668229823,-0.03206599217056356,0.2300915565872071,0.02122012124054224,0.0583018039464792,26.90969586569267,-18.21811074377504,-50.05384789364559,-48.92671975580484,33.12383771595461,91.0069961702647,70.05384789364558,-71.0069961702647
eccentric,1.2,0.55,35,70,0.65,45,20,0.45,12,60000,1,0.9930555555555556,35.12219906641779,63.85854375712325,0.06895461968987719,0.9957233587073177,0.5476478472890246,38525013.98636337,-0.1094866011450954,-0.02130507487725291,-0.05853521214504233,0.1990665475365372,0.03873649977682346,0.1064276584455315,35.66182517214803,-16.98651143023802,-46.6700565898868,-64.83968213117824,30.8845662367964,84.85464834524873,66.6700565898868,-64.85464834524873
eccentric,1.2,0.55,35,70,0.65,45,20,0.45,12,60000,1,1,35.12219906641779,63.85854375712325,0.06895461968987719,0.9957233587073177,0.5476478472890246,38525013.98636337,-0.08781810024413575,-0.03003555923208725,-0.08252202077085155,0.1596692731711559,0.05461010769470409,0.1500400377651846,43.60786554895702,-14.91476842518077,-40.97798946457895,-79.28702827083093,27.11776077305595,74.50543539014353,60.97798946457895,-54.50543539014353
faceon,1.2,0.7,12,0,0.3,45,20,0.55,12,60000,1,0,0,0,0,0,0,19462143.95631705,-0.2038131310478872,-0.2038131310478872,-0,0.2911616157826961,0.2911616157826961,0,46.79854355771212,-46.79854355771212,-0,-66.85506222530303,66.85506222530303,0,20,20
faceon,1.2,0.7,12,0,0.3,45,20,0.55,12,60000,1,0.006944444444444444,0,0,0,0,0,19462143.95631705,-0.1859509112778564,-0.2205450568695491,-0,0.2656441589683664,0.3150643669564987,0,49.72147407789767,-43.61629635516898,-0,-71.03067725413955,62.30899479309854,0,20,20
faceon,1.2,0.7,12,0,0.3,45,20,0.55,12,60000,1,0.01388888888888889,0,0,0,0,0,19462143.95631705,-0.167059935012256,-0.236057011288114,-0,0.2386570500175086,0.3372243018401628,0,52.35576707829144,-40.20933853030385,-0,-74.79395296898778,57.44191218614836,0,20,20
faceon,1.2,0.7,12,0,0.3,45,20,0.55,12,60000,1,0.02083333333333333,0,0,0,0,0,19462143.95631705,-0.1472514532440914,-0.2502729048209978,-0,0.2103592189201306,0.357532721172854,0,54.67836480859513,-36.61629187122131,-0,-78.11194972656448,52.30898838745902,0,20,20
faceon,1.2,0.7,12,0,0.3,45,20,0.55,12,60000,1,0.02777777777777778,0,0,0,0,0,19462143.95631705,-0.1266439879692325,-0.2631314559338437,-0,0.1809199828131892,0.3759020799054911,0,56.67308652635826,-32.8783361830228,-0,-80.96155218051182,46.96905169003257,0,20,20
faceon,1.2,0.7,12,0,0.3,45,20,0.55,12,60000,1,0.03472222222222222,0,0,0,0,0,19462143.95631705,-0.105360735432889,-0.2745868553044393,-0,0.1505153363326986,0.3922669361491991,0,58.33084656898941,-29.03768318208708,-0,-83.32978081284202,41.48240454583868,0,20,20
faceon,1.2,0.7,12,0,0.3,45,20,0.55,12,60000,1,0.04166666666666666,0,0,0,0,0,19462143.95631705,-0.08352696091154352,-0.284608871418475,-0,0.1193242298736336,0.4065841020263929,0,59.64948718351211,-25.13610133846185,-0,-85.21355311930303,35.90871619780265,0,20,20
faceon,1.2,0.7,12,0,0.3,45,20,0.55,12,60000,1,0.04861111111111111,0,0,0,0,0,19462143.95631705,-0.06126751967860305,-0.293182436159901,-0,0.08752502811229007,0.4188320516570014,0,60.63327416268631,-21.21359502403408,-0,-86.61896308955188,30.30513574862012,0,20,20
faceon,1.2,0.7,12,0,0.3,45,20,0.55,12,60000,1,0.05555555555555555,0,0,0,0,0,19462143.95631705,-0.03870461566016475,-0.3003067825262641,-0,0.05529230808594965,0.4290096893232345,0,61.29213028528346,-17.30731413751897,-0,-87.56018612183351,24.72473448216996,0,20,20
faceon,1.2,0.7,12,0,0.3,45,20,0.55,12,60000,1,0.0625,0,0,0,0,0,19462143.95631705,-0.01595587857157691,-0.3059942288302602,-0,0.02279411224510988,0.4371346126146574,0,61.64069536372865,-13.4507378336186,-0,-88.05813623389808,19.21533976231229,0,20,20
faceon,1.2,0.7,12,0,0.3,45,20,0.55,12,60000,1,0.06944444444444445,0,0,0,0,0,19462143.95631705,0.006867193063869684,-0.3102687138597174,-0,-0.00981027580552812,0.4432410197995962,0,61.69730260748675,-9.673143898009826,-0,-88.13900372498108,13.8187769971569,0,20,20
faceon,1.2,0.7,12,0,0.3,45,20,0.55,12,60000,1,0.0763888888888889,0,0,0,0,0,19462143.95631705,0.02966040731004568,-0.3131641865211737,-0,-0.04237201044292241,0.4473774093159625,0,61.48295150747055,-5.999348220044205,-0,-87.83278786781509,8.570497457206008,0,20,20
faceon,1.2,0.7,12,0,0.3,45,20,0.55,12,60000,1,0.08333333333333333,0,0,0,0,0,19462143.95631705,0.05232768374060956,-0.3147229438827767,-0,-0.07475383391515653,0.4496042055468238,0,61.02034122758187,-2.449679342870902,-0,-87.17191603940267,3.499541918387002,0,20,20
faceon,1.2,0.7,12,0,0.3,45,20,0.55,12,60000,1,0.09027777777777778,0,0,0,0,0,19462143.95631705,0.07478151917638359,-0.3149939962610447,-0,-0.106830741680548,0.4499914232300639,0,60.33300939426239,0.9598580931915806,0,-86.19001342037485,-1.371225847416544,-0,20,20
faceon,1.2,0.7,12,0,0.3,45,20,0.55,12,60000,1,0.09722222222222222,0,0,0,0,0,19462143.95631705,0.09694315861175105,-0.3140315200236088,-0,-0.1384902265882158,0.448616457176584,0,59.44460241638104,4.217280866395184,0,-84.92086059483006,-6.02468695199312,-0,20,20
faceon,1.2,0.7,12,0,0.3,45,20,0.55,12,60000,1,0.1041666666666667,0,0,0,0,0,19462143.95631705,0.1187425222692402,-0.3118934405828216,-0,-0.1696321746703432,0.4455620579754594,0,58.37828724095199,7.314233371887139,0,-83.39755320136,-10.44890481698163,-0,20,20
faceon,1.2,0.7,12,0,0.3,45,20,0.55,12,60000,1,0.1111111111111111,0,0,0,0,0,19462143.95631705,0.140117940941068,-0.3086401714100802,-0,-0.2001684870586685,0.4409145305858289,0,57.15630188692749,10.24554429480714,0,-81.65185983846784,-14.63649184972449,-0,20,20
faceon,1.2,0.7,12,0,0.3,45,20,0.55,12,60000,1,0.1180555555555556,0,0,0,0,0,19462143.95631705,0.1610157490754883,-0.3043335208622615,-0,-0.230022498679269,0.4347621726603736,0,55.79963345021502,13.00876767183131,0,-79.71376207173574,-18.58395381690187,-0,20,20
faceon,1.2,0.7,12,0,0.3,45,20,0.55,12,60000,1,0.125,0,0,0,0,0,19462143.95631705,0.1813897798415299,-0.2990357676142092,-0,-0.2591282569164713,0.4271939537345847,0,54.32780718743241,15.60373390021528,0,-77.61115312490345,-22.29104842887897,-0,20,20
faceon,1.2,0.7,12,0,0.3,45,20,0.55,12,60000,1,0.1319444444444444,0,0,0,0,0,19462143.95631705,0.2012007998580054,-0.2928088975102283,-0,-0.2874297140828649,0.4182984250146119,0,52.7587680906475,18.0321284303871,0,-75.369668700925,-25.76018347198157,-0,20,20
faceon,1.2,0.7,12,0,0.3,45,20,0.55,12,60000,1,0.1388888888888889,0,0,0,0,0,19462143.95631705,0.2204159143281346,-0.2857139893675482,-0,-0.3148798776116208,0.4081628419536403,0,51.10883628676181,20.2971091636907,0,-73.01262326680261,-28.99587023384386,-0,20,20
faceon,1.2,0.7,12,0,0.3,45,20,0.55,12,60000,1,0.1458333333333333,0,0,0,0,0,19462143.95631705,0.2390079666252225,-0.2778107342230757,-0,-0.3414399523217464,0.3968724774615368,0,49.39271890553701,22.40296820704464,0,-70.56102700791001,-32.00424029577806,-0,20,20
faceon,1.2,0.7,12,0,0.3,45,20,0.55,12,60000,1,0.1527777777777778,0,0,0,0,0,19462143.95631705,0.2569549503251896,-0.2691570712082149,-0,-0.3670785004645566,0.3845101017260213,0,47.62356315520428,24.35483961169963,0,-68.03366165029183,-34.79262801671376,-0,20,20
faceon,1.2,0.7,12,0,0.3,45,20,0.55,12,60000,1,0.1597222222222222,0,0,0,0,0,19462143.95631705,0.2742394464798103,-0.2598089231901506,-0,-0.3917706378283005,0.371155604557358,0,45.81303776906906,26.1584519046682,0,-65.4471968129558,-37.36921700666886,-0,20,20
faceon,1.2,0.7,12,0,0.3,45,20,0.55,12,60000,1,0.1666666666666667,0,0,0,0,0,19462143.95631705,0.2908480946303037,-0.2498200161224335,-0,-0.4154972780432911,0.3568857373177622,0,43.97143242803599,27.81992240362775,0,-62.81633204005141,-39.7427462908968,-0,20,20
faceon,1.2,0.7,12,0,0.3,45,20,0.55,12,60000,1,0.1736111111111111,0,0,0,0,0,19462143.95631705,0.3067711026417551,-0.2392417673735843,-0,-0.4382444323453645,0.3417739533908347,0,42.10776702945621,29.34558926884043,0,-60.15395289922317,-41.92227038405775,-0,20,20
faceon,1.2,0.7,12,0,0.3,45,20,0.55,12,60000,1,0.1805555555555556,0,0,0,0,0,19462143.95631705,0.3220017978083715,-0.2281232298996984,-0,-0.4600025682976735,0.3258903284281406,0,40.22990465997779,30.74187678373284,0,-57.47129237139686,-43.91696683390406,-0,20,20
faceon,1.2,0.7,12,0,0.3,45,20,0.55,12,60000,1,0.1875,0,0,0,0,0,19462143.95631705,0.3365362197261547,-0.2165110808162578,-0,-0.4807660281802211,0.3093015440232254,0,38.34466380072511,32.01518929431327,0,-54.77809114389301,-45.73598470616182,-0,20,20
faceon,1.2,0.7,12,0,0.3,45,20,0.55,12,60000,1,0.1944444444444444,0,0,0,0,0,19462143.95631705,0.3503727540355835,-0.2044496445843422,-0,-0.5005325057651194,0.2920709208347746,0,36.45792664971763,33.17182943671276,0,-52.08275235673947,-47.38832776673252,-0,20,20
faceon,1.2,0.7,12,0,0.3,45,20,0.55,12,60000,1,0.2013888888888889,0,0,0,0,0,19462143.95631705,0.3635118051905066,-0.1919809425813967,-0,-0.5193025788435809,0.2742584894019953,0,34.57474151523171,34.21793663574531,0,-49.39248787890245,-48.8827666224933,-0,20,20
faceon,1.2,0.7,12,0,0.3,45,20,0.55,12,60000,1,0.2083333333333333,0,0,0,0,0,19462143.95631705,0.3759555058109423,-0.1791447622344959,-0,-0.5370792940156319,0.2559210889064227,0,32.69941805255605,35.15944228882262,0,-46.71345436079437,-50.22777469831803,-0,20,20
faceon,1.2,0.7,12,0,0.3,45,20,0.55,12,60000,1,0.2152777777777778,0,0,0,0,0,19462143.95631705,0.3877074598419741,-0.1659787401362693,-0,-0.5538677997742487,0.2371124859089562,0,30.83561472647457,36.00203850608933,0,-44.05087818067796,-51.43148358012762,-0,20,20
faceon,1.2,0.7,12,0,0.3,45,20,0.55,12,60000,1,0.2222222222222222,0,0,0,0,0,19462143.95631705,0.3987725165985956,-0.152518454637856,-0,-0.5696750237122795,0.2178835066255086,0,28.98641832260901,36.75115772498883,0,-41.40916903229859,-52.50165389284119,-0,20,20
faceon,1.2,0.7,12,0,0.3,45,20,0.55,12,60000,1,0.2291666666666667,0,0,0,0,0,19462143.95631705,0.409156572771411,-0.13879752432702,-0,-0.5845093896734443,0.1982821776100286,0,27.15441563824653,37.41196093499615,0,-38.79202234035218,-53.44565847856593,-0,20,20
faceon,1.2,0.7,12,0,0.3,45,20,0.55,12,60000,1,0.2361111111111111,0,0,0,0,0,19462143.95631705,0.4188663995570594,-0.1248477095661738,-0,-0.5983805707957992,0.1783538708088198,0,25.34175768813125,37.98933262500724,0,-36.20251098304465,-54.27047517858178,-0,20,20
faceon,1.2,0.7,12,0,0.3,45,20,0.55,12,60000,1,0.2430555555555556,0,0,0,0,0,19462143.95631705,0.4279094922269842,-0.1106990149005937,-0,-0.6112992746099775,0.158141449857991,0,23.55021688829652,38.48788089746462,0,-33.64316698328074,-54.98268699637804,-0,20,20
faceon,1.2,0.7,12,0,0.3,45,20,0.55,12,60000,1,0.25,0,0,0,0,0,19462143.95631705,0.4362939396340535,-0.09637979066839054,-0,-0.6232770566200765,0.1376854152405579,0,21.78123775177714,38.91194147959388,0,-31.11605393111021,-55.58848782799126,-0,20,20
faceon,1.2,0.7,12,0,0.3,45,20,0.55,12,60000,1,0.2569444444444444,0,0,0,0,0,19462143.95631705,0.4440283113606273,-0.08191683256720425,-0,-0.6343261590866105,0.1170240465245775,0,20.03598166003405,39.26558460555378,0,-28.62283094290579,-56.09369229364827,-0,20,20
faceon,1.2,0.7,12,0,0.3,45,20,0.55,12,60000,1,0.2638888888888889,0,0,0,0,0,19462143.95631705,0.4511215604212658,-0.06733547827328604,-0,-0.6444593720303798,0.09619354039040864,0,18.31536627552344,39.55262394770385,0,-26.16480896503349,-56.50374849671979,-0,20,20
faceon,1.2,0.7,12,0,0.3,45,20,0.55,12,60000,1,0.2708333333333333,0,0,0,0,0,19462143.95631705,0.457582939639701,-0.05265970048024256,-0,-0.6536899137710015,0.07522814354320366,0,16.62010014341187,39.77662694501733,0,-23.7430002048741,-56.82375277859619,-0,20,20
faceon,1.2,0.7,12,0,0.3,45,20,0.55,12,60000,1,0.2777777777777778,0,0,0,0,0,19462143.95631705,0.4634219300172494,-0.03791219593919695,-0,-0.6620313285960705,0.05416027991313851,0,14.95071300092744,39.94092601648278,0,-21.35816142989634,-57.05846573783255,-0,20,20
faceon,1.2,0.7,12,0,0.3,45,20,0.55,12,60000,1,0.2847222222222222,0,0,0,0,0,19462143.95631705,0.468648179595056,-0.02311447024975083,-0,-0.6694973994215087,0.03302067178535834,0,13.30758227631013,40.04863026151525,0,-19.01083182330018,-57.21232894502179,-0,20,20
faceon,1.2,0.7,12,0,0.3,45,20,0.55,12,60000,1,0.2916666666666667,0,0,0,0,0,19462143.95631705,0.4732714514835393,-0.008286918280623726,-0,-0.6761020735479134,0.01183845468660532,0,11.69095621938748,40.10263734195295,0,-16.7013660276964,-57.28948191707565,-0,20,20
faceon,1.2,0.7,12,0,0.3,45,20,0.55,12,60000,1,0.2986111111111111,0,0,0,0,0,19462143.95631705,0.4773015798883699,0.006551099802433049,0,-0.6818593998405285,-0.009358714003475785,-0,10.10097406496927,40.10564531471878,0,-14.4299629499561,-57.29377902102683,-0,20,20
faceon,1.2,0.7,12,0,0.3,45,20,0.55,12,60000,1,0.3055555555555556,0,0,0,0,0,19462143.95631705,0.4807484331032958,0.02138118684987896,0,-0.6867834758618512,-0.03054455264268423,-0,8.537683590205098,40.06016424379224,0,-12.19669084315014,-57.22880606256034,-0,20,20
faceon,1.2,0.7,12,0,0.3,45,20,0.55,12,60000,1,0.3125,0,0,0,0,0,19462143.95631705,0.4836218825665916,0.03618584127688808,0,-0.6908884036665595,-0.05169405896698297,-0,7.001056388876299,39.96852746743388,0,-10.00150912696614,-57.0978963820484,-0,20,20
faceon,1.2,0.7,12,0,0.3,45,20,0.55,12,60000,1,0.3194444444444444,0,0,0,0,0,19462143.95631705,0.4859317771907184,0.0509483937025178,0,-0.6941882531295978,-0.07278341957502543,-0,5.491001149932034,39.83290243388904,0,-7.844287357045763,-56.90414633412721,-0,20,20
faceon,1.2,0.7,12,0,0.3,45,20,0.55,12,60000,1,0.3263888888888889,0,0,0,0,0,19462143.95631705,0.4876879222749071,0.06565294750845194,0,-0.6966970318212959,-0.0937899250120742,-0,4.007375194777359,39.65530104796063,0,-5.724821706824799,-56.65043006851518,-0,20,20
faceon,1.2,0.7,12,0,0.3,45,20,0.55,12,60000,1,0.3333333333333333,0,0,0,0,0,19462143.95631705,0.4889000623989287,0.08028432312928205,0,-0.6984286605698983,-0.1146918901846886,-0,2.549994497992968,39.4375894934504,0,-3.642849282847097,-56.339413562072,-0,20,20
faceon,1.2,0.7,12,0,0.3,45,20,0.55,12,60000,1,0.3402777777777778,0,0,0,0,0,19462143.95631705,0.4895778677743683,0.09482800587669574,0,-0.6993969539633834,-0.135468579823851,-0,1.118642389293562,39.18149751381922,0,-1.59806055613366,-55.97356787688459,-0,20,20
faceon,1.2,0.7,12,0,0.3,45,20,0.55,12,60000,1,0.3472222222222222,0,0,0,0,0,19462143.95631705,0.4897309235983738,0.1092700970959559,0,-0.699615605140534,-0.1561001387085084,-0,-0.2869228895028793,38.88862714656781,0,0.4098898421469703,-55.55518163795401,-0,20,20
faceon,1.2,0.7,12,0,0.3,45,20,0.55,12,60000,1,0.3541666666666667,0,0,0,0,0,19462143.95631705,0.4893687220151,0.1235972684533086,0,-0.6990981743072857,-0.1765675263618694,-0,-1.666961620092964,38.56046091665463,0,2.381373742989949,-55.08637273807805,-0,20,20
faceon,1.2,0.7,12,0,0.3,45,20,0.55,12,60000,1,0.3611111111111111,0,0,0,0,0,19462143.95631705,0.4885006563428826,0.1377967191563035,0,-0.6978580804898324,-0.1968524559375764,-0,-3.021746902396459,38.19836950144845,0,4.3167812891378,-54.56909928778352,-0,20,20
faceon,1.2,0.7,12,0,0.3,45,20,0.55,12,60000,1,0.3680555555555556,0,0,0,0,0,19462143.95631705,0.4871360172714155,0.1518561359146618,0,-0.6959085961020222,-0.2169373370209454,-0,-4.351559691524188,37.80361888482396,0,6.216513845034554,-54.00516983546281,-0,20,20
faceon,1.2,0.7,12,0,0.3,45,20,0.55,12,60000,1,0.375,0,0,0,0,0,19462143.95631705,0.4852839907736564,0.1657636554565062,0,-0.6932628439623664,-0.2368052220807231,-0,-5.656684474805171,37.37737702150745,0,8.080977821150245,-53.3962528878678,-0,20,20
faceon,1.2,0.7,12,0,0.3,45,20,0.55,12,60000,1,0.3819444444444444,0,0,0,0,0,19462143.95631705,0.4829536575125786,0.1795078294230469,0,-0.6899337964465408,-0.2564397563186385,-0,-6.937405499490977,36.92072003502931,0,9.91057928498711,-52.74388576432759,-0,20,20
faceon,1.2,0.7,12,0,0.3,45,20,0.55,12,60000,1,0.3888888888888889,0,0,0,0,0,19462143.95631705,0.4801539935538263,0.1930775914737091,0,-0.6859342765054662,-0.2758251306767274,-0,-8.19400347294904,36.43463797393393,0,11.70571924707006,-52.04948281990562,-0,20,20
faceon,1.2,0.7,12,0,0.3,45,20,0.55,12,60000,1,0.3958333333333333,0,0,0,0,0,19462143.95631705,0.4768938722224201,0.2064622264429368,0,-0.6812769603177431,-0.294946037775624,-0,-9.426752666915304,35.92004015146772,0,13.46678952416472,-51.31434307352531,-0,20,20
faceon,1.2,0.7,12,0,0.3,45,20,0.55,12,60000,1,0.4027777777777778,0,0,0,0,0,19462143.95631705,0.4731820669653574,0.2196513413992606,0,-0.6759743813790821,-0.3137876305703723,-0,-10.63591836586395,35.3777600939957,0,15.19416909409136,-50.53965727713672,-0,20,20
faceon,1.2,0.7,12,0,0.3,45,20,0.55,12,60000,1,0.4097222222222222,0,0,0,0,0,19462143.95631705,0.469027255102742,0.2326348384664951,0,-0.67003893586106,-0.3323354835235644,-0,-11.82175460691918,34.80856012303376,0,16.8882208670274,-49.72651446147682,-0,20,20
faceon,1.2,0.7,12,0,0.3,45,20,0.55,12,60000,1,0.4166666666666667,0,0,0,0,0,19462143.95631705,0.4644380223683122,0.2454028892760328,0,-0.6634828890975889,-0.3505755561086183,-0,-12.98450216511757,34.21313559513999,0,18.54928880731082,-48.87590799305713,-0,20,20
faceon,1.2,0.7,12,0,0.3,45,20,0.55,12,60000,1,0.4236111111111111,0,0,0,0,0,19462143.95631705,0.4594228681562836,0.2579459109280167,0,-0.6563183830804052,-0.3684941584685953,-0,-14.12438674334668,33.59211882307611,0,20.17769534763812,-47.98874117582301,-0,20,20
faceon,1.2,0.7,12,0,0.3,45,20,0.55,12,60000,1,0.4305555555555556,0,0,0,0,0,19462143.95631705,0.4539902114055649,0.2702545433476616,0,-0.6485574448650928,-0.3860779190680881,-0,-15.24161733104491,32.94608270069804,0,21.77373904434988,-47.06583242956864,-0,20,20
faceon,1.2,0.7,12,0,0.3,45,20,0.55,12,60000,1,0.4375,0,0,0,0,0,19462143.95631705,0.4481483970649149,0.2823196279311209,0,-0.6402119958070214,-0.4033137541873155,-0,-16.33638469984064,32.27554405301743,0,23.33769242834378,-46.10792007573919,-0,20,20
faceon,1.2,0.7,12,0,0.3,45,20,0.55,12,60000,1,0.4444444444444444,0,0,0,0,0,19462143.95631705,0.4419057030937223,0.2941321873830282,0,-0.6312938615624605,-0.4201888391186117,-0,-17.40886000781717,31.58096673183793,0,24.86980001116738,-45.11566675976847,-0,20,20
faceon,1.2,0.7,12,0,0.3,45,20,0.55,12,60000,1,0.4513888888888889,0,0,0,0,0,19462143.95631705,0.4352703479629855,0.3056834066552069,0,-0.6218147828042649,-0.4366905809360099,-0,-18.45919348708575,30.86276447634074,0,26.3702764101225,-44.08966353762963,-0,20,20
faceon,1.2,0.7,12,0,0.3,45,20,0.55,12,60000,1,0.4583333333333333,0,0,0,0,0,19462143.95631705,0.4282504986299585,0.3169646149030205,0,-0.6117864266142264,-0.4528065927186007,-0,-19.48751319189406,30.12130355700152,0,27.83930455984865,-43.03043365285932,-0,20,20
faceon,1.2,0.7,12,0,0.3,45,20,0.55,12,60000,1,0.4652777777777778,0,0,0,0,0,19462143.95631705,0.4208542789679474,0.327967268382461,0,-0.6012203985256391,-0.4685246691178016,-0,-20.49392378664369,29.35690522028307,0,29.27703398091957,-41.93843602897581,-0,20,20
faceon,1.2,0.7,12,0,0.3,45,20,0.55,12,60000,1,0.4722222222222222,0,0,0,0,0,19462143.95631705,0.4130897786400193,0.3386829342173661,0,-0.5901282552000277,-0.4838327631676659,-0,-21.47850535498745,28.56984795068123,0,30.6835790785535,-40.81406850097319,-0,20,20
faceon,1.2,0.7,12,0,0.3,45,20,0.55,12,60000,1,0.4791666666666667,0,0,0,0,0,19462143.95631705,0.4049650624120821,0.3491032749721392,0,-0.5785215177315458,-0.4987189642459132,-0,-22.44131221266134,27.76036956591724,0,32.05901744665907,-39.6576708084532,-0,20,20
faceon,1.2,0.7,12,0,0.3,45,20,0.55,12,60000,1,0.4861111111111111,0,0,0,0,0,19462143.95631705,0.3964881799069664,0.3592200339710556,0,-0.5664116855813807,-0.5131714771015081,-0,-23.38237170791528,26.92866916037842,0,33.40338815416469,-38.46952737196917,-0,20,20
faceon,1.2,0.7,12,0,0.3,45,20,0.55,12,60000,1,0.4930555555555556,0,0,0,0,0,19462143.95631705,0.3876671758069348,0.3690250213107196,0,-0.5538102511527641,-0.5271786018724567,-0,-24.30168299436722,26.07490891131808,0,34.71668999195317,-37.24986987331155,-0,20,20
faceon,1.2,0.7,12,0,0.3,45,20,0.55,12,60000,1,0.5,0,0,0,0,0,19462143.95631705,0.3785101005175049,0.3785101005175048,0,-0.5407287150250071,-0.540728715025007,-0,-25.19921576184498,25.19921576184499,0,35.99887965977855,-35.99887965977856,-0,20,20
faceon,1.2,0.7,12,0,0.3,45,20,0.55,12,60000,1,0.5069444444444444,0,0,0,0,0,19462143.95631705,0.3690250213107197,0.3876671758069347,0,-0.5271786018724568,-0.5538102511527639,-0,-26.07490891131808,24.30168299436723,0,37.24986987331155,-34.71668999195318,-0,20,20
faceon,1.2,0.7,12,0,0.3,45,20,0.55,12,60000,1,0.5138888888888888,0,0,0,0,0,19462143.95631705,0.3592200339710557,0.3964881799069664,0,-0.5131714771015082,-0.5664116855813806,-0,-26.92866916037841,23.38237170791529,0,38.46952737196916,-33.40338815416471,-0,20,20
faceon,1.2,0.7,12,0,0.3,45,20,0.55,12,60000,1,0.5208333333333334,0,0,0,0,0,19462143.95631705,0.3491032749721393,0.404965062412082,0,-0.4987189642459133,-0.5785215177315457,-0,-27.76036956591724,22.44131221266135,0,39.6576708084532,-32.05901744665908,-0,20,20
faceon,1.2,0.7,12,0,0.3,45,20,0.55,12,60000,1,0.5277777777777778,0,0,0,0,0,19462143.95631705,0.3386829342173662,0.4130897786400193,0,-0.483832763167666,-0.5901282552000277,-0,-28.56984795068122,21.47850535498746,0,40.81406850097318,-30.68357907855351,-0,20,20
faceon,1.2,0.7,12,0,0.3,45,20,0.55,12,60000,1,0.5347222222222222,0,0,0,0,0,19462143.95631705,0.3279672683824614,0.4208542789679471,0,-0.4685246691178021,-0.6012203985256387,-0,-29.35690522028304,20.49392378664373,0,41.93843602897577,-29.27703398091961,-0,20,20
faceon,1.2,0.7,12,0,0.3,45,20,0.55,12,60000,1,0.5416666666666666,0,0,0,0,0,19462143.95631705,0.3169646149030209,0.4282504986299582,0,-0.4528065927186012,-0.6117864266142261,-0,-30.12130355700149,19.48751319189409,0,43.03043365285928,-27.8393045598487,-0,20,20
faceon,1.2,0.7,12,0,0.3,45,20,0.55,12,60000,1,0.5486111111111112,0,0,0,0,0,19462143.95631705,0.3056834066552073,0.4352703479629852,0,-0.4366905809360104,-0.6218147828042646,-0,-30.86276447634071,18.45919348708578,0,44.08966353762958,-26.37027641012254,-0,20,20
faceon,1.2,0.7,12,0,0.3,45,20,0.55,12,60000,1,0.5555555555555556,0,0,0,0,0,19462143.95631705,0.2941321873830284,0.4419057030937223,0,-0.4201888391186119,-0.6312938615624606,-0,-31.58096673183792,17.40886000781718,0,45.11566675976846,-24.86980001116739,-0,20,20
faceon,1.2,0.7,12,0,0.3,45,20,0.55,12,60000,1,0.5625,0,0,0,0,0,19462143.95631705,0.2823196279311209,0.4481483970649148,0,-0.4033137541873156,-0.6402119958070213,-0,-32.27554405301743,16.33638469984065,0,46.10792007573919,-23.33769242834379,-0,20,20
faceon,1.2,0.7,12,0,0.3,45,20,0.55,12,60000,1,0.5694444444444444,0,0,0,0,0,19462143.95631705,0.2702545433476617,0.4539902114055648,0,-0.3860779190680881,-0.6485574448650927,-0,-32.94608270069804,15.24161733104492,0,47.06583242956863,-21.77373904434988,-0,20,20
faceon,1.2,0.7,12,0,0.3,45,20,0.55,12,60000,1,0.5763888888888888,0,0,0,0,0,19462143.95631705,0.2579459109280168,0.4594228681562836,0,-0.3684941584685955,-0.6563183830804052,-0,-33.59211882307611,14.12438674334669,0,47.98874117582301,-20.17769534763813,-0,20,20
faceon,1.2,0.7,12,0,0.3,45,20,0.55,12,60000,1,0.5833333333333334,0,0,0,0,0,19462143.95631705,0.245402889276033,0.4644380223683122,0,-0.3505755561086186,-0.6634828890975889,-0,-34.21313559513998,12.98450216511758,0,48.87590799305712,-18.54928880731083,-0,20,20
faceon,1.2,0.7,12,0,0.3,45,20,0.55,12,60000,1,0.5902777777777778,0,0,0,0,0,19462143.95631705,0.2326348384664952,0.4690272551027419,0,-0.3323354835235645,-0.6700389358610599,-0,-34.80856012303376,11.82175460691919,0,49.7265144614768,-16.88822086702741,-0,20,20
faceon,1.2,0.7,12,0,0.3,45,20,0.55,12,60000,1,0.5972222222222222,0,0,0,0,0,19462143.95631705,0.2196513413992608,0.4731820669653574,0,-0.3137876305703726,-0.6759743813790821,-0,-35.3777600939957,10.63591836586396,0,50.53965727713672,-15.19416909409137,-0,20,20
faceon,1.2,0.7,12,0,0.3,45,20,0.55,12,60000,1,0.6041666666666666,0,0,0,0,0,19462143.95631705,0.2064622264429372,0.4768938722224201,0,-0.2949460377756247,-0.6812769603177431,-0,-35.9200401514677,9.426752666915341,0,51.31434307352529,-13.46678952416477,-0,20,20
faceon,1.2,0.7,12,0,0.3,45,20,0.55,12,60000,1,0.6111111111111112,0,0,0,0,0,19462143.95631705,0.1930775914737092,0.4801539935538263,0,-0.2758251306767275,-0.6859342765054662,-0,-36.43463797393392,8.194003472949049,0,52.04948281990561,-11.70571924707007,-0,20,20
faceon,1.2,0.7,12,0,0.3,45,20,0.55,12,60000,1,0.6180555555555556,0,0,0,0,0,19462143.95631705,0.179507829423047,0.4829536575125785,0,-0.2564397563186386,-0.6899337964465407,-0,-36.9207200350293,6.937405499490982,0,52.74388576432759,-9.910579284987119,-0,20,20
faceon,1.2,0.7,12,0,0.3,45,20,0.55,12,60000,1,0.625,0,0,0,0,0,19462143.95631705,0.1657636554565063,0.4852839907736564,0,-0.2368052220807233,-0.6932628439623664,-0,-37.37737702150745,5.656684474805186,0,53.3962528878678,-8.080977821150267,-0,20,20
faceon,1.2,0.7,12,0,0.3,45,20,0.55,12,60000,1,0.6319444444444444,0,0,0,0,0,19462143.95631705,0.1518561359146618,0.4871360172714155,0,-0.2169373370209455,-0.6959085961020222,-0,-37.80361888482395,4.351559691524193,0,54.0051698354628,-6.216513845034563,-0,20,20
faceon,1.2,0.7,12,0,0.3,45,20,0.55,12,60000,1,0.6388888888888888,0,0,0,0,0,19462143.95631705,0.137796719156304,0.4885006563428826,0,-0.1968524559375771,-0.6978580804898323,-0,-38.19836950144845,3.021746902396503,0,54.56909928778349,-4.316781289137862,-0,20,20
faceon,1.2,0.7,12,0,0.3,45,20,0.55,12,60000,1,0.6458333333333334,0,0,0,0,0,19462143.95631705,0.1235972684533087,0.4893687220150998,0,-0.1765675263618695,-0.6990981743072856,-0,-38.56046091665462,1.666961620092973,0,55.08637273807804,-2.381373742989962,-0,20,20
faceon,1.2,0.7,12,0,0.3,45,20,0.55,12,60000,1,0.6527777777777778,0,0,0,0,0,19462143.95631705,0.1092700970959563,0.4897309235983738,0,-0.156100138708509,-0.699615605140534,-0,-38.88862714656779,0.2869228895029231,0,55.555181637954,-0.4098898421470331,-0,20,20
faceon,1.2,0.7,12,0,0.3,45,20,0.55,12,60000,1,0.6597222222222222,0,0,0,0,0,19462143.95631705,0.09482800587669582,0.4895778677743683,0,-0.1354685798238512,-0.6993969539633834,-0,-39.18149751381921,-1.118642389293553,-0,55.97356787688459,1.598060556133648,0,20,20
faceon,1.2,0.7,12,0,0.3,45,20,0.55,12,60000,1,0.6666666666666666,0,0,0,0,0,19462143.95631705,0.08028432312928245,0.4889000623989287,0,-0.1146918901846892,-0.6984286605698983,-0,-39.43758949345039,-2.549994497992924,-0,56.339413562072,3.642849282847034,0,20,20
faceon,1.2,0.7,12,0,0.3,45,20,0.55,12,60000,1,0.6736111111111112,0,0,0,0,0,19462143.95631705,0.06565294750845202,0.4876879222749071,0,-0.09378992501207434,-0.6966970318212959,-0,-39.65530104796063,-4.007375194777348,-0,56.65043006851518,5.724821706824782,0,20,20
faceon,1.2,0.7,12,0,0.3,45,20,0.55,12,60000,1,0.6805555555555556,0,0,0,0,0,19462143.95631705,0.05094839370251789,0.4859317771907184,0,-0.07278341957502557,-0.6941882531295978,-0,-39.83290243388904,-5.491001149932027,-0,56.90414633412721,7.844287357045755,0,20,20
faceon,1.2,0.7,12,0,0.3,45,20,0.55,12,60000,1,0.6875,0,0,0,0,0,19462143.95631705,0.03618584127688826,0.4836218825665916,0,-0.05169405896698323,-0.6908884036665595,-0,-39.96852746743387,-7.001056388876282,-0,57.09789638204838,10.00150912696612,0,20,20
faceon,1.2,0.7,12,0,0.3,45,20,0.55,12,60000,1,0.6944444444444444,0,0,0,0,0,19462143.95631705,0.02138118684987937,0.4807484331032958,0,-0.03054455264268481,-0.6867834758618512,-0,-40.06016424379224,-8.537683590205049,-0,57.22880606256034,12.19669084315007,0,20,20
faceon,1.2,0.7,12,0,0.3,45,20,0.55,12,60000,1,0.7013888888888888,0,0,0,0,0,19462143.95631705,0.006551099802433826,0.4773015798883701,0,-0.009358714003476895,-0.6818593998405288,-0,-40.10564531471879,-10.10097406496919,-0,57.29377902102684,14.42996294995598,0,20,20
faceon,1.2,0.7,12,0,0.3,45,20,0.55,12,60000,1,0.7083333333333334,0,0,0,0,0,19462143.95631705,-0.008286918280623634,0.4732714514835394,0,0.01183845468660519,-0.6761020735479135,-0,-40.10263734195296,-11.69095621938747,-0,57.28948191707566,16.70136602769639,0,20,20
faceon,1.2,0.7,12,0,0.3,45,20,0.55,12,60000,1,0.7152777777777778,0,0,0,0,0,19462143.95631705,-0.02311447024975042,0.4686481795950561,0,0.03302067178535775,-0.6694973994215088,-0,-40.04863026151524,-13.30758227631007,-0,57.21232894502178,19.0108318233001,0,20,20
faceon,1.2,0.7,12,0,0.3,45,20,0.55,12,60000,1,0.7222222222222222,0,0,0,0,0,19462143.95631705,-0.03791219593919659,0.4634219300172495,0,0.05416027991313799,-0.6620313285960708,-0,-39.94092601648278,-14.95071300092739,-0,57.05846573783255,21.35816142989627,0,20,20
faceon,1.2,0.7,12,0,0.3,45,20,0.55,12,60000,1,0.7291666666666666,0,0,0,0,0,19462143.95631705,-0.05265970048024245,0.4575829396397011,0,0.07522814354320349,-0.6536899137710017,-0,-39.77662694501733,-16.62010014341186,-0,56.82375277859619,23.74300020487408,0,20,20
faceon,1.2,0.7,12,0,0.3,45,20,0.55,12,60000,1,0.7361111111111112,0,0,0,0,0,19462143.95631705,-0.06733547827328579,0.451121560421266,0,0.09619354039040828,-0.6444593720303801,-0,-39.55262394770385,-18.31536627552341,-0,56.50374849671979,26.16480896503344,0,20,20
faceon,1.2,0.7,12,0,0.3,45,20,0.55,12,60000,1,0.7430555555555556,0,0,0,0,0,19462143.95631705,-0.08191683256720415,0.4440283113606273,0,0.1170240465245774,-0.6343261590866105,-0,-39.26558460555379,-20.03598166003404,-0,56.09369229364828,28.62283094290578,0,20,20
faceon,1.2,0.7,12,0,0.3,45,20,0.55,12,60000,1,0.75,0,0,0,0,0,19462143.95631705,-0.09637979066839013,0.4362939396340538,0,0.1376854152405573,-0.6232770566200768,-0,-38.91194147959389,-21.78123775177709,-0,55.58848782799127,31.11605393111013,0,20,20
faceon,1.2,0.7,12,0,0.3,45,20,0.55,12,60000,1,0.7569444444444444,0,0,0,0,0,19462143.95631705,-0.1106990149005935,0.4279094922269844,0,0.1581414498579908,-0.6112992746099777,-0,-38.48788089746462,-23.55021688829648,-0,54.98268699637804,33.64316698328069,0,20,20
faceon,1.2,0.7,12,0,0.3,45,20,0.55,12,60000,1,0.7638888888888888,0,0,0,0,0,19462143.95631705,-0.1248477095661734,0.4188663995570597,0,0.1783538708088191,-0.5983805707957995,-0,-37.98933262500724,-25.3417576881312,-0,54.27047517858178,36.20251098304457,0,20,20
faceon,1.2,0.7,12,0,0.3,45,20,0.55,12,60000,1,0.7708333333333334,0,0,0,0,0,19462143.95631705,-0.1387975243270198,0.4091565727714113,0,0.1982821776100283,-0.5845093896734447,-0,-37.41196093499616,-27.15441563824649,-0,53.44565847856595,38.79202234035213,0,20,20
faceon,1.2,0.7,12,0,0.3,45,20,0.55,12,60000,1,0.7777777777777778,0,0,0,0,0,19462143.95631705,-0.1525184546378555,0.3987725165985961,0,0.2178835066255079,-0.5696750237122802,-0,-36.75115772498885,-28.98641832260894,-0,52.50165389284123,41.40916903229849,0,20,20
faceon,1.2,0.7,12,0,0.3,45,20,0.55,12,60000,1,0.7847222222222222,0,0,0,0,0,19462143.95631705,-0.1659787401362689,0.3877074598419745,0,0.2371124859089555,-0.5538677997742494,-0,-36.00203850608936,-30.83561472647449,-0,51.43148358012766,44.05087818067785,0,20,20
faceon,1.2,0.7,12,0,0.3,45,20,0.55,12,60000,1,0.7916666666666666,0,0,0,0,0,19462143.95631705,-0.1791447622344956,0.3759555058109425,0,0.2559210889064223,-0.5370792940156321,-0,-35.15944228882263,-32.69941805255603,-0,50.22777469831804,46.71345436079433,0,20,20
faceon,1.2,0.7,12,0,0.3,45,20,0.55,12,60000,1,0.7986111111111112,0,0,0,0,0,19462143.95631705,-0.1919809425813964,0.3635118051905069,0,0.2742584894019948,-0.5193025788435813,-0,-34.21793663574534,-34.57474151523166,-0,48.88276662249334,49.39248787890238,0,20,20
faceon,1.2,0.7,12,0,0.3,45,20,0.55,12,60000,1,0.8055555555555556,0,0,0,0,0,19462143.95631705,-0.2044496445843423,0.3503727540355835,0,0.2920709208347746,-0.5005325057651193,-0,-33.17182943671276,-36.45792664971763,-0,47.38832776673252,52.08275235673948,0,20,20
faceon,1.2,0.7,12,0,0.3,45,20,0.55,12,60000,1,0.8125,0,0,0,0,0,19462143.95631705,-0.2165110808162577,0.3365362197261548,0,0.3093015440232253,-0.4807660281802212,-0,-32.01518929431327,-38.3446638007251,-0,45.73598470616183,54.77809114389301,0,20,20
faceon,1.2,0.7,12,0,0.3,45,20,0.55,12,60000,1,0.8194444444444444,0,0,0,0,0,19462143.95631705,-0.2281232298996981,0.3220017978083719,0,0.3258903284281402,-0.4600025682976742,-0,-30.74187678373288,-40.22990465997775,-0,43.91696683390411,57.47129237139679,0,20,20
faceon,1.2,0.7,12,0,0.3,45,20,0.55,12,60000,1,0.8263888888888888,0,0,0,0,0,19462143.95631705,-0.2392417673735841,0.3067711026417553,0,0.3417739533908344,-0.4382444323453648,-0,-29.34558926884045,-42.10776702945618,-0,41.92227038405778,60.15395289922313,0,20,20
faceon,1.2,0.7,12,0,0.3,45,20,0.55,12,60000,1,0.8333333333333334,0,0,0,0,0,19462143.95631705,-0.2498200161224335,0.2908480946303036,0,0.3568857373177622,-0.4154972780432909,-0,-27.81992240362774,-43.97143242803599,-0,39.74274629089678,62.81633204005141,0,20,20
faceon,1.2,0.7,12,0,0.3,45,20,0.55,12,60000,1,0.8402777777777778,0,0,0,0,0,19462143.95631705,-0.2598089231901505,0.2742394464798104,0,0.3711556045573579,-0.3917706378283006,-0,-26.1584519046682,-45.81303776906903,-0,37.36921700666885,65.44719681295577,0,20,20
faceon,1.2,0.7,12,0,0.3,45,20,0.55,12,60000,1,0.8472222222222222,0,0,0,0,0,19462143.95631705,-0.2691570712082149,0.2569549503251896,0,0.3845101017260213,-0.3670785004645565,-0,-24.35483961169962,-47.62356315520428,-0,34.79262801671375,68.03366165029183,0,20,20
faceon,1.2,0.7,12,0,0.3,45,20,0.55,12,60000,1,0.8541666666666666,0,0,0,0,0,19462143.95631705,-0.2778107342230756,0.2390079666252226,0,0.3968724774615366,-0.3414399523217466,-0,-22.40296820704465,-49.39271890553701,-0,32.00424029577808,70.56102700791001,0,20,20
faceon,1.2,0.7,12,0,0.3,45,20,0.55,12,60000,1,0.8611111111111112,0,0,0,0,0,19462143.95631705,-0.2857139893675482,0.2204159143281346,0,0.4081628419536402,-0.3148798776116209,-0,-20.29710916369071,-51.10883628676181,-0,28.99587023384388,73.01262326680259,0,20,20
faceon,1.2,0.7,12,0,0.3,45,20,0.55,12,60000,1,0.8680555555555556,0,0,0,0,0,19462143.95631705,-0.2928088975102281,0.201200799858006,0,0.4182984250146116,-0.2874297140828658,-0,-18.03212843038717,-52.75876809064746,-0,25.76018347198168,75.36966870092495,0,20,20
faceon,1.2,0.7,12,0,0.3,45,20,0.55,12,60000,1,0.875,0,0,0,0,0,19462143.95631705,-0.2990357676142092,0.18138977984153,0,0.4271939537345847,-0.2591282569164714,-0,-15.60373390021529,-54.32780718743241,-0,22.29104842887899,77.61115312490345,0,20,20
faceon,1.2,0.7,12,0,0.3,45,20,0.55,12,60000,1,0.8819444444444444,0,0,0,0,0,19462143.95631705,-0.3043335208622615,0.1610157490754888,0,0.4347621726603735,-0.2300224986792697,-0,-13.00876767183137,-55.799633450215,-0,18.58395381690196,79.71376207173572,0,20,20
faceon,1.2,0.7,12,0,0.3,45,20,0.55,12,60000,1,0.8888888888888888,0,0,0,0,0,19462143.95631705,-0.3086401714100802,0.1401179409410682,0,0.4409145305858289,-0.2001684870586689,-0,-10.24554429480718,-57.15630188692747,-0,14.63649184972454,81.65185983846781,0,20,20
faceon,1.2,0.7,12,0,0.3,45,20,0.55,12,60000,1,0.8958333333333334,0,0,0,0,0,19462143.95631705,-0.3118934405828214,0.1187425222692411,0,0.4455620579754592,-0.1696321746703444,-0,-7.314233371887259,-58.37828724095195,-0,10.4489048169818,83.39755320135993,0,20,20
faceon,1.2,0.7,12,0,0.3,45,20,0.55,12,60000,1,0.9027777777777778,0,0,0,0,0,19462143.95631705,-0.3140315200236088,0.09694315861175125,0,0.448616457176584,-0.1384902265882161,-0,-4.217280866395213,-59.44460241638104,-0,6.024686951993162,84.92086059483006,0,20,20
faceon,1.2,0.7,12,0,0.3,45,20,0.55,12,60000,1,0.9097222222222222,0,0,0,0,0,19462143.95631705,-0.3149939962610447,0.07478151917638387,0,0.4499914232300639,-0.1068307416805484,-0,-0.9598580931916215,-60.33300939426238,-0,1.371225847416602,86.19001342037484,0,20,20
faceon,1.2,0.7,12,0,0.3,45,20,0.55,12,60000,1,0.9166666666666666,0,0,0,0,0,19462143.95631705,-0.3147229438827767,0.05232768374060982,0,0.4496042055468238,-0.07475383391515689,-0,2.449679342870867,-61.02034122758185,-0,-3.499541918386952,87.17191603940265,0,20,20
faceon,1.2,0.7,12,0,0.3,45,20,0.55,12,60000,1,0.9236111111111112,0,0,0,0,0,19462143.95631705,-0.3131641865211737,0.02966040731004541,0,0.4473774093159624,-0.04237201044292201,-0,5.999348220044246,-61.48295150747056,-0,-8.570497457206066,87.8327878678151,0,20,20
faceon,1.2,0.7,12,0,0.3,45,20,0.55,12,60000,1,0.9305555555555556,0,0,0,0,0,19462143.95631705,-0.3102687138597174,0.006867193063869844,0,0.4432410197995963,-0.009810275805528349,-0,9.673143898009798,-61.69730260748674,-0,-13.81877699715685,88.13900372498107,0,20,20
faceon,1.2,0.7,12,0,0.3,45,20,0.55,12,60000,1,0.9375,0,0,0,0,0,19462143.95631705,-0.3059942288302603,-0.01595587857157604,-0,0.4371346126146576,0.02279411224510863,0,13.45073783361847,-61.64069536372865,-0,-19.21533976231209,88.05813623389808,0,20,20
faceon,1.2,0.7,12,0,0.3,45,20,0.55,12,60000,1,0.9444444444444444,0,0,0,0,0,19462143.95631705,-0.3003067825262643,-0.03870461566016389,-0,0.4290096893232348,0.05529230808594841,0,17.30731413751883,-61.29213028528349,-0,-24.72473448216976,87.56018612183357,0,20,20
faceon,1.2,0.7,12,0,0.3,45,20,0.55,12,60000,1,0.9513888888888888,0,0,0,0,0,19462143.95631705,-0.2931824361599012,-0.06126751967860225,-0,0.4188320516570018,0.08752502811228893,0,21.21359502403395,-60.63327416268633,-0,-30.30513574861993,86.61896308955191,0,20,20
faceon,1.2,0.7,12,0,0.3,45,20,0.55,12,60000,1,0.9583333333333334,0,0,0,0,0,19462143.95631705,-0.2846088714184751,-0.0835269609115433,-0,0.406584102026393,0.1193242298736333,0,25.13610133846182,-59.64948718351214,-0,-35.90871619780261,85.21355311930306,0,20,20
faceon,1.2,0.7,12,0,0.3,45,20,0.55,12,60000,1,0.9652777777777778,0,0,0,0,0,19462143.95631705,-0.2745868553044395,-0.1053607354328886,-0,0.3922669361491994,0.1505153363326981,0,29.037683182087,-58.33084656898944,-0,-41.48240454583858,83.32978081284207,0,20,20
faceon,1.2,0.7,12,0,0.3,45,20,0.55,12,60000,1,0.9722222222222222,0,0,0,0,0,19462143.95631705,-0.263131455933844,-0.1266439879692321,-0,0.3759020799054915,0.1809199828131887,0,32.87833618302272,-56.6730865263583,-0,-46.96905169003247,80.96155218051186,0,20,20
faceon,1.2,0.7,12,0,0.3,45,20,0.55,12,60000,1,0.9791666666666666,0,0,0,0,0,19462143.95631705,-0.2502729048209979,-0.1472514532440913,-0,0.3575327211728541,0.2103592189201305,0,36.61629187122129,-54.67836480859514,-0,-52.308988387459,78.11194972656449,0,20,20
faceon,1.2,0.7,12,0,0.3,45,20,0.55,12,60000,1,0.9861111111111112,0,0,0,0,0,19462143.95631705,-0.2360570112881142,-0.1670599350122557,-0,0.3372243018401632,0.2386570500175082,0,40.2093385303038,-52.35576707829148,-0,-57.44191218614829,74.79395296898784,0,20,20
faceon,1.2,0.7,12,0,0.3,45,20,0.55,12,60000,1,0.9930555555555556,0,0,0,0,0,19462143.95631705,-0.2205450568695495,-0.185950911277856,-0,0.3150643669564993,0.2656441589683657,0,43.61629635516891,-49.72147407789775,-0,-62.30899479309844,71.03067725413965,0,20,20
faceon,1.2,0.7,12,0,0.3,45,20,0.55,12,60000,1,1,0,0,0,0,0,19462143.95631705,-0.2038131310478872,-0.2038131310478872,-0,0.2911616157826961,0.2911616157826961,0,46.79854355771212,-46.79854355771212,-0,-66.85506222530303,66.85506222530303,0,20,20
sb1,1.2,0.6,20,60,0.3,120,-15,0.15,12,60000,0,0,33.1887478488042,55.314579748007,0.06576380409988078,0.7794228634059946,0.4676537180435967,26811032.19108658,0.13125,-0.1136658342467075,-0.1968749999999999,-0.21875,0.1894430570778459,0.3281249999999999,43.14537220344546,12.45499612797292,21.57268610172273,-71.90895367240911,-20.75832687995486,-35.95447683620456,-36.57268610172273,20.95447683620456
sb1,1.2,0.6,20,60,0.3,120,-15,0.15,12,60000,0,0.006944444444444444,33.1887478488042,55.314579748007,0.06576380409988078,0.7794228634059946,0.4676537180435967,26811032.19108658,0.1501790889087202,-0.1077812364371665,-0.1866825776117663,-0.2502984815145337,0.1796353940619442,0.311137629352944,41.40099906529552,13.82763814379268,23.95017181372633,-69.00166510882588,-23.04606357298781,-39.91695302287722,-38.95017181372633,24.91695302287722
sb1,1.2,0.6,20,60,0.3,120,-15,0.15,12,60000,0,0.01388888888888889,33.1887478488042,55.314579748007,0.06576380409988078,0.7794228634059946,0.4676537180435967,26811032.19108658,0.1682774787870883,-0.1013003692581309,-0.175457386380571,-0.2804624646451472,0.1688339487635515,0.2924289773009517,39.4370018044934,15.11723458357527,26.18381836868971,-65.72833634082234,-25.19539097262546,-43.63969728114952,-41.18381836868971,28.63969728114952
sb1,1.2,0.6,20,60,0.3,120,-15,0.15,12,60000,0,0.02083333333333333,33.1887478488042,55.314579748007,0.06576380409988078,0.7794228634059946,0.4676537180435967,26811032.19108658,0.1854520120587154,-0.0942631979489407,-0.1632686481314877,-0.3090866867645257,0.1571053299149012,0.2721144135524795,37.27697039692563,16.31164037608733,28.25258988617517,-62.12828399487606,-27.18606729347889,-47.08764981029195,-43.25258988617517,32.08764981029195
sb1,1.2,0.6,20,60,0.3,120,-15,0.15,12,60000,0,0.02777777777777778,33.1887478488042,55.314579748007,0.06576380409988078,0.7794228634059946,0.4676537180435967,26811032.19108658,0.2016208435898206,-0.08671463102797154,-0.1501941467000353,-0.3360347393163677,0.1445243850466192,0.2503235778333922,34.94769461496021,17.40096143288038,30.13934930229535,-58.24615769160036,-29.00160238813397,-50.23224883715892,-45.13934930229535,35.23224883715892
sb1,1.2,0.6,20,60,0.3,120,-15,0.15,12,60000,0,0.03472222222222222,33.1887478488042,55.314579748007,0.06576380409988078,0.7794228634059946,0.4676537180435967,26811032.19108658,0.2167146371118375,-0.07870345642027542,-0.1363183852512,-0.3611910618530625,0.1311724273671257,0.227197308752,32.4780968675803,18.37778259388804,31.83125318306903,-54.13016144596718,-30.62963765648006,-53.05208863844839,-46.83125318306902,38.05208863844839
sb1,1.2,0.6,20,60,0.3,120,-15,0.15,12,60000,0,0.04166666666666666,33.1887478488042,55.314579748007,0.06576380409988078,0.7794228634059946,0.4676537180435967,26811032.19108658,0.2306772721886261,-0.07028120802027492,-0.1217306231084334,-0.3844621203143769,0.1171353467004582,0.2028843718473891,29.89812702922153,19.23725055323095,33.31989535612851,-49.83021171536923,-32.06208425538492,-55.53315892688084,-48.31989535612851,40.53315892688084
sb1,1.2,0.6,20,60,0.3,120,-15,0.15,12,60000,0,0.04861111111111111,33.1887478488042,55.314579748007,0.06576380409988078,0.7794228634059946,0.4676537180435967,26811032.19108658,0.2434660640012696,-0.06150102646996972,-0.1065229025636259,-0.4057767733354494,0.1025017107832829,0.1775381709393766,27.23770377093227,19.97701916503287,34.60121217761412,-45.39617295155379,-33.29503194172145,-57.6686869626902,-49.60121217761412,42.6686869626902
sb1,1.2,0.6,20,60,0.3,120,-15,0.15,12,60000,0,0.05555555555555555,33.1887478488042,55.314579748007,0.06576380409988078,0.7794228634059946,0.4676537180435967,26811032.19108658,0.2550515331190916,-0.05241657169869801,-0.09078816534072186,-0.4250858885318194,0.08736095283116337,0.1513136089012031,24.52577239027698,20.59707697491839,35.67518380796572,-40.87628731712832,-34.32846162486398,-59.45863967994288,-50.67518380796572,44.45863967994288
sb1,1.2,0.6,20,60,0.3,120,-15,0.15,12,60000,0,0.0625,33.1887478488042,55.314579748007,0.06576380409988078,0.7794228634059946,0.4676537180435967,26811032.19108658,0.26541678922163,-0.04308103388047838,-0.07461853952358474,-0.4423613153693834,0.07180172313413064,0.1243642325393079,21.7895281632565,21.09948501211282,36.54538005451742,-36.31588027209417,-35.16580835352136,-60.90896675752904,-51.54538005451742,45.90896675752904
sb1,1.2,0.6,20,60,0.3,120,-15,0.15,12,60000,0,0.06944444444444445,33.1887478488042,55.314579748007,0.06576380409988078,0.7794228634059946,0.4676537180435967,26811032.19108658,0.2745566095009622,-0.03354627597057656,-0.05810385438576554,-0.4575943491682705,0.05591045995096093,0.09683975730960925,19.05383108804766,21.48805633174424,37.21840532248313,-31.75638514674611,-35.81342721957373,-62.03067553747189,-52.21840532248313,47.03067553747189
sb1,1.2,0.6,20,60,0.3,120,-15,0.15,12,60000,0,0.0763888888888889,33.1887478488042,55.314579748007,0.06576380409988078,0.7794228634059946,0.4676537180435967,26811032.19108658,0.2824762991120405,-0.02386212692956495,-0.04133041621866402,-0.470793831853401,0.03977021154927492,0.0688840270311067,16.3408163416475,21.76800798098031,37.70329580262271,-27.23469390274584,-36.28001330163386,-62.83882633770453,-52.70329580262271,47.83882633770453
sb1,1.2,0.6,20,60,0.3,120,-15,0.15,12,60000,0,0.08333333333333333,33.1887478488042,55.314579748007,0.06576380409988078,0.7794228634059946,0.4676537180435967,26811032.19108658,0.2891904189066747,-0.01407583181504741,-0.02438005586245657,-0.4819840315111246,0.02345971969174569,0.04063342643742762,13.66968745214196,21.9456120629406,38.01091509620955,-22.78281242023661,-36.576020104901,-63.35152516034927,-53.01091509620955,48.35152516034927
sb1,1.2,0.6,20,60,0.3,120,-15,0.15,12,60000,0,0.09027777777777778,33.1887478488042,55.314579748007,0.06576380409988078,0.7794228634059946,0.4676537180435967,26811032.19108658,0.2947214570081022,-0.004231654248296724,-0.007329440158114611,-0.4912024283468371,0.007052757080494541,0.01221573359685769,11.0566673516536,22.02786671768074,38.15338433737852,-18.42777891942267,-36.71311119613457,-63.58897389563087,-53.15338433737852,48.58897389563087
sb1,1.2,0.6,20,60,0.3,120,-15,0.15,12,60000,0,0.09722222222222222,33.1887478488042,55.314579748007,0.06576380409988078,0.7794228634059946,0.4676537180435967,26811032.19108658,0.2990985080578095,0.005629381111310168,0.00975037409995776,-0.4984975134296825,-0.009382301852183614,-0.0162506234999296,8.515076153147527,22.02220137711481,38.14357167967615,-14.19179358857921,-36.70366896185803,-63.57261946612692,-53.14357167967615,48.57261946612692
sb1,1.2,0.6,20,60,0.3,120,-15,0.15,12,60000,0,0.1041666666666667,33.1887478488042,55.314579748007,0.06576380409988078,0.7794228634059946,0.4676537180435967,26811032.19108658,0.3023560095059015,0.01546962348332225,0.02679417384707476,-0.5039266825098359,-0.02578270580553708,-0.04465695641179128,6.055502880760119,21.93622454401343,37.99465543647068,-10.09250480126687,-36.56037424002238,-63.32442572745114,-52.99465543647068,48.32442572745114
sb1,1.2,0.6,20,60,0.3,120,-15,0.15,12,60000,0,0.1111111111111111,33.1887478488042,55.314579748007,0.06576380409988078,0.7794228634059946,0.4676537180435967,26811032.19108658,0.3045325699614354,0.02525482817210912,0.04374264553051484,-0.5075542832690589,-0.04209138028684854,-0.07290440921752474,3.686040248332905,21.77751719999194,37.71976625309115,-6.143400413888176,-36.29586199998657,-62.86627708848526,-52.71976625309115,47.86627708848526
sb1,1.2,0.6,20,60,0.3,120,-15,0.15,12,60000,0,0.1180555555555556,33.1887478488042,55.314579748007,0.06576380409988078,0.7794228634059946,0.4676537180435967,26811032.19108658,0.3056699116331221,0.03495410642554304,0.06054228826221031,-0.5094498527218703,-0.05825684404257175,-0.1009038137703505,1.412555624287861,21.5534710355026,37.33170691295468,-2.354259373813101,-35.92245172583767,-62.21951152159114,-52.33170691295468,47.21951152159114
sb1,1.2,0.6,20,60,0.3,120,-15,0.15,12,60000,0,0.125,33.1887478488042,55.314579748007,0.06576380409988078,0.7794228634059946,0.4676537180435967,26811032.19108658,0.3058119379851211,0.04453981230865234,0.07714521787816751,-0.5096865633085353,-0.07423302051442059,-0.1285753631302792,-0.7610235951182832,21.27116803207743,36.84274376789299,1.268372658530472,-35.45194672012905,-61.40457294648833,-51.84274376789299,46.40457294648833
sb1,1.2,0.6,20,60,0.3,120,-15,0.15,12,60000,0,0.1319444444444444,33.1887478488042,55.314579748007,0.06576380409988078,0.7794228634059946,0.4676537180435967,26811032.19108658,0.3050039291685536,0.05398738401508084,0.09350889208185187,-0.5083398819475895,-0.08997897335846808,-0.1558481534697531,-2.832426721641867,20.93729636689653,36.26446108059204,4.720711202736445,-34.89549394482755,-60.44076846765342,-51.26446108059204,45.44076846765342
sb1,1.2,0.6,20,60,0.3,120,-15,0.15,12,60000,0,0.1388888888888889,33.1887478488042,55.314579748007,0.06576380409988078,0.7794228634059946,0.4676537180435967,26811032.19108658,0.3032918615077516,0.06327515460696682,0.1095957826360424,-0.5054864358462527,-0.1054585910116114,-0.1826596377267374,-4.800770270652105,20.5580969271026,35.60766838466732,8.001283784420178,-34.26349487850435,-59.34611397444554,-50.60766838466732,44.34611397444554
sb1,1.2,0.6,20,60,0.3,120,-15,0.15,12,60000,0,0.1458333333333333,33.1887478488042,55.314579748007,0.06576380409988078,0.7794228634059946,0.4676537180435967,26811032.19108658,0.300721843066283,0.07238414458719519,0.1253730160874338,-0.5012030717771383,-0.1206402409786587,-0.2089550268123897,-6.666309707380211,20.13933467456454,34.8823508869794,11.11051617896702,-33.5655577909409,-58.137251478299,-49.8823508869794,43.137251478299
sb1,1.2,0.6,20,60,0.3,120,-15,0.15,12,60000,0,0.1527777777777778,33.1887478488042,55.314579748007,0.06576380409988078,0.7794228634059946,0.4676537180435967,26811032.19108658,0.2973396547424903,0.08129784620107514,0.1408120001661826,-0.4955660912374839,-0.1354964103351252,-0.2346866669436377,-8.430216600248389,19.68628947136717,34.09765357691619,14.05036100041398,-32.81048245227862,-56.82942262819365,-49.09765357691619,41.82942262819365
sb1,1.2,0.6,20,60,0.3,120,-15,0.15,12,60000,0,0.1597222222222222,33.1887478488042,55.314579748007,0.06576380409988078,0.7794228634059946,0.4676537180435967,26811032.19108658,0.2931903850773294,0.09000200708193577,0.1558880490490867,-0.4886506417955491,-0.1500033451365596,-0.2598134150818111,-10.09438281591382,19.20376158316078,33.2618907584738,16.82397135985638,-32.00626930526796,-55.43648459745634,-48.2618907584738,40.43648459745634
sb1,1.2,0.6,20,60,0.3,120,-15,0.15,12,60000,0,0.1666666666666667,33.1887478488042,55.314579748007,0.06576380409988078,0.7794228634059946,0.4676537180435967,26811032.19108658,0.2883181466527562,0.09848441887155092,0.1705800172394213,-0.4805302444212604,-0.1641406981192516,-0.2843000287323689,-11.66125159326634,18.69608778805067,32.38257395167178,19.43541932211057,-31.16014631341778,-53.97095658611964,-47.38257395167178,38.97095658611964
sb1,1.2,0.6,20,60,0.3,120,-15,0.15,12,60000,0,0.1736111111111111,33.1887478488042,55.314579748007,0.06576380409988078,0.7794228634059946,0.4676537180435967,26811032.19108658,0.2827658623193323,0.1067347147861548,0.1848699489409933,-0.4712764371988873,-0.1778911913102581,-0.3081165815683221,-13.13367413803873,18.16716474128887,31.46645236138622,21.88945689673123,-30.27860790214812,-52.44408726897704,-46.46645236138622,37.44408726897704
sb1,1.2,0.6,20,60,0.3,120,-15,0.15,12,60000,0,0.1805555555555556,33.1887478488042,55.314579748007,0.06576380409988078,0.7794228634059946,0.4676537180435967,26811032.19108658,0.2765751102767749,0.1147441787535712,0.1987427474739505,-0.4609585171279582,-0.1912402979226186,-0.3312379124565842,-14.51478965665779,17.62047692351942,30.51956128513057,24.19131609442965,-29.36746153919903,-50.86593547521763,-45.51956128513057,35.86593547521763
sb1,1.2,0.6,20,60,0.3,120,-15,0.15,12,60000,0,0.1875,33.1887478488042,55.314579748007,0.06576380409988078,0.7794228634059946,0.4676537180435967,26811032.19108658,0.269786018056715,0.1225055676887014,0.2121858674468989,-0.4496433634278584,-0.2041759461478356,-0.3536431124114983,-15.80792637778264,17.05912710171219,29.54727487294071,26.34654396297108,-28.43187850285365,-49.24545812156786,-44.5472748729407,34.24545812156786
sb1,1.2,0.6,20,60,0.3,120,-15,0.15,12,60000,0,0.1944444444444444,33.1887478488042,55.314579748007,0.06576380409988078,0.7794228634059946,0.4676537180435967,26811032.19108658,0.2624371965886148,0.1300129476658441,0.2251890309990355,-0.4373953276476913,-0.2166882461097402,-0.3753150516650592,-17.01652099044984,16.48586774450929,28.55436054035103,28.3608683174164,-27.47644624084883,-47.59060090058505,-43.55436054035103,32.59060090058505
sb1,1.2,0.6,20,60,0.3,120,-15,0.15,12,60000,0,0.2013888888888889,33.1887478488042,55.314579748007,0.06576380409988078,0.7794228634059946,0.4676537180435967,26811032.19108658,0.254565706674591,0.137261544146797,0.2377439683876108,-0.4242761777909851,-0.2287692402446617,-0.3962399473126848,-18.14405397662538,15.90313225671975,27.54503306812611,30.2400899610423,-26.50522042786626,-45.90838844687685,-42.5450330681261,30.90838844687685
sb1,1.2,0.6,20,60,0.3,120,-15,0.15,12,60000,0,0.2083333333333333,33.1887478488042,55.314579748007,0.06576380409988078,0.7794228634059946,0.4676537180435967,26811032.19108658,0.246207051296225,0.144247605994528,0.2498441824526995,-0.4103450854937085,-0.2404126766575468,-0.4164069707544993,-19.19399847015343,15.31306523738592,26.52300701076917,31.98999745025573,-25.5217753956432,-44.2050116846153,-41.52300701076918,29.2050116846153
sb1,1.2,0.6,20,60,0.3,120,-15,0.15,12,60000,0,0.2152777777777778,33.1887478488042,55.314579748007,0.06576380409988078,0.7794228634059946,0.4676537180435967,26811032.19108658,0.2373951881901138,0.1509682827082339,0.2614847359820832,-0.395658646983523,-0.2516138045137233,-0.435807893303472,-20.16978048721633,14.71755123204383,25.49154649689783,33.61630081202721,-24.52925205340638,-42.48591082816306,-40.49154649689783,27.48591082816306
sb1,1.2,0.6,20,60,0.3,120,-15,0.15,12,60000,0,0.2222222222222222,33.1887478488042,55.314579748007,0.06576380409988078,0.7794228634059946,0.4676537180435967,26811032.19108658,0.2281625580403322,0.1574215141263962,0.2726620606713399,-0.3802709300672203,-0.2623691902106603,-0.4544367677855665,-21.07474861280899,14.11824165363189,24.45351185762568,35.12458102134831,-23.53040275605316,-40.75585309604281,-39.45351185762568,25.75585309604281
sb1,1.2,0.6,20,60,0.3,120,-15,0.15,12,60000,0,0.2291666666666667,33.1887478488042,55.314579748007,0.06576380409988078,0.7794228634059946,0.4676537180435967,26811032.19108658,0.2185401244386266,0.1636059317345775,0.2833737861839335,-0.3642335407310444,-0.2726765528909625,-0.4722896436398892,-21.91215147140988,13.51657969896568,23.41140278316259,36.5202524523498,-22.52763283160947,-39.01900463860433,-38.41140278316259,24.01900463860433
sb1,1.2,0.6,20,60,0.3,120,-15,0.15,12,60000,0,0.2361111111111111,33.1887478488042,55.314579748007,0.06576380409988078,0.7794228634059946,0.4676537180435967,26811032.19108658,0.2085574224585097,0.1695207706634822,0.2936185877273828,-0.3475957040975163,-0.2825346177724704,-0.4893643128789714,-22.68512154405997,12.91382319887353,22.36739790041059,37.80853590676663,-21.52303866478921,-37.27899650068433,-37.36739790041059,22.27899650068433
sb1,1.2,0.6,20,60,0.3,120,-15,0.15,12,60000,0,0.2430555555555556,33.1887478488042,55.314579748007,0.06576380409988078,0.7794228634059946,0.4676537180435967,26811032.19108658,0.1982426132837938,0.1751657914537689,0.303396050545942,-0.3304043554729897,-0.2919429857562816,-0.5056600842432367,-23.39666411030449,12.31106541877804,21.32339080062779,38.99444018384082,-20.51844236463008,-35.538984667713,-36.32339080062779,20.538984667713
sb1,1.2,0.6,20,60,0.3,120,-15,0.15,12,60000,0,0.25,33.1887478488042,55.314579748007,0.06576380409988078,0.7794228634059946,0.4676537180435967,26811032.19108658,0.1876225428344784,0.1805412106844293,0.3127065497654285,-0.312704238057464,-0.3009020178073821,-0.5211775829423809,-24.04965028783295,11.70925388012368,20.28102263909724,40.08275047972159,-19.51542313353948,-33.8017043984954,-35.28102263909724,18.8017043984954
sb1,1.2,0.6,20,60,0.3,120,-15,0.15,12,60000,0,0.2569444444444444,33.1887478488042,55.314579748007,0.06576380409988078,0.7794228634059946,0.4676537180435967,26811032.19108658,0.1767228027534717,0.1856476396014127,0.3215511440948827,-0.2945380045891196,-0.3094127326690211,-0.5359185734914712,-24.64681331380893,11.10920730766823,19.24171148869684,41.07802218968155,-18.51534551278039,-32.06951914782807,-34.24171148869684,17.06951914782807
sb1,1.2,0.6,20,60,0.3,120,-15,0.15,12,60000,0,0.2638888888888889,33.1887478488042,55.314579748007,0.06576380409988078,0.7794228634059946,0.4676537180435967,26811032.19108658,0.1655677924667377,0.1904860299352151,0.3299314819798786,-0.2759463207778962,-0.3174767165586918,-0.5498858032997977,-25.19074736019103,10.51163082814933,18.20667866476196,41.98457893365172,-17.51938471358222,-30.34446444126993,-33.20667866476195,15.34446444126993
sb1,1.2,0.6,20,60,0.3,120,-15,0.15,12,60000,0,0.2708333333333333,33.1887478488042,55.314579748007,0.06576380409988078,0.7794228634059946,0.4676537180435967,26811032.19108658,0.1541807813170448,0.1950576261549328,0.3378497189041194,-0.2569679688617414,-0.3250960435915546,-0.5630828648401991,-25.6839083022236,9.917129556043044,17.17697225630953,42.80651383703933,-16.52854926007174,-28.62828709384923,-32.17697225630953,13.62828709384923
sb1,1.2,0.6,20,60,0.3,120,-15,0.15,12,60000,0,0.2777777777777778,33.1887478488042,55.314579748007,0.06576380409988078,0.7794228634059946,0.4676537180435967,26811032.19108658,0.1425839700067377,0.1993639234679004,0.3453084446426768,-0.2376399500112295,-0.3322732057798341,-0.5755140744044613,-26.12861596668611,9.32622070502295,16.15348810370058,43.5476932778102,-15.54370117503825,-26.92248017283431,-31.15348810370058,11.92248017283431
sb1,1.2,0.6,20,60,0.3,120,-15,0.15,12,60000,0,0.2847222222222222,33.1887478488042,55.314579748007,0.06576380409988078,0.7794228634059946,0.4676537180435967,26811032.19108658,0.1307985507760649,0.2034066309357382,0.3523106193771099,-0.2179975846267749,-0.3390110515595637,-0.5871843656285165,-26.52705747662676,8.739344361570884,15.13698845908136,44.2117624610446,-14.56557393595148,-25.22831409846894,-30.13698845908137,10.22831409846894
sb1,1.2,0.6,20,60,0.3,120,-15,0.15,12,60000,0,0.2916666666666667,33.1887478488042,55.314579748007,0.06576380409988078,0.7794228634059946,0.4676537180435967,26811032.19108658,0.1188447658978144,0.2071876391375765,0.3588595176865284,-0.1980746098296907,-0.3453127318959608,-0.5980991961442141,-26.88129138438396,8.156873051687493,14.12811855641213,44.80215230730661,-13.59478841947915,-23.54686426068689,-29.12811855641213,8.546864260686892
sb1,1.2,0.6,20,60,0.3,120,-15,0.15,12,60000,0,0.2986111111111111,33.1887478488042,55.314579748007,0.06576380409988078,0.7794228634059946,0.4676537180435967,26811032.19108658,0.1067419641926093,0.2107089918681911,0.3649586795273244,-0.1779032736543489,-0.3511816531136519,-0.6082644658788741,-27.19325234682731,7.579120224063542,13.12742130475087,45.32208724471219,-12.63186704010591,-21.87903550791812,-28.12742130475087,6.879035507918118
sb1,1.2,0.6,20,60,0.3,120,-15,0.15,12,60000,0,0.3055555555555556,33.1887478488042,55.314579748007,0.06576380409988078,0.7794228634059946,0.4676537180435967,26811032.19108658,0.09450865536752157,0.2139728614120725,0.3706118674066036,-0.157514425612536,-0.3566214356867876,-0.6176864456776728,-27.46475614786318,7.006347764315348,12.13535030329079,45.77459357977197,-11.67724627385891,-20.22558383881799,-27.13535030329079,5.225583838817993
sb1,1.2,0.6,20,60,0.3,120,-15,0.15,12,60000,0,0.3125,33.1887478488042,55.314579748007,0.06576380409988078,0.7794228634059946,0.4676537180435967,26811032.19108658,0.08216256205825888,0.2169815269836731,0.3758230290395991,-0.1369376034304315,-0.3616358783061219,-0.6263717150659986,-27.69750491507724,6.438772645617043,11.15228136059339,46.16250819179541,-10.73128774269507,-18.58713560098899,-26.15228136059339,3.587135600988994
sb1,1.2,0.6,20,60,0.3,120,-15,0.15,12,60000,0,0.3194444444444444,33.1887478488042,55.314579748007,0.06576380409988078,0.7794228634059946,0.4676537180435967,26811032.19108658,0.06972066951581485,0.2197373559691365,0.3805962648593927,-0.1162011158596914,-0.3662289266152277,-0.6343271080989881,-27.89309241144424,5.876572811729775,10.17852268429386,46.48848735240706,-9.794288019549626,-16.96420447382311,-25.17852268429386,1.964204473823109
sb1,1.2,0.6,20,60,0.3,120,-15,0.15,12,60000,0,0.3263888888888889,33.1887478488042,55.314579748007,0.06576380409988078,0.7794228634059946,0.4676537180435967,26811032.19108658,0.05719927292538009,0.2222427876457276,0.384935799818141,-0.09533212154230017,-0.3704046460762127,-0.6415596663635683,-28.05300931063052,5.319892379343228,9.214323891820953,46.75501551771754,-8.866487298905382,-15.35720648636826,-24.21432389182095,0.3572064863682574
sb1,1.2,0.6,20,60,0.3,120,-15,0.15,12,60000,0,0.3333333333333333,33.1887478488042,55.314579748007,0.06576380409988078,0.7794228634059946,0.4676537180435967,26811032.19108658,0.04461402238109114,0.2245003190921316,0.3888459589829972,-0.07435670396848525,-0.3741671984868861,-0.6480765983049954,-28.17864838666607,4.768846238003436,8.259883977705652,46.96441397777679,-7.948077063339061,-13.76647329617609,-23.25988397770565,-1.233526703823911
sb1,1.2,0.6,20,60,0.3,120,-15,0.15,12,60000,0,0.3402777777777778,33.1887478488042,55.314579748007,0.06576380409988078,0.7794228634059946,0.4676537180435967,26811032.19108658,0.03197996556703232,0.2265124930359978,0.3923311464874396,-0.05329994261172054,-0.377520821726663,-0.6538852441457328,-28.2713095666146,4.22352411782115,7.315358359058751,47.11884927769101,-7.03920686303525,-12.19226393176459,-22.31535835905875,-2.807736068235414
sb1,1.2,0.6,20,60,0.3,120,-15,0.15,12,60000,0,0.3472222222222222,33.1887478488042,55.314579748007,0.06576380409988078,0.7794228634059946,0.4676537180435967,26811032.19108658,0.01931158821459369,0.22828188741482,0.3953958274501864,-0.03218598035765616,-0.3804698123580333,-0.6589930457503108,-28.33220480911491,3.683994187698425,6.380865107882107,47.22034134852485,-6.139990312830709,-10.63477517980351,-21.38086510788211,-4.365224820196488
sb1,1.2,0.6,20,60,0.3,120,-15,0.15,12,60000,0,0.3541666666666667,33.1887478488042,55.314579748007,0.06576380409988078,0.7794228634059946,0.4676537180435967,26811032.19108658,0.006622852420266347,0.2298111064527868,0.3980445125198466,-0.01103808736711058,-0.3830185107546447,-0.6634075208664112,-28.362462782967,3.150306239997724,5.45649046707733,47.270771304945,-5.250510399996207,-9.094150778462218,-20.45649046707733,-5.905849221537782
sb1,1.2,0.6,20,60,0.3,120,-15,0.15,12,60000,0,0.3611111111111111,33.1887478488042,55.314579748007,0.06576380409988078,0.7794228634059946,0.4676537180435967,26811032.19108658,-0.006072767082538149,0.2311027730798512,0.4002817447443632,0.01012127847089692,-0.3851712884664187,-0.6671362412406054,-28.36313332884129,2.622494511404335,4.542293736322826,47.27188888140216,-4.370824185673891,-7.570489560538044,-19.54229373632283,-7.429510439461956
sb1,1.2,0.6,20,60,0.3,120,-15,0.15,12,60000,0,0.3680555555555556,33.1887478488042,55.314579748007,0.06576380409988078,0.7794228634059946,0.4676537180435967,26811032.19108658,-0.01876224859813036,0.2321595225402759,0.4021120885006899,0.03127041433021727,-0.3869325375671266,-0.6701868141678167,-28.335191694152,2.100580184172005,3.638311604358302,47.22531949025334,-3.500966973620009,-6.063852673930504,-18.6383116043583,-8.936147326069495
sb1,1.2,0.6,20,60,0.3,120,-15,0.15,12,60000,0,0.375,33.1887478488042,55.314579748007,0.06576380409988078,0.7794228634059946,0.4676537180435967,26811032.19108658,-0.03143299098691318,0.2329839970565508,0.4035401202524238,0.05238831831152198,-0.3883066617609182,-0.6725668670873731,-28.27954253653019,1.584573606963256,2.744561995593036,47.13257089421699,-2.640956011605426,-4.57426999265506,-17.74456199559303,-10.42573000734494
sb1,1.2,0.6,20,60,0.3,120,-15,0.15,12,60000,0,0.3819444444444444,33.1887478488042,55.314579748007,0.06576380409988078,0.7794228634059946,0.4676537180435967,26811032.19108658,-0.04407278292368845,0.2335788414311168,0.4045704209317685,0.07345463820614742,-0.3892980690518613,-0.674284034886281,-28.19702369546545,1.074476270054943,1.861047491262259,46.99503949244243,-1.790793783424905,-3.101745818770433,-16.86104749126226,-11.89825418122957
sb1,1.2,0.6,20,60,0.3,120,-15,0.15,12,60000,0,0.3888888888888889,33.1887478488042,55.314579748007,0.06576380409988078,0.7794228634059946,0.4676537180435967,26811032.19108658,-0.05666977379263398,0.2339466994829926,0.4052075697675908,0.0944496229877233,-0.3899111658049877,-0.6753459496126514,-28.08840973480644,0.5702825657360971,0.9877583785256584,46.81401622467742,-0.9504709428934954,-1.646263964209431,-15.98775837852566,-13.35373603579057
sb1,1.2,0.6,20,60,0.3,120,-15,0.15,12,60000,0,0.3958333333333333,33.1887478488042,55.314579748007,0.06576380409988078,0.7794228634059946,0.4676537180435967,26811032.19108658,-0.0692124461174416,0.2340902112294029,0.4054561394038563,0.1153540768624027,-0.3901503520490049,-0.6757602323397606,-27.95441526112659,0.07198136123285169,0.1246753748532679,46.59069210187766,-0.1199689353880862,-0.2077922914221131,-15.12467537485327,-14.79220770857789
sb1,1.2,0.6,20,60,0.3,120,-15,0.15,12,60000,0,0.4027777777777778,33.1887478488042,55.314579748007,0.06576380409988078,0.7794228634059946,0.4676537180435967,26811032.19108658,-0.08168958942774254,0.2340120107340308,0.4053206921726947,0.1361493157129043,-0.3900200178900514,-0.6755344869544913,-27.79569802463626,-0.4204425915875165,-0.7282279302955095,46.32616337439377,0.7007376526458609,1.213713217159183,-14.27177206970449,-16.21371321715918
sb1,1.2,0.6,20,60,0.3,120,-15,0.15,12,60000,0,0.4097222222222222,33.1887478488042,55.314579748007,0.06576380409988078,0.7794228634059946,0.4676537180435967,26811032.19108658,-0.09409027546621211,0.2337147245537592,0.4048057774040764,0.1568171257770202,-0.3895245409229321,-0.6746762956734608,-27.61286181049394,-0.9070073881951389,-1.570982879194328,46.02143635082324,1.511678980325232,2.618304798657214,-13.42901712080567,-17.61830479865721
sb1,1.2,0.6,20,60,0.3,120,-15,0.15,12,60000,0,0.4166666666666667,33.1887478488042,55.314579748007,0.06576380409988078,0.7794228634059946,0.4676537180435967,26811032.19108658,-0.1064038346444528,0.2332009707248549,0.403915929669831,0.1773397244074214,-0.3886682845414249,-0.6731932161163851,-27.40645912914475,-1.387732825903943,-2.403623761796765,45.67743188190793,2.312888043173239,4.006039602994608,-12.59637623820323,-19.00603960299461
sb1,1.2,0.6,20,60,0.3,120,-15,0.15,12,60000,0,0.4236111111111111,33.1887478488042,55.314579748007,0.06576380409988078,0.7794228634059946,0.4676537180435967,26811032.19108658,-0.1186198336597245,0.2324733582376473,0.4026556678737659,0.1976997227662076,-0.3874555970627455,-0.6710927797896099,-27.17699371478401,-1.86263936383789,-3.226186014344997,45.29498952464003,3.104398939729816,5.376976690574995,-11.773813985655,-20.376976690575
sb1,1.2,0.6,20,60,0.3,120,-15,0.15,12,60000,0,0.4305555555555556,33.1887478488042,55.314579748007,0.06576380409988078,0.7794228634059946,0.4676537180435967,26811032.19108658,-0.1307280541887292,0.2315344869559764,0.4010294951121445,0.2178800903145488,-0.385890811593294,-0.6683824918535742,-26.92492284127884,-2.331747173112251,-4.038704574235521,44.8748714021314,3.886245288520419,6.731174290392536,-10.96129542576448,-21.73117429039254
sb1,1.2,0.6,20,60,0.3,120,-15,0.15,12,60000,0,0.4375,33.1887478488042,55.314579748007,0.06576380409988078,0.7794228634059946,0.4676537180435967,26811032.19108658,-0.1427184725788501,0.2303869479441422,0.3990418992399804,0.2378641209647502,-0.3839782465735705,-0.6650698320666342,-26.6506594649385,-2.795075263572063,-4.841212367485785,44.41776577489751,4.658458772620106,8.068687279142976,-10.15878763251422,-23.06868727914298
sb1,1.2,0.6,20,60,0.3,120,-15,0.15,12,60000,0,0.4444444444444444,33.1887478488042,55.314579748007,0.06576380409988078,0.7794228634059946,0.4676537180435967,26811032.19108658,-0.1545812404614366,0.2290333241698872,0.3966973540886375,0.2576354007690611,-0.3817222069498121,-0.661162256814396,-26.35457420345316,-3.252640674806693,-5.633738907530311,43.92429033908861,5.421067791344489,9.389564845883852,-9.366261092469689,-24.38956484588385
sb1,1.2,0.6,20,60,0.3,120,-15,0.15,12,60000,0,0.4513888888888889,33.1887478488042,55.314579748007,0.06576380409988078,0.7794228634059946,0.4676537180435967,26811032.19108658,-0.1663066662158638,0.2274761915571662,0.3940003212892824,0.2771777770264397,-0.3791269859286104,-0.656667202148804,-26.03699716015566,-3.704457720348747,-6.416308986134808,43.39499526692612,6.174096200581245,10.69384831022468,-8.583691013865192,-25.69384831022468
sb1,1.2,0.6,20,60,0.3,120,-15,0.15,12,60000,0,0.4583333333333333,33.1887478488042,55.314579748007,0.06576380409988078,0.7794228634059946,0.4676537180435967,26811032.19108658,-0.177885197217145,0.2257181203671887,0.3909552526649183,0.2964753286952417,-0.376196867278648,-0.6515920877748639,-25.69821960253527,-4.150537274987554,-7.18894143898692,42.83036600422547,6.917562124979257,11.9815690649782,-7.81105856101308,-26.9815690649782
sb1,1.2,0.6,20,60,0.3,120,-15,0.15,12,60000,0,0.4652777777777778,33.1887478488042,55.314579748007,0.06576380409988078,0.7794228634059946,0.4676537180435967,26811032.19108658,-0.1893074028038119,0.223761676890525,0.3875665931612,0.3155123380063532,-0.372936128150875,-0.6459443219353334,-25.33849550366928,-4.590886095999062,-7.951647970031907,42.2308258394488,7.651476826665106,13.25274661671985,-7.048352029968093,-28.25274661671985
sb1,1.2,0.6,20,60,0.3,120,-15,0.15,12,60000,0,0.4722222222222222,33.1887478488042,55.314579748007,0.06576380409988078,0.7794228634059946,0.4676537180435967,26811032.19108658,-0.2005639579065963,0.221609425437013,0.3838387842930533,0.3342732631776606,-0.3693490423950218,-0.639731307155089,-24.95804295495696,-5.025506169831773,-8.704432019899496,41.5967382582616,8.375843616386289,14.5073866998325,-6.295567980100504,-29.50738669983249
sb1,1.2,0.6,20,60,0.3,120,-15,0.15,12,60000,0,0.4791666666666667,33.1887478488042,55.314579748007,0.06576380409988078,0.7794228634059946,0.4676537180435967,26811032.19108658,-0.2116456272821354,0.2192639306138514,0.3797762680904475,0.3527427121368923,-0.3654398843564189,-0.6329604468174126,-24.55704545826044,-5.454394076404387,-9.44728766483512,40.92840909710073,9.090656794007314,15.74547944139187,-5.55271233516488,-30.74547944139187
sb1,1.2,0.6,20,60,0.3,120,-15,0.15,12,60000,0,0.4861111111111111,33.1887478488042,55.314579748007,0.06576380409988078,0.7794228634059946,0.4676537180435967,26811032.19108658,-0.2225432502994857,0.2167277598856519,0.3753834915325371,0.3709054171658095,-0.3612129331427533,-0.6256391525542286,-24.13565310528933,-5.877540363677649,-10.18019853342654,40.22608850881555,9.795900606129416,16.96699755571091,-4.819801466573455,-31.96699755571091
sb1,1.2,0.6,20,60,0.3,120,-15,0.15,12,60000,0,0.4930555555555556,33.1887478488042,55.314579748007,0.06576380409988078,0.7794228634059946,0.4676537180435967,26811032.19108658,-0.233247726230692,0.2140034864134203,0.3706649114649199,0.3887462103844868,-0.3566724773557006,-0.6177748524415332,-23.69398365182347,-6.294928925569814,-10.90313672912188,39.48997275303911,10.49154820928303,18.17189454853647,-4.096863270878119,-33.17189454853647
sb1,1.2,0.6,20,60,0.3,120,-15,0.15,12,60000,0,0.5,33.1887478488042,55.314579748007,0.06576380409988078,0.7794228634059946,0.4676537180435967,26811032.19108658,-0.2437499999999999,0.2110936921724569,0.3656249999999999,0.4062499999999999,-0.3518228202874282,-0.6093749999999999,-23.23212349416294,-6.7065363766008,-11.61606174708147,38.72020582360491,11.177560627668,19.36010291180245,-3.383938252918533,-34.36010291180245
sb1,1.2,0.6,20,60,0.3,120,-15,0.15,12,60000,0,0.5069444444444444,33.1887478488042,55.314579748007,0.06576380409988078,0.7794228634059946,0.4676537180435967,26811032.19108658,-0.2540410483495739,0.2080009713520788,0.3602682504054789,0.4234017472492899,-0.346668285586798,-0.6004470840091316,-22.75012855503362,-7.112331416881243,-12.31891937430665,37.91688092505603,11.85388569480207,20.53153229051109,-2.681080625693347,-35.53153229051109
sb1,1.2,0.6,20,60,0.3,120,-15,0.15,12,60000,0,0.5138888888888888,33.1887478488042,55.314579748007,0.06576380409988078,0.7794228634059946,0.4676537180435967,26811032.19108658,-0.2641118663827942,0.2047279340428827,0.3545991834908828,0.4401864439713238,-0.3412132234048046,-0.5909986391514714,-22.24802508607121,-7.512274181215838,-13.01164056225372,37.08004181011869,12.52045696869306,21.6860676037562,-1.988359437746283,-36.6860676037562
sb1,1.2,0.6,20,60,0.3,120,-15,0.15,12,60000,0,0.5208333333333334,33.1887478488042,55.314579748007,0.06576380409988078,0.7794228634059946,0.4676537180435967,26811032.19108658,-0.2739534544493798,0.2012772102200367,0.3486223545068253,0.4565890907489664,-0.3354620170333946,-0.5810372575113756,-21.72581039396534,-7.906315566169209,-13.69414026127776,36.20968398994223,13.17719261028202,22.82356710212961,-1.305859738722237,-37.82356710212961
sb1,1.2,0.6,20,60,0.3,120,-15,0.15,12,60000,0,0.5277777777777778,33.1887478488042,55.314579748007,0.06576380409988078,0.7794228634059946,0.4676537180435967,26811032.19108658,-0.2835568053397551,0.1976514540338392,0.342342360576474,0.4725946755662586,-0.3294190900563987,-0.57057060096079,-21.18345349737798,-8.294396528952092,-14.36631620626796,35.3057558289633,13.82399421492016,23.94386034377994,-0.6336837937320379,-38.94386034377995
sb1,1.2,0.6,20,60,0.3,120,-15,0.15,12,60000,0,0.5347222222222222,33.1887478488042,55.314579748007,0.06576380409988078,0.7794228634059946,0.4676537180435967,26811032.19108658,-0.2929128917592937,0.1938533484215399,0.3357638486834591,0.4881881529321563,-0.3230889140358999,-0.559606414472432,-20.62089572186656,-8.676447351928141,-15.02804764273598,34.36815953644427,14.4607455865469,25.04674607122664,0.02804764273598259,-40.04674607122664
sb1,1.2,0.6,20,60,0.3,120,-15,0.15,12,60000,0,0.5416666666666666,33.1887478488042,55.314579748007,0.06576380409988078,0.7794228634059946,0.4676537180435967,26811032.19108658,-0.3020126540563455,0.1898856100572208,0.3288915242453181,0.5033544234272426,-0.3164760167620346,-0.5481525404088636,-20.03805124025458,-9.052386866419605,-15.67919398240798,33.39675206709096,15.08731144403268,26.13198997067996,0.6791939824079751,-41.13198997067997
sb1,1.2,0.6,20,60,0.3,120,-15,0.15,12,60000,0,0.5486111111111112,33.1887478488042,55.314579748007,0.06576380409988078,0.7794228634059946,0.4676537180435967,26811032.19108658,-0.3108469881813501,0.1857509946594019,0.3217301603065392,0.5180783136355837,-0.3095849910990032,-0.5362169338442321,-19.43480756621265,-9.422121629304657,-16.31959337704932,32.39134594368776,15.7035360488411,27.1993222950822,1.319593377049319,-42.1993222950822
sb1,1.2,0.6,20,60,0.3,120,-15,0.15,12,60000,0,0.5555555555555556,33.1887478488042,55.314579748007,0.06576380409988078,0.7794228634059946,0.4676537180435967,26811032.19108658,-0.3194067338579192,0.1814523026790012,0.3142846073903963,0.5323445564298654,-0.302420504465002,-0.5238076789839939,-18.8110260092569,-9.78554504565289,-16.94906119882472,31.35171001542817,16.30924174275482,28.24843533137453,1.949061198824715,-43.24843533137453
sb1,1.2,0.6,20,60,0.3,120,-15,0.15,12,60000,0,0.5625,33.1887478488042,55.314579748007,0.06576380409988078,0.7794228634059946,0.4676537180435967,26811032.19108658,-0.3276826629505554,0.1769923853933696,0.3065598040541278,0.546137771584259,-0.2949873089889494,-0.5109330067568797,-18.16654209995504,-10.14253643033643,-17.56738841496098,30.27757016659174,16.90422738389406,29.27898069160163,2.567388414960977,-44.27898069160163
sb1,1.2,0.6,20,60,0.3,120,-15,0.15,12,60000,0,0.5694444444444444,33.1887478488042,55.314579748007,0.06576380409988078,0.7794228634059946,0.4676537180435967,26811032.19108658,-0.3356654680177799,0.1723741514353623,0.2985607881976192,0.5594424466962999,-0.2872902523922705,-0.4976013136626988,-17.50116599487494,-10.49296000118555,-18.17433984384136,29.16860999145824,17.48826666864259,30.29056640640228,3.174339843841363,-45.29056640640228
sb1,1.2,0.6,20,60,0.3,120,-15,0.15,12,60000,0,0.5763888888888888,33.1887478488042,55.314579748007,0.06576380409988078,0.7794228634059946,0.4676537180435967,26811032.19108658,-0.3433457510439036,0.1676005737898267,0.2902927091816764,0.572242918406506,-0.2793342896497111,-0.4838211819694608,-16.81468287173701,-10.83666379582754,-18.76965227891551,28.02447145289501,18.06110632637924,31.28275379819252,3.769652278915512,-46.28275379819252
sb1,1.2,0.6,20,60,0.3,120,-15,0.15,12,60000,0,0.5833333333333334,33.1887478488042,55.314579748007,0.06576380409988078,0.7794228634059946,0.4676537180435967,26811032.19108658,-0.3507140123476046,0.1626746972935149,0.2817608408182552,0.5845233539126744,-0.2711244954891916,-0.4696014013637587,-16.10685332636914,-11.17347850385768,-19.35303246596018,26.84475554394858,18.62246417309613,32.25505410993363,4.353032465960176,-47.25505410993363
sb1,1.2,0.6,20,60,0.3,120,-15,0.15,12,60000,0,0.5902777777777778,33.1887478488042,55.314579748007,0.06576380409988078,0.7794228634059946,0.4676537180435967,26811032.19108658,-0.3577606396709703,0.1575996466782873,0.2729705953016973,0.5962677327849506,-0.2626660777971456,-0.4549509921694955,-15.3774137844413,-11.50321620544089,-19.92415491827329,25.62902297406884,19.17202700906815,33.20692486378882,4.924154918273288,-48.20692486378882
sb1,1.2,0.6,20,60,0.3,120,-15,0.15,12,60000,0,0.5972222222222222,33.1887478488042,55.314579748007,0.06576380409988078,0.7794228634059946,0.4676537180435967,26811032.19108658,-0.3644758974588235,0.1523786352015883,0.2639275381571544,0.6074598290980393,-0.2539643920026472,-0.439879230261924,-14.62607694261365,-11.82566900683421,-20.48265955332944,24.37679490435608,19.70944834472369,34.13776592221573,5.482659553329437,-49.13776592221573
sb1,1.2,0.6,20,60,0.3,120,-15,0.15,12,60000,0,0.6041666666666666,33.1887478488042,55.314579748007,0.06576380409988078,0.7794228634059946,0.4676537180435967,26811032.19108658,-0.3708499163451354,0.1470149739125846,0.2546374042900096,0.618083193908559,-0.2450249565209744,-0.4243956738166828,-13.85253225571005,-12.14060756265393,-21.02814913327156,23.08755375951676,20.23434593775655,35.04691522211927,6.028149133271558,-50.04691522211927
sb1,1.2,0.6,20,60,0.3,120,-15,0.15,12,60000,0,0.6111111111111112,33.1887478488042,55.314579748007,0.06576380409988078,0.7794228634059946,0.4676537180435967,26811032.19108658,-0.3768726828712737,0.1415120816070657,0.245106115228271,0.6281211381187897,-0.2358534693451095,-0.4085101920471184,-13.05644648887757,-12.4477794739923,-21.56018649036766,21.76074414812928,20.7462991233205,35.93364415061276,6.560186490367656,-50.93364415061276
sb1,1.2,0.6,20,60,0.3,120,-15,0.15,12,60000,0,0.6180555555555556,33.1887478488042,55.314579748007,0.06576380409988078,0.7794228634059946,0.4676537180435967,26811032.19108658,-0.3825340294699242,0.135873495529254,0.2353397976586506,0.6375567157832072,-0.22645582588209,-0.392232996097751,-12.23746435647047,-12.7469075507199,-22.07829151723022,20.39577392745079,21.2448459178665,36.79715252871703,7.078291517230216,-51.79715252871703
sb1,1.2,0.6,20,60,0.3,120,-15,0.15,12,60000,0,0.625,33.1887478488042,55.314579748007,0.06576380409988078,0.7794228634059946,0.4676537180435967,26811032.19108658,-0.3878236247589672,0.1301028828840725,0.2253448033663969,0.6463727079316122,-0.2168381381401209,-0.3755746722773282,-11.39520927267206,-13.03768792550051,-22.58193790019416,18.99201545445344,21.72947987583419,37.63656316699027,7.581937900194159,-52.63656316699027
sb1,1.2,0.6,20,60,0.3,120,-15,0.15,12,60000,0,0.6319444444444444,33.1887478488042,55.314579748007,0.06576380409988078,0.7794228634059946,0.4676537180435967,26811032.19108658,-0.3927309642016246,0.1242040532291879,0.2151277306989427,0.6545516070027079,-0.2070067553819799,-0.3585462178315713,-10.5292842427177,-13.31978800620473,-23.07054957279315,17.54880707119617,22.19964667700788,38.45091595465525,8.070549572793148,-53.45091595465525
sb1,1.2,0.6,20,60,0.3,120,-15,0.15,12,60000,0,0.6388888888888888,33.1887478488042,55.314579748007,0.06576380409988078,0.7794228634059946,0.4676537180435967,26811032.19108658,-0.3972453612030939,0.1181809718222977,0.2046954476840855,0.6620756020051567,-0.1969682863704962,-0.3411590794734759,-9.639272928097849,-13.59284425255298,-23.54349686479237,16.06545488016308,22.65474042092164,39.23916144132062,8.543496864792367,-54.23916144132062
sb1,1.2,0.6,20,60,0.3,120,-15,0.15,12,60000,0,0.6458333333333334,33.1887478488042,55.314579748007,0.06576380409988078,0.7794228634059946,0.4676537180435967,26811032.19108658,-0.4013559387299797,0.1120377740056605,0.1940551169447235,0.6689265645499662,-0.1867296233427675,-0.3234251949078726,-8.724740924406172,-13.85645976196891,-24.0000923207639,14.54123487401029,23.09409960328152,40.00015386793984,9.000092320763898,-55.00015386793984
sb1,1.2,0.6,20,60,0.3,120,-15,0.15,12,60000,0,0.6527777777777778,33.1887478488042,55.314579748007,0.06576380409988078,0.7794228634059946,0.4676537180435967,26811032.19108658,-0.4050516215574833,0.105778780716779,0.1832142225641483,0.6750860359291389,-0.1762979678612984,-0.3053570376069138,-7.785237296675375,-14.11020164880778,-24.43958616077722,12.97539549445896,23.51700274801297,40.73264360129538,9.439586160777221,-55.73264360129538
sb1,1.2,0.6,20,60,0.3,120,-15,0.15,12,60000,0,0.6597222222222222,33.1887478488042,55.314579748007,0.06576380409988078,0.7794228634059946,0.4676537180435967,26811032.19108658,-0.4083211292709558,0.09940851522139812,0.1721805990684457,0.6805352154515931,-0.1656808587023302,-0.2869676651140761,-6.820296424248554,-14.35359820038171,-24.86116135449032,11.36716070708093,23.92266366730286,41.43526892415054,9.861161354490321,-56.43526892415054
sb1,1.2,0.6,20,60,0.3,120,-15,0.15,12,60000,0,0.6666666666666666,33.1887478488042,55.314579748007,0.06576380409988078,0.7794228634059946,0.4676537180435967,26811032.19108658,-0.4111529701735427,0.09293172117254979,0.1609624627056806,0.685254950289238,-0.1548862019542497,-0.2682707711761343,-5.829440215627412,-14.58613579258281,-25.26392827885236,9.715733692712353,24.31022632097136,42.10654713142061,10.26392827885236,-57.10654713142061
sb1,1.2,0.6,20,60,0.3,120,-15,0.15,12,60000,0,0.6736111111111112,33.1887478488042,55.314579748007,0.06576380409988078,0.7794228634059946,0.4676537180435967,26811032.19108658,-0.4135354362808309,0.0863533821071745,0.1495684452150354,0.6892257271347184,-0.1439223035119575,-0.2492807420250591,-4.81218076349431,-14.80725554747532,-25.64691892888336,8.020301272490517,24.6787592457922,42.74486488147228,10.64691892888336,-57.74486488147228
sb1,1.2,0.6,20,60,0.3,120,-15,0.15,12,60000,0,0.6805555555555556,33.1887478488042,55.314579748007,0.06576380409988078,0.7794228634059946,0.4676537180435967,26811032.19108658,-0.4154565996173003,0.07967874249979083,0.1380076302928353,0.692427666028834,-0.1327979041663181,-0.2300127171547256,-3.768023521428256,-15.01634971507372,-26.00908065073011,6.280039202380427,25.02724952512287,43.34846775121686,11.00908065073011,-58.34846775121686
sb1,1.2,0.6,20,60,0.3,120,-15,0.15,12,60000,0,0.6875,33.1887478488042,55.314579748007,0.06576380409988078,0.7794228634059946,0.4676537180435967,26811032.19108658,-0.4169043100687286,0.07291333050060277,0.1262895929761055,0.6948405167812144,-0.1215222175010046,-0.2104826549601758,-2.696471096945231,-15.21275776175914,-26.34926936660462,4.494118494908719,25.35459626959857,43.91544894434104,11.34926936660462,-58.91544894434104
sb1,1.2,0.6,20,60,0.3,120,-15,0.15,12,60000,0,0.6944444444444444,33.1887478488042,55.314579748007,0.06576380409988078,0.7794228634059946,0.4676537180435967,26811032.19108658,-0.4178661950903643,0.06606298249314535,0.114424442177661,0.6964436584839406,-0.1101049708219089,-0.1907074036294351,-1.597027770640831,-15.39576214855485,-26.66624226254278,2.661712951068052,25.65960358092475,44.44373710423797,11.66624226254278,-59.44373710423797
sb1,1.2,0.6,20,60,0.3,120,-15,0.15,12,60000,0,0.7013888888888888,33.1887478488042,55.314579748007,0.06576380409988078,0.7794228634059946,0.4676537180435967,26811032.19108658,-0.4183296616236291,0.05913386961377165,0.1024228666192059,0.6972161027060486,-0.0985564493562861,-0.1707047776986765,-0.4692048686628504,-15.56458378396839,-26.9586499124959,0.7820081144380842,25.94097297328066,44.93108318749318,11.9586499124959,-59.93108318749318
sb1,1.2,0.6,20,60,0.3,120,-15,0.15,12,60000,0,0.7083333333333334,33.1887478488042,55.314579748007,0.06576380409988078,0.7794228634059946,0.4676537180435967,26811032.19108658,-0.4182819006354357,0.05213252638162737,0.09029618441990349,0.6971365010590597,-0.08688754396937898,-0.1504936406998392,0.6874728642201456,-15.71837713854788,-27.22502781649403,-1.145788107033576,26.19729523091314,45.3750463608234,12.22502781649403,-60.3750463608234
sb1,1.2,0.6,20,60,0.3,120,-15,0.15,12,60000,0,0.7152777777777778,33.1887478488042,55.314579748007,0.06576380409988078,0.7794228634059946,0.4676537180435967,26811032.19108658,-0.4177098947651423,0.04506588159273876,0.07805639660650657,0.696183157941904,-0.07510980265456461,-0.1300939943441776,1.873459720767952,-15.85622501198979,-27.46378733701074,-3.122432867946587,26.42704168664965,45.7729788950179,12.46378733701074,-60.7729788950179
sb1,1.2,0.6,20,60,0.3,120,-15,0.15,12,60000,0,0.7222222222222222,33.1887478488042,55.314579748007,0.06576380409988078,0.7794228634059946,0.4676537180435967,26811032.19108658,-0.4166004296460456,0.03794129163481375,0.06571624481628544,0.694334049410076,-0.06323548605802293,-0.1095270746938091,3.089180120357496,-15.97713294895041,-27.67320602686487,-5.148633533929161,26.62855491491735,46.1220100447748,12.67320602686487,-61.1220100447748
sb1,1.2,0.6,20,60,0.3,120,-15,0.15,12,60000,0,0.7291666666666666,33.1887478488042,55.314579748007,0.06576380409988078,0.7794228634059946,0.4676537180435967,26811032.19108658,-0.4149401095626419,0.03076657637951945,0.0532892734642762,0.69156684927107,-0.05127762729919909,-0.08881545577379368,4.33501810519773,-16.08002330711937,-27.85141735482246,-7.225030175329552,26.80003884519895,46.41902892470412,12.85141735482246,-61.41902892470412
sb1,1.2,0.6,20,60,0.3,120,-15,0.15,12,60000,0,0.7361111111111112,33.1887478488042,55.314579748007,0.06576380409988078,0.7794228634059946,0.4676537180435967,26811032.19108658,-0.4127153782132475,0.02355005780525534,0.04078989663988625,0.687858963688746,-0.03925009634209223,-0.06798316106647709,5.611304984666425,-16.16372899119527,-27.99639985252424,-9.352174974444043,26.93954831865879,46.66066642087374,12.99639985252424,-61.66066642087374
sb1,1.2,0.6,20,60,0.3,120,-15,0.15,12,60000,0,0.7430555555555556,33.1887478488042,55.314579748007,0.06576380409988078,0.7794228634059946,0.4676537180435967,26811032.19108658,-0.4099125454716185,0.01630060149445984,0.02823346998233761,0.6831875757860311,-0.02716766915743307,-0.04705578330389602,6.918304831792367,-16.22698687987964,-28.10596572970512,-11.53050805298728,27.04497813313274,46.8432762161752,13.10596572970512,-61.8432762161752
sb1,1.2,0.6,20,60,0.3,120,-15,0.15,12,60000,0,0.75,33.1887478488042,55.314579748007,0.06576380409988078,0.7794228634059946,0.4676537180435967,26811032.19108658,-0.4065178211826678,0.009027661133568695,0.01563636775685582,0.6775297019711131,-0.01504610188928116,-0.02606061292809304,8.256197495180727,-16.26843099075938,-28.17774903542333,-13.76032915863455,27.11405165126564,46.96291505903889,13.17774903542333,-61.96291505903889
sb1,1.2,0.6,20,60,0.3,120,-15,0.15,12,60000,0,0.7569444444444444,33.1887478488042,55.314579748007,0.06576380409988078,0.7794228634059946,0.4676537180435967,26811032.19108658,-0.402517357187839,0.001741326118694618,0.003016065310125791,0.6708622619797318,-0.002902210197824363,-0.00502677551687632,9.625058745475526,-16.28658545105669,-28.20919348304226,-16.04176457579254,27.14430908509448,47.01532247173711,13.20919348304226,-62.01532247173711
sb1,1.2,0.6,20,60,0.3,120,-15,0.15,12,60000,0,0.7638888888888888,33.1887478488042,55.314579748007,0.06576380409988078,0.7794228634059946,0.4676537180435967,26811032.19108658,-0.3978972989566378,-0.005547627666695024,-0.009608772980190562,0.6631621649277297,0.009246046111158375,0.01601462163365094,11.02483712838057,-16.27985737198357,-28.19754010825028,-18.37472854730095,27.13309561997262,46.99590018041714,13.19754010825028,-61.99590018041714
sb1,1.2,0.6,20,60,0.3,120,-15,0.15,12,60000,0,0.7708333333333334,33.1887478488042,55.314579748007,0.06576380409988078,0.7794228634059946,0.4676537180435967,26811032.19108658,-0.392643848403247,-0.01282768388774271,-0.02221820023700303,0.6544064140054118,0.02137947314623785,0.03703033372833839,12.45532704745763,-16.2465297623896,-28.13981499513871,-20.75887841242939,27.07754960398267,46.89969165856452,13.13981499513871,-61.89969165856452
sb1,1.2,0.6,20,60,0.3,120,-15,0.15,12,60000,0,0.7777777777777778,33.1887478488042,55.314579748007,0.06576380409988078,0.7794228634059946,0.4676537180435967,26811032.19108658,-0.3867433396915061,-0.02008652866448621,-0.03479088819457874,0.6445722328191771,0.03347754777414369,0.05798481365763124,13.91613755122114,-16.18475466534767,-28.03281738841958,-23.19356258536857,26.97459110891278,46.72136231403264,13.03281738841958,-61.72136231403264
sb1,1.2,0.6,20,60,0.3,120,-15,0.15,12,60000,0,0.7847222222222222,33.1887478488042,55.314579748007,0.06576380409988078,0.7794228634059946,0.4676537180435967,26811032.19108658,-0.3801823300771403,-0.02731099050029584,-0.04730402315154333,0.633637216795234,0.04551831750049307,0.07884003858590558,15.40665625328962,-16.09254676136442,-27.87310861386117,-25.67776042214937,26.82091126894071,46.45518102310196,12.87310861386117,-61.45518102310196
sb1,1.2,0.6,20,60,0.3,120,-15,0.15,12,60000,0,0.7916666666666666,33.1887478488042,55.314579748007,0.06576380409988078,0.7794228634059946,0.4676537180435967,26811032.19108658,-0.3729477081008122,-0.03448697750943052,-0.05973319724581883,0.6215795135013537,0.05747829584905087,0.0995553287430314,16.92600777569244,-15.96777775636922,-27.65700235799967,-28.2100129594874,26.61296292728204,46.09500392999945,12.65700235799967,-61.09500392999945
sb1,1.2,0.6,20,60,0.3,120,-15,0.15,12,60000,0,0.7986111111111112,33.1887478488042,55.314579748007,0.06576380409988078,0.7794228634059946,0.4676537180435967,26811032.19108658,-0.3650268217249066,-0.04159941238286816,-0.07205229581213754,0.6083780362081778,0.06933235397144694,0.1200871596868959,18.47300607981337,-15.8081719640567,-27.38055701653209,-30.78834346635563,26.34695327342784,45.63426169422016,12.38055701653209,-60.63426169422016
sb1,1.2,0.6,20,60,0.3,120,-15,0.15,12,60000,0,0.8055555555555556,33.1887478488042,55.314579748007,0.06576380409988078,0.7794228634059946,0.4676537180435967,26811032.19108658,-0.3564076292933428,-0.04863216573893354,-0.08423338194194332,0.5940127154889048,0.08105360956488925,0.1403889699032389,20.04610004512611,-15.61130360313499,-27.03957101301289,-33.41016674187686,26.01883933855833,45.06595168835482,12.03957101301289,-60.06595168835482
sb1,1.2,0.6,20,60,0.3,120,-15,0.15,12,60000,0,0.8125,33.1887478488042,55.314579748007,0.06576380409988078,0.7794228634059946,0.4676537180435967,26811032.19108658,-0.3470788764752565,-0.05556798876713053,-0.09624657981908673,0.5784647941254275,0.09261331461188424,0.1604109663651446,21.64331168404939,-15.37459646301304,-26.62958221980734,-36.07218614008232,25.62432743835507,44.38263703301224,11.62958221980734,-59.38263703301224
sb1,1.2,0.6,20,60,0.3,120,-15,0.15,12,60000,0,0.8194444444444444,33.1887478488042,55.314579748007,0.06576380409988078,0.7794228634059946,0.4676537180435967,26811032.19108658,-0.3370303026123383,-0.0623884464002991,-0.1080599589706056,0.5617171710205638,0.1039807440004985,0.1800999316176761,23.26216645680165,-15.09532674838635,-26.14587288505864,-38.77027742800275,25.15887791397725,43.57645480843108,11.14587288505864,-58.57645480843108
sb1,1.2,0.6,20,60,0.3,120,-15,0.15,12,60000,0,0.8263888888888888,33.1887478488042,55.314579748007,0.06576380409988078,0.7794228634059946,0.4676537180435967,26811032.19108658,-0.3262528801006596,-0.06907385265269989,-0.1196394222690025,0.543754800167766,0.1151230877544998,0.1993990371150041,24.89961529236683,-14.77063009492855,-25.58348178422217,-41.49935882061139,24.61771682488093,42.63913630703695,10.58348178422217,-57.63913630703695
sb1,1.2,0.6,20,60,0.3,120,-15,0.15,12,60000,0,0.8333333333333334,33.1887478488042,55.314579748007,0.06576380409988078,0.7794228634059946,0.4676537180435967,26811032.19108658,-0.3147390905657994,-0.07560321025089166,-0.1309486013698565,0.524565150942999,0.1260053504181528,0.2182476689497609,26.55194815503862,-14.39751395387053,-24.93722567078563,-44.25324692506437,23.99585658978422,41.56204278464273,9.937225670785633,-56.56204278464273
sb1,1.2,0.6,20,60,0.3,120,-15,0.15,12,60000,0,0.8402777777777778,33.1887478488042,55.314579748007,0.06576380409988078,0.7794228634059946,0.4676537180435967,26811032.19108658,-0.3024832415877514,-0.08195415727018671,-0.1419487642834536,0.5041387359795857,0.1365902621169779,0.2365812738057561,28.21469935051688,-13.97287676863362,-24.20173249117226,-47.02449891752814,23.2881279477227,40.33622081862045,9.201732491172262,-55.33622081862045
sb1,1.2,0.6,20,60,0.3,120,-15,0.15,12,60000,0,0.8472222222222222,33.1887478488042,55.314579748007,0.06576380409988078,0.7794228634059946,0.4676537180435967,26811032.19108658,-0.2894818275374277,-0.08810292417920783,-0.1525987409737765,0.4824697125623795,0.1468382069653464,0.2543312349562942,29.882545276792,-13.49353560329378,-23.37148923864438,-49.80424212798667,22.48922600548963,38.95248206440731,8.371489238644383,-53.95248206440731
sb1,1.2,0.6,20,60,0.3,120,-15,0.15,12,60000,0,0.8541666666666666,33.1887478488042,55.314579748007,0.06576380409988078,0.7794228634059946,0.4676537180435967,26811032.19108658,-0.2757339376205754,-0.09402430549054153,-0.1628548742559953,0.459556562700959,0.1567071758175692,0.2714247904266588,31.54919603328928,-12.95626411532531,-22.44090772402486,-52.58199338881548,21.59377352554218,37.40151287337477,7.440907724024861,-52.40151287337477
sb1,1.2,0.6,20,60,0.3,120,-15,0.15,12,60000,0,0.8611111111111112,33.1887478488042,55.314579748007,0.06576380409988078,0.7794228634059946,0.4676537180435967,26811032.19108658,-0.2612417133899184,-0.09969165110990889,-0.1726710048127924,0.435402855649864,0.1661527518498482,0.2877850080213208,33.20728324934125,-12.35784296961021,-21.40441189532274,-55.34547208223543,20.59640494935036,35.67401982553791,6.404411895322742,-50.67401982553791
sb1,1.2,0.6,20,60,0.3,120,-15,0.15,12,60000,0,0.8680555555555556,33.1887478488042,55.314579748007,0.06576380409988078,0.7794228634059946,0.4676537180435967,26811032.19108658,-0.2460108566661292,-0.1050768834494779,-0.181998500835489,0.4100180944435488,0.1751281390824632,0.3033308347258151,34.84824771977106,-11.69512493109815,-20.25655058152746,-58.0804128662851,19.49187488516358,33.7609176358791,5.256550581527456,-48.7609176358791
sb1,1.2,0.6,20,60,0.3,120,-15,0.15,12,60000,0,0.875,33.1887478488042,55.314579748007,0.06576380409988078,0.7794228634059946,0.4676537180435967,26811032.19108658,-0.2300511868707281,-0.1101505473835069,-0.1907863445497571,0.383418644784547,0.1835842456391783,0.3179772409162618,36.46223197033386,-10.96511689916461,-18.99213958028521,-60.77038661722311,18.27519483194103,31.65356596714203,3.992139580285212,-46.65356596714203
sb1,1.2,0.6,20,60,0.3,120,-15,0.15,12,60000,0,0.8819444444444444,33.1887478488042,55.314579748007,0.06576380409988078,0.7794228634059946,0.4676537180435967,26811032.19108658,-0.2133772440787718,-0.1148819011106425,-0.1989812895937363,0.3556287401312863,0.1914698351844042,0.3316354826562272,38.03798472509858,-10.16508099030538,-17.60643673826148,-63.39664120849765,16.94180165050897,29.3440612304358,2.606436738261479,-44.3440612304358
sb1,1.2,0.6,20,60,0.3,120,-15,0.15,12,60000,0,0.8888888888888888,33.1887478488042,55.314579748007,0.06576380409988078,0.7794228634059946,0.4676537180435967,26811032.19108658,-0.1960089305112326,-0.1192390568471278,-0.206528104705819,0.3266815508520544,0.1987317614118797,0.3442135078430317,39.56278637725759,-9.292656352781878,-16.09535294029591,-65.93797729542933,15.4877605879698,26.82558823382652,1.095352940295907,-41.82558823382652
sb1,1.2,0.6,20,60,0.3,120,-15,0.15,12,60000,0,0.8958333333333334,33.1887478488042,55.314579748007,0.06576380409988078,0.7794228634059946,0.4676537180435967,26811032.19108658,-0.1779721786000262,-0.1231891808678387,-0.2133699202058884,0.2966202976667104,0.2053153014463978,0.3556165336764808,41.02240687685068,-8.346002608292693,-14.45570055766531,-68.37067812808448,13.91000434715449,24.09283426277553,-0.5442994423346867,-39.09283426277553
sb1,1.2,0.6,20,60,0.3,120,-15,0.15,12,60000,0,0.9027777777777778,33.1887478488042,55.314579748007,0.06576380409988078,0.7794228634059946,0.4676537180435967,26811032.19108658,-0.1592996281288627,-0.1266987625503887,-0.2194486939933781,0.2654993802147712,0.2111646042506479,0.3657478233222969,42.4011097562499,-7.323964556664997,-12.68547872497744,-70.66851626041651,12.20660759444166,21.14246454162907,-2.314521275022559,-36.14246454162907
sb1,1.2,0.6,20,60,0.3,120,-15,0.15,12,60000,0,0.9097222222222222,33.1887478488042,55.314579748007,0.06576380409988078,0.7794228634059946,0.4676537180435967,26811032.19108658,-0.1400312883459367,-0.1297339615288383,-0.2247058128351339,0.2333854805765612,0.2162232692147305,0.3745096880585566,43.68171801320531,-6.226255954977367,-10.78419165494908,-72.8028633553422,10.37709325829561,17.97365275824847,-4.21580834505092,-32.97365275824847
sb1,1.2,0.6,20,60,0.3,120,-15,0.15,12,60000,0,0.9166666666666666,33.1887478488042,55.314579748007,0.06576380409988078,0.7794228634059946,0.4676537180435967,26811032.19108658,-0.120215153590881,-0.1322610405596457,-0.2290828421112343,0.200358589318135,0.2204350675994095,0.3818047368520572,44.84575882228053,-5.053657733796151,-8.753191958998325,-74.74293137046756,8.422762889660254,14.58865326499721,-6.246808041001675,-29.58865326499721
sb1,1.2,0.6,20,60,0.3,120,-15,0.15,12,60000,0,0.9236111111111112,33.1887478488042,55.314579748007,0.06576380409988078,0.7794228634059946,0.4676537180435967,26811032.19108658,-0.09990773333735592,-0.1342468889638019,-0.2325224324433624,0.1665128888955932,0.2237448149396698,0.3875373874056041,45.87370397344647,-3.80822295526882,-6.596035645075697,-76.45617328907747,6.347038258781367,10.99339274179283,-8.403964354924303,-25.99339274179283
sb1,1.2,0.6,20,60,0.3,120,-15,0.15,12,60000,0,0.9305555555555556,33.1887478488042,55.314579748007,0.06576380409988078,0.7794228634059946,0.4676537180435967,26811032.19108658,-0.07917445036471571,-0.1356596372876669,-0.2349693843186044,0.1319574172745262,0.2260993954794449,0.3916156405310074,46.74532086650695,-2.49347728503864,-4.318829345205828,-77.90886811084492,4.155795475064402,7.198048908676381,-10.68117065479417,-22.19804890867638
sb1,1.2,0.6,20,60,0.3,120,-15,0.15,12,60000,0,0.9375,33.1887478488042,55.314579748007,0.06576380409988078,0.7794228634059946,0.4676537180435967,26811032.19108658,-0.05808985508723107,-0.1364693579686549,-0.2363718616780148,0.09681642514538513,0.2274489299477581,0.3939531027966914,47.44014413614563,-1.114600043128157,-1.930543904816429,-79.06690689357606,1.857666738546928,3.217573174694049,-13.06945609518357,-18.21757317469405
sb1,1.2,0.6,20,60,0.3,120,-15,0.15,12,60000,0,0.9444444444444444,33.1887478488042,55.314579748007,0.06576380409988078,0.7794228634059946,0.4676537180435967,26811032.19108658,-0.03673760121882477,-0.1366488393269997,-0.2366827325096796,0.06122933536470795,0.2277480655449996,0.3944712208494661,47.93807000310422,0.3214324812481823,0.5567373887247822,-79.89678333850703,-0.5357208020803039,-0.9278956478746371,-15.55673738872478,-14.07210435212536
sb1,1.2,0.6,20,60,0.3,120,-15,0.15,12,60000,0,0.9513888888888888,33.1887478488042,55.314579748007,0.06576380409988078,0.7794228634059946,0.4676537180435967,26811032.19108658,-0.01521012943700962,-0.1361744114272386,-0.2358609992827652,0.02535021572834938,0.2269573523787311,0.3931016654712754,48.22006406308023,1.805762120674787,3.127671739392053,-80.36677343846706,-3.009603534457979,-5.212786232320089,-18.12767173939205,-9.787213767679912
sb1,1.2,0.6,20,60,0.3,120,-15,0.15,12,60000,0,0.9583333333333334,33.1887478488042,55.314579748007,0.06576380409988078,0.7794228634059946,0.4676537180435967,26811032.19108658,0.006391987014120157,-0.1350267929056614,-0.2338732656956863,-0.01065331169020026,0.225044654842769,0.3897887761594773,48.26895887073928,3.32764348982452,5.763647593851876,-80.44826478456548,-5.546072483040867,-9.606079323086462,-20.76364759385187,-5.393920676913538
sb1,1.2,0.6,20,60,0.3,120,-15,0.15,12,60000,0,0.9652777777777778,33.1887478488042,55.314579748007,0.06576380409988078,0.7794228634059946,0.4676537180435967,26811032.19108658,0.02796106669528086,-0.1331919187655264,-0.2306951704594782,-0.0466017778254681,0.2219865312758773,0.3844919507657971,48.07030161685918,4.874537180004125,8.44294605915066,-80.11716936143199,-8.124228633340209,-14.0715767652511,-23.44294605915066,-0.9284232347488963
sb1,1.2,0.6,20,60,0.3,120,-15,0.15,12,60000,0,0.9722222222222222,33.1887478488042,55.314579748007,0.06576380409988078,0.7794228634059946,0.4676537180435967,26811032.19108658,0.04938372490512464,-0.1306617017546026,-0.2263127060423832,-0.08230620817520774,0.2177695029243377,0.3771878434039721,47.61319660977547,6.432314953687865,11.14109631007243,-79.35532768295913,-10.72052492281311,-18.56849385012072,-26.14109631007243,3.568493850120721
sb1,1.2,0.6,20,60,0.3,120,-15,0.15,12,60000,0,0.9791666666666666,33.1887478488042,55.314579748007,0.06576380409988078,0.7794228634059946,0.4676537180435967,26811032.19108658,0.07054264210212988,-0.1274346757873632,-0.2207233331097805,-0.1175710701702165,0.212391126312272,0.3678722218496341,46.89107508463798,7.985581481885368,13.83143285460662,-78.15179180772998,-13.30930246980895,-23.05238809101104,-28.83143285460662,8.052388091011039
sb1,1.2,0.6,20,60,0.3,120,-15,0.15,12,60000,0,0.9861111111111112,33.1887478488042,55.314579748007,0.06576380409988078,0.7794228634059946,0.4676537180435967,26811032.19108658,0.0913186469870266,-0.1235164703862732,-0.2139368022806018,-0.1521977449783777,0.205860783977122,0.3565613371343364,45.90231927093643,9.518105414104355,16.48584216902515,-76.50386545156073,-15.86350902350726,-27.47640361504192,-31.48584216902515,12.47640361504192
sb1,1.2,0.6,20,60,0.3,120,-15,0.15,12,60000,0,0.9930555555555556,33.1887478488042,55.314579748007,0.06576380409988078,0.7794228634059946,0.4676537180435967,26811032.19108658,0.1115930331574058,-0.1189200712746601,-0.2059756054874236,-0.1859883885956764,0.1982001187911003,0.3432926758123727,44.65067134637412,11.01333939440449,19.07566339210842,-74.41778557729022,-18.35556565734082,-31.79277232018071,-34.07566339210842,16.79277232018071
sb1,1.2,0.6,20,60,0.3,120,-15,0.15,12,60000,0,1,33.1887478488042,55.314579748007,0.06576380409988078,0.7794228634059946,0.4676537180435967,26811032.19108658,0.13125,-0.1136658342467075,-0.1968749999999999,-0.21875,0.1894430570778459,0.3281249999999999,43.14537220344546,12.45499612797292,21.57268610172273,-71.90895367240911,-20.75832687995486,-35.95447683620456,-36.57268610172273,20.95447683620456
blended,1.2,1,12,65,0,0,0,1,12,3000,1,0,56.42197718782299,56.42197718782299,0.2233306804659353,0.8933227218637413,0.8933227218637413,20545546.86023684,-0.5,-3.598722953634161e-20,-7.717486279065057e-20,0.5,3.598722953634161e-20,7.717486279065057e-20,1.060236471756276e-17,-26.31000005092849,-56.42197718782299,-1.060236471756276e-17,26.31000005092849,56.42197718782299,56.42197718782299,-56.42197718782299
blended,1.2,1,12,65,0,0,0,1,12,3000,1,0.006944444444444444,56.42197718782299,56.42197718782299,0.2233306804659353,0.8933227218637413,0.8933227218637413,20545546.86023684,-0.4995241107909289,-0.009217174833266263,-0.01976629521748604,0.4995241107909289,0.009217174833266263,0.01976629521748604,2.715514656362848,-26.2849587606987,-56.36827596762671,-2.715514656362848,26.2849587606987,56.36827596762671,56.36827596762671,-56.36827596762671
blended,1.2,1,12,65,0,0,0,1,12,3000,1,0.01388888888888889,56.42197718782299,56.42197718782299,0.2233306804659353,0.8933227218637413,0.8933227218637413,20545546.86023684,-0.4980973490458728,-0.01841680425036743,-0.03949496416858281,0.4980973490458728,0.01841680425036743,0.03949496416858281,5.425860176237546,-26.20988255752852,-56.20727453036268,-5.425860176237546,26.20988255752852,56.20727453036268,56.20727453036268,-56.20727453036268
blended,1.2,1,12,65,0,0,0,1,12,3000,1,0.02083333333333333,56.42197718782299,56.42197718782299,0.2233306804659353,0.8933227218637413,0.8933227218637413,20545546.86023684,-0.4957224306869052,-0.0275813762338353,-0.05914845221063766,0.4957224306869052,0.0275813762338353,0.05914845221063766,8.125877262881042,-26.08491435323775,-55.93927935141746,-8.125877262881042,26.08491435323775,55.93927935141746,55.93927935141746,-55.93927935141746
blended,1.2,1,12,65,0,0,0,1,12,3000,1,0.02777777777777778,56.42197718782299,56.42197718782299,0.2233306804659353,0.8933227218637413,0.8933227218637413,20545546.86023684,-0.492403876506104,-0.03669344550001911,-0.07868934781213131,0.492403876506104,0.03669344550001911,0.07868934781213131,10.81042628030997,-25.91029203190597,-55.56480057484602,-10.81042628030997,25.91029203190597,55.56480057484602,55.56480057484602,-55.56480057484602
blended,1.2,1,12,65,0,0,0,1,12,3000,1,0.03472222222222222,56.42197718782299,56.42197718782299,0.2233306804659353,0.8933227218637413,0.8933227218637413,20545546.86023684,-0.4881480035599667,-0.04573566670717454,-0.09808045376765442,0.4881480035599667,0.04573566670717454,0.09808045376765442,13.47439703688987,-25.68634799704673,-55.08455104228355,-13.47439703688987,25.68634799704673,55.08455104228355,55.08455104228355,-55.08455104228355
blended,1.2,1,12,65,0,0,0,1,12,3000,1,0.04166666666666666,56.42197718782299,56.42197718782299,0.2233306804659353,0.8933227218637413,0.8933227218637413,20545546.86023684,-0.4829629131445342,-0.05469082747330749,-0.1172848580049022,0.4829629131445342,0.05469082747330749,0.1172848580049022,16.11271851287539,-25.41350853885853,-54.49944493601089,-16.11271851287539,25.41350853885853,54.49944493601089,54.49944493601089,-54.49944493601089
blended,1.2,1,12,65,0,0,0,1,12,3000,1,0.04861111111111111,56.42197718782299,56.42197718782299,0.2233306804659353,0.8933227218637413,0.8933227218637413,20545546.86023684,-0.4768584753741135,-0.06354188114092159,-0.1362660038489022,0.4768584753741135,0.06354188114092159,0.1362660038489022,18.7203685133846,-25.09229302275722,-53.81059603875656,-18.7203685133846,25.09229302275722,53.81059603875656,53.81059603875656,-53.81059603875656
blended,1.2,1,12,65,0,0,0,1,12,3000,1,0.05555555555555555,56.42197718782299,56.42197718782299,0.2233306804659353,0.8933227218637413,0.8933227218637413,20545546.86023684,-0.4698463103929542,-0.07227197922629949,-0.1549877596097223,0.4698463103929542,0.07227197922629949,0.1549877596097223,21.29238322843237,-24.72331290073438,-53.01931561354812,-21.29238322843237,24.72331290073438,53.01931561354812,53.01931561354812,-53.01931561354812
blended,1.2,1,12,65,0,0,0,1,12,3000,1,0.0625,56.42197718782299,56.42197718782299,0.2233306804659353,0.8933227218637413,0.8933227218637413,20545546.86023684,-0.4619397662556434,-0.08086450349154939,-0.173414487361197,0.4619397662556434,0.08086450349154939,0.173414487361197,23.8238666818249,-24.30727054742375,-52.12710990764839,-23.8238666818249,24.30727054742375,52.12710990764839,52.12710990764839,-52.12710990764839
blended,1.2,1,12,65,0,0,0,1,12,3000,1,0.06944444444444445,56.42197718782299,56.42197718782299,0.2233306804659353,0.8933227218637413,0.8933227218637413,20545546.86023684,-0.453153893518325,-0.08930309757836516,-0.1915111107797445,0.453153893518325,0.08930309757836516,0.1915111107797445,26.31000005092849,-23.84495792309115,-51.1356772853282,-26.31000005092849,23.84495792309115,51.1356772853282,51.1356772853282,-51.1356772853282
blended,1.2,1,12,65,0,0,0,1,12,3000,1,0.0763888888888889,56.42197718782299,56.42197718782299,0.2233306804659353,0.8933227218637413,0.8933227218637413,20545546.86023684,-0.4435054165891109,-0.09757169814328427,-0.2092431819141428,0.4435054165891109,0.09757169814328427,0.2092431819141428,28.7460508395725,-23.33725506609314,-50.04690499493349,-28.7460508395725,23.33725506609314,50.04690499493349,50.04690499493349,-50.04690499493349
blended,1.2,1,12,65,0,0,0,1,12,3000,1,0.08333333333333333,56.42197718782299,56.42197718782299,0.2233306804659353,0.8933227218637413,0.8933227218637413,20545546.86023684,-0.4330127018922194,-0.1056545654351748,-0.2265769467591624,0.4330127018922194,0.1056545654351748,0.2265769467591624,31.12738188662465,-22.78512841767395,-48.86286557640079,-31.12738188662465,22.78512841767395,48.86286557640079,48.86286557640079,-48.86286557640079
blended,1.2,1,12,65,0,0,0,1,12,3000,1,0.09027777777777778,56.42197718782299,56.42197718782299,0.2233306804659353,0.8933227218637413,0.8933227218637413,20545546.86023684,-0.4216957229064429,-0.1135363132567467,-0.2434794095082344,0.4216957229064429,0.1135363132567467,0.2434794095082344,33.4494601930909,-22.18962898228968,-47.58581291605969,-33.4494601930909,22.18962898228968,47.58581291605969,47.58581291605969,-47.58581291605969
blended,1.2,1,12,65,0,0,0,1,12,3000,1,0.09722222222222222,56.42197718782299,56.42197718782299,0.2233306804659353,0.8933227218637413,0.8933227218637413,20545546.86023684,-0.4095760221444959,-0.121201938253052,-0.2599183953628422,0.4095760221444959,0.121201938253052,0.2599183953628422,35.70786555093655,-21.55189032696155,-46.21817795623206,-35.70786555093655,21.55189032696155,46.21817795623206,46.21817795623206,-46.21817795623206
blended,1.2,1,12,65,0,0,0,1,12,3000,1,0.1041666666666667,56.42197718782299,56.42197718782299,0.2233306804659353,0.8933227218637413,0.8933227218637413,20545546.86023684,-0.3966766701456176,-0.1286368484712248,-0.2758626117790811,0.3966766701456176,0.1286368484712248,0.2758626117790811,37.89829895720358,-20.87312642346669,-44.76256406779525,-37.89829895720358,20.87312642346669,44.76256406779525,44.76256406779525,-44.76256406779525
blended,1.2,1,12,65,0,0,0,1,12,3000,1,0.1111111111111111,56.42197718782299,56.42197718782299,0.2233306804659353,0.8933227218637413,0.8933227218637413,20545546.86023684,-0.3830222215594891,-0.1358268911370922,-0.2912817080347926,0.3830222215594891,0.1358268911370922,0.2912817080347926,40.01659079740708,-20.1546293374738,-43.22174209451754,-40.01659079740708,20.1546293374738,43.22174209451754,43.22174209451754,-43.22174209451754
blended,1.2,1,12,65,0,0,0,1,12,3000,1,0.1180555555555556,56.42197718782299,56.42197718782299,0.2233306804659353,0.8933227218637413,0.8933227218637413,20545546.86023684,-0.3686386684050621,-0.1427583795957843,-0.3061463330038899,0.3686386684050621,0.1427583795957843,0.3061463330038899,42.05870878263338,-19.39776676902279,-41.59864507859972,-42.05870878263338,19.39776676902279,41.59864507859972,41.59864507859972,-41.59864507859972
blended,1.2,1,12,65,0,0,0,1,12,3000,1,0.125,56.42197718782299,56.42197718782299,0.2233306804659353,0.8933227218637413,0.8933227218637413,20545546.86023684,-0.3535533905932738,-0.1494181193650599,-0.3204281910278942,0.3535533905932738,0.1494181193650599,0.3204281910278942,44.02076562523121,-18.60397944902995,-39.89636267746233,-44.02076562523121,18.60397944902995,39.89636267746233,39.89636267746233,-39.89636267746233
blended,1.2,1,12,65,0,0,0,1,12,3000,1,0.1319444444444444,56.42197718782299,56.42197718782299,0.2233306804659353,0.8933227218637413,0.8933227218637413,20545546.86023684,-0.3377951038078302,-0.1557934332517534,-0.3341000957783291,0.3377951038078302,0.1557934332517534,0.3341000957783291,45.89902643848464,-17.77477839677481,-38.11813528240739,-45.89902643848464,17.77477839677481,38.11813528240739,38.11813528240739,-38.11813528240739
blended,1.2,1,12,65,0,0,0,1,12,3000,1,0.1388888888888889,56.42197718782299,56.42197718782299,0.2233306804659353,0.8933227218637413,0.8933227218637413,20545546.86023684,-0.3213938048432697,-0.1618721854835323,-0.3471360220074419,0.3213938048432697,0.1618721854835323,0.3471360220074419,47.68991584618229,-16.91174204358906,-36.2673478503492,-47.68991584618229,16.91174204358906,36.2673478503492,36.2673478503492,-36.2673478503492
blended,1.2,1,12,65,0,0,0,1,12,3000,1,0.1458333333333333,56.42197718782299,56.42197718782299,0.2233306804659353,0.8933227218637413,0.8933227218637413,20545546.86023684,-0.3043807145043603,-0.1676428048100297,-0.3595111550887418,0.3043807145043603,0.1676428048100297,0.3595111550887418,49.39002478854913,-16.01651322822274,-34.34752346035656,-49.39002478854913,16.01651322822274,34.34752346035656,34.34752346035656,-34.34752346035656
blended,1.2,1,12,65,0,0,0,1,12,3000,1,0.1527777777777778,56.42197718782299,56.42197718782299,0.2233306804659353,0.8933227218637413,0.8933227218637413,20545546.86023684,-0.286788218175523,-0.1730943065293771,-0.371201938253052,0.286788218175523,0.1730943065293771,0.371201938253052,50.99611701158545,-15.09079606960741,-32.36231660727153,-50.99611701158545,15.09079606960741,32.36231660727153,32.36231660727153,-32.36231660727153
blended,1.2,1,12,65,0,0,0,1,12,3000,1,0.1597222222222222,56.42197718782299,56.42197718782299,0.2233306804659353,0.8933227218637413,0.8933227218637413,20545546.86023684,-0.2686498041734121,-0.1782163133982085,-0.3821861174301585,0.2686498041734121,0.1782163133982085,0.3821861174301585,52.50513522746039,-14.1363527229688,-30.31550624517074,-52.50513522746039,14.1363527229688,30.31550624517074,30.31550624517074,-30.31550624517074
blended,1.2,1,12,65,0,0,0,1,12,3000,1,0.1666666666666667,56.42197718782299,56.42197718782299,0.2233306804659353,0.8933227218637413,0.8933227218637413,20545546.86023684,-0.2500000000000002,-0.1829990753853334,-0.3924427836106978,0.2500000000000002,0.1829990753853334,0.3924427836106978,53.91420693423307,-13.15500002546426,-28.21098859391152,-53.91420693423307,13.15500002546426,28.21098859391152,28.21098859391152,-28.21098859391152
blended,1.2,1,12,65,0,0,0,1,12,3000,1,0.1736111111111111,56.42197718782299,56.42197718782299,0.2233306804659353,0.8933227218637413,0.8933227218637413,20545546.86023684,-0.2308743066175171,-0.1874334882314747,-0.4019524126476445,0.2308743066175171,0.1874334882314747,0.4019524126476445,55.22064988382323,-12.14860603772991,-26.05276972245601,-55.22064988382323,12.14860603772991,26.05276972245601,26.05276972245601,-26.05276972245601
blended,1.2,1,12,65,0,0,0,1,12,3000,1,0.1805555555555556,56.42197718782299,56.42197718782299,0.2233306804659353,0.8933227218637413,0.8933227218637413,20545546.86023684,-0.2113091308703497,-0.1915111107797445,-0.4106969024216348,0.2113091308703497,0.1915111107797445,0.4106969024216348,56.42197718782299,-11.11908648792111,-23.84495792309115,-56.42197718782299,11.11908648792111,23.84495792309115,23.84495792309115,-23.84495792309115
blended,1.2,1,12,65,0,0,0,1,12,3000,1,0.1875,56.42197718782299,56.42197718782299,0.2233306804659353,0.8933227218637413,0.8933227218637413,20545546.86023684,-0.1913417161825449,-0.195224181043865,-0.4186596072993795,0.1913417161825449,0.195224181043865,0.4186596072993795,57.51590205143017,-10.068401125015,-21.5917558910609,-57.51590205143017,10.068401125015,21.5917558910609,21.5917558910609,-21.5917558910609
blended,1.2,1,12,65,0,0,0,1,12,3000,1,0.1944444444444444,56.42197718782299,56.42197718782299,0.2233306804659353,0.8933227218637413,0.8933227218637413,20545546.86023684,-0.1710100716628344,-0.1985656309835514,-0.4258253698195732,0.1710100716628344,0.1985656309835514,0.4258253698195732,58.50034212649227,-8.998549988316917,-19.29745272449684,-58.50034212649227,8.998549988316917,19.29745272449684,19.29745272449684,-19.29745272449684
blended,1.2,1,12,65,0,0,0,1,12,3000,1,0.2013888888888889,56.42197718782299,56.42197718782299,0.2233306804659353,0.8933227218637413,0.8933227218637413,20545546.86023684,-0.1503528997521366,-0.201529099958928,-0.4321805495459836,0.1503528997521366,0.201529099958928,0.4321805495459836,59.37342347537452,-7.911569600271923,-16.96641575987618,-59.37342347537452,7.911569600271923,16.96641575987618,16.96641575987618,-16.96641575987618
blended,1.2,1,12,65,0,0,0,1,12,3000,1,0.2083333333333333,56.42197718782299,56.42197718782299,0.2233306804659353,0.8933227218637413,0.8933227218637413,20545546.86023684,-0.1294095225512605,-0.2041089468383674,-0.4377130490327965,0.1294095225512605,0.2041089468383674,0.4377130490327965,60.1334841381066,-6.809529089828591,-14.60308225854857,-60.1334841381066,6.809529089828591,14.60308225854857,14.60308225854857,-14.60308225854857
blended,1.2,1,12,65,0,0,0,1,12,3000,1,0.2152777777777778,56.42197718782299,56.42197718782299,0.2233306804659353,0.8933227218637413,0.8933227218637413,20545546.86023684,-0.1082198069690516,-0.2063002607367059,-0.4424123368527921,0.1082198069690516,0.2063002607367059,0.4424123368527921,60.77907729601798,-5.694526253734437,-12.21195096015687,-60.77907729601798,5.694526253734437,12.21195096015687,12.21195096015687,-12.21195096015687
blended,1.2,1,12,65,0,0,0,1,12,3000,1,0.2222222222222222,56.42197718782299,56.42197718782299,0.2233306804659353,0.8933227218637413,0.8933227218637413,20545546.86023684,-0.08682408883346532,-0.2080988703633917,-0.446269467644515,0.08682408883346532,0.2080988703633917,0.446269467644515,61.30897402583947,-4.568683563260585,-9.797573519030593,-61.30897402583947,4.568683563260585,9.797573519030593,9.797573519030593,-9.797573519030593
blended,1.2,1,12,65,0,0,0,1,12,3000,1,0.2291666666666667,56.42197718782299,56.42197718782299,0.2233306804659353,0.8933227218637413,0.8933227218637413,20545546.86023684,-0.06526309611002597,-0.2095013519627742,-0.4492770991402781,0.06526309611002597,0.2095013519627742,0.4492770991402781,61.72216563902848,-3.434144123957068,-7.364545839853169,-61.72216563902848,3.434144123957068,7.364545839853169,7.364545839853169,-7.364545839853169
blended,1.2,1,12,65,0,0,0,1,12,3000,1,0.2361111111111111,56.42197718782299,56.42197718782299,0.2233306804659353,0.8933227218637413,0.8933227218637413,20545546.86023684,-0.04357787137382929,-0.2105050358314172,-0.4514295061425868,0.04357787137382929,0.2105050358314172,0.4514295061425868,62.01786560186504,-2.293067596129608,-4.917499329096161,-62.01786560186504,2.293067596129608,4.917499329096161,4.917499329096161,-4.917499329096161
blended,1.2,1,12,65,0,0,0,1,12,3000,1,0.2430555555555556,56.42197718782299,56.42197718782299,0.2233306804659353,0.8933227218637413,0.8933227218637413,20545546.86023684,-0.021809693682668,-0.2111080114000309,-0.4527225914223771,0.021809693682668,0.2111080114000309,0.4527225914223771,62.1955110326634,-1.14762608380346,-2.461092078873803,-62.1955110326634,1.14762608380346,2.461092078873803,2.461092078873803,-2.461092078873803
blended,1.2,1,12,65,0,0,0,1,12,3000,1,0.25,56.42197718782299,56.42197718782299,0.2233306804659353,0.8933227218637413,0.8933227218637413,20545546.86023684,-3.061616997868383e-17,-0.2113091308703497,-0.453153893518325,3.061616997868383e-17,0.2113091308703497,0.453153893518325,62.25476377324932,-1.611022867396814e-15,-3.45484968823162e-15,-62.25476377324932,1.611022867396814e-15,3.45484968823162e-15,3.45484968823162e-15,-3.45484968823162e-15
blended,1.2,1,12,65,0,0,0,1,12,3000,1,0.2569444444444444,56.42197718782299,56.42197718782299,0.2233306804659353,0.8933227218637413,0.8933227218637413,20545546.86023684,0.02180969368266794,-0.2111080114000309,-0.4527225914223771,-0.02180969368266794,0.2111080114000309,0.4527225914223771,62.1955110326634,1.147626083803457,2.461092078873796,-62.1955110326634,-1.147626083803457,-2.461092078873796,-2.461092078873796,2.461092078873796
blended,1.2,1,12,65,0,0,0,1,12,3000,1,0.2638888888888889,56.42197718782299,56.42197718782299,0.2233306804659353,0.8933227218637413,0.8933227218637413,20545546.86023684,0.04357787137382901,-0.2105050358314172,-0.4514295061425868,-0.04357787137382901,0.2105050358314172,0.4514295061425868,62.01786560186504,2.293067596129593,4.917499329096129,-62.01786560186504,-2.293067596129593,-4.917499329096129,-4.917499329096129,4.917499329096129
blended,1.2,1,12,65,0,0,0,1,12,3000,1,0.2708333333333333,56.42197718782299,56.42197718782299,0.2233306804659353,0.8933227218637413,0.8933227218637413,20545546.86023684,0.06526309611002569,-0.2095013519627743,-0.4492770991402782,-0.06526309611002569,0.2095013519627743,0.4492770991402782,61.72216563902849,3.434144123957054,7.364545839853138,-61.72216563902849,-3.434144123957054,-7.364545839853138,-7.364545839853138,7.364545839853138
blended,1.2,1,12,65,0,0,0,1,12,3000,1,0.2777777777777778,56.42197718782299,56.42197718782299,0.2233306804659353,0.8933227218637413,0.8933227218637413,20545546.86023684,0.08682408883346504,-0.2080988703633917,-0.446269467644515,-0.08682408883346504,0.2080988703633917,0.446269467644515,61.30897402583948,4.568683563260571,9.797573519030562,-61.30897402583948,-4.568683563260571,-9.797573519030562,-9.797573519030562,9.797573519030562
blended,1.2,1,12,65,0,0,0,1,12,3000,1,0.2847222222222222,56.42197718782299,56.42197718782299,0.2233306804659353,0.8933227218637413,0.8933227218637413,20545546.86023684,0.1082198069690513,-0.2063002607367059,-0.4424123368527922,-0.1082198069690513,0.2063002607367059,0.4424123368527922,60.77907729601799,5.694526253734423,12.21195096015684,-60.77907729601799,-5.694526253734423,-12.21195096015684,-12.21195096015684,12.21195096015684
blended,1.2,1,12,65,0,0,0,1,12,3000,1,0.2916666666666667,56.42197718782299,56.42197718782299,0.2233306804659353,0.8933227218637413,0.8933227218637413,20545546.86023684,0.1294095225512604,-0.2041089468383674,-0.4377130490327965,-0.1294095225512604,0.2041089468383674,0.4377130490327965,60.1334841381066,6.809529089828588,14.60308225854856,-60.1334841381066,-6.809529089828588,-14.60308225854856,-14.60308225854856,14.60308225854856
blended,1.2,1,12,65,0,0,0,1,12,3000,1,0.2986111111111111,56.42197718782299,56.42197718782299,0.2233306804659353,0.8933227218637413,0.8933227218637413,20545546.86023684,0.1503528997521364,-0.201529099958928,-0.4321805495459837,-0.1503528997521364,0.201529099958928,0.4321805495459837,59.37342347537453,7.911569600271909,16.96641575987615,-59.37342347537453,-7.911569600271909,-16.96641575987615,-16.96641575987615,16.96641575987615
blended,1.2,1,12,65,0,0,0,1,12,3000,1,0.3055555555555556,56.42197718782299,56.42197718782299,0.2233306804659353,0.8933227218637413,0.8933227218637413,20545546.86023684,0.1710100716628344,-0.1985656309835514,-0.4258253698195733,-0.1710100716628344,0.1985656309835514,0.4258253698195733,58.50034212649228,8.998549988316913,19.29745272449683,-58.50034212649228,-8.998549988316913,-19.29745272449683,-19.29745272449683,19.29745272449683
blended,1.2,1,12,65,0,0,0,1,12,3000,1,0.3125,56.42197718782299,56.42197718782299,0.2233306804659353,0.8933227218637413,0.8933227218637413,20545546.86023684,0.1913417161825449,-0.195224181043865,-0.4186596072993795,-0.1913417161825449,0.195224181043865,0.4186596072993795,57.51590205143017,10.068401125015,21.5917558910609,-57.51590205143017,-10.068401125015,-21.5917558910609,-21.5917558910609,21.5917558910609
blended,1.2,1,12,65,0,0,0,1,12,3000,1,0.3194444444444444,56.42197718782299,56.42197718782299,0.2233306804659353,0.8933227218637413,0.8933227218637413,20545546.86023684,0.2113091308703495,-0.1915111107797446,-0.4106969024216349,-0.2113091308703495,0.1915111107797446,0.4106969024216349,56.421977187823,11.1190864879211,23.84495792309112,-56.421977187823,-11.1190864879211,-23.84495792309112,-23.84495792309112,23.84495792309112
blended,1.2,1,12,65,0,0,0,1,12,3000,1,0.3263888888888889,56.42197718782299,56.42197718782299,0.2233306804659353,0.8933227218637413,0.8933227218637413,20545546.86023684,0.2308743066175167,-0.1874334882314748,-0.4019524126476447,-0.2308743066175167,0.1874334882314748,0.4019524126476447,55.22064988382326,12.14860603772989,26.05276972245595,-55.22064988382326,-12.14860603772989,-26.05276972245595,-26.05276972245595,26.05276972245595
blended,1.2,1,12,65,0,0,0,1,12,3000,1,0.3333333333333333,56.42197718782299,56.42197718782299,0.2233306804659353,0.8933227218637413,0.8933227218637413,20545546.86023684,0.2499999999999997,-0.1829990753853335,-0.3924427836106981,-0.2499999999999997,0.1829990753853335,0.3924427836106981,53.91420693423311,13.15500002546423,28.21098859391146,-53.91420693423311,-13.15500002546423,-28.21098859391146,-28.21098859391146,28.21098859391146
blended,1.2,1,12,65,0,0,0,1,12,3000,1,0.3402777777777778,56.42197718782299,56.42197718782299,0.2233306804659353,0.8933227218637413,0.8933227218637413,20545546.86023684,0.268649804173412,-0.1782163133982085,-0.3821861174301585,-0.268649804173412,0.1782163133982085,0.3821861174301585,52.50513522746039,14.1363527229688,30.31550624517073,-52.50513522746039,-14.1363527229688,-30.31550624517073,-30.31550624517073,30.31550624517073
blended,1.2,1,12,65,0,0,0,1,12,3000,1,0.3472222222222222,56.42197718782299,56.42197718782299,0.2233306804659353,0.8933227218637413,0.8933227218637413,20545546.86023684,0.2867882181755227,-0.1730943065293772,-0.3712019382530522,-0.2867882181755227,0.1730943065293772,0.3712019382530522,50.99611701158548,15.09079606960739,32.3623166072715,-50.99611701158548,-15.09079606960739,-32.3623166072715,-32.3623166072715,32.3623166072715
blended,1.2,1,12,65,0,0,0,1,12,3000,1,0.3541666666666667,56.42197718782299,56.42197718782299,0.2233306804659353,0.8933227218637413,0.8933227218637413,20545546.86023684,0.3043807145043603,-0.1676428048100297,-0.3595111550887418,-0.3043807145043603,0.1676428048100297,0.3595111550887418,49.39002478854913,16.01651322822274,34.34752346035656,-49.39002478854913,-16.01651322822274,-34.34752346035656,-34.34752346035656,34.34752346035656
blended,1.2,1,12,65,0,0,0,1,12,3000,1,0.3611111111111111,56.42197718782299,56.42197718782299,0.2233306804659353,0.8933227218637413,0.8933227218637413,20545546.86023684,0.3213938048432697,-0.1618721854835323,-0.3471360220074419,-0.3213938048432697,0.1618721854835323,0.3471360220074419,47.6899158461823,16.91174204358905,36.26734785034919,-47.6899158461823,-16.91174204358905,-36.26734785034919,-36.26734785034919,36.26734785034919
blended,1.2,1,12,65,0,0,0,1,12,3000,1,0.3680555555555556,56.42197718782299,56.42197718782299,0.2233306804659353,0.8933227218637413,0.8933227218637413,20545546.86023684,0.3377951038078301,-0.1557934332517534,-0.3341000957783292,-0.3377951038078301,0.1557934332517534,0.3341000957783292,45.89902643848465,17.77477839677481,38.11813528240738,-45.89902643848465,-17.77477839677481,-38.11813528240738,-38.11813528240738,38.11813528240738
blended,1.2,1,12,65,0,0,0,1,12,3000,1,0.375,56.42197718782299,56.42197718782299,0.2233306804659353,0.8933227218637413,0.8933227218637413,20545546.86023684,0.3535533905932737,-0.1494181193650599,-0.3204281910278943,-0.3535533905932737,0.1494181193650599,0.3204281910278943,44.02076562523121,18.60397944902995,39.89636267746232,-44.02076562523121,-18.60397944902995,-39.89636267746232,-39.89636267746232,39.89636267746232
blended,1.2,1,12,65,0,0,0,1,12,3000,1,0.3819444444444444,56.42197718782299,56.42197718782299,0.2233306804659353,0.8933227218637413,0.8933227218637413,20545546.86023684,0.368638668405062,-0.1427583795957843,-0.30614633300389,-0.368638668405062,0.1427583795957843,0.30614633300389,42.0587087826334,19.39776676902278,41.5986450785997,-42.0587087826334,-19.39776676902278,-41.5986450785997,-41.5986450785997,41.5986450785997
blended,1.2,1,12,65,0,0,0,1,12,3000,1,0.3888888888888889,56.42197718782299,56.42197718782299,0.2233306804659353,0.8933227218637413,0.8933227218637413,20545546.86023684,0.383022221559489,-0.1358268911370922,-0.2912817080347928,-0.383022221559489,0.1358268911370922,0.2912817080347928,40.0165907974071,20.1546293374738,43.22174209451754,-40.0165907974071,-20.1546293374738,-43.22174209451754,-43.22174209451754,43.22174209451754
blended,1.2,1,12,65,0,0,0,1,12,3000,1,0.3958333333333333,56.42197718782299,56.42197718782299,0.2233306804659353,0.8933227218637413,0.8933227218637413,20545546.86023684,0.3966766701456175,-0.1286368484712249,-0.2758626117790812,-0.3966766701456175,0.1286368484712249,0.2758626117790812,37.8982989572036,20.87312642346669,44.76256406779524,-37.8982989572036,-20.87312642346669,-44.76256406779524,-44.76256406779524,44.76256406779524
blended,1.2,1,12,65,0,0,0,1,12,3000,1,0.4027777777777778,56.42197718782299,56.42197718782299,0.2233306804659353,0.8933227218637413,0.8933227218637413,20545546.86023684,0.4095760221444958,-0.1212019382530521,-0.2599183953628424,-0.4095760221444958,0.1212019382530521,0.2599183953628424,35.70786555093657,21.55189032696155,46.21817795623205,-35.70786555093657,-21.55189032696155,-46.21817795623205,-46.21817795623205,46.21817795623205
blended,1.2,1,12,65,0,0,0,1,12,3000,1,0.4097222222222222,56.42197718782299,56.42197718782299,0.2233306804659353,0.8933227218637413,0.8933227218637413,20545546.86023684,0.4216957229064427,-0.1135363132567467,-0.2434794095082344,-0.4216957229064427,0.1135363132567467,0.2434794095082344,33.44946019309091,22.18962898228967,47.58581291605967,-33.44946019309091,-22.18962898228967,-47.58581291605967,-47.58581291605967,47.58581291605967
blended,1.2,1,12,65,0,0,0,1,12,3000,1,0.4166666666666667,56.42197718782299,56.42197718782299,0.2233306804659353,0.8933227218637413,0.8933227218637413,20545546.86023684,0.4330127018922192,-0.1056545654351749,-0.2265769467591626,-0.4330127018922192,0.1056545654351749,0.2265769467591626,31.12738188662468,22.78512841767395,48.86286557640078,-31.12738188662468,-22.78512841767395,-48.86286557640078,-48.86286557640078,48.86286557640078
blended,1.2,1,12,65,0,0,0,1,12,3000,1,0.4236111111111111,56.42197718782299,56.42197718782299,0.2233306804659353,0.8933227218637413,0.8933227218637413,20545546.86023684,0.4435054165891107,-0.09757169814328437,-0.209243181914143,-0.4435054165891107,0.09757169814328437,0.209243181914143,28.74605083957253,23.33725506609313,50.04690499493348,-28.74605083957253,-23.33725506609313,-50.04690499493348,-50.04690499493348,50.04690499493348
blended,1.2,1,12,65,0,0,0,1,12,3000,1,0.4305555555555556,56.42197718782299,56.42197718782299,0.2233306804659353,0.8933227218637413,0.8933227218637413,20545546.86023684,0.4531538935183249,-0.08930309757836527,-0.1915111107797447,-0.4531538935183249,0.08930309757836527,0.1915111107797447,26.31000005092852,23.84495792309114,51.13567728532819,-26.31000005092852,-23.84495792309114,-51.13567728532819,-51.13567728532819,51.13567728532819
blended,1.2,1,12,65,0,0,0,1,12,3000,1,0.4375,56.42197718782299,56.42197718782299,0.2233306804659353,0.8933227218637413,0.8933227218637413,20545546.86023684,0.4619397662556433,-0.08086450349154949,-0.1734144873611972,-0.4619397662556433,0.08086450349154949,0.1734144873611972,23.82386668182493,24.30727054742374,52.12710990764838,-23.82386668182493,-24.30727054742374,-52.12710990764838,-52.12710990764838,52.12710990764838
blended,1.2,1,12,65,0,0,0,1,12,3000,1,0.4444444444444444,56.42197718782299,56.42197718782299,0.2233306804659353,0.8933227218637413,0.8933227218637413,20545546.86023684,0.4698463103929541,-0.07227197922629963,-0.1549877596097226,-0.4698463103929541,0.07227197922629963,0.1549877596097226,21.29238322843242,24.72331290073437,53.01931561354811,-21.29238322843242,-24.72331290073437,-53.01931561354811,-53.01931561354811,53.01931561354811
blended,1.2,1,12,65,0,0,0,1,12,3000,1,0.4513888888888889,56.42197718782299,56.42197718782299,0.2233306804659353,0.8933227218637413,0.8933227218637413,20545546.86023684,0.4768584753741134,-0.06354188114092173,-0.1362660038489024,-0.4768584753741134,0.06354188114092173,0.1362660038489024,18.72036851338463,25.09229302275721,53.81059603875655,-18.72036851338463,-25.09229302275721,-53.81059603875655,-53.81059603875655,53.81059603875655
blended,1.2,1,12,65,0,0,0,1,12,3000,1,0.4583333333333333,56.42197718782299,56.42197718782299,0.2233306804659353,0.8933227218637413,0.8933227218637413,20545546.86023684,0.482962913144534,-0.05469082747330765,-0.1172848580049026,-0.482962913144534,0.05469082747330765,0.1172848580049026,16.11271851287544,25.41350853885853,54.49944493601087,-16.11271851287544,-25.41350853885853,-54.49944493601087,-54.49944493601087,54.49944493601087
blended,1.2,1,12,65,0,0,0,1,12,3000,1,0.4652777777777778,56.42197718782299,56.42197718782299,0.2233306804659353,0.8933227218637413,0.8933227218637413,20545546.86023684,0.4881480035599667,-0.04573566670717452,-0.09808045376765437,-0.4881480035599667,0.04573566670717452,0.09808045376765437,13.47439703688987,25.68634799704673,55.08455104228355,-13.47439703688987,-25.68634799704673,-55.08455104228355,-55.08455104228355,55.08455104228355
blended,1.2,1,12,65,0,0,0,1,12,3000,1,0.4722222222222222,56.42197718782299,56.42197718782299,0.2233306804659353,0.8933227218637413,0.8933227218637413,20545546.86023684,0.492403876506104,-0.03669344550001929,-0.07868934781213169,-0.492403876506104,0.03669344550001929,0.07868934781213169,10.81042628031003,25.91029203190596,55.56480057484601,-10.81042628031003,-25.91029203190596,-55.56480057484601,-55.56480057484601,55.56480057484601
blended,1.2,1,12,65,0,0,0,1,12,3000,1,0.4791666666666667,56.42197718782299,56.42197718782299,0.2233306804659353,0.8933227218637413,0.8933227218637413,20545546.86023684,0.4957224306869052,-0.0275813762338353,-0.05914845221063766,-0.4957224306869052,0.0275813762338353,0.05914845221063766,8.125877262881044,26.08491435323775,55.93927935141746,-8.125877262881044,-26.08491435323775,-55.93927935141746,-55.93927935141746,55.93927935141746
blended,1.2,1,12,65,0,0,0,1,12,3000,1,0.4861111111111111,56.42197718782299,56.42197718782299,0.2233306804659353,0.8933227218637413,0.8933227218637413,20545546.86023684,0.4980973490458728,-0.01841680425036744,-0.03949496416858282,-0.4980973490458728,0.01841680425036744,0.03949496416858282,5.425860176237548,26.20988255752852,56.20727453036268,-5.425860176237548,-26.20988255752852,-56.20727453036268,-56.20727453036268,56.20727453036268
blended,1.2,1,12,65,0,0,0,1,12,3000,1,0.4930555555555556,56.42197718782299,56.42197718782299,0.2233306804659353,0.8933227218637413,0.8933227218637413,20545546.86023684,0.4995241107909289,-0.009217174833266279,-0.01976629521748607,-0.4995241107909289,0.009217174833266279,0.01976629521748607,2.715514656362853,26.2849587606987,56.36827596762671,-2.715514656362853,-26.2849587606987,-56.36827596762671,-56.36827596762671,56.36827596762671
blended,1.2,1,12,65,0,0,0,1,12,3000,1,0.5,56.42197718782299,56.42197718782299,0.2233306804659353,0.8933227218637413,0.8933227218637413,20545546.86023684,0.5,-2.587790507509829e-17,-5.549534652183772e-17,-0.5,2.587790507509829e-17,5.549534652183772e-17,7.624009718658437e-15,26.31000005092849,56.42197718782299,-7.624009718658437e-15,-26.31000005092849,-56.42197718782299,-56.42197718782299,56.42197718782299
blended,1.2,1,12,65,0,0,0,1,12,3000,1,0.5069444444444444,56.42197718782299,56.42197718782299,0.2233306804659353,0.8933227218637413,0.8933227218637413,20545546.86023684,0.4995241107909289,0.009217174833266227,0.01976629521748596,-0.4995241107909289,-0.009217174833266227,-0.01976629521748596,-2.715514656362838,26.2849587606987,56.36827596762671,2.715514656362838,-26.2849587606987,-56.36827596762671,-56.36827596762671,56.36827596762671
blended,1.2,1,12,65,0,0,0,1,12,3000,1,0.5138888888888888,56.42197718782299,56.42197718782299,0.2233306804659353,0.8933227218637413,0.8933227218637413,20545546.86023684,0.4980973490458728,0.01841680425036738,0.03949496416858271,-0.4980973490458728,-0.01841680425036738,-0.03949496416858271,-5.425860176237532,26.20988255752852,56.20727453036268,5.425860176237532,-26.20988255752852,-56.20727453036268,-56.20727453036268,56.20727453036268
blended,1.2,1,12,65,0,0,0,1,12,3000,1,0.5208333333333334,56.42197718782299,56.42197718782299,0.2233306804659353,0.8933227218637413,0.8933227218637413,20545546.86023684,0.4957224306869052,0.02758137623383525,0.05914845221063755,-0.4957224306869052,-0.02758137623383525,-0.05914845221063755,-8.125877262881028,26.08491435323775,55.93927935141746,8.125877262881028,-26.08491435323775,-55.93927935141746,-55.93927935141746,55.93927935141746
blended,1.2,1,12,65,0,0,0,1,12,3000,1,0.5277777777777778,56.42197718782299,56.42197718782299,0.2233306804659353,0.8933227218637413,0.8933227218637413,20545546.86023684,0.4924038765061041,0.03669344550001906,0.07868934781213119,-0.4924038765061041,-0.03669344550001906,-0.07868934781213119,-10.81042628030996,25.91029203190597,55.56480057484602,10.81042628030996,-25.91029203190597,-55.56480057484602,-55.56480057484602,55.56480057484602
blended,1.2,1,12,65,0,0,0,1,12,3000,1,0.5347222222222222,56.42197718782299,56.42197718782299,0.2233306804659353,0.8933227218637413,0.8933227218637413,20545546.86023684,0.4881480035599667,0.04573566670717447,0.09808045376765427,-0.4881480035599667,-0.04573566670717447,-0.09808045376765427,-13.47439703688985,25.68634799704673,55.08455104228356,13.47439703688985,-25.68634799704673,-55.08455104228356,-55.08455104228356,55.08455104228356
blended,1.2,1,12,65,0,0,0,1,12,3000,1,0.5416666666666666,56.42197718782299,56.42197718782299,0.2233306804659353,0.8933227218637413,0.8933227218637413,20545546.86023684,0.4829629131445342,0.05469082747330742,0.1172848580049021,-0.4829629131445342,-0.05469082747330742,-0.1172848580049021,-16.11271851287536,25.41350853885854,54.49944493601089,16.11271851287536,-25.41350853885854,-54.49944493601089,-54.49944493601089,54.49944493601089
blended,1.2,1,12,65,0,0,0,1,12,3000,1,0.5486111111111112,56.42197718782299,56.42197718782299,0.2233306804659353,0.8933227218637413,0.8933227218637413,20545546.86023684,0.4768584753741135,0.06354188114092151,0.1362660038489019,-0.4768584753741135,-0.06354188114092151,-0.1362660038489019,-18.72036851338457,25.09229302275722,53.81059603875657,18.72036851338457,-25.09229302275722,-53.81059603875657,-53.81059603875657,53.81059603875657
blended,1.2,1,12,65,0,0,0,1,12,3000,1,0.5555555555555556,56.42197718782299,56.42197718782299,0.2233306804659353,0.8933227218637413,0.8933227218637413,20545546.86023684,0.4698463103929543,0.0722719792262994,0.1549877596097221,-0.4698463103929543,-0.0722719792262994,-0.1549877596097221,-21.29238322843235,24.72331290073438,53.01931561354813,21.29238322843235,-24.72331290073438,-53.01931561354813,-53.01931561354813,53.01931561354813
blended,1.2,1,12,65,0,0,0,1,12,3000,1,0.5625,56.42197718782299,56.42197718782299,0.2233306804659353,0.8933227218637413,0.8933227218637413,20545546.86023684,0.4619397662556435,0.08086450349154926,0.1734144873611967,-0.4619397662556435,-0.08086450349154926,-0.1734144873611967,-23.82386668182486,24.30727054742375,52.1271099076484,23.82386668182486,-24.30727054742375,-52.1271099076484,-52.1271099076484,52.1271099076484
blended,1.2,1,12,65,0,0,0,1,12,3000,1,0.5694444444444444,56.42197718782299,56.42197718782299,0.2233306804659353,0.8933227218637413,0.8933227218637413,20545546.86023684,0.4531538935183251,0.08930309757836505,0.1915111107797443,-0.4531538935183251,-0.08930309757836505,-0.1915111107797443,-26.31000005092846,23.84495792309116,51.13567728532822,26.31000005092846,-23.84495792309116,-51.13567728532822,-51.13567728532822,51.13567728532822
blended,1.2,1,12,65,0,0,0,1,12,3000,1,0.5763888888888888,56.42197718782299,56.42197718782299,0.2233306804659353,0.8933227218637413,0.8933227218637413,20545546.86023684,0.443505416589111,0.09757169814328415,0.2092431819141425,-0.443505416589111,-0.09757169814328415,-0.2092431819141425,-28.74605083957246,23.33725506609315,50.04690499493351,28.74605083957246,-23.33725506609315,-50.04690499493351,-50.04690499493351,50.04690499493351
blended,1.2,1,12,65,0,0,0,1,12,3000,1,0.5833333333333334,56.42197718782299,56.42197718782299,0.2233306804659353,0.8933227218637413,0.8933227218637413,20545546.86023684,0.4330127018922193,0.1056545654351749,0.2265769467591625,-0.4330127018922193,-0.1056545654351749,-0.2265769467591625,-31.12738188662466,22.78512841767395,48.86286557640079,31.12738188662466,-22.78512841767395,-48.86286557640079,-48.86286557640079,48.86286557640079
blended,1.2,1,12,65,0,0,0,1,12,3000,1,0.5902777777777778,56.42197718782299,56.42197718782299,0.2233306804659353,0.8933227218637413,0.8933227218637413,20545546.86023684,0.4216957229064428,0.1135363132567467,0.2434794095082344,-0.4216957229064428,-0.1135363132567467,-0.2434794095082344,-33.4494601930909,22.18962898228968,47.58581291605968,33.4494601930909,-22.18962898228968,-47.58581291605968,-47.58581291605968,47.58581291605968
blended,1.2,1,12,65,0,0,0,1,12,3000,1,0.5972222222222222,56.42197718782299,56.42197718782299,0.2233306804659353,0.8933227218637413,0.8933227218637413,20545546.86023684,0.4095760221444961,0.1212019382530519,0.2599183953628419,-0.4095760221444961,-0.1212019382530519,-0.2599183953628419,-35.7078655509365,21.55189032696157,46.21817795623209,35.7078655509365,-21.55189032696157,-46.21817795623209,-46.21817795623209,46.21817795623209
blended,1.2,1,12,65,0,0,0,1,12,3000,1,0.6041666666666666,56.42197718782299,56.42197718782299,0.2233306804659353,0.8933227218637413,0.8933227218637413,20545546.86023684,0.3966766701456179,0.1286368484712247,0.2758626117790808,-0.3966766701456179,-0.1286368484712247,-0.2758626117790808,-37.89829895720354,20.8731264234667,44.76256406779527,37.89829895720354,-20.8731264234667,-44.76256406779527,-44.76256406779527,44.76256406779527
blended,1.2,1,12,65,0,0,0,1,12,3000,1,0.6111111111111112,56.42197718782299,56.42197718782299,0.2233306804659353,0.8933227218637413,0.8933227218637413,20545546.86023684,0.3830222215594891,0.1358268911370922,0.2912817080347926,-0.3830222215594891,-0.1358268911370922,-0.2912817080347926,-40.01659079740708,20.1546293374738,43.22174209451754,40.01659079740708,-20.1546293374738,-43.22174209451754,-43.22174209451754,43.22174209451754
blended,1.2,1,12,65,0,0,0,1,12,3000,1,0.6180555555555556,56.42197718782299,56.42197718782299,0.2233306804659353,0.8933227218637413,0.8933227218637413,20545546.86023684,0.368638668405062,0.1427583795957843,0.3061463330038899,-0.368638668405062,-0.1427583795957843,-0.3061463330038899,-42.05870878263338,19.39776676902279,41.59864507859971,42.05870878263338,-19.39776676902279,-41.59864507859971,-41.59864507859971,41.59864507859971
blended,1.2,1,12,65,0,0,0,1,12,3000,1,0.625,56.42197718782299,56.42197718782299,0.2233306804659353,0.8933227218637413,0.8933227218637413,20545546.86023684,0.3535533905932738,0.1494181193650599,0.3204281910278942,-0.3535533905932738,-0.1494181193650599,-0.3204281910278942,-44.02076562523121,18.60397944902995,39.89636267746234,44.02076562523121,-18.60397944902995,-39.89636267746234,-39.89636267746234,39.89636267746234
blended,1.2,1,12,65,0,0,0,1,12,3000,1,0.6319444444444444,56.42197718782299,56.42197718782299,0.2233306804659353,0.8933227218637413,0.8933227218637413,20545546.86023684,0.3377951038078302,0.1557934332517534,0.3341000957783291,-0.3377951038078302,-0.1557934332517534,-0.3341000957783291,-45.89902643848463,17.77477839677481,38.11813528240739,45.89902643848463,-17.77477839677481,-38.11813528240739,-38.11813528240739,38.11813528240739
blended,1.2,1,12,65,0,0,0,1,12,3000,1,0.6388888888888888,56.42197718782299,56.42197718782299,0.2233306804659353,0.8933227218637413,0.8933227218637413,20545546.86023684,0.3213938048432701,0.1618721854835322,0.3471360220074416,-0.3213938048432701,-0.1618721854835322,-0.3471360220074416,-47.68991584618226,16.91174204358908,36.26734785034924,47.68991584618226,-16.91174204358908,-36.26734785034924,-36.26734785034924,36.26734785034924
blended,1.2,1,12,65,0,0,0,1,12,3000,1,0.6458333333333334,56.42197718782299,56.42197718782299,0.2233306804659353,0.8933227218637413,0.8933227218637413,20545546.86023684,0.3043807145043604,0.1676428048100297,0.3595111550887417,-0.3043807145043604,-0.1676428048100297,-0.3595111550887417,-49.39002478854911,16.01651322822275,34.34752346035657,49.39002478854911,-16.01651322822275,-34.34752346035657,-34.34752346035657,34.34752346035657
blended,1.2,1,12,65,0,0,0,1,12,3000,1,0.6527777777777778,56.42197718782299,56.42197718782299,0.2233306804659353,0.8933227218637413,0.8933227218637413,20545546.86023684,0.2867882181755236,0.1730943065293769,0.3712019382530516,-0.2867882181755236,-0.1730943065293769,-0.3712019382530516,-50.9961170115854,15.09079606960743,32.36231660727159,50.9961170115854,-15.09079606960743,-32.36231660727159,-32.36231660727159,32.36231660727159
blended,1.2,1,12,65,0,0,0,1,12,3000,1,0.6597222222222222,56.42197718782299,56.42197718782299,0.2233306804659353,0.8933227218637413,0.8933227218637413,20545546.86023684,0.2686498041734121,0.1782163133982085,0.3821861174301585,-0.2686498041734121,-0.1782163133982085,-0.3821861174301585,-52.50513522746039,14.13635272296881,30.31550624517075,52.50513522746039,-14.13635272296881,-30.31550624517075,-30.31550624517075,30.31550624517075
blended,1.2,1,12,65,0,0,0,1,12,3000,1,0.6666666666666666,56.42197718782299,56.42197718782299,0.2233306804659353,0.8933227218637413,0.8933227218637413,20545546.86023684,0.2500000000000006,0.1829990753853332,0.3924427836106976,-0.2500000000000006,-0.1829990753853332,-0.3924427836106976,-53.91420693423304,13.15500002546428,28.21098859391156,53.91420693423304,-13.15500002546428,-28.21098859391156,-28.21098859391156,28.21098859391156
blended,1.2,1,12,65,0,0,0,1,12,3000,1,0.6736111111111112,56.42197718782299,56.42197718782299,0.2233306804659353,0.8933227218637413,0.8933227218637413,20545546.86023684,0.2308743066175172,0.1874334882314747,0.4019524126476445,-0.2308743066175172,-0.1874334882314747,-0.4019524126476445,-55.22064988382323,12.14860603772992,26.05276972245601,55.22064988382323,-12.14860603772992,-26.05276972245601,-26.05276972245601,26.05276972245601
blended,1.2,1,12,65,0,0,0,1,12,3000,1,0.6805555555555556,56.42197718782299,56.42197718782299,0.2233306804659353,0.8933227218637413,0.8933227218637413,20545546.86023684,0.2113091308703496,0.1915111107797446,0.4106969024216349,-0.2113091308703496,-0.1915111107797446,-0.4106969024216349,-56.421977187823,11.11908648792111,23.84495792309113,56.421977187823,-11.11908648792111,-23.84495792309113,-23.84495792309113,23.84495792309113
blended,1.2,1,12,65,0,0,0,1,12,3000,1,0.6875,56.42197718782299,56.42197718782299,0.2233306804659353,0.8933227218637413,0.8933227218637413,20545546.86023684,0.1913417161825452,0.195224181043865,0.4186596072993794,-0.1913417161825452,-0.195224181043865,-0.4186596072993794,-57.51590205143015,10.06840112501502,21.59175589106093,57.51590205143015,-10.06840112501502,-21.59175589106093,-21.59175589106093,21.59175589106093
blended,1.2,1,12,65,0,0,0,1,12,3000,1,0.6944444444444444,56.42197718782299,56.42197718782299,0.2233306804659353,0.8933227218637413,0.8933227218637413,20545546.86023684,0.1710100716628351,0.1985656309835513,0.425825369819573,-0.1710100716628351,-0.1985656309835513,-0.425825369819573,-58.50034212649224,8.998549988316954,19.29745272449691,58.50034212649224,-8.998549988316954,-19.29745272449691,-19.29745272449691,19.29745272449691
blended,1.2,1,12,65,0,0,0,1,12,3000,1,0.7013888888888888,56.42197718782299,56.42197718782299,0.2233306804659353,0.8933227218637413,0.8933227218637413,20545546.86023684,0.1503528997521369,0.2015290999589279,0.4321805495459835,-0.1503528997521369,-0.2015290999589279,-0.4321805495459835,-59.37342347537451,7.911569600271936,16.96641575987621,59.37342347537451,-7.911569600271936,-16.96641575987621,-16.96641575987621,16.96641575987621
blended,1.2,1,12,65,0,0,0,1,12,3000,1,0.7083333333333334,56.42197718782299,56.42197718782299,0.2233306804659353,0.8933227218637413,0.8933227218637413,20545546.86023684,0.1294095225512603,0.2041089468383674,0.4377130490327965,-0.1294095225512603,-0.2041089468383674,-0.4377130490327965,-60.1334841381066,6.809529089828581,14.60308225854855,60.1334841381066,-6.809529089828581,-14.60308225854855,-14.60308225854855,14.60308225854855
blended,1.2,1,12,65,0,0,0,1,12,3000,1,0.7152777777777778,56.42197718782299,56.42197718782299,0.2233306804659353,0.8933227218637413,0.8933227218637413,20545546.86023684,0.1082198069690518,0.2063002607367058,0.442412336852792,-0.1082198069690518,-0.2063002607367058,-0.442412336852792,-60.77907729601797,5.694526253734452,12.2119509601569,60.77907729601797,-5.694526253734452,-12.2119509601569,-12.2119509601569,12.2119509601569
blended,1.2,1,12,65,0,0,0,1,12,3000,1,0.7222222222222222,56.42197718782299,56.42197718782299,0.2233306804659353,0.8933227218637413,0.8933227218637413,20545546.86023684,0.08682408883346517,0.2080988703633917,0.446269467644515,-0.08682408883346517,-0.2080988703633917,-0.446269467644515,-61.30897402583947,4.568683563260577,9.797573519030577,61.30897402583947,-4.568683563260577,-9.797573519030577,-9.797573519030577,9.797573519030577
blended,1.2,1,12,65,0,0,0,1,12,3000,1,0.7291666666666666,56.42197718782299,56.42197718782299,0.2233306804659353,0.8933227218637413,0.8933227218637413,20545546.86023684,0.06526309611002624,0.2095013519627742,0.4492770991402781,-0.06526309611002624,-0.2095013519627742,-0.4492770991402781,-61.72216563902847,3.434144123957084,7.364545839853201,61.72216563902847,-3.434144123957084,-7.364545839853201,-7.364545839853201,7.364545839853201
blended,1.2,1,12,65,0,0,0,1,12,3000,1,0.7361111111111112,56.42197718782299,56.42197718782299,0.2233306804659353,0.8933227218637413,0.8933227218637413,20545546.86023684,0.04357787137382912,0.2105050358314172,0.4514295061425868,-0.04357787137382912,-0.2105050358314172,-0.4514295061425868,-62.01786560186504,2.293067596129599,4.917499329096143,62.01786560186504,-2.293067596129599,-4.917499329096143,-4.917499329096143,4.917499329096143
blended,1.2,1,12,65,0,0,0,1,12,3000,1,0.7430555555555556,56.42197718782299,56.42197718782299,0.2233306804659353,0.8933227218637413,0.8933227218637413,20545546.86023684,0.02180969368266851,0.2111080114000309,0.4527225914223771,-0.02180969368266851,-0.2111080114000309,-0.4527225914223771,-62.19551103266339,1.147626083803487,2.46109207887386,62.19551103266339,-1.147626083803487,-2.46109207887386,-2.46109207887386,2.46109207887386
blended,1.2,1,12,65,0,0,0,1,12,3000,1,0.75,56.42197718782299,56.42197718782299,0.2233306804659353,0.8933227218637413,0.8933227218637413,20545546.86023684,9.184850993605148e-17,0.2113091308703497,0.453153893518325,-9.184850993605148e-17,-0.2113091308703497,-0.453153893518325,-62.25476377324932,4.833068602190442e-15,1.036454906469486e-14,62.25476377324932,-4.833068602190442e-15,-1.036454906469486e-14,-1.036454906469486e-14,1.036454906469486e-14
blended,1.2,1,12,65,0,0,0,1,12,3000,1,0.7569444444444444,56.42197718782299,56.42197718782299,0.2233306804659353,0.8933227218637413,0.8933227218637413,20545546.86023684,-0.02180969368266744,0.2111080114000309,0.4527225914223771,0.02180969368266744,-0.2111080114000309,-0.4527225914223771,-62.1955110326634,-1.14762608380343,-2.461092078873739,62.1955110326634,1.14762608380343,2.461092078873739,2.461092078873739,-2.461092078873739
blended,1.2,1,12,65,0,0,0,1,12,3000,1,0.7638888888888888,56.42197718782299,56.42197718782299,0.2233306804659353,0.8933227218637413,0.8933227218637413,20545546.86023684,-0.04357787137382894,0.2105050358314172,0.4514295061425868,0.04357787137382894,-0.2105050358314172,-0.4514295061425868,-62.01786560186504,-2.293067596129589,-4.917499329096122,62.01786560186504,2.293067596129589,4.917499329096122,4.917499329096122,-4.917499329096122
blended,1.2,1,12,65,0,0,0,1,12,3000,1,0.7708333333333334,56.42197718782299,56.42197718782299,0.2233306804659353,0.8933227218637413,0.8933227218637413,20545546.86023684,-0.06526309611002519,0.2095013519627743,0.4492770991402782,0.06526309611002519,-0.2095013519627743,-0.4492770991402782,-61.7221656390285,-3.434144123957028,-7.364545839853082,61.7221656390285,3.434144123957028,7.364545839853082,7.364545839853082,-7.364545839853082
blended,1.2,1,12,65,0,0,0,1,12,3000,1,0.7777777777777778,56.42197718782299,56.42197718782299,0.2233306804659353,0.8933227218637413,0.8933227218637413,20545546.86023684,-0.08682408883346499,0.2080988703633917,0.446269467644515,0.08682408883346499,-0.2080988703633917,-0.446269467644515,-61.30897402583948,-4.568683563260567,-9.797573519030557,61.30897402583948,4.568683563260567,9.797573519030557,9.797573519030557,-9.797573519030557
blended,1.2,1,12,65,0,0,0,1,12,3000,1,0.7847222222222222,56.42197718782299,56.42197718782299,0.2233306804659353,0.8933227218637413,0.8933227218637413,20545546.86023684,-0.1082198069690508,0.206300260736706,0.4424123368527922,0.1082198069690508,-0.206300260736706,-0.4424123368527922,-60.779077296018,-5.694526253734396,-12.21195096015678,60.779077296018,5.694526253734396,12.21195096015678,12.21195096015678,-12.21195096015678
blended,1.2,1,12,65,0,0,0,1,12,3000,1,0.7916666666666666,56.42197718782299,56.42197718782299,0.2233306804659353,0.8933227218637413,0.8933227218637413,20545546.86023684,-0.1294095225512601,0.2041089468383674,0.4377130490327966,0.1294095225512601,-0.2041089468383674,-0.4377130490327966,-60.13348413810661,-6.809529089828573,-14.60308225854853,60.13348413810661,6.809529089828573,14.60308225854853,14.60308225854853,-14.60308225854853
blended,1.2,1,12,65,0,0,0,1,12,3000,1,0.7986111111111112,56.42197718782299,56.42197718782299,0.2233306804659353,0.8933227218637413,0.8933227218637413,20545546.86023684,-0.1503528997521367,0.201529099958928,0.4321805495459836,0.1503528997521367,-0.201529099958928,-0.4321805495459836,-59.37342347537452,-7.911569600271927,-16.96641575987619,59.37342347537452,7.911569600271927,16.96641575987619,16.96641575987619,-16.96641575987619
blended,1.2,1,12,65,0,0,0,1,12,3000,1,0.8055555555555556,56.42197718782299,56.42197718782299,0.2233306804659353,0.8933227218637413,0.8933227218637413,20545546.86023684,-0.1710100716628341,0.1985656309835515,0.4258253698195733,0.1710100716628341,-0.1985656309835515,-0.4258253698195733,-58.50034212649228,-8.998549988316901,-19.2974527244968,58.50034212649228,8.998549988316901,19.2974527244968,19.2974527244968,-19.2974527244968
blended,1.2,1,12,65,0,0,0,1,12,3000,1,0.8125,56.42197718782299,56.42197718782299,0.2233306804659353,0.8933227218637413,0.8933227218637413,20545546.86023684,-0.191341716182545,0.195224181043865,0.4186596072993795,0.191341716182545,-0.195224181043865,-0.4186596072993795,-57.51590205143016,-10.06840112501501,-21.59175589106091,57.51590205143016,10.06840112501501,21.59175589106091,21.59175589106091,-21.59175589106091
blended,1.2,1,12,65,0,0,0,1,12,3000,1,0.8194444444444444,56.42197718782299,56.42197718782299,0.2233306804659353,0.8933227218637413,0.8933227218637413,20545546.86023684,-0.2113091308703494,0.1915111107797446,0.410696902421635,0.2113091308703494,-0.1915111107797446,-0.410696902421635,-56.42197718782301,-11.1190864879211,-23.84495792309112,56.42197718782301,11.1190864879211,23.84495792309112,23.84495792309112,-23.84495792309112
blended,1.2,1,12,65,0,0,0,1,12,3000,1,0.8263888888888888,56.42197718782299,56.42197718782299,0.2233306804659353,0.8933227218637413,0.8933227218637413,20545546.86023684,-0.2308743066175162,0.187433488231475,0.4019524126476449,0.2308743066175162,-0.187433488231475,-0.4019524126476449,-55.2206498838233,-12.14860603772986,-26.0527697224559,55.2206498838233,12.14860603772986,26.0527697224559,26.0527697224559,-26.0527697224559
blended,1.2,1,12,65,0,0,0,1,12,3000,1,0.8333333333333334,56.42197718782299,56.42197718782299,0.2233306804659353,0.8933227218637413,0.8933227218637413,20545546.86023684,-0.2499999999999997,0.1829990753853335,0.3924427836106981,0.2499999999999997,-0.1829990753853335,-0.3924427836106981,-53.91420693423311,-13.15500002546423,-28.21098859391146,53.91420693423311,13.15500002546423,28.21098859391146,28.21098859391146,-28.21098859391146
blended,1.2,1,12,65,0,0,0,1,12,3000,1,0.8402777777777778,56.42197718782299,56.42197718782299,0.2233306804659353,0.8933227218637413,0.8933227218637413,20545546.86023684,-0.2686498041734119,0.1782163133982085,0.3821861174301586,0.2686498041734119,-0.1782163133982085,-0.3821861174301586,-52.5051352274604,-14.1363527229688,-30.31550624517073,52.5051352274604,14.1363527229688,30.31550624517073,30.31550624517073,-30.31550624517073
blended,1.2,1,12,65,0,0,0,1,12,3000,1,0.8472222222222222,56.42197718782299,56.42197718782299,0.2233306804659353,0.8933227218637413,0.8933227218637413,20545546.86023684,-0.2867882181755227,0.1730943065293772,0.3712019382530523,0.2867882181755227,-0.1730943065293772,-0.3712019382530523,-50.99611701158548,-15.09079606960739,-32.36231660727149,50.99611701158548,15.09079606960739,32.36231660727149,32.36231660727149,-32.36231660727149
blended,1.2,1,12,65,0,0,0,1,12,3000,1,0.8541666666666666,56.42197718782299,56.42197718782299,0.2233306804659353,0.8933227218637413,0.8933227218637413,20545546.86023684,-0.3043807145043603,0.1676428048100297,0.3595111550887418,0.3043807145043603,-0.1676428048100297,-0.3595111550887418,-49.39002478854913,-16.01651322822274,-34.34752346035656,49.39002478854913,16.01651322822274,34.34752346035656,34.34752346035656,-34.34752346035656
blended,1.2,1,12,65,0,0,0,1,12,3000,1,0.8611111111111112,56.42197718782299,56.42197718782299,0.2233306804659353,0.8933227218637413,0.8933227218637413,20545546.86023684,-0.3213938048432693,0.1618721854835324,0.3471360220074422,0.3213938048432693,-0.1618721854835324,-0.3471360220074422,-47.68991584618234,-16.91174204358903,-36.26734785034915,47.68991584618234,16.91174204358903,36.26734785034915,36.26734785034915,-36.26734785034915
blended,1.2,1,12,65,0,0,0,1,12,3000,1,0.8680555555555556,56.42197718782299,56.42197718782299,0.2233306804659353,0.8933227218637413,0.8933227218637413,20545546.86023684,-0.3377951038078301,0.1557934332517534,0.3341000957783292,0.3377951038078301,-0.1557934332517534,-0.3341000957783292,-45.89902643848465,-17.77477839677481,-38.11813528240737,45.89902643848465,17.77477839677481,38.11813528240737,38.11813528240737,-38.11813528240737
blended,1.2,1,12,65,0,0,0,1,12,3000,1,0.875,56.42197718782299,56.42197718782299,0.2233306804659353,0.8933227218637413,0.8933227218637413,20545546.86023684,-0.3535533905932734,0.1494181193650601,0.3204281910278947,0.3535533905932734,-0.1494181193650601,-0.3204281910278947,-44.02076562523126,-18.60397944902993,-39.89636267746229,44.02076562523126,18.60397944902993,39.89636267746229,39.89636267746229,-39.89636267746229
blended,1.2,1,12,65,0,0,0,1,12,3000,1,0.8819444444444444,56.42197718782299,56.42197718782299,0.2233306804659353,0.8933227218637413,0.8933227218637413,20545546.86023684,-0.3686386684050619,0.1427583795957843,0.30614633300389,0.3686386684050619,-0.1427583795957843,-0.30614633300389,-42.0587087826334,-19.39776676902278,-41.5986450785997,42.0587087826334,19.39776676902278,41.5986450785997,41.5986450785997,-41.5986450785997
blended,1.2,1,12,65,0,0,0,1,12,3000,1,0.8888888888888888,56.42197718782299,56.42197718782299,0.2233306804659353,0.8933227218637413,0.8933227218637413,20545546.86023684,-0.3830222215594886,0.1358268911370924,0.2912817080347931,0.3830222215594886,-0.1358268911370924,-0.2912817080347931,-40.01659079740715,-20.15462933747378,-43.2217420945175,40.01659079740715,20.15462933747378,43.2217420945175,43.2217420945175,-43.2217420945175
blended,1.2,1,12,65,0,0,0,1,12,3000,1,0.8958333333333334,56.42197718782299,56.42197718782299,0.2233306804659353,0.8933227218637413,0.8933227218637413,20545546.86023684,-0.3966766701456175,0.1286368484712249,0.2758626117790812,0.3966766701456175,-0.1286368484712249,-0.2758626117790812,-37.8982989572036,-20.87312642346668,-44.76256406779523,37.8982989572036,20.87312642346668,44.76256406779523,44.76256406779523,-44.76256406779523
blended,1.2,1,12,65,0,0,0,1,12,3000,1,0.9027777777777778,56.42197718782299,56.42197718782299,0.2233306804659353,0.8933227218637413,0.8933227218637413,20545546.86023684,-0.4095760221444955,0.1212019382530522,0.2599183953628427,0.4095760221444955,-0.1212019382530522,-0.2599183953628427,-35.70786555093661,-21.55189032696153,-46.21817795623202,35.70786555093661,21.55189032696153,46.21817795623202,46.21817795623202,-46.21817795623202
blended,1.2,1,12,65,0,0,0,1,12,3000,1,0.9097222222222222,56.42197718782299,56.42197718782299,0.2233306804659353,0.8933227218637413,0.8933227218637413,20545546.86023684,-0.4216957229064427,0.1135363132567467,0.2434794095082345,0.4216957229064427,-0.1135363132567467,-0.2434794095082345,-33.44946019309092,-22.18962898228967,-47.58581291605967,33.44946019309092,22.18962898228967,47.58581291605967,47.58581291605967,-47.58581291605967
blended,1.2,1,12,65,0,0,0,1,12,3000,1,0.9166666666666666,56.42197718782299,56.42197718782299,0.2233306804659353,0.8933227218637413,0.8933227218637413,20545546.86023684,-0.433012701892219,0.1056545654351751,0.226576946759163,0.433012701892219,-0.1056545654351751,-0.226576946759163,-31.12738188662473,-22.78512841767393,-48.86286557640075,31.12738188662473,22.78512841767393,48.86286557640075,48.86286557640075,-48.86286557640075
blended,1.2,1,12,65,0,0,0,1,12,3000,1,0.9236111111111112,56.42197718782299,56.42197718782299,0.2233306804659353,0.8933227218637413,0.8933227218637413,20545546.86023684,-0.4435054165891107,0.0975716981432844,0.209243181914143,0.4435054165891107,-0.0975716981432844,-0.209243181914143,-28.74605083957253,-23.33725506609313,-50.04690499493347,28.74605083957253,23.33725506609313,50.04690499493347,50.04690499493347,-50.04690499493347
blended,1.2,1,12,65,0,0,0,1,12,3000,1,0.9305555555555556,56.42197718782299,56.42197718782299,0.2233306804659353,0.8933227218637413,0.8933227218637413,20545546.86023684,-0.453153893518325,0.08930309757836512,0.1915111107797444,0.453153893518325,-0.08930309757836512,-0.1915111107797444,-26.31000005092848,-23.84495792309115,-51.13567728532821,26.31000005092848,23.84495792309115,51.13567728532821,51.13567728532821,-51.13567728532821
blended,1.2,1,12,65,0,0,0,1,12,3000,1,0.9375,56.42197718782299,56.42197718782299,0.2233306804659353,0.8933227218637413,0.8933227218637413,20545546.86023684,-0.4619397662556433,0.08086450349154951,0.1734144873611973,0.4619397662556433,-0.08086450349154951,-0.1734144873611973,-23.82386668182493,-24.30727054742374,-52.12710990764838,23.82386668182493,24.30727054742374,52.12710990764838,52.12710990764838,-52.12710990764838
blended,1.2,1,12,65,0,0,0,1,12,3000,1,0.9444444444444444,56.42197718782299,56.42197718782299,0.2233306804659353,0.8933227218637413,0.8933227218637413,20545546.86023684,-0.4698463103929539,0.07227197922629983,0.154987759609723,0.4698463103929539,-0.07227197922629983,-0.154987759609723,-21.29238322843248,-24.72331290073436,-53.01931561354809,21.29238322843248,24.72331290073436,53.01931561354809,53.01931561354809,-53.01931561354809
blended,1.2,1,12,65,0,0,0,1,12,3000,1,0.9513888888888888,56.42197718782299,56.42197718782299,0.2233306804659353,0.8933227218637413,0.8933227218637413,20545546.86023684,-0.4768584753741134,0.06354188114092174,0.1362660038489025,0.4768584753741134,-0.06354188114092174,-0.1362660038489025,-18.72036851338464,-25.09229302275721,-53.81059603875655,18.72036851338464,25.09229302275721,53.81059603875655,53.81059603875655,-53.81059603875655
blended,1.2,1,12,65,0,0,0,1,12,3000,1,0.9583333333333334,56.42197718782299,56.42197718782299,0.2233306804659353,0.8933227218637413,0.8933227218637413,20545546.86023684,-0.4829629131445342,0.05469082747330749,0.1172848580049022,0.4829629131445342,-0.05469082747330749,-0.1172848580049022,-16.11271851287539,-25.41350853885853,-54.49944493601089,16.11271851287539,25.41350853885853,54.49944493601089,54.49944493601089,-54.49944493601089
blended,1.2,1,12,65,0,0,0,1,12,3000,1,0.9652777777777778,56.42197718782299,56.42197718782299,0.2233306804659353,0.8933227218637413,0.8933227218637413,20545546.86023684,-0.4881480035599666,0.04573566670717473,0.09808045376765483,0.4881480035599666,-0.04573566670717473,-0.09808045376765483,-13.47439703688993,-25.68634799704672,-55.08455104228354,13.47439703688993,25.68634799704672,55.08455104228354,55.08455104228354,-55.08455104228354
blended,1.2,1,12,65,0,0,0,1,12,3000,1,0.9722222222222222,56.42197718782299,56.42197718782299,0.2233306804659353,0.8933227218637413,0.8933227218637413,20545546.86023684,-0.492403876506104,0.03669344550001914,0.07868934781213135,0.492403876506104,-0.03669344550001914,-0.07868934781213135,-10.81042628030998,-25.91029203190597,-55.56480057484602,10.81042628030998,25.91029203190597,55.56480057484602,55.56480057484602,-55.56480057484602
blended,1.2,1,12,65,0,0,0,1,12,3000,1,0.9791666666666666,56.42197718782299,56.42197718782299,0.2233306804659353,0.8933227218637413,0.8933227218637413,20545546.86023684,-0.4957224306869051,0.02758137623383551,0.05914845221063812,0.4957224306869051,-0.02758137623383551,-0.05914845221063812,-8.125877262881106,-26.08491435323774,-55.93927935141745,8.125877262881106,26.08491435323774,55.93927935141745,55.93927935141745,-55.93927935141745
blended,1.2,1,12,65,0,0,0,1,12,3000,1,0.9861111111111112,56.42197718782299,56.42197718782299,0.2233306804659353,0.8933227218637413,0.8933227218637413,20545546.86023684,-0.4980973490458728,0.01841680425036746,0.03949496416858288,0.4980973490458728,-0.01841680425036746,-0.03949496416858288,-5.425860176237556,-26.20988255752852,-56.20727453036268,5.425860176237556,26.20988255752852,56.20727453036268,56.20727453036268,-56.20727453036268
blended,1.2,1,12,65,0,0,0,1,12,3000,1,0.9930555555555556,56.42197718782299,56.42197718782299,0.2233306804659353,0.8933227218637413,0.8933227218637413,20545546.86023684,-0.4995241107909288,0.009217174833266492,0.01976629521748653,0.4995241107909288,-0.009217174833266492,-0.01976629521748653,-2.715514656362916,-26.2849587606987,-56.3682759676267,2.715514656362916,26.2849587606987,56.3682759676267,56.3682759676267,-56.3682759676267
blended,1.2,1,12,65,0,0,0,1,12,3000,1,1,56.42197718782299,56.42197718782299,0.2233306804659353,0.8933227218637413,0.8933227218637413,20545546.86023684,-0.5,-3.598722953634161e-20,-7.717486279065057e-20,0.5,3.598722953634161e-20,7.717486279065057e-20,1.060236471756276e-17,-26.31000005092849,-56.42197718782299,-1.060236471756276e-17,26.31000005092849,56.42197718782299,56.42197718782299,-56.42197718782299
stress,5,3,3,90,0.8,277,-100,2,60,150000,1,0,500.8859463683613,166.9619821227871,8.437500000000005,5.000000000000002,15.00000000000001,16530422.82873016,-0.01828040151077212,0,0.1488819227461983,0.006093467170257372,-0,-0.04962730758206609,-894.8743532624489,-0,-109.8767545286005,298.291451087483,0,36.62558484286684,9.876754528600529,-136.6255848428668
stress,5,3,3,90,0.8,277,-100,2,60,150000,1,0.006944444444444444,500.8859463683613,166.9619821227871,8.437500000000005,5.000000000000002,15.00000000000001,16530422.82873016,-0.1101495350260157,0,0.1207097874991145,0.03671651167533856,-0,-0.04023659583303817,-767.7162226788279,-0,-386.459583421929,255.9054075596093,0,128.819861140643,286.459583421929,-228.819861140643
stress,5,3,3,90,0.8,277,-100,2,60,150000,1,0.01388888888888889,500.8859463683613,166.9619821227871,8.437500000000005,5.000000000000002,15.00000000000001,16530422.82873016,-0.1832779172069257,0,0.07031083805113543,0.06109263906897522,-0,-0.02343694601704514,-577.1278550665911,-0,-516.4880952908065,192.3759516888637,0,172.1626984302688,416.4880952908065,-272.1626984302688
stress,5,3,3,90,0.8,277,-100,2,60,150000,1,0.02083333333333333,500.8859463683613,166.9619821227871,8.437500000000005,5.000000000000002,15.00000000000001,16530422.82873016,-0.2372581037611609,0,0.01173766400605101,0.07908603458705364,-0,-0.00391255466868367,-422.4715612278231,-0,-549.1082252465524,140.8238537426077,0,183.0360750821841,449.1082252465524,-283.0360750821841
stress,5,3,3,90,0.8,277,-100,2,60,150000,1,0.02777777777777778,500.8859463683613,166.9619821227871,8.437500000000005,5.000000000000002,15.00000000000001,16530422.82873016,-0.2769169721961897,-0,-0.04788877151515356,0.0923056573987299,0,0.01596292383838452,-312.3679049350874,-0,-542.3940596936362,104.1226349783625,0,180.7980198978787,442.3940596936362,-280.7980198978787
stress,5,3,3,90,0.8,277,-100,2,60,150000,1,0.03472222222222222,500.8859463683613,166.9619821227871,8.437500000000005,5.000000000000002,15.00000000000001,16530422.82873016,-0.3064366224454885,-0,-0.1059151162768923,0.1021455408151628,0,0.0353050387589641,-234.0963566663764,-0,-522.2402827659466,78.03211888879214,0,174.0800942553155,422.2402827659466,-274.0800942553155
stress,5,3,3,90,0.8,277,-100,2,60,150000,1,0.04166666666666666,500.8859463683613,166.9619821227871,8.437500000000005,5.000000000000002,15.00000000000001,16530422.82873016,-0.3286559464707021,-0,-0.1614944798379049,0.1095519821569007,0,0.05383149327930165,-176.8248851268239,-0,-498.3796889249733,58.94162837560797,0,166.1265629749911,398.3796889249733,-266.1265629749911
stress,5,3,3,90,0.8,277,-100,2,60,150000,1,0.04861111111111111,500.8859463683613,166.9619821227871,8.437500000000005,5.000000000000002,15.00000000000001,16530422.82873016,-0.3454502980175602,-0,-0.2144501436307679,0.1151500993391867,0,0.07148338121025596,-133.5441943855313,-0,-474.3888719359549,44.51473146184377,0,158.1296239786516,374.3888719359549,-258.1296239786516
stress,5,3,3,90,0.8,277,-100,2,60,150000,1,0.05555555555555555,500.8859463683613,166.9619821227871,8.437500000000005,5.000000000000002,15.00000000000001,16530422.82873016,-0.3580860925662184,-0,-0.2648494114759042,0.1193620308554061,0,0.08828313715863474,-99.87103233649233,-0,-451.5394286846487,33.29034411216411,0,150.5131428948829,351.5394286846487,-250.5131428948829
stress,5,3,3,90,0.8,277,-100,2,60,150000,1,0.0625,500.8859463683613,166.9619821227871,8.437500000000005,5.000000000000002,15.00000000000001,16530422.82873016,-0.3674465581365212,-0,-0.3128422941972338,0.1224821860455071,0,0.1042807647324113,-73.01510025064194,-0,-430.2160776647571,24.33836675021398,0,143.4053592215857,330.2160776647571,-243.4053592215857
stress,5,3,3,90,0.8,277,-100,2,60,150000,1,0.06944444444444445,500.8859463683613,166.9619821227871,8.437500000000005,5.000000000000002,15.00000000000001,16530422.82873016,-0.3741676301092262,-0,-0.3585989220474418,0.124722543369742,0,0.1195329740158139,-51.14537542587389,-0,-410.4574251119875,17.0484584752913,0,136.8191417039958,310.4574251119875,-236.8191417039958
stress,5,3,3,90,0.8,277,-100,2,60,150000,1,0.0763888888888889,500.8859463683613,166.9619821227871,8.437500000000005,5.000000000000002,15.00000000000001,16530422.82873016,-0.3787205364245573,-0,-0.4022853162261557,0.1262401788081858,0,0.1340951054087186,-33.02161654689728,-0,-392.1712785277261,11.00720551563243,0,130.723759509242,292.1712785277261,-230.723759509242
stress,5,3,3,90,0.8,277,-100,2,60,150000,1,0.08333333333333333,500.8859463683613,166.9619821227871,8.437500000000005,5.000000000000002,15.00000000000001,16530422.82873016,-0.3814633540462799,-0,-0.4440546548180376,0.12715445134876,0,0.1480182182726792,-17.77848242552446,-0,-375.2229981670715,5.926160808508154,0,125.0743327223572,275.2229981670715,-225.0743327223572
stress,5,3,3,90,0.8,277,-100,2,60,150000,1,0.09027777777777778,500.8859463683613,166.9619821227871,8.437500000000005,5.000000000000002,15.00000000000001,16530422.82873016,-0.3826741935752475,-0,-0.4840449266756643,0.1275580645250825,0,0.1613483088918881,-4.795886980747264,-0,-359.4719283163491,1.598628993582421,0,119.8239761054497,259.4719283163491,-219.8239761054497
stress,5,3,3,90,0.8,277,-100,2,60,150000,1,0.09722222222222222,500.8859463683613,166.9619821227871,8.437500000000005,5.000000000000002,15.00000000000001,16530422.82873016,-0.3825732034266527,-0,-0.5223791878071775,0.1275244011422176,0,0.1741263959357258,6.381162904857003,-0,-344.7858282872184,-2.127054301619001,0,114.9286094290728,244.7858282872184,-214.9286094290728
stress,5,3,3,90,0.8,277,-100,2,60,150000,1,0.1041666666666667,500.8859463683613,166.9619821227871,8.437500000000005,5.000000000000002,15.00000000000001,16530422.82873016,-0.3813375668636193,-0,-0.5591668005698851,0.1271125222878731,0,0.186388933523295,16.09359593564353,-0,-331.0458028269935,-5.364531978547843,0,110.3486009423312,231.0458028269935,-210.3486009423312
stress,5,3,3,90,0.8,277,-100,2,60,150000,1,0.1111111111111111,500.8859463683613,166.9619821227871,8.437500000000005,5.000000000000002,15.00000000000001,16530422.82873016,-0.3791119807669476,-0,-0.5945049559983264,0.1263706602556492,0,0.1981683186661088,24.60166106568826,-0,-318.1471496788694,-8.200553688562753,0,106.0490498929565,218.1471496788694,-206.0490498929565
stress,5,3,3,90,0.8,277,-100,2,60,150000,1,0.1180555555555556,500.8859463683613,166.9619821227871,8.437500000000005,5.000000000000002,15.00000000000001,16530422.82873016,-0.3760161429669397,-0,-0.6284801830912979,0.1253387143223132,0,0.209493394363766,32.10732577879135,-0,-305.9985314129109,-10.70244192626378,0,101.9995104709703,205.9985314129109,-201.9995104709703
stress,5,3,3,90,0.8,277,-100,2,60,150000,1,0.125,500.8859463683613,166.9619821227871,8.437500000000005,5.000000000000002,15.00000000000001,16530422.82873016,-0.3721502105634055,-0,-0.6611697291712666,0.1240500701878018,0,0.2203899097237555,38.769651937847,-0,-294.5205514776208,-12.92321731261567,0,98.17351715920691,194.5205514776208,-198.1735171592069
stress,5,3,3,90,0.8,277,-100,2,60,150000,1,0.1319444444444444,500.8859463683613,166.9619821227871,8.437500000000005,5.000000000000002,15.00000000000001,16530422.82873016,-0.3675988514691875,-0,-0.692642776079903,0.1225329504897292,0,0.2308809253599677,44.71557280895895,-0,-283.6442133002608,-14.90519093631965,0,94.54807110008693,183.6442133002608,-194.5480711000869
stress,5,3,3,90,0.8,277,-100,2,60,150000,1,0.1388888888888889,500.8859463683613,166.9619821227871,8.437500000000005,5.000000000000002,15.00000000000001,16530422.82873016,-0.3624343009763673,-0,-0.7229614921251032,0.1208114336587891,0,0.2409871640417011,50.04759065360747,-0,-273.3094644640659,-16.68253021786916,0,91.10315482135529,173.3094644640659,-191.1031548213553
stress,5,3,3,90,0.8,277,-100,2,60,150000,1,0.1458333333333333,500.8859463683613,166.9619821227871,8.437500000000005,5.000000000000002,15.00000000000001,16530422.82873016,-0.3567187017709208,-0,-0.7521819338404211,0.1189062339236403,0,0.2507273112801404,54.8493698706906,-0,-263.4639001364918,-18.2831232902302,0,87.82130004549725,163.4639001364918,-187.8213000454973
stress,5,3,3,90,0.8,277,-100,2,60,150000,1,0.1527777777777778,500.8859463683613,166.9619821227871,8.437500000000005,5.000000000000002,15.00000000000001,16530422.82873016,-0.3505059193652971,-0,-0.780354816110934,0.116835306455099,0,0.260118272036978,59.18986494062879,-0,-254.0616418385619,-19.7299549802096,0,84.68721394618731,154.0616418385619,-184.6872139461873
stress,5,3,3,90,0.8,277,-100,2,60,150000,1,0.1597222222222222,500.8859463683613,166.9619821227871,8.437500000000005,5.000000000000002,15.00000000000001,16530422.82873016,-0.3438429676989662,-0,-0.8075261694075616,0.1146143225663221,0,0.2691753898025205,63.12641069778885,-0,-245.062382587378,-21.04213689926295,0,81.68746086245932,145.062382587378,-181.6874608624593
stress,5,3,3,90,0.8,277,-100,2,60,150000,1,0.1666666666666667,500.8859463683613,166.9619821227871,8.437500000000005,5.000000000000002,15.00000000000001,16530422.82873016,-0.336771141056246,-0,-0.833737901287094,0.1122570470187487,0,0.2779126337623647,66.70706612799293,-0,-236.4305799931561,-22.23568870933098,0,78.81019333105203,136.4305799931561,-178.810193331052
stress,5,3,3,90,0.8,277,-100,2,60,150000,1,0.1736111111111111,500.8859463683613,166.9619821227871,8.437500000000005,5.000000000000002,15.00000000000001,16530422.82873016,-0.3293269219477062,-0,-0.8590282771462742,0.1097756406492354,0,0.2863427590487581,69.97241339781937,-0,-228.1347766718321,-23.32413779927312,0,76.04492555727735,128.1347766718321,-176.0449255572773
stress,5,3,3,90,0.8,277,-100,2,60,150000,1,0.1805555555555556,500.8859463683613,166.9619821227871,8.437500000000005,5.000000000000002,15.00000000000001,16530422.82873016,-0.3215427161068561,-0,-0.8834323330053595,0.1071809053689521,0,0.2944774443351199,72.95695402110454,-0,-220.1470282912714,-24.31898467370151,0,73.38234276375712,120.1470282912714,-173.3823427637571
stress,5,3,3,90,0.8,277,-100,2,60,150000,1,0.1875,500.8859463683613,166.9619821227871,8.437500000000005,5.000000000000002,15.00000000000001,16530422.82873016,-0.3134474526529101,-0,-0.9069822310665039,0.1044824842176367,0,0.3023274103555013,75.69020343983181,-0,-212.4424217524518,-25.23006781327727,0,70.81414058415061,112.4424217524518,-170.8141405841506
stress,5,3,3,90,0.8,277,-100,2,60,150000,1,0.1944444444444444,500.8859463683613,166.9619821227871,8.437500000000005,5.000000000000002,15.00000000000001,16530422.82873016,-0.3050670780606543,-0,-0.9297075670221211,0.1016890260202181,0,0.309902522340707,78.19755726769071,-0,-204.9986684980989,-26.06585242256357,0,68.3328894993663,104.9986684980989,-168.3328894993663
stress,5,3,3,90,0.8,277,-100,2,60,150000,1,0.2013888888888889,500.8859463683613,166.9619821227871,8.437500000000005,5.000000000000002,15.00000000000001,16530422.82873016,-0.2964249657324878,-0,-0.951635636586228,0.09880832191082928,0,0.317211878862076,80.50098283033692,-0,-197.7957603301388,-26.83366094344564,0,65.93192011004625,97.79576033013876,-165.9319201100462
stress,5,3,3,90,0.8,277,-100,2,60,150000,1,0.2083333333333333,500.8859463683613,166.9619821227871,8.437500000000005,5.000000000000002,15.00000000000001,16530422.82873016,-0.2875422579272375,-0,-0.9727916674661381,0.09584741930907917,0,0.3242638891553793,82.61957572743808,-0,-190.8156772424814,-27.53985857581269,0,63.6052257474938,90.8156772424814,-163.6052257474938
stress,5,3,3,90,0.8,277,-100,2,60,150000,1,0.2152777777777778,500.8859463683613,166.9619821227871,8.437500000000005,5.000000000000002,15.00000000000001,16530422.82873016,-0.2784381530477782,-0,-0.9931990219510389,0.09281271768259272,0,0.3310663406503463,84.5700111557978,-0,-184.0421385941941,-28.19000371859926,0,61.34737953139803,84.04213859419409,-161.347379531398
stress,5,3,3,90,0.8,277,-100,2,60,150000,1,0.2222222222222222,500.8859463683613,166.9619821227871,8.437500000000005,5.000000000000002,15.00000000000001,16530422.82873016,-0.2691301484666716,-0,-1.012879374434827,0.08971004948889053,0,0.3376264581449425,86.36691248046253,-0,-177.4603904708711,-28.78897082682084,0,59.15346349029036,77.46039047087109,-159.1534634902904
stress,5,3,3,90,0.8,277,-100,2,60,150000,1,0.2291666666666667,500.8859463683613,166.9619821227871,8.437500000000005,5.000000000000002,15.00000000000001,16530422.82873016,-0.2596342469249672,-0,-1.031852867482568,0.08654474897498907,0,0.3439509558275227,88.02315421636973,-0,-171.0570233412656,-29.34105140545658,0,57.01900778042187,71.05702334126562,-157.0190077804219
stress,5,3,3,90,0.8,277,-100,2,60,150000,1,0.2361111111111111,500.8859463683613,166.9619821227871,8.437500000000005,5.000000000000002,15.00000000000001,16530422.82873016,-0.2499651328959751,-0,-1.050138249466406,0.08332171096532504,0,0.3500460831554688,89.55011263449344,-0,-164.8198151503647,-29.85003754483115,0,54.93993838345492,64.81981515036475,-154.9399383834549
stress,5,3,3,90,0.8,277,-100,2,60,150000,1,0.2430555555555556,500.8859463683613,166.9619821227871,8.437500000000005,5.000000000000002,15.00000000000001,16530422.82873016,-0.2401363240355356,-0,-1.067752996315334,0.08004544134517855,0,0.3559176654384447,90.95787425017787,-0,-158.7375958362543,-30.31929141672596,0,52.91253194541809,58.73759583625426,-152.9125319454181
stress,5,3,3,90,0.8,277,-100,2,60,150000,1,0.25,500.8859463683613,166.9619821227871,8.437500000000005,5.000000000000002,15.00000000000001,16530422.82873016,-0.2301603018505199,-0,-1.084713419525153,0.07672010061683998,0,0.3615711398417177,92.25541021818827,-0,-152.8001299495655,-30.75180340606276,0,50.93337664985518,52.80012994956553,-150.9333766498552
stress,5,3,3,90,0.8,277,-100,2,60,150000,1,0.2569444444444444,500.8859463683613,166.9619821227871,8.437500000000005,5.000000000000002,15.00000000000001,16530422.82873016,-0.2200486249402498,-0,-1.101034762245156,0.07334954164674995,0,0.3670115874150521,93.45072295783891,-0,-146.9980146193526,-31.1502409859463,0,48.99933820645087,46.9980146193526,-148.9993382064509
stress,5,3,3,90,0.8,277,-100,2,60,150000,1,0.2638888888888889,500.8859463683613,166.9619821227871,8.437500000000005,5.000000000000002,15.00000000000001,16530422.82873016,-0.2098120275511896,-0,-1.116731284983911,0.0699373425170632,0,0.3722437616613039,94.55097002532156,-0,-141.3225905715559,-31.51699000844052,0,47.10753019051864,41.32259057155593,-147.1075301905186
stress,5,3,3,90,0.8,277,-100,2,60,150000,1,0.2708333333333333,500.8859463683613,166.9619821227871,8.437500000000005,5.000000000000002,15.00000000000001,16530422.82873016,-0.1994605056962564,-0,-1.131816342248095,0.06648683523208546,0,0.3772721140826983,95.56256923983572,-0,-135.7658642851045,-31.85418974661191,0,45.25528809503484,35.76586428510453,-145.2552880950348
stress,5,3,3,90,0.8,277,-100,2,60,150000,1,0.2777777777777778,500.8859463683613,166.9619821227871,8.437500000000005,5.000000000000002,15.00000000000001,16530422.82873016,-0.1890033926984672,-0,-1.146302451237271,0.06300113089948906,0,0.3821008170790903,96.49128828279238,-0,-130.320439681981,-32.16376276093079,0,43.44014656066033,30.32043968198099,-143.4401465606603
stress,5,3,3,90,0.8,277,-100,2,60,150000,1,0.2847222222222222,500.8859463683613,166.9619821227871,8.437500000000005,5.000000000000002,15.00000000000001,16530422.82873016,-0.178449425703037,-0,-1.160201353557314,0.05948314190101234,0,0.3867337845191046,97.34232137180609,-0,-124.9794580039236,-32.4474404572687,0,41.65981933464121,24.97945800392361,-141.6598193346412
stress,5,3,3,90,0.8,277,-100,2,60,150000,1,0.2916666666666667,500.8859463683613,166.9619821227871,8.437500000000005,5.000000000000002,15.00000000000001,16530422.82873016,-0.1678068044463195,-0,-1.173524070780349,0.05593560148210648,0,0.3911746902601163,98.1203551236899,-0,-119.7365447401681,-32.70678504122997,0,39.91218158005605,19.73654474016814,-139.9121815800561
stress,5,3,3,90,0.8,277,-100,2,60,150000,1,0.2986111111111111,500.8859463683613,166.9619821227871,8.437500000000005,5.000000000000002,15.00000000000001,16530422.82873016,-0.1570832433616531,-0,-1.186280954565266,0.05236108112055104,0,0.3954269848550887,98.82962533349959,-0,-114.5857626460235,-32.94320844449987,0,38.19525421534117,14.5857626460235,-138.1952542153412
stress,5,3,3,90,0.8,277,-100,2,60,150000,1,0.3055555555555556,500.8859463683613,166.9619821227871,8.437500000000005,5.000000000000002,15.00000000000001,16530422.82873016,-0.1462860179315598,-0,-1.198481731956497,0.04876200597718661,0,0.3994939106521657,99.47396608740794,-0,-109.5215700377774,-33.15798869580265,0,36.50719001259247,9.521570037777394,-136.5071900125925
stress,5,3,3,90,0.8,277,-100,2,60,150000,1,0.3125,500.8859463683613,166.9619821227871,8.437500000000005,5.000000000000002,15.00000000000001,16530422.82873016,-0.1354220060553866,-0,-1.210135546396852,0.04514066868512888,0,0.4033785154656174,100.0568523787915,-0,-104.538783670871,-33.35228412626383,0,34.84626122362368,4.538783670871027,-134.8462612236237
stress,5,3,3,90,0.8,277,-100,2,60,150000,1,0.3194444444444444,500.8859463683613,166.9619821227871,8.437500000000005,5.000000000000002,15.00000000000001,16530422.82873016,-0.1244977250854423,-0,-1.221250994920443,0.04149924169514745,0,0.4070836649734811,100.5814371963483,-0,-99.63254560977829,-33.5271457321161,0,33.21084853659276,-0.3674543902217096,-133.2108485365928
stress,5,3,3,90,0.8,277,-100,2,60,150000,1,0.3263888888888889,500.8859463683613,166.9619821227871,8.437500000000005,5.000000000000002,15.00000000000001,16530422.82873016,-0.1135193650883579,-0,-1.231836161932068,0.03783978836278596,0,0.410612053977356,101.0505838903152,-0,-94.7982935831339,-33.68352796343839,0,31.59943119437797,-5.201706416866102,-131.599431194378
stress,5,3,3,90,0.8,277,-100,2,60,150000,1,0.3333333333333333,500.8859463683613,166.9619821227871,8.437500000000005,5.000000000000002,15.00000000000001,16530422.82873016,-0.1024928188080872,-0,-1.241898649928292,0.03416427293602908,0,0.413966216642764,101.4668944901438,-0,-90.03173438921284,-33.82229816338126,0,30.01057812973761,-9.968265610787157,-130.0105781297376
stress,5,3,3,90,0.8,277,-100,2,60,150000,1,0.3402777777777778,500.8859463683613,166.9619821227871,8.437500000000005,5.000000000000002,15.00000000000001,16530422.82873016,-0.0914237087397646,-0,-1.251445607471487,0.03047456957992153,0,0.4171485358238292,101.8327345382892,-0,-85.32881997722278,-33.9442448460964,0,28.44293999240759,-14.67118002277722,-128.4429399924076
stress,5,3,3,90,0.8,277,-100,2,60,150000,1,0.3472222222222222,500.8859463683613,166.9619821227871,8.437500000000005,5.000000000000002,15.00000000000001,16530422.82873016,-0.08031741166716586,-0,-1.260483754690161,0.02677247055572195,0,0.4201612515633871,102.1502549153172,-0,-80.68572588091129,-34.05008497177241,0,26.89524196030376,-19.31427411908871,-126.8952419603038
stress,5,3,3,90,0.8,277,-100,2,60,150000,1,0.3541666666666667,500.8859463683613,166.9619821227871,8.437500000000005,5.000000000000002,15.00000000000001,16530422.82873016,-0.06917908096893695,-0,-1.269019406546097,0.02305969365631232,0,0.4230064688486989,102.4214110576254,-0,-76.09883172428492,-34.14047035254181,0,25.36627724142831,-23.90116827571508,-125.3662772414283
stress,5,3,3,90,0.8,277,-100,2,60,150000,1,0.3611111111111111,500.8859463683613,166.9619821227871,8.437500000000005,5.000000000000002,15.00000000000001,16530422.82873016,-0.05801366695848967,-0,-1.277058494080381,0.01933788898616322,0,0.4256861646934604,102.6479799077417,-0,-71.56470355604704,-34.21599330258057,0,23.85490118534901,-28.43529644395296,-123.854901185349
stress,5,3,3,90,0.8,277,-100,2,60,150000,1,0.3680555555555556,500.8859463683613,166.9619821227871,8.437500000000005,5.000000000000002,15.00000000000001,16530422.82873016,-0.04682593548831278,-0,-1.284606583825649,0.01560864516277093,0,0.4282021946085496,102.8315748860723,-0,-67.08007780074671,-34.27719162869076,0,22.36002593358224,-32.91992219925329,-122.3600259335822
stress,5,3,3,90,0.8,277,-100,2,60,150000,1,0.375,500.8859463683613,166.9619821227871,8.437500000000005,5.000000000000002,15.00000000000001,16530422.82873016,-0.03562048502038933,-0,-1.29166889555027,0.01187349500679644,0,0.4305562985167565,102.9736591302314,-0,-62.64184664145456,-34.32455304341048,0,20.88061554715152,-37.35815335854544,-120.8806155471515
stress,5,3,3,90,0.8,277,-100,2,60,150000,1,0.3819444444444444,500.8859463683613,166.9619821227871,8.437500000000005,5.000000000000002,15.00000000000001,16530422.82873016,-0.02440176233962178,-0,-1.298250318481341,0.008133920779873925,0,0.432750106160447,103.0755572122088,-0,-58.24704467176028,-34.35851907073628,0,19.41568155725342,-41.75295532823972,-119.4156815572534
stress,5,3,3,90,0.8,277,-100,2,60,150000,1,0.3888888888888889,500.8859463683613,166.9619821227871,8.437500000000005,5.000000000000002,15.00000000000001,16530422.82873016,-0.01317407706595134,-0,-1.304355426136777,0.00439135902198378,0,0.4347851420455924,103.1384655133841,-0,-53.89283667460716,-34.37948850446137,0,17.96427889153572,-46.10716332539284,-117.9642788915357
stress,5,3,3,90,0.8,277,-100,2,60,150000,1,0.3958333333333333,500.8859463683613,166.9619821227871,8.437500000000005,5.000000000000002,15.00000000000001,16530422.82873016,-0.001941615102707961,-0,-1.309988489882222,0.000647205034235987,0,0.4366628299607405,103.1634614118154,-0,-49.57650640245788,-34.38782047060514,0,16.52550213415263,-50.42349359754212,-116.5255021341526
stress,5,3,3,90,0.8,277,-100,2,60,150000,1,0.4027777777777778,500.8859463683613,166.9619821227871,8.437500000000005,5.000000000000002,15.00000000000001,16530422.82873016,0.009291548856891797,-0,-1.315153491315654,-0.003097182952297266,0,0.438384497105218,103.1515114144987,-0,-45.29544624790439,-34.38383713816624,0,15.0984820826348,-54.70455375209561,-115.0984820826348
stress,5,3,3,90,0.8,277,-100,2,60,150000,1,0.4097222222222222,500.8859463683613,166.9619821227871,8.437500000000005,5.000000000000002,15.00000000000001,16530422.82873016,0.02052143965658078,-0,-1.3198541335712,-0.006840479885526926,0,0.4399513778570666,103.1034783487682,-0,-41.04714770646739,-34.36782611625608,0,13.68238256882246,-58.95285229353261,-113.6823825688225
stress,5,3,3,90,0.8,277,-100,2,60,150000,1,0.4166666666666667,500.8859463683613,166.9619821227871,8.437500000000005,5.000000000000002,15.00000000000001,16530422.82873016,0.03174417074025555,-0,-1.324093851623557,-0.01058139024675185,0,0.4413646172078523,103.0201277111502,-0,-36.82919254424179,-34.3400425703834,0,12.27639751474726,-63.17080745575821,-112.2763975147473
stress,5,3,3,90,0.8,277,-100,2,60,150000,1,0.4236111111111111,500.8859463683613,166.9619821227871,8.437500000000005,5.000000000000002,15.00000000000001,16530422.82873016,0.042955933864538,-0,-1.327875821665465,-0.01431864462151267,0,0.4426252738884884,102.9021332583505,-0,-32.63924459250035,-34.30071108611683,0,10.87974819750012,-67.36075540749965,-110.8797481975001
stress,5,3,3,90,0.8,277,-100,2,60,150000,1,0.4305555555555556,500.8859463683613,166.9619821227871,8.437500000000005,5.000000000000002,15.00000000000001,16530422.82873016,0.05415298938224117,-0,-1.331202969622632,-0.01805099646074706,0,0.4437343232075439,102.7500819132844,-0,-28.47504209954252,-34.25002730442814,0,9.491680699847507,-71.52495790045748,-109.4916806998475
stress,5,3,3,90,0.8,277,-100,2,60,150000,1,0.4375,500.8859463683613,166.9619821227871,8.437500000000005,5.000000000000002,15.00000000000001,16530422.82873016,0.06533165702564184,-0,-1.334077978863312,-0.02177721900854728,0,0.4446926596211042,102.564478048845,-0,-24.33439057717825,-34.18815934961498,0,8.111463525726084,-75.66560942282175,-108.1114635257261
stress,5,3,3,90,0.8,277,-100,2,60,150000,1,0.4444444444444444,500.8859463683613,166.9619821227871,8.437500000000005,5.000000000000002,15.00000000000001,16530422.82873016,0.07648830712481612,-0,-1.336503297153293,-0.02549610237493871,0,0.4455010990510976,102.3457472031979,-0,-20.2151560853709,-34.11524906773263,0,6.7383853617903,-79.78484391462911,-106.7383853617903
stress,5,3,3,90,0.8,277,-100,2,60,150000,1,0.4513888888888889,500.8859463683613,166.9619821227871,8.437500000000005,5.000000000000002,15.00000000000001,16530422.82873016,0.08761935220170065,-0,-1.338481142901143,-0.02920645073390022,0,0.4461603809670477,102.0942392725751,-0,-16.11525890389144,-34.03141309085836,0,5.371752967963815,-83.88474109610856,-105.3717529679638
stress,5,3,3,90,0.8,277,-100,2,60,150000,1,0.4583333333333333,500.8859463683613,166.9619821227871,8.437500000000005,5.000000000000002,15.00000000000001,16530422.82873016,0.09872123888516991,-0,-1.34001351073332,-0.03290707962838997,0,0.44667117024444,101.8102312206371,-0,-12.03266754443062,-33.93674374021237,0,4.010889181476873,-87.96733245556938,-104.0108891814769
stress,5,3,3,90,0.8,277,-100,2,60,150000,1,0.4652777777777778,500.8859463683613,166.9619821227871,8.437500000000005,5.000000000000002,15.00000000000001,16530422.82873016,0.1097904400963371,-0,-1.341102176433832,-0.03659681336544571,0,0.4470340588112775,101.493929337333,-0,-7.965393060580594,-33.83130977911101,0,2.655131020193531,-92.0346069394194,-102.6551310201935
stress,5,3,3,90,0.8,277,-100,2,60,150000,1,0.4722222222222222,500.8859463683613,166.9619821227871,8.437500000000005,5.000000000000002,15.00000000000001,16530422.82873016,0.1208234474565642,-0,-1.341748701278749,-0.0402744824855214,0,0.4472495670929165,101.1454710746753,-0,-3.911483616501109,-33.71515702489178,0,1.303827872167036,-96.08851638349888,-101.303827872167
stress,5,3,3,90,0.8,277,-100,2,60,150000,1,0.4791666666666667,500.8859463683613,166.9619821227871,8.437500000000005,5.000000000000002,15.00000000000001,16530422.82873016,0.13181676387337,-0,-1.341954435791712,-0.04393892129112335,0,0.4473181452639041,100.7649264818562,0,0.1309807220066785,-33.58830882728541,-0,-0.04366024066889285,-100.1309807220067,-99.9563397593311
stress,5,3,3,90,0.8,277,-100,2,60,150000,1,0.4861111111111111,500.8859463683613,166.9619821227871,8.437500000000005,5.000000000000002,15.00000000000001,16530422.82873016,0.1427668962616274,-0,-1.341720522942811,-0.04758896542054245,0,0.4472401743142703,100.3522992575567,0,4.163893007841163,-33.45076641918558,-0,-1.387964335947054,-104.1638930078412,-98.61203566405294
stress,5,3,3,90,0.8,277,-100,2,60,150000,1,0.4930555555555556,500.8859463683613,166.9619821227871,8.437500000000005,5.000000000000002,15.00000000000001,16530422.82873016,0.1536703483591384,-0,-1.341047900809616,-0.05122344945304613,0,0.4470159669365388,99.90752743306416,0,8.189124276119831,-33.30250914435472,-0,-2.729708092039943,-108.1891242761198,-97.27029190796006
stress,5,3,3,90,0.8,277,-100,2,60,150000,1,0.5,500.8859463683613,166.9619821227871,8.437500000000005,5.000000000000002,15.00000000000001,16530422.82873016,0.164523613596949,-0,-1.339937304715785,-0.05484120453231634,0,0.4466457682385949,99.43048369582766,0,12.20852828095559,-33.14349456527589,-0,-4.069509426985197,-112.2085282809556,-95.93049057301481
stress,5,3,3,90,0.8,277,-100,2,60,150000,1,0.5069444444444444,500.8859463683613,166.9619821227871,8.437500000000005,5.000000000000002,15.00000000000001,16530422.82873016,0.1753231679856019,-0,-1.338389268859471,-0.05844105599520063,0,0.4461297562864904,98.9209753592842,0,16.22394613422056,-32.97365845309474,-0,-5.407982044740187,-116.2239461342206,-94.59201795525982
stress,5,3,3,90,0.8,277,-100,2,60,150000,1,0.5138888888888888,500.8859463683613,166.9619821227871,8.437500000000005,5.000000000000002,15.00000000000001,16530422.82873016,0.1860654629789567,-0,-1.336404127440699,-0.06202182099298555,0,0.4454680424802329,98.37874398110826,0,20.23721087399442,-32.79291466036942,-0,-6.74573695799814,-120.2372108739944,-93.25426304200187
stress,5,3,3,90,0.8,277,-100,2,60,150000,1,0.5208333333333334,500.8859463683613,166.9619821227871,8.437500000000005,5.000000000000002,15.00000000000001,16530422.82873016,0.1967469182772504,-0,-1.333982015293874,-0.06558230609241679,0,0.4446606717646246,97.80346462841496,0,24.25015198966415,-32.60115487613832,-0,-8.083383996554716,-124.2501519896641,-91.91661600344528
stress,5,3,3,90,0.8,277,-100,2,60,150000,1,0.5277777777777778,500.8859463683613,166.9619821227871,8.437500000000005,5.000000000000002,15.00000000000001,16530422.82873016,0.2073639145307107,-0,-1.331122868028718,-0.06912130484357022,0,0.4437076226762394,97.19474478481891,0,28.26459993019639,-32.39824826160631,-0,-9.421533310065463,-128.2645999301964,-90.57846668993454
stress,5,3,3,90,0.8,277,-100,2,60,150000,1,0.5347222222222222,500.8859463683613,166.9619821227871,8.437500000000005,5.000000000000002,15.00000000000001,16530422.82873016,0.2179127859042756,-0,-1.327826421680013,-0.07263759530142519,0,0.442608807226671,96.55212289056013,0,32.28239062193597,-32.18404096352004,-0,-10.76079687397866,-132.282390621936,-89.23920312602135
stress,5,3,3,90,0.8,277,-100,2,60,150000,1,0.5416666666666666,500.8859463683613,166.9619821227871,8.437500000000005,5.000000000000002,15.00000000000001,16530422.82873016,0.2283898124628182,-0,-1.324092211863682,-0.07612993748760608,0,0.4413640706212275,95.87506650308598,0,36.30537002239788,-31.95835550102866,-0,-12.10179000746596,-136.3053700223979,-87.89820999253403
stress,5,3,3,90,0.8,277,-100,2,60,150000,1,0.5486111111111112,500.8859463683613,166.9619821227871,8.437500000000005,5.000000000000002,15.00000000000001,16530422.82873016,0.2387912123346723,-0,-1.319919572433841,-0.07959707077822412,0,0.4399731908112804,95.16297006146981,0,40.3353987369043,-31.72099002048994,-0,-13.44513291230143,-140.3353987369043,-86.55486708769857
stress,5,3,3,90,0.8,277,-100,2,60,150000,1,0.5555555555555556,500.8859463683613,166.9619821227871,8.437500000000005,5.000000000000002,15.00000000000001,16530422.82873016,0.2491131336092355,-0,-1.315307633632463,-0.08303771120307851,0,0.4384358778774877,94.41515223377036,0,44.37435672559957,-31.47171741125678,-0,-14.79145224186652,-144.3743567255996,-85.20854775813348
stress,5,3,3,90,0.8,277,-100,2,60,150000,1,0.5625,500.8859463683613,166.9619821227871,8.437500000000005,5.000000000000002,15.00000000000001,16530422.82873016,0.2593516459218764,-0,-1.310255319720302,-0.08645054864062549,0,0.4367517732401006,93.63085282182885,0,48.42414812933397,-31.21028427394295,-0,-16.14138270977799,-148.424148129334,-83.85861729022201
stress,5,3,3,90,0.8,277,-100,2,60,150000,1,0.5694444444444444,500.8859463683613,166.9619821227871,8.437500000000005,5.000000000000002,15.00000000000001,16530422.82873016,0.2695027316763559,-0,-1.304761346074495,-0.08983424389211861,0,0.4349204486914984,92.80922919296677,0,52.48670624419804,-30.93640973098892,-0,-17.49556874806601,-152.486706244198,-82.50443125193399
stress,5,3,3,90,0.8,277,-100,2,60,150000,1,0.5763888888888888,500.8859463683613,166.9619821227871,8.437500000000005,5.000000000000002,15.00000000000001,16530422.82873016,0.2795622768513201,-0,-1.298824215734991,-0.09318742561710669,0,0.4329414052449971,91.94935220250167,0,56.56399867608974,-30.64978406750055,-0,-18.85466622536325,-156.5639986760897,-81.14533377463675
stress,5,3,3,90,0.8,277,-100,2,60,150000,1,0.5833333333333334,500.8859463683613,166.9619821227871,8.437500000000005,5.000000000000002,15.00000000000001,16530422.82873016,0.2895260613331904,-0,-1.292442215378383,-0.09650868711106347,0,0.4308140717927943,91.0502015648283,0,60.65803270867487,-30.3500671882761,-0,-20.21934423622496,-160.6580327086749,-79.78065576377504
stress,5,3,3,90,0.8,277,-100,2,60,150000,1,0.5902777777777778,500.8859463683613,166.9619821227871,8.437500000000005,5.000000000000002,15.00000000000001,16530422.82873016,0.2993897487127906,-0,-1.285613410693998,-0.09979658290426352,0,0.4285378035646659,90.11066062389142,0,64.77086092045815,-30.03688687463047,-0,-21.59028697348605,-164.7708609204581,-78.40971302651394
stress,5,3,3,90,0.8,277,-100,2,60,150000,1,0.5972222222222222,500.8859463683613,166.9619821227871,8.437500000000005,5.000000000000002,15.00000000000001,16530422.82873016,0.3091488754772773,-0,-1.278335641133051,-0.1030496251590924,0,0.4261118803776837,89.12951046607191,0,68.90458708947202,-29.70983682202397,-0,-22.96819569649067,-168.904587089472,-77.03180430350933
stress,5,3,3,90,0.8,277,-100,2,60,150000,1,0.6041666666666666,500.8859463683613,166.9619821227871,8.437500000000005,5.000000000000002,15.00000000000001,16530422.82873016,0.3187988395222832,-0,-1.270606513997294,-0.1062662798407611,0,0.4235355046657648,88.10542330963156,0,73.06137242736884,-29.36847443654386,-0,-24.35379080912294,-173.0613724273688,-75.64620919087706
stress,5,3,3,90,0.8,277,-100,2,60,150000,1,0.6111111111111112,500.8859463683613,166.9619821227871,8.437500000000005,5.000000000000002,15.00000000000001,16530422.82873016,0.3283348879014447,-0,-1.26242339782885,-0.1094449626338149,0,0.4208077992762834,87.03695509473661,0,77.2434421885004,-29.0123183649122,-0,-25.74781406283347,-177.2434421885004,-74.25218593716653
stress,5,3,3,90,0.8,277,-100,2,60,150000,1,0.6180555555555556,500.8859463683613,166.9619821227871,8.437500000000005,5.000000000000002,15.00000000000001,16530422.82873016,0.3377521037216158,-0,-1.253783415057723,-0.1125840345738719,0,0.4179278050192409,85.92253718645244,0,81.45309270398556,-28.64084572881748,-0,-27.15103090132852,-181.4530927039856,-72.84896909867149
stress,5,3,3,90,0.8,277,-100,2,60,150000,1,0.625,500.8859463683613,166.9619821227871,8.437500000000005,5.000000000000002,15.00000000000001,16530422.82873016,0.3470453920818123,-0,-1.244683433857751,-0.1156817973606041,0,0.4148944779525837,84.76046708970044,0,85.69269889585934,-28.25348902990015,-0,-28.56423296528644,-185.6926988958593,-71.43576703471356
stress,5,3,3,90,0.8,277,-100,2,60,150000,1,0.6319444444444444,500.8859463683613,166.9619821227871,8.437500000000005,5.000000000000002,15.00000000000001,16530422.82873016,0.3562094649420995,-0,-1.235120059155475,-0.1187364883140332,0,0.4117066863851582,83.54889805965624,0,89.96472233226346,-27.84963268655208,-0,-29.98824077742115,-189.9647223322635,-70.01175922257885
stress,5,3,3,90,0.8,277,-100,2,60,150000,1,0.6388888888888888,500.8859463683613,166.9619821227871,8.437500000000005,5.000000000000002,15.00000000000001,16530422.82873016,0.3652388247950043,-0,-1.225089622729368,-0.1217462749316681,0,0.4083632075764561,82.28582747303899,0,94.27171989139848,-27.42860915767966,-0,-31.42390663046616,-194.2717198913985,-68.57609336953384
stress,5,3,3,90,0.8,277,-100,2,60,150000,1,0.6458333333333334,500.8859463683613,166.9619821227871,8.437500000000005,5.000000000000002,15.00000000000001,16530422.82873016,0.3741277469962577,-0,-1.214588172329131,-0.1247092489987526,0,0.4048627241097103,80.9690838047119,0,98.61635310972332,-26.98969460157063,-0,-32.87211770324111,-198.6163531097233,-67.12788229675888
stress,5,3,3,90,0.8,277,-100,2,60,150000,1,0.6527777777777778,500.8859463683613,166.9619821227871,8.437500000000005,5.000000000000002,15.00000000000001,16530422.82873016,0.3828702605934312,-0,-1.203611459736005,-0.1276234201978104,0,0.4012038199120018,79.5963120293907,0,103.0013982988276,-26.5321040097969,-0,-34.33379943294252,-203.0013982988276,-65.66620056705747
stress,5,3,3,90,0.8,277,-100,2,60,150000,1,0.6597222222222222,500.8859463683613,166.9619821227871,8.437500000000005,5.000000000000002,15.00000000000001,16530422.82873016,0.3914601274698749,-0,-1.192154927675377,-0.130486709156625,0,0.3973849758917922,78.16495723932755,0,107.4297575256738,-26.05498574644252,-0,-35.80991917522459,-207.4297575256738,-64.19008082477541
stress,5,3,3,90,0.8,277,-100,2,60,150000,1,0.6666666666666666,500.8859463683613,166.9619821227871,8.437500000000005,5.000000000000002,15.00000000000001,16530422.82873016,0.3998908195967875,-0,-1.180213695481946,-0.1332969398655958,0,0.3934045651606486,76.67224623471981,0,111.9044705627359,-25.55741541157327,-0,-37.30149018757864,-211.9044705627359,-62.69850981242136
stress,5,3,3,90,0.8,277,-100,2,60,150000,1,0.6736111111111112,500.8859463683613,166.9619821227871,8.437500000000005,5.000000000000002,15.00000000000001,16530422.82873016,0.4081554941576233,-0,-1.167782543405466,-0.1360518313858744,0,0.389260847801822,75.11516680322133,0,116.4287279281703,-25.03838893440711,-0,-38.80957597605676,-216.4287279281703,-61.19042402394324
stress,5,3,3,90,0.8,277,-100,2,60,150000,1,0.6805555555555556,500.8859463683613,166.9619821227871,8.437500000000005,5.000000000000002,15.00000000000001,16530422.82873016,0.4162469662756224,-0,-1.154855895431098,-0.1387489887585408,0,0.3849519651436994,73.49044435697641,0,121.0058851518456,-24.4968147856588,-0,-40.33529505061522,-221.0058851518456,-59.66470494938478
stress,5,3,3,90,0.8,277,-100,2,60,150000,1,0.6875,500.8859463683613,166.9619821227871,8.437500000000005,5.000000000000002,15.00000000000001,16530422.82873016,0.4241576790361296,-0,-1.141427800472705,-0.1413858930120432,0,0.3804759334909017,71.79451553842898,0,125.6394784211502,-23.93150517947633,-0,-41.87982614038341,-225.6394784211502,-58.12017385961659
stress,5,3,3,90,0.8,277,-100,2,60,150000,1,0.6944444444444444,500.8859463683613,166.9619821227871,8.437500000000005,5.000000000000002,15.00000000000001,16530422.82873016,0.4318796704494149,-0,-1.127491911779514,-0.143959890149805,0,0.375830637259838,70.02349833774448,0,130.3332417813754,-23.3411661125815,-0,-43.44441392712513,-230.3332417813754,-56.55558607287487
stress,5,3,3,90,0.8,277,-100,2,60,150000,1,0.7013888888888888,500.8859463683613,166.9619821227871,8.437500000000005,5.000000000000002,15.00000000000001,16530422.82873016,0.4394045369455966,-0,-1.113041464376293,-0.1464681789818655,0,0.3710138214587643,68.17315818249307,0,135.0911260895973,-22.72438606083102,-0,-45.03037536319911,-235.0911260895973,-54.96962463680089
stress,5,3,3,90,0.8,277,-100,2,60,150000,1,0.7083333333333334,500.8859463683613,166.9619821227871,8.437500000000005,5.000000000000002,15.00000000000001,16530422.82873016,0.4467233929293162,-0,-1.098069250334006,-0.1489077976431054,0,0.3660230834446687,66.23886936110351,0,139.9173199488754,-22.07962312036784,-0,-46.63910664962513,-239.9173199488754,-53.36089335037487
stress,5,3,3,90,0.8,277,-100,2,60,150000,1,0.7152777777777778,500.8859463683613,166.9619821227871,8.437500000000005,5.000000000000002,15.00000000000001,16530422.82873016,0.4538268258459484,-0,-1.082567591641537,-0.1512756086153161,0,0.3608558638805124,64.21557102151979,0,144.8162728818368,-21.4051903405066,-0,-48.27209096061226,-244.8162728818368,-51.72790903938774
stress,5,3,3,90,0.8,277,-100,2,60,150000,1,0.7222222222222222,500.8859463683613,166.9619821227871,8.437500000000005,5.000000000000002,15.00000000000001,16530422.82873016,0.4607048461208527,-0,-1.066528310418841,-0.1535682820402842,0,0.3555094368062805,62.09771684041162,0,149.792721040062,-20.69923894680387,-0,-49.93090701335401,-249.792721040062,-50.06909298664599
stress,5,3,3,90,0.8,277,-100,2,60,150000,1,0.7291666666666666,500.8859463683613,166.9619821227871,8.437500000000005,5.000000000000002,15.00000000000001,16530422.82873016,0.4673468312252677,-0,-1.049942696177351,-0.1557822770750892,0,0.3499808987257837,59.879217279787,0,154.8517157888792,-19.95973909326233,-0,-51.61723859629308,-254.8517157888792,-48.38276140370692
stress,5,3,3,90,0.8,277,-100,2,60,150000,1,0.7361111111111112,500.8859463683613,166.9619821227871,8.437500000000005,5.000000000000002,15.00000000000001,16530422.82873016,0.4737414629929813,-0,-1.032801469793799,-0.1579138209976604,0,0.3442671565979328,57.55337312869293,0,159.9986555571461,-19.18445770956431,-0,-53.33288518571538,-259.9986555571461,-46.66711481428462
stress,5,3,3,90,0.8,277,-100,2,60,150000,1,0.7430555555555556,500.8859463683613,166.9619821227871,8.437500000000005,5.000000000000002,15.00000000000001,16530422.82873016,0.4798766571559119,-0,-1.015094743818138,-0.1599588857186373,0,0.338364914606046,55.11279875729181,0,165.239321399334,-18.37093291909727,-0,-55.079773799778,-265.239321399334,-44.920226200222
stress,5,3,3,90,0.8,277,-100,2,60,150000,1,0.75,500.8859463683613,166.9619821227871,8.437500000000005,5.000000000000002,15.00000000000001,16530422.82873016,0.4857394838778754,-0,-0.9968119786840095,-0.1619131612926251,0,0.3322706595613365,52.54933317527261,0,170.5799167837892,-17.51644439175754,-0,-56.85997226126306,-270.5799167837891,-43.14002773873694
stress,5,3,3,90,0.8,277,-100,2,60,150000,1,0.7569444444444444,500.8859463683613,166.9619821227871,8.437500000000005,5.000000000000002,15.00000000000001,16530422.82873016,0.4913160778361386,-0,-0.9779419343301465,-0.1637720259453795,0,0.3259806447767155,49.85393656845665,0,176.027112197563,-16.61797885615222,-0,-58.67570406585432,-276.0271121975629,-41.32429593414568
stress,5,3,3,90,0.8,277,-100,2,60,150000,1,0.7638888888888888,500.8859463683613,166.9619821227871,8.437500000000005,5.000000000000002,15.00000000000001,16530422.82873016,0.4965915361196059,-0,-0.9584726166721934,-0.1655305120398686,0,0.3194908722240645,47.01656946322005,0,181.588095245699,-15.67218982107335,-0,-60.52936508189968,-281.588095245699,-39.47063491810032
stress,5,3,3,90,0.8,277,-100,2,60,150000,1,0.7708333333333334,500.8859463683613,166.9619821227871,8.437500000000005,5.000000000000002,15.00000000000001,16530422.82873016,0.501549801867518,-0,-0.9383912182852876,-0.1671832672891727,0,0.3127970727617626,44.02605100712094,0,187.2706270222095,-14.67535033570698,-0,-62.42354234073648,-287.2706270222095,-37.57645765926352
stress,5,3,3,90,0.8,277,-100,2,60,150000,1,0.7777777777777778,500.8859463683613,166.9619821227871,8.437500000000005,5.000000000000002,15.00000000000001,16530422.82873016,0.506173531146315,-0,-0.917684052567141,-0.168724510382105,0,0.305894684189047,40.8698920148755,0,193.0831056415199,-13.62329733829183,-0,-64.36103521383995,-293.0831056415199,-35.63896478616005
stress,5,3,3,90,0.8,277,-100,2,60,150000,1,0.7847222222222222,500.8859463683613,166.9619821227871,8.437500000000005,5.000000000000002,15.00000000000001,16530422.82873016,0.5104439400325721,-0,-0.8963364805480045,-0.1701479800108574,0,0.2987788268493348,37.53409735665988,0,199.0346379423366,-12.51136578555329,-0,-66.34487931411221,-299.0346379423366,-33.65512068588779
stress,5,3,3,90,0.8,277,-100,2,60,150000,1,0.7916666666666666,500.8859463683613,166.9619821227871,8.437500000000005,5.000000000000002,15.00000000000001,16530422.82873016,0.5143406282075186,-0,-0.8743328293965282,-0.1714468760691729,0,0.2914442764655094,34.00293088643377,0,205.1351205084617,-11.33431029547792,-0,-68.37837350282057,-305.1351205084617,-31.62162649717943
stress,5,3,3,90,0.8,277,-100,2,60,150000,1,0.7986111111111112,500.8859463683613,166.9619821227871,8.437500000000005,5.000000000000002,15.00000000000001,16530422.82873016,0.5178413745348786,-0,-0.8516563015384842,-0.1726137915116262,0,0.2838854338461614,30.25863432064853,0,211.3953312877964,-10.08621144021618,-0,-70.46511042926545,-311.3953312877964,-29.53488957073455
stress,5,3,3,90,0.8,277,-100,2,60,150000,1,0.8055555555555556,500.8859463683613,166.9619821227871,8.437500000000005,5.000000000000002,15.00000000000001,16530422.82873016,0.5209218990371054,-0,-0.8282888731585328,-0.1736406330123685,0,0.2760962910528443,26.28108914359475,0,217.8270332214385,-8.760363047864915,-0,-72.60901107381284,-317.8270332214385,-27.39098892618716
stress,5,3,3,90,0.8,277,-100,2,60,150000,1,0.8125,500.8859463683613,166.9619821227871,8.437500000000005,5.000000000000002,15.00000000000001,16530422.82873016,0.523555584336041,-0,-0.8042111806954179,-0.1745185281120137,0,0.2680703935651393,22.04740754249227,0,224.4430914006155,-7.349135847497422,-0,-74.81436380020517,-324.4430914006155,-25.18563619979483
stress,5,3,3,90,0.8,277,-100,2,60,150000,1,0.8194444444444444,500.8859463683613,166.9619821227871,8.437500000000005,5.000000000000002,15.00000000000001,16530422.82873016,0.5257131478883519,-0,-0.7794023937722981,-0.175237715962784,0,0.2598007979240994,17.53143429393428,0,231.2576053173447,-5.843811431311426,-0,-77.08586843911489,-331.2576053173447,-22.91413156088511
stress,5,3,3,90,0.8,277,-100,2,60,150000,1,0.8263888888888888,500.8859463683613,166.9619821227871,8.437500000000005,5.000000000000002,15.00000000000001,16530422.82873016,0.5273622540944312,-0,-0.7538400728356703,-0.1757874180314771,0,0.2512800242785568,12.70313605246518,0,238.2860577084912,-4.234378684155059,-0,-79.42868590283041,-338.2860577084912,-20.57131409716959
stress,5,3,3,90,0.8,277,-100,2,60,150000,1,0.8333333333333334,500.8859463683613,166.9619821227871,8.437500000000005,5.000000000000002,15.00000000000001,16530422.82873016,0.5284670524126287,-0,-0.7275000096255965,-0.1761556841375429,0,0.2425000032085322,7.527847086728725,0,245.5454812158907,-2.509282362242908,-0,-81.84849373863024,-345.5454812158907,-18.15150626136976
stress,5,3,3,90,0.8,277,-100,2,60,150000,1,0.8402777777777778,500.8859463683613,166.9619821227871,8.437500000000005,5.000000000000002,15.00000000000001,16530422.82873016,0.5289876237177782,-0,-0.7003560484978342,-0.176329207905926,0,0.2334520161659447,1.965330379498418,0,253.0546434339582,-0.6551101264994728,-0,-84.35154781131941,-353.0546434339582,-15.64845218868059
stress,5,3,3,90,0.8,277,-100,2,60,150000,1,0.8472222222222222,500.8859463683613,166.9619821227871,8.437500000000005,5.000000000000002,15.00000000000001,16530422.82873016,0.5288793119484742,-0,-0.6723798866195737,-0.1762931039828247,0,0.2241266288731912,-4.031401002003163,0,260.8342496133448,1.343800334001054,-0,-86.94474987111494,-360.8342496133448,-13.05525012888506
stress,5,3,3,90,0.8,277,-100,2,60,150000,1,0.8541666666666666,500.8859463683613,166.9619821227871,8.437500000000005,5.000000000000002,15.00000000000001,16530422.82873016,0.5280919110815449,-0,-0.643540851259102,-0.1760306370271816,0,0.2145136170863673,-10.51757696863895,0,268.9071598620084,3.505858989546318,-0,-89.63571995400281,-368.9071598620084,-10.36428004599719
stress,5,3,3,90,0.8,277,-100,2,60,150000,1,0.8611111111111112,500.8859463683613,166.9619821227871,8.437500000000005,5.000000000000002,15.00000000000001,16530422.82873016,0.5265686679136666,-0,-0.613805652948562,-0.1755228893045555,0,0.2046018843161873,-17.55858040687096,0,277.2986133213814,5.852860135623654,-0,-92.43287110712711,-377.2986133213814,-7.567128892872887
stress,5,3,3,90,0.8,277,-100,2,60,150000,1,0.8680555555555556,500.8859463683613,166.9619821227871,8.437500000000005,5.000000000000002,15.00000000000001,16530422.82873016,0.5242450479271836,-0,-0.5831381144985854,-0.1747483493090612,0,0.1943793714995285,-25.23241656295949,0,286.0364440849284,8.410805520986495,-0,-95.3454813616428,-386.0364440849284,-4.654518638357203
stress,5,3,3,90,0.8,277,-100,2,60,150000,1,0.875,500.8859463683613,166.9619821227871,8.437500000000005,5.000000000000002,15.00000000000001,16530422.82873016,0.5210471930366163,-0,-0.5514988781706239,-0.1736823976788721,0,0.183832959390208,-33.63294252202454,0,295.1512600877281,11.21098084067484,-0,-98.38375336257603,-395.1512600877281,-1.61624663742397
stress,5,3,3,90,0.8,277,-100,2,60,150000,1,0.8819444444444444,500.8859463683613,166.9619821227871,8.437500000000005,5.000000000000002,15.00000000000001,16530422.82873016,0.5168899737718788,-0,-0.5188450976200053,-0.1722966579239596,0,0.1729483658733351,-42.87414378481325,0,304.6765323917198,14.29138126160442,-0,-101.5588441305732,-404.6765323917198,1.558844130573249
stress,5,3,3,90,0.8,277,-100,2,60,150000,1,0.8888888888888888,500.8859463683613,166.9619821227871,8.437500000000005,5.000000000000002,15.00000000000001,16530422.82873016,0.5116745006167094,-0,-0.4851301290233919,-0.1705581668722365,0,0.1617100430077973,-53.09587493861505,0,314.6485001402083,17.69862497953835,-0,-104.8828333800694,-414.6485001402083,4.882833380069428
stress,5,3,3,90,0.8,277,-100,2,60,150000,1,0.8958333333333334,500.8859463683613,166.9619821227871,8.437500000000005,5.000000000000002,15.00000000000001,16530422.82873016,0.5052849037465248,-0,-0.4503032498293702,-0.1684283012488416,0,0.1501010832764567,-64.47168079345239,0,325.1057209204039,21.49056026448413,-0,-108.3685736401346,-425.1057209204039,8.368573640134642
stress,5,3,3,90,0.8,277,-100,2,60,150000,1,0.9027777777777778,500.8859463683613,166.9619821227871,8.437500000000005,5.000000000000002,15.00000000000001,16530422.82873016,0.4975841076087258,-0,-0.4143094588462178,-0.1658613692029086,0,0.1381031529487393,-77.21962605989155,0,336.0879586936907,25.73987535329718,-0,-112.0293195645636,-436.0879586936907,12.02931956456356
stress,5,3,3,90,0.8,277,-100,2,60,150000,1,0.9097222222222222,500.8859463683613,166.9619821227871,8.437500000000005,5.000000000000002,15.00000000000001,16530422.82873016,0.4884082007989552,-0,-0.3770894573721786,-0.1628027335996517,0,0.1256964857907262,-91.61755895428021,0,347.6338456920803,30.53918631809341,-0,-115.8779485640268,-447.6338456920803,15.87794856402675
stress,5,3,3,90,0.8,277,-100,2,60,150000,1,0.9166666666666666,500.8859463683613,166.9619821227871,8.437500000000005,5.000000000000002,15.00000000000001,16530422.82873016,0.4775588060054487,-0,-0.3385799960902223,-0.1591862686684829,0,0.1128599986967408,-108.0250445063276,0,359.7762673527071,36.00834816877585,-0,-119.9254224509024,-459.7762673527071,19.92542245090236
stress,5,3,3,90,0.8,277,-100,2,60,150000,1,0.9236111111111112,500.8859463683613,166.9619821227871,8.437500000000005,5.000000000000002,15.00000000000001,16530422.82873016,0.4647925442190441,-0,-0.2987149330034746,-0.1549308480730147,0,0.09957164433449155,-126.915552511352,0,372.5334634528553,42.30518417045066,-0,-124.1778211509518,-472.5334634528553,24.17782115095177
stress,5,3,3,90,0.8,277,-100,2,60,150000,1,0.9305555555555556,500.8859463683613,166.9619821227871,8.437500000000005,5.000000000000002,15.00000000000001,16530422.82873016,0.4498061833875147,-0,-0.2574276591617528,-0.1499353944625049,0,0.08580921972058428,-148.9247775405574,0,385.8918992302272,49.64159251351913,-0,-128.6306330767424,-485.8918992302272,28.63063307674241
stress,5,3,3,90,0.8,277,-100,2,60,150000,1,0.9375,500.8859463683613,166.9619821227871,8.437500000000005,5.000000000000002,15.00000000000001,16530422.82873016,0.4322152258306352,-0,-0.2146561731819943,-0.1440717419435451,0,0.07155205772733142,-174.9249287529225,0,399.7728700733005,58.30830958430751,-0,-133.2576233577668,-499.7728700733005,33.25762335776685
stress,5,3,3,90,0.8,277,-100,2,60,150000,1,0.9444444444444444,500.8859463683613,166.9619821227871,8.437500000000005,5.000000000000002,15.00000000000001,16530422.82873016,0.41152227692858,-0,-0.1703533857602858,-0.1371740923095267,0,0.05678446192009527,-206.141710380251,0,413.9657884394794,68.71390346008367,-0,-137.9885961464931,-513.9657884394794,37.98859614649314
stress,5,3,3,90,0.8,277,-100,2,60,150000,1,0.9513888888888888,500.8859463683613,166.9619821227871,8.437500000000005,5.000000000000002,15.00000000000001,16530422.82873016,0.3870691330659853,-0,-0.1245080669323309,-0.1290230443553284,0,0.04150268897744362,-244.3424162313848,0,427.9902303802694,81.44747207712828,-0,-142.6634101267565,-527.9902303802694,42.66341012675647
stress,5,3,3,90,0.8,277,-100,2,60,150000,1,0.9583333333333334,500.8859463683613,166.9619821227871,8.437500000000005,5.000000000000002,15.00000000000001,16530422.82873016,0.3579625109669832,-0,-0.07718833403358931,-0.1193208369889944,0,0.0257294446778631,-292.1413894109033,0,440.7978708275874,97.38046313696778,-0,-146.9326236091958,-540.7978708275873,46.93262360919579
stress,5,3,3,90,0.8,277,-100,2,60,150000,1,0.9652777777777778,500.8859463683613,166.9619821227871,8.437500000000005,5.000000000000002,15.00000000000001,16530422.82873016,0.3229573308356739,-0,-0.02863525608832204,-0.1076524436118913,0,0.009545085362774012,-353.48405357541,0,450.0944800992602,117.82801785847,-0,-150.0314933664201,-550.0944800992602,50.03149336642005
stress,5,3,3,90,0.8,277,-100,2,60,150000,1,0.9722222222222222,500.8859463683613,166.9619821227871,8.437500000000005,5.000000000000002,15.00000000000001,16530422.82873016,0.2802766970381377,0,0.02052600849966092,-0.09342556567937922,-0,-0.006842002833220305,-434.3062422673847,0,450.7140023918298,144.7687474224616,-0,-150.2380007972766,-550.7140023918298,50.23800079727658
stress,5,3,3,90,0.8,277,-100,2,60,150000,1,0.9791666666666666,500.8859463683613,166.9619821227871,8.437500000000005,5.000000000000002,15.00000000000001,16530422.82873016,0.2273709261775459,0,0.06878693542981729,-0.07579030872584863,-0,-0.02292897847660576,-542.7636530735193,0,430.5922432905413,180.9212176911731,-0,-143.5307477635138,-530.5922432905413,43.53074776351377
stress,5,3,3,90,0.8,277,-100,2,60,150000,1,0.9861111111111112,500.8859463683613,166.9619821227871,8.437500000000005,5.000000000000002,15.00000000000001,16530422.82873016,0.1608240485641152,0,0.1125612468241582,-0.05360801618803839,-0,-0.03752041560805274,-684.9344703533575,0,361.526326832021,228.3114901177858,-0,-120.5087756106737,-461.526326832021,20.50877561067368
stress,5,3,3,90,0.8,277,-100,2,60,150000,1,0.9930555555555556,500.8859463683613,166.9619821227871,8.437500000000005,5.000000000000002,15.00000000000001,16530422.82873016,0.0776752824778135,0,0.14377177524299,-0.02589176082593783,-0,-0.04792392508099667,-838.4048048521076,0,189.2527182996239,279.4682682840359,-0,-63.08423943320797,-289.2527182996239,-36.91576056679203
stress,5,3,3,90,0.8,277,-100,2,60,150000,1,1,500.8859463683613,166.9619821227871,8.437500000000005,5.000000000000002,15.00000000000001,16530422.82873016,-0.01828040151077212,0,0.1488819227461983,0.006093467170257372,-0,-0.04962730758206609,-894.8743532624489,-0,-109.8767545286005,298.291451087483,0,36.62558484286684,9.876754528600529,-136.6255848428668
